solver,pose_id,q1,q2,q3,q4,q5,q6,q7
curobo,0,-0.08743368834,-1.269640326,-2.549160719,-2.162932873,-0.7782704234,2.349852085,0.970559597
curobo,0,2.546769381,1.759274364,0.8918878436,-2.102387905,-1.382396221,1.804341435,1.233613849
curobo,0,2.546769381,1.759274364,0.8918878436,-2.102387905,-1.382396221,1.804341435,1.233613849
curobo,0,1.195324659,-1.03692627,2.87644887,-2.14573288,0.9266984463,2.257120371,-0.1525301486
curobo,0,-2.130345345,1.002051353,-0.119746767,-2.165935516,0.7516008019,2.364023924,-0.05186260864
curobo,0,-2.130345345,1.002051353,-0.119746767,-2.165935516,0.7516008019,2.364023924,-0.05186260864
curobo,0,2.89150548,1.394736648,0.6950339079,-2.138545275,-0.9886165857,2.210909843,1.087612391
curobo,0,2.89150548,1.394736648,0.6950339079,-2.138545275,-0.9886165857,2.210909843,1.087612391
curobo,0,-1.014510274,1.759274364,-0.9747722745,-2.103394508,1.777079344,1.288566828,-0.3272057474
curobo,0,-1.014510274,1.759274364,-0.9747722745,-2.103394508,1.777079344,1.288566828,-0.3272057474
curobo,0,-1.014510274,1.759274364,-0.9747722745,-2.103394508,1.777079344,1.288566828,-0.3272057474
curobo,0,1.497185946,-1.153523088,2.630398989,-2.11754179,1.184480071,2.032683134,-0.2726930976
curobo,0,1.497185946,-1.153523088,2.630398989,-2.11754179,1.184480071,2.032683134,-0.2726930976
curobo,0,0.07636058331,-1.171074748,-2.650719881,-2.187173843,-0.544706285,2.451683998,0.8235709071
curobo,0,0.07636058331,-1.171074748,-2.650719881,-2.187173843,-0.544706285,2.451683998,0.8235709071
curobo,0,0.07636058331,-1.171074748,-2.650719881,-2.187173843,-0.544706285,2.451683998,0.8235709071
curobo,0,0.07636058331,-1.171074748,-2.650719881,-2.187173843,-0.544706285,2.451683998,0.8235709071
curobo,0,-1.014510155,1.759274364,-0.9747722149,-2.103394508,1.777079463,1.288566828,-0.3272057176
curobo,0,-1.083747864,1.663695812,-0.9351055026,-2.099556923,1.697261214,1.389713645,-0.3414822817
curobo,0,-1.083747864,1.663695812,-0.9351055026,-2.099556923,1.697261214,1.389713645,-0.3414822817
curobo,0,-1.083747864,1.663695812,-0.9351055026,-2.099556923,1.697261214,1.389713645,-0.3414822817
curobo,0,-1.083747864,1.663695812,-0.9351055026,-2.099556923,1.697261214,1.389713645,-0.3414822817
curobo,0,-1.237825036,1.47614944,-0.8312802315,-2.097337723,1.538325787,1.600685,-0.3496496379
curobo,0,-1.237825036,1.47614944,-0.8312802315,-2.097337723,1.538325787,1.600685,-0.3496496379
curobo,0,-1.237825036,1.47614944,-0.8312802315,-2.097337723,1.538325787,1.600685,-0.3496496379
curobo,0,-1.237825036,1.47614944,-0.8312802315,-2.097337723,1.538325787,1.600685,-0.3496496379
curobo,0,-1.512983918,1.233334661,-0.6181096435,-2.1081357,1.293840885,1.911911488,-0.3092819452
curobo,0,-1.512983918,1.233334661,-0.6181096435,-2.1081357,1.293840885,1.911911488,-0.3092819452
curobo,0,1.176665068,-1.032270312,2.891432285,-2.14770627,0.9098097682,2.268924236,-0.1433605254
curobo,0,1.176665068,-1.032270312,2.891432285,-2.14770627,0.9098097682,2.268924236,-0.1433605254
curobo,0,1.176665068,-1.032270312,2.891432285,-2.14770627,0.9098097682,2.268924236,-0.1433605254
curobo,0,0.4796775281,-1.025042892,-2.89150548,-2.212854385,0.08299702406,2.535821199,0.3935587108
curobo,0,0.4796775281,-1.025042892,-2.89150548,-2.212854385,0.08299702406,2.535821199,0.3935587108
curobo,0,0.4796775281,-1.025042892,-2.89150548,-2.212854385,0.08299702406,2.535821199,0.3935587108
curobo,0,-2.889673471,1.092001319,0.3859172761,-2.206590176,-0.2736591697,2.517043829,0.6410328746
curobo,0,-2.889673471,1.092001319,0.3859172761,-2.206590176,-0.2736591697,2.517043829,0.6410328746
curobo,0,-0.4626515806,-1.603913069,-2.318595886,-2.112705708,-1.237451911,1.975996017,1.194326401
curobo,0,2.875286579,1.408831716,0.7051893473,-2.136264086,-1.008520842,2.195049763,1.097616911
curobo,0,-1.775556207,1.092630506,-0.4038115144,-2.12882185,1.075034142,2.138394117,-0.226745978
curobo,0,-1.775556207,1.092630506,-0.4038115144,-2.12882185,1.075034142,2.138394117,-0.226745978
curobo,0,-1.775556207,1.092630506,-0.4038115144,-2.12882185,1.075034142,2.138394117,-0.226745978
curobo,0,-1.775556207,1.092630506,-0.4038115144,-2.12882185,1.075034142,2.138394117,-0.226745978
curobo,0,2.546769142,1.759274364,0.8918878436,-2.102387905,-1.382396221,1.804341316,1.233613729
curobo,0,2.546769142,1.759274364,0.8918878436,-2.102387905,-1.382396221,1.804341316,1.233613729
curobo,0,1.551423669,-1.184000492,2.586107016,-2.113404274,1.229456663,1.984775782,-0.2889642119
curobo,0,1.551423669,-1.184000492,2.586107016,-2.113404274,1.229456663,1.984775782,-0.2889642119
curobo,0,-2.89150548,1.092696786,0.3869981766,-2.20644474,-0.2765544057,2.516596794,0.6430218816
curobo,0,-1.014510155,1.759274364,-0.9747722149,-2.103394508,1.777079463,1.288566828,-0.3272055984
curobo,0,-1.014510155,1.759274364,-0.9747722149,-2.103394508,1.777079463,1.288566828,-0.3272055984
curobo,0,0.4796775579,-1.02504313,-2.89150548,-2.212854147,0.082996957,2.535821199,0.3935587406
curobo,1,0.5155701041,-1.555630922,0.5703600645,-1.65297401,2.112479925,1.210400581,0.5858405232
curobo,1,1.99382329,-0.194544211,0.8454105854,-1.719615579,0.2076897174,2.400243044,1.003464818
curobo,1,1.99382329,-0.194544211,0.8454105854,-1.719615579,0.2076897174,2.400243044,1.003464818
curobo,1,1.99382329,-0.194544211,0.8454105854,-1.719615579,0.2076897174,2.400243044,1.003464818
curobo,1,-0.4792882502,0.1275326908,-2.89150548,-1.723426938,0.004958149046,2.412107944,1.126121283
curobo,1,0.4245871305,-1.611690164,0.4913949966,-1.6641047,2.229748487,1.13379705,0.63106668
curobo,1,0.4245871305,-1.611690164,0.4913949966,-1.6641047,2.229748487,1.13379705,0.63106668
curobo,1,-0.929820776,0.1592150182,-2.482928991,-1.722093225,0.122502096,2.407997608,1.054773927
curobo,1,-0.929820776,0.1592150182,-2.482928991,-1.722093225,0.122502096,2.407997608,1.054773927
curobo,1,1.971376181,1.346493721,2.356821775,-1.63286221,-1.847957373,1.415283203,1.746132016
curobo,1,1.971376181,1.346493721,2.356821775,-1.63286221,-1.847957373,1.415283203,1.746132016
curobo,1,1.097003341,-0.9382663369,1.065616608,-1.632968903,1.291756392,1.900819302,0.5125085115
curobo,1,1.097003341,-0.9382663369,1.065616608,-1.632968903,1.291756392,1.900819302,0.5125085115
curobo,1,1.097003341,-0.9382663369,1.065616608,-1.632968903,1.291756392,1.900819302,0.5125085115
curobo,1,-0.4119826257,-1.759274364,-0.1606666297,-1.717580318,-2.883658886,0.886146605,1.28479147
curobo,1,-0.4119826257,-1.759274364,-0.1606666297,-1.717580318,-2.883658886,0.886146605,1.28479147
curobo,1,1.641460538,-0.3235957325,1.099235177,-1.705990791,0.4532033503,2.354588509,0.860080421
curobo,1,1.641460538,-0.3235957325,1.099235177,-1.705990791,0.4532033503,2.354588509,0.860080421
curobo,1,1.641460538,-0.3235957325,1.099235177,-1.705990791,0.4532033503,2.354588509,0.860080421
curobo,1,-0.4129461348,-1.759107709,-0.1613899916,-1.717517853,-2.882263422,0.8863679767,1.28562057
curobo,1,-0.4129461348,-1.759107709,-0.1613899916,-1.717517853,-2.882263422,0.8863679767,1.28562057
curobo,1,-0.4129461348,-1.759107709,-0.1613899916,-1.717517853,-2.882263422,0.8863679767,1.28562057
curobo,1,-1.631431341,0.4183169603,-1.984106064,-1.693326354,0.6084165573,2.306725025,0.7752355337
curobo,1,-1.631431341,0.4183169603,-1.984106064,-1.693326354,0.6084165573,2.306725025,0.7752355337
curobo,1,-1.631431341,0.4183169603,-1.984106064,-1.693326354,0.6084165573,2.306725025,0.7752355337
curobo,1,-1.631431341,0.4183169603,-1.984106064,-1.693326354,0.6084165573,2.306725025,0.7752355337
curobo,1,-0.6973187923,-1.674653649,-0.3822865784,-1.688584089,-2.481152296,1.003042221,1.510051727
curobo,1,-0.6973187923,-1.674653649,-0.3822865784,-1.688584089,-2.481152296,1.003042221,1.510051727
curobo,1,-0.6973187923,-1.674653649,-0.3822865784,-1.688584089,-2.481152296,1.003042221,1.510051727
curobo,1,-0.6973187923,-1.674653649,-0.3822865784,-1.688584089,-2.481152296,1.003042221,1.510051727
curobo,1,2.839430094,-0.1237365007,0.0862108022,-1.723335624,-0.03239304945,2.411827326,1.148830414
curobo,1,0.06092808396,0.1273182184,2.89150548,-1.722398758,-0.1075444669,2.408942938,1.194443703
curobo,1,0.06092808396,0.1273182184,2.89150548,-1.722398758,-0.1075444669,2.408942938,1.194443703
curobo,1,0.9140446186,-1.181943178,0.9220234156,-1.624751687,1.576484442,1.654276371,0.4846845865
curobo,1,0.9140446186,-1.181943178,0.9220234156,-1.624751687,1.576484442,1.654276371,0.4846845865
curobo,1,0.9140446186,-1.181943178,0.9220234156,-1.624751687,1.576484442,1.654276371,0.4846845865
curobo,1,-2.461046219,-0.1835529953,-0.8041888475,-1.716337323,-0.2845379412,2.389739037,1.300560832
curobo,1,1.636264801,-0.326687932,1.102096677,-1.705601811,0.4585148394,2.353202581,0.8570861816
curobo,1,1.636264801,-0.326687932,1.102096677,-1.705601811,0.4585148394,2.353202581,0.8570861816
curobo,1,1.767586827,-0.2616562545,1.019630551,-1.713254333,0.3423479795,2.379594326,0.923750639
curobo,1,-1.43046689,0.2865011394,-2.084149837,-1.710473418,0.3879254162,2.370209455,0.8973177075
curobo,1,-1.43046689,0.2865011394,-2.084149837,-1.710473418,0.3879254162,2.370209455,0.8973177075
curobo,1,0.8299127817,-1.279627442,0.8491197228,-1.626464605,1.696568608,1.546863914,0.4903898239
curobo,1,0.8299127817,-1.279627442,0.8491197228,-1.626464605,1.696568608,1.546863914,0.4903898239
curobo,1,2.176689625,-0.1636507809,0.6894692779,-1.721824408,0.1343278587,2.407162666,1.047623277
curobo,1,-0.4798711538,0.1275517046,-2.890967607,-1.723426938,0.005085298792,2.412107706,1.126043916
curobo,1,-0.4798711538,0.1275517046,-2.890967607,-1.723426938,0.005085298792,2.412107706,1.126043916
curobo,1,-0.4798711538,0.1275517046,-2.890967607,-1.723426938,0.005085298792,2.412107706,1.126043916
curobo,1,-0.4798711538,0.1275517046,-2.890967607,-1.723426938,0.005085298792,2.412107706,1.126043916
curobo,1,-0.4798711538,0.1275517046,-2.890967607,-1.723426938,0.005085298792,2.412107706,1.126043916
curobo,2,1.357207417,1.234259844,-0.5090432763,-1.23065269,0.5853574872,2.491595268,1.496851802
curobo,2,1.357207417,1.234259844,-0.5090432763,-1.23065269,0.5853574872,2.491595268,1.496851802
curobo,2,1.451913238,1.29965508,-0.6648054123,-1.211752415,0.7995840907,2.428498507,1.412212491
curobo,2,1.451913238,1.29965508,-0.6648054123,-1.211752415,0.7995840907,2.428498507,1.412212491
curobo,2,0.674667716,1.213053703,0.4432756603,-1.212589502,-0.7903540134,2.431619883,2.14820838
curobo,2,-1.423787475,-1.759274364,1.74958539,-1.168230653,1.661690712,2.004820108,1.270187736
curobo,2,-1.423787475,-1.759274364,1.74958539,-1.168230653,1.661690712,2.004820108,1.270187736
curobo,2,-1.423787475,-1.759274364,1.74958539,-1.168230653,1.661690712,2.004820108,1.270187736
curobo,2,1.200564504,1.16772604,-0.2835695744,-1.252511501,0.2510347366,2.550711155,1.653689384
curobo,2,1.200564504,1.16772604,-0.2835695744,-1.252511501,0.2510347366,2.550711155,1.653689384
curobo,2,1.200564504,1.16772604,-0.2835695744,-1.252511501,0.2510347366,2.550711155,1.653689384
curobo,2,1.200564504,1.16772604,-0.2835695744,-1.252511501,0.2510347366,2.550711155,1.653689384
curobo,2,1.200564504,1.16772604,-0.2835695744,-1.252511501,0.2510347366,2.550711155,1.653689384
curobo,2,1.200564504,1.16772604,-0.2835695744,-1.252511501,0.2510347366,2.550711155,1.653689384
curobo,2,0.4939312041,1.341174126,0.764515698,-1.181716323,-1.164899826,2.277437449,2.254535675
curobo,2,0.4939312041,1.341174126,0.764515698,-1.181716323,-1.164899826,2.277437449,2.254535675
curobo,2,0.4939312041,1.341174126,0.764515698,-1.181716323,-1.164899826,2.277437449,2.254535675
curobo,2,0.4939312041,1.341174126,0.764515698,-1.181716323,-1.164899826,2.277437449,2.254535675
curobo,2,1.077121258,1.143342257,-0.1196515709,-1.258014321,-0.00217223214,2.563931227,1.782990098
curobo,2,1.077121258,1.143342257,-0.1196515709,-1.258014321,-0.00217223214,2.563931227,1.782990098
curobo,2,1.44674468,1.295462966,-0.6557500362,-1.212847233,0.7875164151,2.432572365,1.416556358
curobo,2,1.44674468,1.295462966,-0.6557500362,-1.212847233,0.7875164151,2.432572365,1.416556358
curobo,2,1.44674468,1.295462966,-0.6557500362,-1.212847233,0.7875164151,2.432572365,1.416556358
curobo,2,1.636543036,1.526966691,-1.065571785,-1.17423296,1.295404553,2.211748838,1.287127852
curobo,2,1.636543036,1.526966691,-1.065571785,-1.17423296,1.295404553,2.211748838,1.287127852
curobo,2,1.636543036,1.526966691,-1.065571785,-1.17423296,1.295404553,2.211748838,1.287127852
curobo,2,1.636543036,1.526966691,-1.065571785,-1.17423296,1.295404553,2.211748838,1.287127852
curobo,2,1.636543036,1.526966691,-1.065571785,-1.17423296,1.295404553,2.211748838,1.287127852
curobo,2,0.2793267071,1.759274364,1.414991498,-1.175262094,-1.867023826,1.882451892,2.273639202
curobo,2,0.2793267071,1.759274364,1.414991498,-1.175262094,-1.867023826,1.882451892,2.273639202
curobo,2,0.2793267071,1.759274364,1.414991498,-1.175262094,-1.867023826,1.882451892,2.273639202
curobo,2,0.2793267071,1.759274364,1.414991498,-1.175262094,-1.867023826,1.882451892,2.273639202
curobo,2,0.2793267071,1.759274364,1.414991498,-1.175262094,-1.867023826,1.882451892,2.273639202
curobo,2,1.043890715,1.140471578,-0.076164864,-1.257590652,-0.0690798834,2.562932968,1.817485929
curobo,2,1.413978457,1.270679116,-0.5999758244,-1.219651341,0.712157011,2.456617355,1.444882393
curobo,2,1.413978457,1.270679116,-0.5999758244,-1.219651341,0.712157011,2.456617355,1.444882393
curobo,2,1.413978457,1.270679116,-0.5999758244,-1.219651341,0.712157011,2.456617355,1.444882393
curobo,2,1.413978457,1.270679116,-0.5999758244,-1.219651341,0.712157011,2.456617355,1.444882393
curobo,2,-1.423787355,-1.759274364,1.74958539,-1.16823101,1.661690831,2.004820108,1.270187497
curobo,2,-1.423787355,-1.759274364,1.74958539,-1.16823101,1.661690831,2.004820108,1.270187497
curobo,2,-1.423787355,-1.759274364,1.74958539,-1.16823101,1.661690831,2.004820108,1.270187497
curobo,2,-1.423787355,-1.759274364,1.74958539,-1.16823101,1.661690831,2.004820108,1.270187497
curobo,2,-1.423787475,-1.759273171,1.74958694,-1.168230891,1.661689043,2.004821062,1.270187616
curobo,2,0.7420880198,1.184165597,0.3390698731,-1.224359035,-0.6590355039,2.472111702,2.09770751
curobo,2,0.7420880198,1.184165597,0.3390698731,-1.224359035,-0.6590355039,2.472111702,2.09770751
curobo,2,0.7813116908,1.170967579,0.2810959816,-1.230831027,-0.5832092166,2.492128372,2.065963507
curobo,2,1.003512502,1.139005423,-0.02324252203,-1.256033063,-0.1497056931,2.55923605,1.858829618
curobo,2,1.003512502,1.139005423,-0.02324252203,-1.256033063,-0.1497056931,2.55923605,1.858829618
curobo,2,0.7055342197,1.19880271,0.3947865069,-1.218049407,-0.7300020456,2.451141834,2.125746012
curobo,2,-1.423787355,-1.759274364,1.74958539,-1.168230891,1.661690831,2.004820108,1.270187616
curobo,3,-0.3941711187,1.291299582,2.158264637,-0.8267865181,2.805187225,2.136575937,2.220057011
curobo,3,-0.3941711187,1.291299582,2.158264637,-0.8267865181,2.805187225,2.136575937,2.220057011
curobo,3,0.003741504624,0.9967381954,0.5018607378,-0.09487040341,-2.120591879,2.462458134,2.435003996
curobo,3,0.003741504624,0.9967381954,0.5018607378,-0.09487040341,-2.120591879,2.462458134,2.435003996
curobo,3,0.3330388963,1.397992015,-2.435148239,-0.7444033623,1.106068134,2.692142487,1.967700839
curobo,3,0.3330388963,1.397992015,-2.435148239,-0.7444033623,1.106068134,2.692142487,1.967700839
curobo,3,0.3330388963,1.397992015,-2.435148239,-0.7444033623,1.106068134,2.692142487,1.967700839
curobo,3,0.3330388963,1.397992015,-2.435148239,-0.7444033623,1.106068134,2.692142487,1.967700839
curobo,3,0.3330388963,1.397992015,-2.435148239,-0.7444033623,1.106068134,2.692142487,1.967700839
curobo,3,-0.320643425,0.6710070968,0.8019746542,-0.7832100391,-2.389403343,2.252033472,2.715794563
curobo,3,-0.3335881531,1.359502196,2.313728333,-0.8136589527,2.658950567,2.169797421,2.155230761
curobo,3,0.3199436069,1.40692091,-2.468403816,-0.7406113744,1.149113059,2.679845095,1.960628986
curobo,3,-0.4203469455,0.7490411401,1.08216691,-0.8038613796,-2.566795826,2.195341587,2.652748823
curobo,3,-0.5007727146,0.9220079184,1.485912085,-0.8311613202,-2.866671324,2.125716448,2.521617889
curobo,3,0.05879079551,0.994720757,-0.446231246,-0.09512254596,-1.205971837,2.500365973,2.439909458
curobo,3,0.05879079551,0.994720757,-0.446231246,-0.09512254596,-1.205971837,2.500365973,2.439909458
curobo,3,0.05879079551,0.994720757,-0.446231246,-0.09512254596,-1.205971837,2.500365973,2.439909458
curobo,3,0.05879079551,0.994720757,-0.446231246,-0.09512254596,-1.205971837,2.500365973,2.439909458
curobo,3,0.5441313386,1.129544854,-1.85805428,-0.8401170373,0.04254137352,2.864796877,2.363803387
curobo,3,0.5441313386,1.129544854,-1.85805428,-0.8401170373,0.04254137352,2.864796877,2.363803387
curobo,3,0.5441313386,1.129544854,-1.85805428,-0.8401170373,0.04254137352,2.864796877,2.363803387
curobo,3,0.5441313386,1.129544854,-1.85805428,-0.8401170373,0.04254137352,2.864796877,2.363803387
curobo,3,0.5441313386,1.129544854,-1.85805428,-0.8401170373,0.04254137352,2.864796877,2.363803387
curobo,3,-0.3733487129,1.317319393,2.214215755,-0.8224536777,2.752394438,2.147427559,2.195956945
curobo,3,0.05791581422,1.102249265,-2.700349092,-0.0950352475,1.135794044,2.503076792,2.332328558
curobo,3,0.05791581422,1.102249265,-2.700349092,-0.0950352475,1.135794044,2.503076792,2.332328558
curobo,3,-0.3747543097,0.7067016363,0.944658339,-0.7936159372,-2.477258205,2.22290659,2.686115265
curobo,3,-0.3747543097,0.7067016363,0.944658339,-0.7936159372,-2.477258205,2.22290659,2.686115265
curobo,3,-0.3747543097,0.7067016363,0.944658339,-0.7936159372,-2.477258205,2.22290659,2.686115265
curobo,3,-0.3747543097,0.7067016363,0.944658339,-0.7936159372,-2.477258205,2.22290659,2.686115265
curobo,3,2.89150548,-1.424908638,-0.6362223625,-0.7940257192,2.480763435,2.221783876,2.0857234
curobo,3,-0.09146318585,1.490735769,2.848706007,-0.7571542859,2.163212776,2.33290863,1.993104696
curobo,3,-0.09146318585,1.490735769,2.848706007,-0.7571542859,2.163212776,2.33290863,1.993104696
curobo,3,-0.3279458284,1.364819884,2.327275991,-0.8123700023,2.646279335,2.173117876,2.149918079
curobo,3,-0.3279458284,1.364819884,2.327275991,-0.8123700023,2.646279335,2.173117876,2.149918079
curobo,3,-2.575905561,-1.003427386,1.475522518,-0.8222921491,-0.3910642862,2.841632605,2.575471878
curobo,3,-2.575905561,-1.003427386,1.475522518,-0.8222921491,-0.3910642862,2.841632605,2.575471878
curobo,3,-2.635349512,-1.212162852,1.156400323,-0.8259680867,0.3468673229,2.846594572,2.215224266
curobo,3,-2.635349512,-1.212162852,1.156400323,-0.8259680867,0.3468673229,2.846594572,2.215224266
curobo,3,2.846833706,-1.393262744,-0.7366961837,-0.8046502471,2.573915243,2.193258286,2.120623112
curobo,3,2.846833706,-1.393262744,-0.7366961837,-0.8046502471,2.573915243,2.193258286,2.120623112
curobo,3,2.846833706,-1.393262744,-0.7366961837,-0.8046502471,2.573915243,2.193258286,2.120623112
curobo,3,2.846833706,-1.393262744,-0.7366961837,-0.8046502471,2.573915243,2.193258286,2.120623112
curobo,3,-2.706709623,-0.7227268219,2.180587769,-0.7312628031,-1.275781274,2.642123222,2.82656002
curobo,3,-2.706709623,-0.7227268219,2.180587769,-0.7312628031,-1.275781274,2.642123222,2.82656002
curobo,3,-0.2922320962,1.395243645,2.410683393,-0.804053843,2.568535328,2.194831133,2.118519306
curobo,3,-0.2922320962,1.395243645,2.410683393,-0.804053843,2.568535328,2.194831133,2.118519306
curobo,3,0.3509937525,1.384924769,-2.389464617,-0.7502316833,1.045125604,2.709057093,1.97899127
curobo,3,0.3509937525,1.384924769,-2.389464617,-0.7502316833,1.045125604,2.709057093,1.97899127
curobo,3,-0.4212438166,1.25207603,2.079384327,-0.8319958448,2.879807711,2.123655796,2.255254984
curobo,4,0.1912003458,-0.5562575459,0.3977974057,-0.6399108171,2.870449305,2.714844942,2.793762445
curobo,4,-0.6702990532,-0.6333581805,-0.06912541389,-0.6132575274,-2.760854721,2.744452715,-2.837172031
curobo,4,-0.6702990532,-0.6333581805,-0.06912541389,-0.6132575274,-2.760854721,2.744452715,-2.837172031
curobo,4,-0.6702990532,-0.6333581805,-0.06912541389,-0.6132575274,-2.760854721,2.744452715,-2.837172031
curobo,4,-0.6702990532,-0.6333581805,-0.06912541389,-0.6132575274,-2.760854721,2.744452715,-2.837172031
curobo,4,0.2249783725,-0.5460691452,0.4162122607,-0.6340831518,2.843343496,2.721482992,2.76865387
curobo,4,0.2249783725,-0.5460691452,0.4162122607,-0.6340831518,2.843343496,2.721482992,2.76865387
curobo,4,0.2085340321,-0.5511051416,0.4071897864,-0.6370056272,2.856621981,2.718167782,2.780859232
curobo,4,0.2085340321,-0.5511051416,0.4071897864,-0.6370056272,2.856621981,2.718167782,2.780859232
curobo,4,0.1958561391,-0.5548932552,0.4003048241,-0.6391547918,2.866755247,2.715716839,2.790293694
curobo,4,0.1958561391,-0.5548932552,0.4003048241,-0.6391547918,2.866755247,2.715716839,2.790293694
curobo,4,0.1958561391,-0.5548932552,0.4003048241,-0.6391547918,2.866755247,2.715716839,2.790293694
curobo,4,0.1958561391,-0.5548932552,0.4003048241,-0.6391547918,2.866755247,2.715716839,2.790293694
curobo,4,-0.633143127,-0.638240099,-0.04479487985,-0.621955514,-2.793195486,2.734997511,-2.864103556
curobo,4,-0.633143127,-0.638240099,-0.04479487985,-0.621955514,-2.793195486,2.734997511,-2.864103556
curobo,4,-0.633143127,-0.638240099,-0.04479487985,-0.621955514,-2.793195486,2.734997511,-2.864103556
curobo,4,-0.6701783538,-0.6333755255,-0.06904490292,-0.6132871509,-2.760961533,2.744420767,-2.837258816
curobo,4,-0.6701783538,-0.6333755255,-0.06904490292,-0.6132871509,-2.760961533,2.744420767,-2.837258816
curobo,4,-0.6701783538,-0.6333755255,-0.06904490292,-0.6132871509,-2.760961533,2.744420767,-2.837258816
curobo,4,0.2291651964,-0.5447663069,0.4185257256,-0.6333170533,2.839938879,2.722350597,2.765552521
curobo,4,0.2291651964,-0.5447663069,0.4185257256,-0.6333170533,2.839938879,2.722350597,2.765552521
curobo,4,0.2661074996,-0.5328364968,0.4393271506,-0.6260570884,2.809365511,2.730475187,2.738297224
curobo,4,0.2661074996,-0.5328364968,0.4393271506,-0.6260570884,2.809365511,2.730475187,2.738297224
curobo,4,-2.851068258,0.5245236754,-2.688090086,-0.6207674146,2.788583279,2.736308813,2.720402241
curobo,4,-0.7939853072,-0.6088311076,-0.1594188809,-0.575601995,-2.641109228,2.783058167,-2.751060486
curobo,4,-0.820925951,-0.6013692617,-0.1819207519,-0.5650136471,-2.611245871,2.793227434,-2.733402729
curobo,4,2.842945099,0.1004929692,-0.04459522292,-0.3003214896,0.6665773392,3.104174852,2.766775608
curobo,4,-0.8214976788,-0.6012074351,-0.1824087203,-0.5647888184,-2.610599518,2.793446064,-2.733030558
curobo,4,-0.8214976788,-0.6012074351,-0.1824087203,-0.5647888184,-2.610599518,2.793446064,-2.733030558
curobo,4,-0.8214976788,-0.6012074351,-0.1824087203,-0.5647888184,-2.610599518,2.793446064,-2.733030558
curobo,4,-0.8214976788,-0.6012074351,-0.1824087203,-0.5647888184,-2.610599518,2.793446064,-2.733030558
curobo,4,0.3894462883,-0.4867521524,0.5162315965,-0.5944687724,2.697704792,2.764228821,2.649068356
curobo,4,0.3894462883,-0.4867521524,0.5162315965,-0.5944687724,2.697704792,2.764228821,2.649068356
curobo,4,0.3894462883,-0.4867521524,0.5162315965,-0.5944687724,2.697704792,2.764228821,2.649068356
curobo,4,2.836041212,0.1009199619,-0.03517916426,-0.2998458743,0.6613594294,3.104224205,2.769361973
curobo,4,2.836041212,0.1009199619,-0.03517916426,-0.2998458743,0.6613594294,3.104224205,2.769361973
curobo,4,2.836041212,0.1009199619,-0.03517916426,-0.2998458743,0.6613594294,3.104224205,2.769361973
curobo,4,2.836041212,0.1009199619,-0.03517916426,-0.2998458743,0.6613594294,3.104224205,2.769361973
curobo,4,2.836041212,0.1009199619,-0.03517916426,-0.2998458743,0.6613594294,3.104224205,2.769361973
curobo,4,-0.8352904916,-0.5969879031,-0.1945372075,-0.558886528,-2.594485998,2.798973799,-2.724229097
curobo,4,-0.8352904916,-0.5969879031,-0.1945372075,-0.558886528,-2.594485998,2.798973799,-2.724229097
curobo,4,-0.8352904916,-0.5969879031,-0.1945372075,-0.558886528,-2.594485998,2.798973799,-2.724229097
curobo,4,-0.8352904916,-0.5969879031,-0.1945372075,-0.558886528,-2.594485998,2.798973799,-2.724229097
curobo,4,-0.8352904916,-0.5969879031,-0.1945372075,-0.558886528,-2.594485998,2.798973799,-2.724229097
curobo,4,-0.8352904916,-0.5969879031,-0.1945372075,-0.558886528,-2.594485998,2.798973799,-2.724229097
curobo,4,-0.8447105885,-0.5939559937,-0.2030748874,-0.5546802282,-2.583138704,2.802869081,-2.718313694
curobo,4,-0.8447105885,-0.5939559937,-0.2030748874,-0.5546802282,-2.583138704,2.802869081,-2.718313694
curobo,4,-0.8447105885,-0.5939559937,-0.2030748874,-0.5546802282,-2.583138704,2.802869081,-2.718313694
curobo,4,0.4410302639,-0.463691175,0.5545060039,-0.5766268969,2.643699884,2.782143593,2.612791777
curobo,4,0.4410302639,-0.463691175,0.5545060039,-0.5766268969,2.643699884,2.782143593,2.612791777
curobo,5,1.785481095,-1.633105278,0.8156719208,-2.657859802,2.89150548,3.302839756,1.703361869
curobo,5,1.785481095,-1.633105278,0.8156719208,-2.657859802,2.89150548,3.302839756,1.703361869
curobo,5,1.785481095,-1.633105278,0.8156719208,-2.657859802,2.89150548,3.302839756,1.703361869
curobo,5,1.785481095,-1.633105278,0.8156719208,-2.657859802,2.89150548,3.302839756,1.703361869
curobo,5,-1.356106758,1.63310349,-2.325888634,-2.65786767,2.891410112,3.302839041,1.703484774
curobo,5,-1.356106758,1.63310349,-2.325888634,-2.65786767,2.891410112,3.302839041,1.703484774
curobo,5,-1.375991344,1.650882483,-2.495542765,-2.657859802,-2.89150548,3.302839756,1.058765531
curobo,5,-1.375991344,1.650882483,-2.495542765,-2.657859802,-2.89150548,3.302839756,1.058765531
curobo,5,-1.375991344,1.650882483,-2.495542765,-2.657859802,-2.89150548,3.302839756,1.058765531
curobo,5,2.218656063,-1.579813004,0.3335468769,-2.954295874,-1.705275893,2.84565258,-0.5594196916
curobo,5,1.765601277,-1.650882483,0.6460499763,-2.657859802,-2.89150548,3.302839756,1.058765531
curobo,5,1.765601277,-1.650882483,0.6460499763,-2.657859802,-2.89150548,3.302839756,1.058765531
curobo,5,1.765601277,-1.650882483,0.6460499763,-2.657859802,-2.89150548,3.302839756,1.058765531
curobo,5,1.765601397,-1.650882483,0.6460498571,-2.657859802,-2.89150548,3.302839756,1.058765411
curobo,5,1.765601397,-1.650882483,0.6460498571,-2.657859802,-2.89150548,3.302839756,1.058765411
curobo,5,1.761950016,-1.679342389,0.4943988919,-2.73539257,-2.38620472,3.293246269,0.4174105525
curobo,5,1.765601397,-1.650882483,0.6460499763,-2.657859802,-2.89150548,3.302839756,1.05876565
curobo,5,1.765601397,-1.650882483,0.6460499763,-2.657859802,-2.89150548,3.302839756,1.05876565
curobo,5,1.765601397,-1.650882602,0.646050036,-2.657859802,-2.89150548,3.302839756,1.05876565
curobo,5,1.785480976,-1.633105397,0.81567204,-2.657859802,2.89150548,3.302839756,1.703361988
curobo,5,1.785480976,-1.633105397,0.81567204,-2.657859802,2.89150548,3.302839756,1.703361988
curobo,5,1.785480976,-1.633105397,0.81567204,-2.657859802,2.89150548,3.302839756,1.703361988
curobo,5,-1.380841732,1.666277051,-2.58711791,-2.693830252,-2.602695704,3.298890829,0.6896227002
curobo,5,-1.380841732,1.666277051,-2.58711791,-2.693830252,-2.602695704,3.298890829,0.6896227002
curobo,5,-1.306456804,1.666371822,-2.079282999,-2.848980665,1.936620116,3.260941267,2.891482592
curobo,5,-1.306456804,1.666371822,-2.079282999,-2.848980665,1.936620116,3.260941267,2.891482592
curobo,5,1.785480976,-1.633105278,0.8156719208,-2.657859802,2.89150548,3.302839756,1.703361869
curobo,5,1.785480976,-1.633105278,0.8156719208,-2.657859802,2.89150548,3.302839756,1.703361869
curobo,5,1.785480976,-1.633105278,0.8156719208,-2.657859802,2.89150548,3.302839756,1.703361869
curobo,5,1.785480976,-1.633105278,0.8156719208,-2.657859802,2.89150548,3.302839756,1.703361869
curobo,5,1.785480976,-1.633105278,0.8156719208,-2.657859802,2.89150548,3.302839756,1.703361869
curobo,5,2.552536488,-1.488222599,0.2436901778,-2.976260424,-1.761972547,2.520642042,-0.6482035518
curobo,5,-1.356111526,1.633105278,-2.32592082,-2.657859802,2.89150548,3.302839756,1.70336175
curobo,5,1.929840565,-1.651157022,1.024284601,-3.062977314,0.9958859682,3.333389997,-2.498897552
curobo,5,1.929840565,-1.651157022,1.024284601,-3.062977314,0.9958859682,3.333389997,-2.498897552
curobo,5,1.929840565,-1.651157022,1.024284601,-3.062977314,0.9958859682,3.333389997,-2.498897552
curobo,5,1.929840565,-1.651157022,1.024284601,-3.062977314,0.9958859682,3.333389997,-2.498897552
curobo,5,1.929840565,-1.651157022,1.024284601,-3.062977314,0.9958859682,3.333389997,-2.498897552
curobo,5,-1.315958023,1.640539289,-2.125494242,-2.781954288,2.187795401,3.284556627,2.589132071
curobo,5,-1.339928985,1.629980087,-2.232139349,-2.694754839,2.597134352,3.298779726,2.079556227
curobo,5,-1.339928985,1.629980087,-2.232139349,-2.694754839,2.597134352,3.298779726,2.079556227
curobo,5,1.92982769,-1.653599024,1.02149117,-3.065867424,0.9797011614,3.332366467,-2.48508358
curobo,5,1.765601397,-1.650882483,0.6460495591,-2.657859802,-2.891505003,3.302839756,1.058764696
curobo,5,1.765601397,-1.650882483,0.6460495591,-2.657859802,-2.891505003,3.302839756,1.058764696
curobo,5,1.765601397,-1.650882483,0.6460495591,-2.657859802,-2.891505003,3.302839756,1.058764696
curobo,5,1.765601397,-1.650882483,0.6460495591,-2.657859802,-2.891505003,3.302839756,1.058764696
curobo,5,1.765601397,-1.650882483,0.6460495591,-2.657859802,-2.891505003,3.302839756,1.058764696
curobo,5,1.820785999,-1.636209607,0.9964821935,-2.7607162,2.274717569,3.288938761,2.482723713
curobo,5,1.820785999,-1.636209607,0.9964821935,-2.7607162,2.274717569,3.288938761,2.482723713
curobo,5,1.832530379,-1.652304292,1.045081258,-2.820373535,2.040450811,3.273677349,2.767164707
curobo,6,-1.568305254,1.476226687,1.922121644,-2.718372583,-1.603925705,2.272990704,0.3605414629
curobo,6,-1.568305254,1.476226687,1.922121644,-2.718372583,-1.603925705,2.272990704,0.3605414629
curobo,6,1.111177206,-0.7152368426,-0.9110018015,-2.810887575,-0.8048652411,3.030935526,-0.05572798103
curobo,6,1.111177206,-0.7152368426,-0.9110018015,-2.810887575,-0.8048652411,3.030935526,-0.05572798103
curobo,6,1.111177206,-0.7152368426,-0.9110018015,-2.810887575,-0.8048652411,3.030935526,-0.05572798103
curobo,6,0.4337471128,-0.5406205058,0.06839410216,-2.756874084,1.167779446,2.889748573,-1.499360561
curobo,6,0.4337471128,-0.5406205058,0.06839410216,-2.756874084,1.167779446,2.889748573,-1.499360561
curobo,6,0.4337471128,-0.5406205058,0.06839410216,-2.756874084,1.167779446,2.889748573,-1.499360561
curobo,6,1.111177206,-0.7152368426,-0.9110018015,-2.810887575,-0.8048652411,3.030935526,-0.05572798103
curobo,6,1.111177206,-0.7152368426,-0.9110018015,-2.810887575,-0.8048652411,3.030935526,-0.05572798103
curobo,6,1.361213088,-0.5039836168,-0.8757668734,-2.324869871,2.859092712,3.494716644,2.801281452
curobo,6,1.361213088,-0.5039836168,-0.8757668734,-2.324869871,2.859092712,3.494716644,2.801281452
curobo,6,-0.688056767,-1.034946322,0.9476245642,-2.721742868,1.680913091,2.086782455,-1.643915057
curobo,6,-0.688056767,-1.034946322,0.9476245642,-2.721742868,1.680913091,2.086782455,-1.643915057
curobo,6,-0.688056767,-1.034946322,0.9476245642,-2.721742868,1.680913091,2.086782455,-1.643915057
curobo,6,-0.688056767,-1.034946322,0.9476245642,-2.721742868,1.680913091,2.086782455,-1.643915057
curobo,6,-0.688056767,-1.034946322,0.9476245642,-2.721742868,1.680913091,2.086782455,-1.643915057
curobo,6,-1.9535079,0.7731861472,2.141100168,-2.780767441,-1.012228847,2.969258547,0.09591589123
curobo,6,-1.9535079,0.7731861472,2.141100168,-2.780767441,-1.012228847,2.969258547,0.09591589123
curobo,6,-1.466103435,1.759274364,1.925477862,-2.724362373,-1.715924144,1.999856472,0.3368034363
curobo,6,-1.466103435,1.759274364,1.925477862,-2.724362373,-1.715924144,1.999856472,0.3368034363
curobo,6,-1.466103435,1.759274364,1.925477862,-2.724362373,-1.715924144,1.999856472,0.3368034363
curobo,6,-1.466103435,1.759274364,1.925477862,-2.724362373,-1.715924144,1.999856472,0.3368034363
curobo,6,-1.789900184,0.4976425767,2.26493144,-2.322422028,2.891505241,3.493372202,2.766073942
curobo,6,-1.789900184,0.4976425767,2.26493144,-2.322422028,2.891505241,3.493372202,2.766073942
curobo,6,1.545493007,-1.401179433,-1.215750933,-2.718028545,-1.571928382,2.345841408,0.3618974388
curobo,6,1.545493007,-1.401179433,-1.215750933,-2.718028545,-1.571928382,2.345841408,0.3618974388
curobo,6,1.545493007,-1.401179433,-1.215750933,-2.718028545,-1.571928382,2.345841408,0.3618974388
curobo,6,1.545493007,-1.401179433,-1.215750933,-2.718028545,-1.571928382,2.345841408,0.3618974388
curobo,6,1.015414357,-0.6666089296,-0.7576243281,-2.851662159,-0.4242300391,3.082711458,-0.3380351365
curobo,6,1.015414357,-0.6666089296,-0.7576243281,-2.851662159,-0.4242300391,3.082711458,-0.3380351365
curobo,6,1.015414357,-0.6666089296,-0.7576243281,-2.851662159,-0.4242300391,3.082711458,-0.3380351365
curobo,6,1.015414357,-0.6666089296,-0.7576243281,-2.851662159,-0.4242300391,3.082711458,-0.3380351365
curobo,6,1.015414357,-0.6666089296,-0.7576243281,-2.851662159,-0.4242300391,3.082711458,-0.3380351365
curobo,6,1.015414357,-0.6666089296,-0.7576243281,-2.851662159,-0.4242300391,3.082711458,-0.3380351365
curobo,6,-1.789900184,0.4976426363,2.264931202,-2.322422028,2.89150548,3.493372202,2.766073465
curobo,6,-1.789900184,0.4976426363,2.264931202,-2.322422028,2.89150548,3.493372202,2.766073465
curobo,6,0.8824905753,-0.6126054525,-0.4480674565,-2.853665829,0.3971554041,3.084683418,-0.9387197495
curobo,6,0.8824905753,-0.6126054525,-0.4480674565,-2.853665829,0.3971554041,3.084683418,-0.9387197495
curobo,6,-0.928761363,-1.393113136,1.040735364,-2.737585545,1.83795464,1.707735777,-1.580138087
curobo,6,0.1854023486,-0.5585132837,0.2911140621,-2.737255812,1.306206226,2.775085926,-1.581486464
curobo,6,0.1884953976,-0.2471956015,-0.1422890872,-2.468967438,-1.984709859,3.678096533,1.306093216
curobo,6,0.1854023486,-0.5585132837,0.2911140621,-2.737255812,1.306206226,2.775085926,-1.581486464
curobo,6,0.1884953976,-0.2471956015,-0.1422890872,-2.468967438,-1.984709859,3.678096533,1.306093216
curobo,6,0.1854023486,-0.5585132837,0.2911140621,-2.737255812,1.306206226,2.775085926,-1.581486464
curobo,6,2.215162754,1.389065623,-2.101415396,-2.737350941,1.836128473,1.711852312,-1.58109796
curobo,6,-1.466103077,1.759274364,1.925477982,-2.724362135,-1.715924263,1.999856234,0.3368034959
curobo,6,-1.466103077,1.759274364,1.925477982,-2.724362135,-1.715924263,1.999856234,0.3368034959
curobo,6,-1.926027298,0.7990207672,2.113775253,-2.771294594,-1.073775172,2.942378998,0.1393087208
curobo,6,0.7440856695,-0.2938285768,-0.6190447807,-2.412363529,-2.266367197,3.568222284,1.56321609
curobo,7,2.89150548,0.3476380706,0.1357328892,-2.060786724,2.531756639,0.2180844247,-2.158761263
curobo,7,-2.210944891,0.6462442279,-1.014090657,-2.009793282,-2.126304626,0.3561078012,-1.001158118
curobo,7,-2.011342287,1.031276345,-1.350886583,-1.968064189,-1.684310198,0.695843935,-0.8386740685
curobo,7,1.113868713,-0.9728044868,1.83049345,-1.970420718,-1.73437202,0.644248724,-0.8472048044
curobo,7,1.163282633,-1.658187866,1.4484694,-1.982396007,-1.251666903,1.23493576,-0.8915891051
curobo,7,1.163282633,-1.658187866,1.4484694,-1.982396007,-1.251666903,1.23493576,-0.8915891051
curobo,7,1.163282633,-1.658187866,1.4484694,-1.982396007,-1.251666903,1.23493576,-0.8915891051
curobo,7,1.163282633,-1.658187866,1.4484694,-1.982396007,-1.251666903,1.23493576,-0.8915891051
curobo,7,1.956111908,0.8294483423,1.250784636,-1.966742277,1.643096566,0.7408022285,-2.584383011
curobo,7,1.956111908,0.8294483423,1.250784636,-1.966742277,1.643096566,0.7408022285,-2.584383011
curobo,7,1.956111908,0.8294483423,1.250784636,-1.966742277,1.643096566,0.7408022285,-2.584383011
curobo,7,1.956111908,0.8294483423,1.250784636,-1.966742277,1.643096566,0.7408022285,-2.584383011
curobo,7,1.956111908,0.8294483423,1.250784636,-1.966742277,1.643096566,0.7408022285,-2.584383011
curobo,7,1.871445298,1.574674487,1.683863044,-1.994597077,1.138121963,1.377062559,-2.479468107
curobo,7,1.871445298,1.574674487,1.683863044,-1.994597077,1.138121963,1.377062559,-2.479468107
curobo,7,1.871445298,1.574674487,1.683863044,-1.994597077,1.138121963,1.377062559,-2.479468107
curobo,7,1.871445298,1.574674487,1.683863044,-1.994597077,1.138121963,1.377062559,-2.479468107
curobo,7,-1.278240085,-1.273547649,-1.606032372,-1.975364685,1.332474947,1.129555225,-2.552987814
curobo,7,-1.278240085,-1.273547649,-1.606032372,-1.975364685,1.332474947,1.129555225,-2.552987814
curobo,7,1.151600361,-1.745822191,1.403526425,-1.988220334,-1.194781065,1.307314515,-0.9138643146
curobo,7,-2.663310289,0.4003860652,-0.5450569391,-2.090392828,-2.891334295,0.1685907096,-1.521235466
curobo,7,-1.966223121,1.393214703,-1.558543682,-1.969599485,-1.422843695,1.010965824,-0.8442242146
curobo,7,-1.966223121,1.393214703,-1.558543682,-1.969599485,-1.422843695,1.010965824,-0.8442242146
curobo,7,-1.966223121,1.393214703,-1.558543682,-1.969599485,-1.422843695,1.010965824,-0.8442242146
curobo,7,-1.992146611,1.759256124,-1.74505651,-1.989176631,-1.185976624,1.318323135,-0.9175690413
curobo,7,1.157470465,-1.705548525,1.424304008,-1.985453248,-1.221027136,1.274170756,-0.9032219648
curobo,7,1.157470465,-1.705548525,1.424304008,-1.985453248,-1.221027136,1.274170756,-0.9032219648
curobo,7,-2.208980799,0.648331821,-1.016634941,-2.009330034,-2.122705698,0.3579211533,-0.9991909862
curobo,7,-2.208980799,0.648331821,-1.016634941,-2.009330034,-2.122705698,0.3579211533,-0.9991909862
curobo,7,-2.208980799,0.648331821,-1.016634941,-2.009330034,-2.122705698,0.3579211533,-0.9991909862
curobo,7,-2.208980799,0.648331821,-1.016634941,-2.009330034,-2.122705698,0.3579211533,-0.9991909862
curobo,7,-2.208980799,0.648331821,-1.016634941,-2.009330034,-2.122705698,0.3579211533,-0.9991909862
curobo,7,-2.208980799,0.648331821,-1.016634941,-2.009330034,-2.122705698,0.3579211533,-0.9991909862
curobo,7,-2.663413763,0.4003597796,-0.5449632406,-2.090400934,-2.891495466,0.168578878,-1.521355867
curobo,7,-1.011226296,-0.5895406008,-2.159546614,-1.981299162,1.878411055,0.5151546597,-2.53085351
curobo,7,-1.203604221,-0.8736773133,-1.854773402,-1.966072321,1.607925296,0.7808325887,-2.586786985
curobo,7,2.052177191,0.67051512,1.091693282,-1.973757744,1.787333965,0.593418479,-2.558906555
curobo,7,-1.094946861,-0.6774482727,-2.041655779,-1.973263264,1.780245423,0.5999946594,-2.560720682
curobo,7,-1.094946861,-0.6774482727,-2.041655779,-1.973263264,1.780245423,0.5999946594,-2.560720682
curobo,7,-1.243853331,-1.759274364,-1.368481755,-2.010161161,1.012435198,1.520612836,-2.415576935
curobo,7,-1.969774485,1.30741024,-1.513315678,-1.967261195,-1.480102777,0.9370695949,-0.8357835412
curobo,7,-1.969774485,1.30741024,-1.513315678,-1.967261195,-1.480102777,0.9370695949,-0.8357835412
curobo,7,-1.969774485,1.30741024,-1.513315678,-1.967261195,-1.480102777,0.9370695949,-0.8357835412
curobo,7,-1.969774485,1.30741024,-1.513315678,-1.967261195,-1.480102777,0.9370695949,-0.8357835412
curobo,7,-1.974248171,1.617747426,-1.672641158,-1.979958296,-1.277701616,1.201223969,-0.8824058175
curobo,7,1.861547828,1.328223825,1.563621283,-1.978219151,1.297403812,1.17553544,-2.542397976
curobo,7,1.861547828,1.328223825,1.563621283,-1.978219151,1.297403812,1.17553544,-2.542397976
curobo,7,1.861547828,1.328223825,1.563621283,-1.978219151,1.297403812,1.17553544,-2.542397976
curobo,7,1.861547828,1.328223825,1.563621283,-1.978219151,1.297403812,1.17553544,-2.542397976
curobo,7,1.149638891,-1.75807941,1.397149682,-1.989092469,-1.186748981,1.317359924,-0.9172414541
curobo,8,-2.059745312,-0.3908851743,2.847497225,-1.532032967,-1.660898566,1.073299408,-1.427759647
curobo,8,1.741621375,1.393512607,-1.824460149,-1.612800241,-0.4706510901,1.890956402,-1.789228678
curobo,8,-2.059745312,-0.3908851743,2.847497225,-1.532032967,-1.660898566,1.073299408,-1.427759647
curobo,8,-2.059745312,-0.3908851743,2.847497225,-1.532032967,-1.660898566,1.073299408,-1.427759647
curobo,8,1.741621375,1.393512607,-1.824460149,-1.612800241,-0.4706510901,1.890956402,-1.789228678
curobo,8,-2.059745312,-0.3908851743,2.847497225,-1.532032967,-1.660898566,1.073299408,-1.427759647
curobo,8,-2.857310295,-0.4636931717,-2.412060738,-1.553935766,-2.047336578,0.8018441796,-1.503023386
curobo,8,-2.857310295,-0.4636931717,-2.412060738,-1.553935766,-2.047336578,0.8018441796,-1.503023386
curobo,8,-2.857310295,-0.4636931717,-2.412060738,-1.553935766,-2.047336578,0.8018441796,-1.503023386
curobo,8,1.710543752,0.7270951271,-1.256749153,-1.546065927,-1.191877007,1.462113142,-1.474918008
curobo,8,1.778198123,1.169503331,-1.668213129,-1.589569449,-0.7287265062,1.778140664,-1.652613401
curobo,8,1.778198123,1.169503331,-1.668213129,-1.589569449,-0.7287265062,1.778140664,-1.652613401
curobo,8,1.778198123,1.169503331,-1.668213129,-1.589569449,-0.7287265062,1.778140664,-1.652613401
curobo,8,1.778198123,1.169503331,-1.668213129,-1.589569449,-0.7287265062,1.778140664,-1.652613401
curobo,8,1.778198123,1.169503331,-1.668213129,-1.589569449,-0.7287265062,1.778140664,-1.652613401
curobo,8,1.778198123,1.169503331,-1.668213129,-1.589569449,-0.7287265062,1.778140664,-1.652613401
curobo,8,1.738925219,0.7924132347,-1.335637927,-1.551413655,-1.123962879,1.515794277,-1.493869781
curobo,8,1.738925219,0.7924132347,-1.335637927,-1.551413655,-1.123962879,1.515794277,-1.493869781
curobo,8,1.106164813,0.3939031959,-0.3252826631,-1.531839132,-1.650493264,1.081613779,-1.427131057
curobo,8,1.106164813,0.3939031959,-0.3252826631,-1.531839132,-1.650493264,1.081613779,-1.427131057
curobo,8,1.598675847,0.5823867321,-1.028035641,-1.536397457,-1.350368857,1.331358075,-1.442059278
curobo,8,1.598675847,0.5823867321,-1.028035641,-1.536397457,-1.350368857,1.331358075,-1.442059278
curobo,8,1.598675847,0.5823867321,-1.028035641,-1.536397457,-1.350368857,1.331358075,-1.442059278
curobo,8,1.598675847,0.5823867321,-1.028035641,-1.536397457,-1.350368857,1.331358075,-1.442059278
curobo,8,-1.643824458,-0.510828197,2.278437138,-1.533048391,-1.438852906,1.256784439,-1.431058764
curobo,8,0.8948909044,0.3779420853,-0.05736294761,-1.534191966,-1.738010406,1.013002992,-1.434793591
curobo,8,0.8948909044,0.3779420853,-0.05736294761,-1.534191966,-1.738010406,1.013002992,-1.434793591
curobo,8,1.571280599,0.5595598221,-0.9809535742,-1.535205245,-1.37742281,1.308594346,-1.438122034
curobo,8,1.571280599,0.5595598221,-0.9809535742,-1.535205245,-1.37742281,1.308594346,-1.438122034
curobo,8,0.9798471928,0.3816881776,-0.1644260287,-1.533065915,-1.70336926,1.039787173,-1.431118011
curobo,8,0.198319003,0.5020874739,0.851406455,-1.56058228,-2.120946407,0.7601022124,-1.52785778
curobo,8,0.05803482234,0.6011169553,1.068575144,-1.578022957,-2.298051119,0.6738211513,-1.59903419
curobo,8,0.198319003,0.5020874739,0.851406455,-1.56058228,-2.120946407,0.7601022124,-1.52785778
curobo,8,0.7547357082,0.3790275156,0.118651472,-1.536610484,-1.795737147,0.969596982,-1.44276464
curobo,8,0.7547357082,0.3790275156,0.118651472,-1.536610484,-1.795737147,0.969596982,-1.44276464
curobo,8,0.7547357082,0.3790275156,0.118651472,-1.536610484,-1.795737147,0.969596982,-1.44276464
curobo,8,0.157066524,0.5253883004,0.9123535752,-1.564634681,-2.163524389,0.7375384569,-1.543558717
curobo,8,0.157066524,0.5253883004,0.9123535752,-1.564634681,-2.163524389,0.7375384569,-1.543558717
curobo,8,-1.365219951,-0.9585767388,1.641211152,-1.567085743,-0.9528946877,1.641222,-1.553279519
curobo,8,1.596765041,1.759274364,-2.092932224,-1.632103205,0.01497220341,1.970522046,-2.079530716
curobo,8,1.596765041,1.759274364,-2.092932224,-1.632103205,0.01497220341,1.970522046,-2.079530716
curobo,8,-1.505895615,-0.6189877987,2.045924425,-1.538518429,-1.308550954,1.366378069,-1.449122906
curobo,8,-1.416691184,-1.456346154,1.274348617,-1.618389487,-0.3933403492,1.915115833,-1.833425522
curobo,8,-1.416691184,-1.456346154,1.274348617,-1.618389487,-0.3933403492,1.915115833,-1.833425522
curobo,8,-1.416691184,-1.456346154,1.274348617,-1.618389487,-0.3933403492,1.915115833,-1.833425522
curobo,8,-1.416691184,-1.456346154,1.274348617,-1.618389487,-0.3933403492,1.915115833,-1.833425522
curobo,8,1.622588038,0.6051481962,-1.071102977,-1.53768754,-1.324169278,1.353328228,-1.446346879
curobo,8,1.622588038,0.6051481962,-1.071102977,-1.53768754,-1.324169278,1.353328228,-1.446346879
curobo,8,1.622588038,0.6051481962,-1.071102977,-1.53768754,-1.324169278,1.353328228,-1.446346879
curobo,8,-0.1308574378,1.155963063,1.566451788,-1.626439571,2.89150548,0.5172438025,-2.222685575
curobo,9,1.024380445,1.462427735,0.3412121236,-1.235475898,2.839311361,0.6782200336,-2.054006577
curobo,9,1.810311198,1.608437061,-0.7006966472,-1.162927032,-1.86329782,1.008942485,-1.432578206
curobo,9,1.810311198,1.608437061,-0.7006966472,-1.162927032,-1.86329782,1.008942485,-1.432578206
curobo,9,0.7476898432,1.638623118,0.7283864617,-1.187337875,2.215015411,0.8459041715,-2.30232048
curobo,9,0.7476898432,1.638623118,0.7283864617,-1.187337875,2.215015411,0.8459041715,-2.30232048
curobo,9,1.880825877,1.677842855,-0.8291001916,-1.157341719,-1.711473703,1.090684891,-1.416834474
curobo,9,1.880825877,1.677842855,-0.8291001916,-1.157341719,-1.711473703,1.090684891,-1.416834474
curobo,9,1.880825877,1.677842855,-0.8291001916,-1.157341719,-1.711473703,1.090684891,-1.416834474
curobo,9,1.667685032,1.508439183,-0.4702740312,-1.181742787,-2.147201538,0.873941958,-1.490526319
curobo,9,1.667685032,1.508439183,-0.4702740312,-1.181742787,-2.147201538,0.873941958,-1.490526319
curobo,9,-1.338254929,-1.602403879,2.452980518,-1.163644195,-1.87775147,1.001459956,-1.434643507
curobo,9,-1.338254929,-1.602403879,2.452980518,-1.163644195,-1.87775147,1.001459956,-1.434643507
curobo,9,-1.338254929,-1.602403879,2.452980518,-1.163644195,-1.87775147,1.001459956,-1.434643507
curobo,9,-1.338254929,-1.602403879,2.452980518,-1.163644195,-1.87775147,1.001459956,-1.434643507
curobo,9,-1.338254929,-1.602403879,2.452980518,-1.163644195,-1.87775147,1.001459956,-1.434643507
curobo,9,1.560574651,1.459712505,-0.3156601787,-1.199258924,-2.352669716,0.794614315,-1.55377233
curobo,9,-1.628427982,-1.444046974,2.890400171,-1.207183599,-2.443552494,0.7650660276,-1.586763978
curobo,9,-1.628427982,-1.444046974,2.890400171,-1.207183599,-2.443552494,0.7650660276,-1.586763978
curobo,9,-1.628427982,-1.444046974,2.890400171,-1.207183599,-2.443552494,0.7650660276,-1.586763978
curobo,9,-1.256284714,-1.68283391,2.303894281,-1.157104135,-1.701393485,1.096290827,-1.416177273
curobo,9,0.6417734027,1.759274364,0.9215099216,-1.167579412,1.948526144,0.9656844735,-2.365715504
curobo,9,0.6417734027,1.759274364,0.9215099216,-1.167579412,1.948526144,0.9656844735,-2.365715504
curobo,9,0.6417734027,1.759274364,0.9215099216,-1.167579412,1.948526144,0.9656844735,-2.365715504
curobo,9,0.6417732835,1.759274364,0.9215099812,-1.167579532,1.948526025,0.9656845331,-2.365715742
curobo,9,1.601256251,1.475938559,-0.3728270233,-1.192459822,-2.274832726,0.8226701617,-1.527873516
curobo,9,-1.39095521,-1.560925245,2.541336536,-1.169840574,-1.984654069,0.9480093122,-1.45291853
curobo,9,0.6417735219,1.759274364,0.9215098023,-1.167579293,1.948526263,0.9656844735,-2.365715504
curobo,9,0.6417733431,1.759274364,0.9215099812,-1.167579532,1.948526025,0.9656844735,-2.365715742
curobo,9,0.6417733431,1.759274364,0.9215099216,-1.167579532,1.948526025,0.9656844735,-2.365715742
curobo,9,1.023017168,1.462946773,0.3428826332,-1.235328794,2.836344242,0.6786150336,-2.055413961
curobo,9,1.023017168,1.462946773,0.3428826332,-1.235328794,2.836344242,0.6786150336,-2.055413961
curobo,9,1.023017168,1.462946773,0.3428826332,-1.235328794,2.836344242,0.6786150336,-2.055413961
curobo,9,1.023017168,1.462946773,0.3428826332,-1.235328794,2.836344242,0.6786150336,-2.055413961
curobo,9,1.023017168,1.462946773,0.3428826332,-1.235328794,2.836344242,0.6786150336,-2.055413961
curobo,9,1.794582844,1.595018029,-0.6735772491,-1.164581895,-1.89578414,0.992206037,-1.437356591
curobo,9,-1.461132169,-1.515610337,2.651940346,-1.17977798,-2.12247324,0.8846006989,-1.48406589
curobo,9,-1.461132169,-1.515610337,2.651940346,-1.17977798,-2.12247324,0.8846006989,-1.48406589
curobo,9,-1.461132169,-1.515610337,2.651940346,-1.17977798,-2.12247324,0.8846006989,-1.48406589
curobo,9,-1.461132169,-1.515610337,2.651940346,-1.17977798,-2.12247324,0.8846006989,-1.48406589
curobo,9,1.771257043,1.576324463,-0.6342306733,-1.167264223,-1.943268776,0.9682905078,-1.445221305
curobo,9,1.771257043,1.576324463,-0.6342306733,-1.167264223,-1.943268776,0.9682905078,-1.445221305
curobo,9,0.6742111444,1.717669964,0.8580539823,-1.173146844,2.033570528,0.924752593,-2.348857403
curobo,9,0.6742111444,1.717669964,0.8580539823,-1.173146844,2.033570528,0.924752593,-2.348857403
curobo,9,0.6417737603,1.759274364,0.9215098023,-1.167579055,1.948526502,0.9656844139,-2.365715504
curobo,9,0.6417737603,1.759274364,0.9215098023,-1.167579055,1.948526502,0.9656844139,-2.365715504
curobo,9,-1.479064584,-1.505632162,2.679079771,-1.182546735,-2.157161236,0.8697137237,-1.493201017
curobo,9,1.94314754,1.754974961,-0.9547247887,-1.155615687,-1.564745665,1.173914433,-1.412083268
curobo,9,1.94314754,1.754974961,-0.9547247887,-1.155615687,-1.564745665,1.173914433,-1.412083268
curobo,9,1.94314754,1.754974961,-0.9547247887,-1.155615687,-1.564745665,1.173914433,-1.412083268
curobo,9,1.94314754,1.754974961,-0.9547247887,-1.155615687,-1.564745665,1.173914433,-1.412083268
curobo,10,-0.8473297954,0.1529433727,-0.1872490048,-0.7759982944,-1.16085434,1.307121277,-1.212726474
curobo,10,-0.07700162381,0.4089516699,-1.599874377,-0.8275721669,-0.4909180999,1.510199428,-1.354866385
curobo,10,-0.07700162381,0.4089516699,-1.599874377,-0.8275721669,-0.4909180999,1.510199428,-1.354866385
curobo,10,-0.07700162381,0.4089516699,-1.599874377,-0.8275721669,-0.4909180999,1.510199428,-1.354866385
curobo,10,-0.07700162381,0.4089516699,-1.599874377,-0.8275721669,-0.4909180999,1.510199428,-1.354866385
curobo,10,2.391509295,-0.1560916007,2.824988365,-0.778032124,-1.127459288,1.318998575,-1.216776848
curobo,10,2.391509295,-0.1560916007,2.824988365,-0.778032124,-1.127459288,1.318998575,-1.216776848
curobo,10,-1.297920108,1.007670999,2.658513069,-0.8078190088,2.401350975,0.894487977,-1.753460407
curobo,10,-1.844737768,0.4594932795,1.695594907,-0.7843151689,-2.107358217,0.9764487743,-1.229809642
curobo,10,-1.844737768,0.4594932795,1.695594907,-0.7843151689,-2.107358217,0.9764487743,-1.229809642
curobo,10,2.224416733,-0.6534947157,0.6290414333,-0.0879990533,1.131527066,1.198150754,-1.554761052
curobo,10,2.224416733,-0.6534947157,0.6290414333,-0.0879990533,1.131527066,1.198150754,-1.554761052
curobo,10,2.224416733,-0.6534947157,0.6290414333,-0.0879990533,1.131527066,1.198150754,-1.554761052
curobo,10,-0.2026723921,0.6914644241,-2.036128044,-0.8461957574,0.0842377916,1.563628197,-1.550476551
curobo,10,-0.2026723921,0.6914644241,-2.036128044,-0.8461957574,0.0842377916,1.563628197,-1.550476551
curobo,10,-0.2962531745,0.7923858166,-2.185509443,-0.8383500576,0.3171669543,1.541745663,-1.63099587
curobo,10,-1.500358224,0.9041641355,2.406830072,-0.8414486647,2.890867949,0.8093365431,-1.608614683
curobo,10,-0.8911819458,0.6320679784,-1.999243259,-0.08750410378,0.6017592549,1.213977218,-1.541795373
curobo,10,-0.8911819458,0.6320679784,-1.999243259,-0.08750410378,0.6017592549,1.213977218,-1.541795373
curobo,10,1.651867151,-0.9111307263,-0.7218416929,-0.8402424455,2.863329887,0.8120296597,-1.617963672
curobo,10,1.651867151,-0.9111307263,-0.7218416929,-0.8402424455,2.863329887,0.8120296597,-1.617963672
curobo,10,-0.07694804668,0.4104136527,-1.602709055,-0.8277791739,-0.4880103767,1.510823727,-1.355739713
curobo,10,1.651867151,-0.9111307263,-0.7218416929,-0.8402424455,2.863329887,0.8120296597,-1.617963672
curobo,10,2.467530012,-1.020826459,0.4189318419,-0.7797397971,1.100822091,1.328409195,-1.820706725
curobo,10,2.467530012,-1.020826459,0.4189318419,-0.7797397971,1.100822091,1.328409195,-1.820706725
curobo,10,2.467530012,-1.020826459,0.4189318419,-0.7797397971,1.100822091,1.328409195,-1.820706725
curobo,10,2.467530012,-1.020826459,0.4189318419,-0.7797397971,1.100822091,1.328409195,-1.820706725
curobo,10,2.756792784,-0.1932501942,2.308752298,-0.7890517712,-0.9704515338,1.373414874,-1.240193367
curobo,10,2.756792784,-0.1932501942,2.308752298,-0.7890517712,-0.9704515338,1.373414874,-1.240193367
curobo,10,2.756792784,-0.1932501942,2.308752298,-0.7890517712,-0.9704515338,1.373414874,-1.240193367
curobo,10,2.756792784,-0.1932501942,2.308752298,-0.7890517712,-0.9704515338,1.373414874,-1.240193367
curobo,10,1.332002163,-0.5669250488,-1.251338482,-0.8054438829,-2.372992992,0.901566267,-1.280849218
curobo,10,1.332002163,-0.5669250488,-1.251338482,-0.8054438829,-2.372992992,0.901566267,-1.280849218
curobo,10,1.775143266,-0.9790595174,-0.5705940127,-0.8207692504,2.559977055,0.8588113785,-1.712368369
curobo,10,1.914940357,-0.1591118276,-2.824198008,-0.7693499327,-1.291327953,1.260105729,-1.199997902
curobo,10,2.249802113,-0.6329568028,1.124118209,-0.0875216946,0.6202917695,1.213558674,-1.542371631
curobo,10,-1.075082541,0.1530742347,0.1138809398,-0.7718427181,-1.23721242,1.279699683,-1.204681396
curobo,10,2.249802113,-0.6329568028,1.124118209,-0.0875216946,0.6202917695,1.213558674,-1.542371631
curobo,10,-1.075082541,0.1530742347,0.1138809398,-0.7718427181,-1.23721242,1.279699683,-1.204681396
curobo,10,-1.732590318,0.6896363497,2.079984903,-0.8308467865,-2.698074102,0.8337595463,-1.369324684
curobo,10,-0.1752173156,0.2619157732,-1.209389448,-0.8031153679,-0.7964670062,1.429522276,-1.27454257
curobo,10,-0.1752173156,0.2619157732,-1.209389448,-0.8031153679,-0.7964670062,1.429522276,-1.27454257
curobo,10,-0.1752173156,0.2619157732,-1.209389448,-0.8031153679,-0.7964670062,1.429522276,-1.27454257
curobo,10,1.732130051,-0.9578963518,-0.6240112185,-0.8284321427,2.662836313,0.8395812511,-1.682416677
curobo,10,-1.826040864,0.5286743641,1.824951291,-0.7974692583,-2.276994467,0.9269382954,-1.260051608
curobo,10,-1.826040864,0.5286743641,1.824951291,-0.7974692583,-2.276994467,0.9269382954,-1.260051608
curobo,10,-1.826040864,0.5286743641,1.824951291,-0.7974692583,-2.276994467,0.9269382954,-1.260051608
curobo,10,-1.826040864,0.5286743641,1.824951291,-0.7974692583,-2.276994467,0.9269382954,-1.260051608
curobo,10,1.366572976,-0.629065156,-1.152226329,-0.8186972737,-2.53374052,0.8642277122,-1.321337938
curobo,10,-0.2942446172,0.2141884863,-0.9798115492,-0.7936511636,-0.9117179513,1.392954469,-1.250809908
curobo,11,0.5740373731,-1.424738526,-1.598407984,-0.3073495924,2.87153554,1.207548857,-1.013641119
curobo,11,0.5740373731,-1.424738526,-1.598407984,-0.3073495924,2.87153554,1.207548857,-1.013641119
curobo,11,-2.24432826,1.499550462,-2.012439251,-0.305752039,0.1114298999,1.479429126,-0.9938802123
curobo,11,-2.24432826,1.499550462,-2.012439251,-0.305752039,0.1114298999,1.479429126,-0.9938802123
curobo,11,-2.24432826,1.499550462,-2.012439251,-0.305752039,0.1114298999,1.479429126,-0.9938802123
curobo,11,0.9177376032,-1.412984133,1.611457229,-0.3090498447,-0.3717824221,1.47208333,-0.9336614609
curobo,11,0.9095044732,-1.465081215,1.326602697,-0.3056247532,-0.08664143831,1.479716301,-0.9690027237
curobo,11,0.8594583273,-1.559396505,0.7470185757,-0.3117577732,0.4938962162,1.465880036,-1.040758371
curobo,11,0.9172306061,-1.421070576,1.567821503,-0.3082593679,-0.3282009661,1.473869324,-0.9389794469
curobo,11,0.9172306061,-1.421070576,1.567821503,-0.3082593679,-0.3282009661,1.473869324,-0.9389794469
curobo,11,0.9172306061,-1.421070576,1.567821503,-0.3082593679,-0.3282009661,1.473869324,-0.9389794469
curobo,11,0.3997419775,-1.415889978,-1.601294875,-0.6215512753,2.886475563,1.068243265,-1.043936968
curobo,11,0.9173431396,-1.419594169,1.575797558,-0.3083953261,-0.3361704946,1.473559022,-0.9380040765
curobo,11,0.9173431396,-1.419594169,1.575797558,-0.3083953261,-0.3361704946,1.473559022,-0.9380040765
curobo,11,1.089186668,-1.414503455,1.553487659,-0.6162084341,-0.3412038088,1.604990005,-0.8956111073
curobo,11,-2.257282019,1.52478385,-2.165337086,-0.3072708547,0.26470083,1.476067543,-1.012978792
curobo,11,-2.257282019,1.52478385,-2.165337086,-0.3072708547,0.26470083,1.476067543,-1.012978792
curobo,11,-2.257282019,1.52478385,-2.165337086,-0.3072708547,0.26470083,1.476067543,-1.012978792
curobo,11,-2.351387739,1.612525344,-2.863037825,-0.3273717463,0.9587184787,1.425934315,-1.090437055
curobo,11,-2.351387739,1.612525344,-2.863037825,-0.3273717463,0.9587184787,1.425934315,-1.090437055
curobo,11,-2.351387739,1.612525344,-2.863037825,-0.3273717463,0.9587184787,1.425934315,-1.090437055
curobo,11,-2.351387739,1.612525344,-2.863037825,-0.3273717463,0.9587184787,1.425934315,-1.090437055
curobo,11,0.5848178864,-1.520849586,-1.079684973,-0.3219050169,2.326027155,1.240409613,-1.076535225
curobo,11,1.087275624,-1.473401308,1.400557756,-0.6250178218,-0.1807581931,1.620578408,-0.9340329766
curobo,11,0.9040758014,-1.482407689,1.228648424,-0.305424571,0.01161796506,1.480143189,-0.9813475609
curobo,11,0.9040758014,-1.482407689,1.228648424,-0.305424571,0.01161796506,1.480143189,-0.9813475609
curobo,11,1.048546314,-1.589187622,1.088186264,-0.626134038,0.1496128887,1.622538924,-1.017966032
curobo,11,1.048546314,-1.589187622,1.088186264,-0.626134038,0.1496128887,1.622538924,-1.017966032
curobo,11,1.048546314,-1.589187622,1.088186264,-0.626134038,0.1496128887,1.622538924,-1.017966032
curobo,11,-2.054335594,1.473557234,-1.741436243,-0.6250368953,-0.1803342253,1.620608568,-0.9341380596
curobo,11,-2.054335594,1.473557234,-1.741436243,-0.6250368953,-0.1803342253,1.620608568,-0.9341380596
curobo,11,-2.054335594,1.473557234,-1.741436243,-0.6250368953,-0.1803342253,1.620608568,-0.9341380596
curobo,11,-2.054335594,1.473557234,-1.741436243,-0.6250368953,-0.1803342253,1.620608568,-0.9341380596
curobo,11,-2.054335594,1.473557234,-1.741436243,-0.6250368953,-0.1803342253,1.620608568,-0.9341380596
curobo,11,-2.054335594,1.473557234,-1.741436243,-0.6250368953,-0.1803342253,1.620608568,-0.9341380596
curobo,11,-2.054335594,1.473557234,-1.741436243,-0.6250368953,-0.1803342253,1.620608568,-0.9341380596
curobo,11,0.8992965221,-1.494813919,1.156942368,-0.3056068122,0.08355507255,1.479744911,-0.9903843403
curobo,11,0.6001905203,-1.336053133,-2.10432291,-0.3071904778,-2.882596493,1.207232356,-0.947501421
curobo,11,0.6001905203,-1.336053133,-2.10432291,-0.3071904778,-2.882596493,1.207232356,-0.947501421
curobo,11,0.6001905203,-1.336053133,-2.10432291,-0.3071904778,-2.882596493,1.207232356,-0.947501421
curobo,11,0.6001905203,-1.336053133,-2.10432291,-0.3071904778,-2.882596493,1.207232356,-0.947501421
curobo,11,-2.228629351,1.450684309,-1.735126734,-0.3061580062,-0.1667070091,1.478533268,-0.9589775205
curobo,11,1.067150712,-1.55069077,1.197349787,-0.6284536123,0.03455102444,1.626607299,-0.988741219
curobo,11,1.067150712,-1.55069077,1.197349787,-0.6284536123,0.03455102444,1.626607299,-0.988741219
curobo,11,1.070724964,-1.541362286,1.22268033,-0.6285767555,0.007732425816,1.626825213,-0.9818693399
curobo,11,1.070724964,-1.541362286,1.22268033,-0.6285767555,0.007732425816,1.626825213,-0.9818693399
curobo,11,1.070724964,-1.541362286,1.22268033,-0.6285767555,0.007732425816,1.626825213,-0.9818693399
curobo,11,0.9176801443,-1.414081216,1.605546355,-0.308927983,-0.3658810258,1.472334504,-0.9343804121
curobo,11,-2.057854176,1.49500227,-1.796792984,-0.6269577146,-0.1217477247,1.623985767,-0.9488250613
curobo,11,-2.057854176,1.49500227,-1.796792984,-0.6269577146,-0.1217477247,1.623985767,-0.9488250613
curobo,12,0.522852242,-1.135374546,0.545846045,-2.920065641,-0.5885906816,1.770436049,-0.5840229988
curobo,12,0.522852242,-1.135374546,0.545846045,-2.920065641,-0.5885906816,1.770436049,-0.5840229988
curobo,12,-1.075250506,1.150770903,2.571392298,-2.778387547,-1.096436143,0.7426570058,0.1475384384
curobo,12,-1.064745069,1.156511545,2.565864801,-2.777124405,-1.097447872,0.7333586216,0.1531556398
curobo,12,-1.075250506,1.150770903,2.571392298,-2.778387547,-1.096436143,0.7426570058,0.1475384384
curobo,12,-1.075250506,1.150770903,2.571392298,-2.778387547,-1.096436143,0.7426570058,0.1475384384
curobo,12,-1.064745069,1.156511545,2.565864801,-2.777124405,-1.097447872,0.7333586216,0.1531556398
curobo,12,-1.075250506,1.150770903,2.571392298,-2.778387547,-1.096436143,0.7426570058,0.1475384384
curobo,12,-1.110820413,1.131959677,2.590521812,-2.782554626,-1.092659235,0.7737183571,0.128982842
curobo,12,-1.110820413,1.131959677,2.590521812,-2.782554626,-1.092659235,0.7737183571,0.128982842
curobo,12,1.15527606,-0.9456956387,0.04615331441,-2.860759497,-0.9016279578,1.388223171,-0.2371190786
curobo,12,0.522426188,-1.1356287,0.5462001562,-2.920112133,-0.5882528424,1.770689964,-0.5843562484
curobo,12,-0.05046404153,-1.759274364,1.069499373,-2.952813148,0.2392683029,1.9331038,-1.327598095
curobo,12,0.5702934265,-1.108450055,0.5066847801,-2.914947748,-0.6245105863,1.742009997,-0.5482492447
curobo,12,1.212223649,-0.9430214167,0.002949673682,-2.856087685,-0.9192826152,1.353443503,-0.2136054486
curobo,12,1.212223649,-0.9430214167,0.002949673682,-2.856087685,-0.9192826152,1.353443503,-0.2136054486
curobo,12,0.8926889896,-0.9854741693,0.2490598559,-2.883281708,-0.8043993711,1.54686749,-0.3559828699
curobo,12,0.8926889896,-0.9854741693,0.2490598559,-2.883281708,-0.8043993711,1.54686749,-0.3559828699
curobo,12,0.9756717086,-0.9677890539,0.1843354255,-2.875932693,-0.8384513855,1.496835947,-0.3160444498
curobo,12,0.9756717086,-0.9677890539,0.1843354255,-2.875932693,-0.8384513855,1.496835947,-0.3160444498
curobo,12,-0.05046370998,-1.759274364,1.069499373,-2.952813148,0.2392681837,1.933103561,-1.327597857
curobo,12,-0.05046370998,-1.759274364,1.069499373,-2.952813148,0.2392681837,1.933103561,-1.327597857
curobo,12,-0.05046370998,-1.759274364,1.069499373,-2.952813148,0.2392681837,1.933103561,-1.327597857
curobo,12,0.05444856733,-1.592753172,0.9730534554,-2.958997965,0.02958484553,1.960334539,-1.143604159
curobo,12,-0.925742805,1.240332007,2.498442888,-2.758706808,-1.105194569,0.6049771905,0.2347752601
curobo,12,0.2255459577,-1.377237558,0.8074240685,-2.951448917,-0.2638457417,1.926956058,-0.886187315
curobo,12,0.2255459577,-1.377237558,0.8074240685,-2.951448917,-0.2638457417,1.926956058,-0.886187315
curobo,12,0.2255459577,-1.377237558,0.8074240685,-2.951448917,-0.2638457417,1.926956058,-0.886187315
curobo,12,0.1049490944,-1.522109151,0.9238252044,-2.958627701,-0.06531116366,1.958732605,-1.060886741
curobo,12,0.1049490944,-1.522109151,0.9238252044,-2.958627701,-0.06531116366,1.958732605,-1.060886741
curobo,12,-0.0504479669,-1.759246826,1.069485664,-2.952814817,0.2392357439,1.933111429,-1.327569246
curobo,12,-1.218145967,1.081025362,2.651824474,-2.794243574,-1.078485012,0.8635845184,0.0766717568
curobo,12,-1.218145967,1.081025362,2.651824474,-2.794243574,-1.078485012,0.8635845184,0.0766717568
curobo,12,-1.282356143,1.054662228,2.69080162,-2.800718546,-1.068383098,0.9147154689,0.04748480767
curobo,12,0.0626572445,-1.580849648,0.9650989175,-2.959072828,0.01377319824,1.960657835,-1.1298244
curobo,12,0.0626572445,-1.580849648,0.9650989175,-2.959072828,0.01377319824,1.960657835,-1.1298244
curobo,12,0.0626572445,-1.580849648,0.9650989175,-2.959072828,0.01377319824,1.960657835,-1.1298244
curobo,12,0.0626572445,-1.580849648,0.9650989175,-2.959072828,0.01377319824,1.960657835,-1.1298244
curobo,12,0.0626572445,-1.580849648,0.9650989175,-2.959072828,0.01377319824,1.960657835,-1.1298244
curobo,12,-0.05046381801,-1.759274364,1.069499612,-2.952813148,0.2392684668,1.933103681,-1.327597976
curobo,12,-0.05046381801,-1.759274364,1.069499612,-2.952813148,0.2392684668,1.933103681,-1.327597976
curobo,12,-0.05046381801,-1.759274364,1.069499612,-2.952813148,0.2392684668,1.933103681,-1.327597976
curobo,12,-0.05046381801,-1.759274364,1.069499612,-2.952813148,0.2392684668,1.933103681,-1.327597976
curobo,12,0.2215605676,-1.381523013,0.81118536,-2.951787233,-0.2579734325,1.928485394,-0.8914183378
curobo,12,0.2215605676,-1.381523013,0.81118536,-2.951787233,-0.2579734325,1.928485394,-0.8914183378
curobo,12,0.2987553179,-1.304052591,0.7396604419,-2.944503546,-0.3635534346,1.894844294,-0.7964318395
curobo,12,-0.3307823539,1.706323028,2.284024239,-2.554183483,-0.5505319238,0.01504224818,1.285367608
curobo,12,-0.3307823539,1.706323028,2.284024239,-2.554183483,-0.5505319238,0.01504224818,1.285367608
curobo,12,0.3884149194,-1.227473497,0.6599737406,-2.934901237,-0.4663733244,1.848136663,-0.7014732361
curobo,12,-2.5844872,1.115668774,-2.62406826,-2.916360378,-0.6148475409,1.749940038,-0.557938993
curobo,13,-0.6106943488,1.741801381,1.792285681,-2.280858517,-1.227075458,1.013321996,0.7211763263
curobo,13,-2.890098095,0.005945542827,-2.598224401,-2.420947313,-0.03811573237,2.007080555,-0.2510120571
curobo,13,-0.744142592,0.7644292712,1.600721836,-2.368173122,-0.7073202729,1.741459131,0.3127882779
curobo,13,-2.890098095,0.005945542827,-2.598224401,-2.420947313,-0.03811573237,2.007080555,-0.2510120571
curobo,13,-0.8131403923,-0.924202919,1.52912426,-2.360456705,0.759732306,1.694320679,-0.9228155017
curobo,13,-0.8131403923,-0.924202919,1.52912426,-2.360456705,0.759732306,1.694320679,-0.9228155017
curobo,13,-0.8131403923,-0.924202919,1.52912426,-2.360456705,0.759732306,1.694320679,-0.9228155017
curobo,13,-0.8131403923,-0.924202919,1.52912426,-2.360456705,0.759732306,1.694320679,-0.9228155017
curobo,13,-0.8131403923,-0.924202919,1.52912426,-2.360456705,0.759732306,1.694320679,-0.9228155017
curobo,13,-0.6063523293,1.759274364,1.798119426,-2.279596329,-1.234729528,0.9983303547,0.7262154222
curobo,13,-0.6063523293,1.759274364,1.798119426,-2.279596329,-1.234729528,0.9983303547,0.7262154222
curobo,13,-0.6063523293,1.759274364,1.798119426,-2.279596329,-1.234729528,0.9983303547,0.7262154222
curobo,13,-0.6063523293,1.759274364,1.798119426,-2.279596329,-1.234729528,0.9983303547,0.7262154222
curobo,13,-0.6063523293,1.759274364,1.798119426,-2.279596329,-1.234729528,0.9983303547,0.7262154222
curobo,13,-2.891226768,0.00594982272,-2.597095728,-2.420947552,-0.03810777888,2.007080793,-0.2510187626
curobo,13,-2.891354561,0.00595029071,-2.596967936,-2.420947552,-0.03810685873,2.007080793,-0.2510195076
curobo,13,-0.9300192595,-1.759274364,1.356948018,-2.285575151,1.19898212,1.067583203,-1.268393278
curobo,13,-0.812612772,-0.9176323414,1.529863358,-2.361110687,0.7553977966,1.698412776,-0.9191963077
curobo,13,-0.812612772,-0.9176323414,1.529863358,-2.361110687,0.7553977966,1.698412776,-0.9191963077
curobo,13,1.33630991,-0.005923246499,-0.54131037,-2.420892,-0.04424792901,2.006845236,-0.2458513975
curobo,13,1.33630991,-0.005923246499,-0.54131037,-2.420892,-0.04424792901,2.006845236,-0.2458513975
curobo,13,1.33630991,-0.005923246499,-0.54131037,-2.420892,-0.04424792901,2.006845236,-0.2458513975
curobo,13,-0.9300194979,-1.759274364,1.356948018,-2.285574913,1.19898212,1.067583203,-1.268393278
curobo,13,0.5970365405,-0.00518648373,0.1978720874,-2.420929909,-0.04017253593,2.007005453,-0.2492813468
curobo,13,0.5970365405,-0.00518648373,0.1978720874,-2.420929909,-0.04017253593,2.007005453,-0.2492813468
curobo,13,0.5970365405,-0.00518648373,0.1978720874,-2.420929909,-0.04017253593,2.007005453,-0.2492813468
curobo,13,2.535240412,-1.759274364,-1.343473196,-2.279596329,-1.234729528,0.9983303547,0.7262154222
curobo,13,-2.597580433,0.005250228569,-2.890702486,-2.420932293,-0.03988829255,2.007015944,-0.2495203167
curobo,13,1.231582284,-0.00560342567,-0.4365980029,-2.420898438,-0.04356485233,2.006873131,-0.2464263141
curobo,13,-2.882203102,0.005917478818,-2.606117964,-2.420946836,-0.03817040473,2.007078409,-0.2509661019
curobo,13,-2.882203102,0.005917478818,-2.606117964,-2.420946836,-0.03817040473,2.007078409,-0.2509661019
curobo,13,-2.882203102,0.005917478818,-2.606117964,-2.420946836,-0.03817040473,2.007078409,-0.2509661019
curobo,13,-2.882203102,0.005917478818,-2.606117964,-2.420946836,-0.03817040473,2.007078409,-0.2509661019
curobo,13,-0.3452512622,-0.01222242229,1.139936566,-2.421007633,-0.03007287905,2.007335663,-0.2577805221
curobo,13,-0.3452512622,-0.01222242229,1.139936566,-2.421007633,-0.03007287905,2.007335663,-0.2577805221
curobo,13,-0.3452512622,-0.01222242229,1.139936566,-2.421007633,-0.03007287905,2.007335663,-0.2577805221
curobo,13,-0.3452512622,-0.01222242229,1.139936566,-2.421007633,-0.03007287905,2.007335663,-0.2577805221
curobo,13,-0.7362735271,0.8640304804,1.610896707,-2.358268261,-0.7741050124,1.680494189,0.3686300516
curobo,13,-0.7362735271,0.8640304804,1.610896707,-2.358268261,-0.7741050124,1.680494189,0.3686300516
curobo,13,-0.7362735271,0.8640304804,1.610896707,-2.358268261,-0.7741050124,1.680494189,0.3686300516
curobo,13,-0.6063840389,1.75914824,1.798076987,-2.279605389,-1.234674215,0.9984387159,0.7261793017
curobo,13,-0.6063840389,1.75914824,1.798076987,-2.279605389,-1.234674215,0.9984387159,0.7261793017
curobo,13,-0.6063840389,1.75914824,1.798076987,-2.279605389,-1.234674215,0.9984387159,0.7261793017
curobo,13,-0.6063840389,1.75914824,1.798076987,-2.279605389,-1.234674215,0.9984387159,0.7261793017
curobo,13,-0.6063523293,1.759274364,1.798119426,-2.279596329,-1.234729528,0.9983303547,0.7262155414
curobo,13,-0.5927155614,-0.02807491831,1.387039423,-2.421087027,-0.0135437604,2.007671595,-0.2716901898
curobo,13,-0.5927155614,-0.02807491831,1.387039423,-2.421087027,-0.0135437604,2.007671595,-0.2716901898
curobo,13,-0.5927155614,-0.02807491831,1.387039423,-2.421087027,-0.0135437604,2.007671595,-0.2716901898
curobo,13,-0.5927155614,-0.02807491831,1.387039423,-2.421087027,-0.0135437604,2.007671595,-0.2716901898
curobo,13,-0.5927155614,-0.02807491831,1.387039423,-2.421087027,-0.0135437604,2.007671595,-0.2716901898
curobo,14,-0.86306113,0.5796562433,2.782770634,-1.964030385,-2.450862885,0.6864718199,0.8736184835
curobo,14,-0.86306113,0.5796562433,2.782770634,-1.964030385,-2.450862885,0.6864718199,0.8736184835
curobo,14,-1.865730643,0.5385811925,-2.89150548,-1.906636477,-1.884109378,1.06326735,1.129498601
curobo,14,-1.865730643,0.5385811925,-2.89150548,-1.906636477,-1.884109378,1.06326735,1.129498601
curobo,14,-1.865730643,0.5385811925,-2.89150548,-1.906636477,-1.884109378,1.06326735,1.129498601
curobo,14,-1.865730643,0.5385811925,-2.89150548,-1.906636477,-1.884109378,1.06326735,1.129498601
curobo,14,-1.865730643,0.5385811925,-2.89150548,-1.906636477,-1.884109378,1.06326735,1.129498601
curobo,14,2.551333189,-0.6595365405,-0.5169364214,-1.988182306,-2.720580101,0.6017688513,0.7082941532
curobo,14,0.3691700101,-0.8217856884,0.6169477105,-1.898407817,-1.394126177,1.592351317,1.159583211
curobo,14,2.891476393,1.212109685,-2.54041934,-1.949046731,-0.8307211995,2.097891808,0.9514747262
curobo,14,-2.085643053,0.5745022893,-2.77249074,-1.900035739,-1.780738473,1.164847136,1.153714299
curobo,14,-2.085643053,0.5745022893,-2.77249074,-1.900035739,-1.780738473,1.164847136,1.153714299
curobo,14,-2.085643053,0.5745022893,-2.77249074,-1.900035739,-1.780738473,1.164847136,1.153714299
curobo,14,-2.085643053,0.5745022893,-2.77249074,-1.900035739,-1.780738473,1.164847136,1.153714299
curobo,14,-0.458687216,0.7134757638,2.552752495,-1.99832499,-2.891428232,0.5716993809,0.5971578956
curobo,14,-0.458687216,0.7134757638,2.552752495,-1.99832499,-2.891428232,0.5716993809,0.5971578956
curobo,14,-0.458687216,0.7134757638,2.552752495,-1.99832499,-2.891428232,0.5716993809,0.5971578956
curobo,14,2.094274282,-0.5457428098,-0.247335583,-1.949384212,-2.313946247,0.7502358556,0.9498423338
curobo,14,2.094274282,-0.5457428098,-0.247335583,-1.949384212,-2.313946247,0.7502358556,0.9498423338
curobo,14,2.094274282,-0.5457428098,-0.247335583,-1.949384212,-2.313946247,0.7502358556,0.9498423338
curobo,14,-1.436321974,-1.750433922,0.1528537124,-1.948560596,0.8351550698,2.095082521,-0.092851758
curobo,14,-1.436321974,-1.750433922,0.1528537124,-1.948560596,0.8351550698,2.095082521,-0.092851758
curobo,14,-1.436321974,-1.750433922,0.1528537124,-1.948560596,0.8351550698,2.095082521,-0.092851758
curobo,14,0.2011694759,-0.9166875482,0.6357908249,-1.905727744,-1.269922853,1.726444125,1.132875204
curobo,14,0.2011694759,-0.9166875482,0.6357908249,-1.905727744,-1.269922853,1.726444125,1.132875204
curobo,14,0.2011694759,-0.9166875482,0.6357908249,-1.905727744,-1.269922853,1.726444125,1.132875204
curobo,14,0.224976927,1.176362276,2.381611109,-1.941690803,2.243972778,0.7890585065,-0.1250306368
curobo,14,1.86460197,1.722012043,-2.89150548,-1.967079759,0.6608326435,2.191550255,0.004812754225
curobo,14,-2.789910793,0.8310774565,-2.521807432,-1.898973823,-1.381948352,1.605847001,1.157547355
curobo,14,-2.789910793,0.8310774565,-2.521807432,-1.898973823,-1.381948352,1.605847001,1.157547355
curobo,14,-2.789910793,0.8310774565,-2.521807432,-1.898973823,-1.381948352,1.605847001,1.157547355
curobo,14,-0.1122706681,0.9123792052,2.399554968,-1.994164348,2.81150651,0.5837051868,0.2114043534
curobo,14,-0.1122706681,0.9123792052,2.399554968,-1.994164348,2.81150651,0.5837051868,0.2114043534
curobo,14,-1.466168523,-1.753988862,0.1335790455,-1.945246696,0.8652980328,2.07547307,-0.1085916981
curobo,14,-1.466168523,-1.753988862,0.1335790455,-1.945246696,0.8652980328,2.07547307,-0.1085916981
curobo,14,-1.29189229,-1.725337386,0.2414488047,-1.965318084,0.6781893373,2.183193445,-0.005356141832
curobo,14,-1.29189229,-1.725337386,0.2414488047,-1.965318084,0.6781893373,2.183193445,-0.005356141832
curobo,14,-1.29189229,-1.725337386,0.2414488047,-1.965318084,0.6781893373,2.183193445,-0.005356141832
curobo,14,-1.29189229,-1.725337386,0.2414488047,-1.965318084,0.6781893373,2.183193445,-0.005356141832
curobo,14,-1.29189229,-1.725337386,0.2414488047,-1.965318084,0.6781893373,2.183193445,-0.005356141832
curobo,14,1.389696121,-0.5266743302,0.1843267828,-1.910814047,-1.937018752,1.014967561,1.113795042
curobo,14,1.389696121,-0.5266743302,0.1843267828,-1.910814047,-1.937018752,1.014967561,1.113795042
curobo,14,1.389696121,-0.5266743302,0.1843267828,-1.910814047,-1.937018752,1.014967561,1.113795042
curobo,14,1.389696121,-0.5266743302,0.1843267828,-1.910814047,-1.937018752,1.014967561,1.113795042
curobo,14,1.389696121,-0.5266743302,0.1843267828,-1.910814047,-1.937018752,1.014967561,1.113795042
curobo,14,2.620132685,1.389167905,-2.600425005,-1.984865546,-0.4647706151,2.268333673,0.736128211
curobo,14,-0.07757762074,0.9369090796,2.390025139,-1.990150452,2.748447418,0.5957171917,0.1705567837
curobo,14,1.128555775,1.714861155,2.89150548,-1.901376605,1.336695313,1.655411005,-0.2878828645
curobo,14,1.128555775,1.714861155,2.89150548,-1.901376605,1.336695313,1.655411005,-0.2878828645
curobo,14,1.128555775,1.714861155,2.89150548,-1.901376605,1.336695313,1.655411005,-0.2878828645
curobo,15,1.175428271,1.759274364,-2.289655447,-1.611776233,-2.747143507,1.361485481,1.288184643
curobo,15,1.175428271,1.759274364,-2.289655447,-1.611776233,-2.747143507,1.361485481,1.288184643
curobo,15,-1.699455619,-0.4373466074,1.934024096,-1.540161014,2.006042957,1.79471302,0.4313459098
curobo,15,-1.699455619,-0.4373466074,1.934024096,-1.540161014,2.006042957,1.79471302,0.4313459098
curobo,15,-1.699455619,-0.4373466074,1.934024096,-1.540161014,2.006042957,1.79471302,0.4313459098
curobo,15,-1.699455619,-0.4373466074,1.934024096,-1.540161014,2.006042957,1.79471302,0.4313459098
curobo,15,-1.699455619,-0.4373466074,1.934024096,-1.540161014,2.006042957,1.79471302,0.4313459098
curobo,15,-1.600805044,-0.6300498843,1.680619478,-1.558825374,2.198586226,1.646690965,0.5019167662
curobo,15,0.4306315482,0.2194512486,0.09408799559,-1.520249009,1.645426631,2.098959446,0.3638881743
curobo,15,2.613650084,-0.9066002369,-1.466039896,-1.601511121,0.52363801,2.7076478,0.7148931623
curobo,15,2.613650084,-0.9066002369,-1.466039896,-1.601511121,0.52363801,2.7076478,0.7148931623
curobo,15,2.613650084,-0.9066002369,-1.466039896,-1.601511121,0.52363801,2.7076478,0.7148931623
curobo,15,2.685673952,-0.4909417629,-1.849688053,-1.534375429,1.206276298,2.426462412,0.4110263884
curobo,15,2.685673952,-0.4909417629,-1.849688053,-1.534375429,1.206276298,2.426462412,0.4110263884
curobo,15,1.458257079,0.4555501938,-1.23884666,-1.541808486,2.024751425,1.779573679,0.4372515976
curobo,15,1.458257079,0.4555501938,-1.23884666,-1.541808486,2.024751425,1.779573679,0.4372515976
curobo,15,1.458257079,0.4555501938,-1.23884666,-1.541808486,2.024751425,1.779573679,0.4372515976
curobo,15,-0.5239437819,0.6808930635,1.510579824,-1.560031891,0.9314681888,2.57349658,0.5067903399
curobo,15,-0.5239437819,0.6808930635,1.510579824,-1.560031891,0.9314681888,2.57349658,0.5067903399
curobo,15,-0.5239437819,0.6808930635,1.510579824,-1.560031891,0.9314681888,2.57349658,0.5067903399
curobo,15,2.825813055,-1.580138326,-1.080446005,-1.556306362,-0.9672999978,2.557076454,1.587787032
curobo,15,2.825813055,-1.580138326,-1.080446005,-1.556306362,-0.9672999978,2.557076454,1.587787032
curobo,15,0.764862597,0.2267060429,-0.2987564504,-1.522180676,1.71965909,2.036230564,0.3701460361
curobo,15,0.764862597,0.2267060429,-0.2987564504,-1.522180676,1.71965909,2.036230564,0.3701460361
curobo,15,1.460998297,0.4588963091,-1.244354725,-1.542113781,2.02816844,1.776823044,0.4383538663
curobo,15,1.215402722,1.713346601,-2.241107702,-1.616191268,-2.814799547,1.342492104,1.24678576
curobo,15,-0.4420214593,0.471132338,1.261467576,-1.532401681,1.232850194,2.40965867,0.4042383432
curobo,15,-0.4420214593,0.471132338,1.261467576,-1.532401681,1.232850194,2.40965867,0.4042383432
curobo,15,1.433789611,0.4287810326,-1.192020059,-1.53939569,1.99716258,1.801944971,0.4286187589
curobo,15,-1.684184432,-1.275604486,1.225043058,-1.620291352,2.89150548,1.325314879,0.880633235
curobo,15,2.813487053,-1.558302164,-1.100351334,-1.560356379,-0.9283773899,2.574875355,1.571558237
curobo,15,2.813487053,-1.558302164,-1.100351334,-1.560356379,-0.9283773899,2.574875355,1.571558237
curobo,15,-0.5293020606,0.7265596986,1.550204635,-1.567867994,0.8575507998,2.604853392,0.5395588279
curobo,15,-0.5293020606,0.7265596986,1.550204635,-1.567867994,0.8575507998,2.604853392,0.5395588279
curobo,15,1.175428033,1.759274364,-2.289655447,-1.611775875,-2.747143269,1.36148572,1.288184643
curobo,15,1.175428033,1.759274364,-2.289655447,-1.611775875,-2.747143269,1.36148572,1.288184643
curobo,15,0.9417564869,0.2440338284,-0.510912478,-1.523912191,1.763757944,1.99862957,0.3758011162
curobo,15,0.9417564869,0.2440338284,-0.510912478,-1.523912191,1.763757944,1.99862957,0.3758011162
curobo,15,0.9417564869,0.2440338284,-0.510912478,-1.523912191,1.763757944,1.99862957,0.3758011162
curobo,15,0.9417564869,0.2440338284,-0.510912478,-1.523912191,1.763757944,1.99862957,0.3758011162
curobo,15,1.499761343,0.5172852278,-1.330634236,-1.547587991,2.087000847,1.730249047,0.4584318101
curobo,15,1.499761343,0.5172852278,-1.330634236,-1.547587991,2.087000847,1.730249047,0.4584318101
curobo,15,-2.876699686,-0.2266940773,-2.852085114,-1.519750476,1.607255459,2.130755663,0.3622834682
curobo,15,-2.876699686,-0.2266940773,-2.852085114,-1.519750476,1.607255459,2.130755663,0.3622834682
curobo,15,-2.876699686,-0.2266940773,-2.852085114,-1.519750476,1.607255459,2.130755663,0.3622834682
curobo,15,2.872886181,-0.3364766538,-2.173727512,-1.522517681,1.412429571,2.284831047,0.3712437749
curobo,15,-1.619544983,-1.055430532,1.359143376,-1.603200912,2.637472391,1.399967074,0.7262231112
curobo,15,-0.4022415578,1.40407908,1.922162294,-1.591647267,-0.6294054389,2.68153286,1.424392581
curobo,15,-0.4022415578,1.40407908,1.922162294,-1.591647267,-0.6294054389,2.68153286,1.424392581
curobo,15,-0.4022415578,1.40407908,1.922162294,-1.591647267,-0.6294054389,2.68153286,1.424392581
curobo,16,0.1489813179,1.090643644,-1.741351008,-1.200110555,2.282795906,2.326737881,1.085947156
curobo,16,0.1489813179,1.090643644,-1.741351008,-1.200110555,2.282795906,2.326737881,1.085947156
curobo,16,0.1523293555,1.066107512,-1.712786913,-1.196307182,2.25847578,2.343204737,1.071990728
curobo,16,0.1523293555,1.066107512,-1.712786913,-1.196307182,2.25847578,2.343204737,1.071990728
curobo,16,-1.190038204,0.5484279394,0.7926430702,-1.285405993,0.05409413949,3.162922621,1.683852792
curobo,16,-1.310554504,0.6402722001,0.9335080385,-1.246701717,-0.5463960171,3.131444216,2.163709164
curobo,16,-1.198172569,1.658094168,2.434742928,-1.210838795,-2.351253033,2.281570673,2.329973459
curobo,16,-1.198172569,1.658094168,2.434742928,-1.210838795,-2.351253033,2.281570673,2.329973459
curobo,16,-1.198172569,1.658094168,2.434742928,-1.210838795,-2.351253033,2.281570673,2.329973459
curobo,16,-0.7261012197,0.4495147765,0.2037227154,-1.174331546,1.028338909,3.033694506,0.9968296289
curobo,16,-0.7261012197,0.4495147765,0.2037227154,-1.174331546,1.028338909,3.033694506,0.9968296289
curobo,16,-0.7261012197,0.4495147765,0.2037227154,-1.174331546,1.028338909,3.033694506,0.9968296289
curobo,16,-0.7261012197,0.4495147765,0.2037227154,-1.174331546,1.028338909,3.033694506,0.9968296289
curobo,16,-0.8058152795,0.4552411437,0.3161771595,-1.188626528,0.9326820374,3.059986591,1.044718981
curobo,16,-0.8058152795,0.4552411437,0.3161771595,-1.188626528,0.9326820374,3.059986591,1.044718981
curobo,16,2.254152298,-0.4648812115,-2.712776899,-1.206395388,0.8187187314,3.086478472,1.109733701
curobo,16,-0.8614785075,0.4613833725,0.3933233619,-1.200372458,0.8571248651,3.078108311,1.086920142
curobo,16,-0.8614785075,0.4613833725,0.3933233619,-1.200372458,0.8571248651,3.078108311,1.086920142
curobo,16,1.702811837,-1.256487131,-1.29566586,-1.142795444,-1.850679755,2.628402948,2.555440903
curobo,16,-0.8614785075,0.4613833725,0.3933233619,-1.200372458,0.8571248651,3.078108311,1.086920142
curobo,16,1.702811837,-1.256487131,-1.29566586,-1.142795444,-1.850679755,2.628402948,2.555440903
curobo,16,-0.8614785075,0.4613833725,0.3933233619,-1.200372458,0.8571248651,3.078108311,1.086920142
curobo,16,-0.8614785075,0.4613833725,0.3933233619,-1.200372458,0.8571248651,3.078108311,1.086920142
curobo,16,1.702811837,-1.256487131,-1.29566586,-1.142795444,-1.850679755,2.628402948,2.555440903
curobo,16,1.888498068,-0.5877415538,-2.284460783,-1.277611256,-0.2430838943,3.157239676,1.928114057
curobo,16,1.888498068,-0.5877415538,-2.284460783,-1.277611256,-0.2430838943,3.157239676,1.928114057
curobo,16,1.888498068,-0.5877415538,-2.284460783,-1.277611256,-0.2430838943,3.157239676,1.928114057
curobo,16,-0.8793411255,0.4637455344,0.4177810252,-1.204478025,0.8309425116,3.083873749,1.102377653
curobo,16,-0.3543111086,0.4706811905,-0.3478247523,-1.135928035,1.380829096,2.900333166,0.8825249672
curobo,16,-0.8793411255,0.4637455344,0.4177810252,-1.204478025,0.8309425116,3.083873749,1.102377653
curobo,16,0.1498146802,0.8811959028,-1.477205276,-1.168084383,2.06900239,2.475938082,0.9769294858
curobo,16,-0.3543111086,0.4706811905,-0.3478247523,-1.135928035,1.380829096,2.900333166,0.8825249672
curobo,16,2.236176252,-0.4675494432,-2.688418865,-1.210776329,0.7907395959,3.092234373,1.126896977
curobo,16,2.236176252,-0.4675494432,-2.688418865,-1.210776329,0.7907395959,3.092234373,1.126896977
curobo,16,2.236176252,-0.4675494432,-2.688418865,-1.210776329,0.7907395959,3.092234373,1.126896977
curobo,16,2.236176252,-0.4675494432,-2.688418865,-1.210776329,0.7907395959,3.092234373,1.126896977
curobo,16,0.05563004687,1.376611948,-2.062469482,-1.243179798,2.56898284,2.154270649,1.274308562
curobo,16,-0.05234196782,1.544495344,-2.268434286,-1.265426993,2.754281044,2.072537422,1.414144039
curobo,16,0.1576542854,0.987254262,-1.61756289,-1.184125543,2.179406404,2.397886753,1.029262781
curobo,16,0.1576542854,0.987254262,-1.61756289,-1.184125543,2.179406404,2.397886753,1.029262781
curobo,16,1.806021571,-0.6693686843,-2.16389966,-1.227973104,-0.6786738038,3.112565041,2.257272482
curobo,16,1.806021571,-0.6693686843,-2.16389966,-1.227973104,-0.6786738038,3.112565041,2.257272482
curobo,16,1.806021571,-0.6693686843,-2.16389966,-1.227973104,-0.6786738038,3.112565041,2.257272482
curobo,16,2.006484032,-0.524366796,-2.405124664,-1.276260018,0.2626286447,3.156224966,1.513218403
curobo,16,-1.230430365,0.5717430711,0.8329918981,-1.283455372,-0.1297891736,3.161527157,1.835648179
curobo,16,-1.230430365,0.5717430711,0.8329918981,-1.283455372,-0.1297891736,3.161527157,1.835648179
curobo,16,-1.230430365,0.5717430711,0.8329918981,-1.283455372,-0.1297891736,3.161527157,1.835648179
curobo,16,-1.230430365,0.5717430711,0.8329918981,-1.283455372,-0.1297891736,3.161527157,1.835648179
curobo,16,0.04076033086,1.404783964,-2.095040321,-1.247147083,2.598567247,2.139390469,1.295884013
curobo,16,0.04076033086,1.404783964,-2.095040321,-1.247147083,2.598567247,2.139390469,1.295884013
curobo,17,-0.8569391966,1.332443476,-1.458812237,-1.033177137,2.783594131,2.571122408,2.283441544
curobo,17,-0.8569391966,1.332443476,-1.458812237,-1.033177137,2.783594131,2.571122408,2.283441544
curobo,17,-0.9109808207,1.160370946,-1.193569541,-1.002206445,2.66292119,2.638942957,2.094573021
curobo,17,1.173763037,-1.202968001,-1.941123724,-1.055969715,0.2303814292,3.454324961,2.482573271
curobo,17,1.173763037,-1.202968001,-1.941123724,-1.055969715,0.2303814292,3.454324961,2.482573271
curobo,17,1.173763037,-1.202968001,-1.941123724,-1.055969715,0.2303814292,3.454324961,2.482573271
curobo,17,-1.632276416,0.9356954098,0.4024968445,-0.7613683343,2.112671137,3.072144508,1.320958853
curobo,17,-1.632276416,0.9356954098,0.4024968445,-0.7613683343,2.112671137,3.072144508,1.320958853
curobo,17,-1.980431914,1.372802019,1.212213159,-0.6839422584,-1.910006762,3.190691471,-1.784883261
curobo,17,1.516734242,-0.9318700433,-2.758047342,-0.765024662,2.120474815,3.06661272,1.328501582
curobo,17,1.516734242,-0.9318700433,-2.758047342,-0.765024662,2.120474815,3.06661272,1.328501582
curobo,17,-1.396981835,0.8798789978,-0.1144820899,-0.8518101573,2.294698238,2.928081989,1.536607027
curobo,17,-1.396981835,0.8798789978,-0.1144820899,-0.8518101573,2.294698238,2.928081989,1.536607027
curobo,17,-1.396981835,0.8798789978,-0.1144820899,-0.8518101573,2.294698238,2.928081989,1.536607027
curobo,17,-1.396981835,0.8798789978,-0.1144820899,-0.8518101573,2.294698238,2.928081989,1.536607027
curobo,17,2.208118677,-1.120122194,2.021404505,-0.9928995967,2.632418394,2.658800602,2.046822309
curobo,17,2.208118677,-1.120122194,2.021404505,-0.9928995967,2.632418394,2.658800602,2.046822309
curobo,17,-1.011375904,1.024023056,-0.9107028842,-0.9654071331,2.551803112,2.715985537,1.920924067
curobo,17,-1.011375904,1.024023056,-0.9107028842,-0.9654071331,2.551803112,2.715985537,1.920924067
curobo,17,-1.011375904,1.024023056,-0.9107028842,-0.9654071331,2.551803112,2.715985537,1.920924067
curobo,17,-1.96245265,1.26646173,1.409753084,-0.9752058983,0.5624377728,3.457160711,1.963561654
curobo,17,1.172247171,-1.212928295,-1.906959414,-1.047864437,0.2825936079,3.454703093,2.401195288
curobo,17,1.172247171,-1.212928295,-1.906959414,-1.047864437,0.2825936079,3.454703093,2.401195288
curobo,17,1.172247171,-1.212928295,-1.906959414,-1.047864437,0.2825936079,3.454703093,2.401195288
curobo,17,1.172247171,-1.212928295,-1.906959414,-1.047864437,0.2825936079,3.454703093,2.401195288
curobo,17,-2.0151577,1.75927484,2.024657249,-0.8751325011,-2.341972113,2.887674809,-2.205331326
curobo,17,-2.0151577,1.75927484,2.024657249,-0.8751325011,-2.341972113,2.887674809,-2.205331326
curobo,17,-0.849804163,1.401689291,-1.55312264,-1.04264307,2.830039024,2.549883366,2.356002569
curobo,17,-0.849804163,1.401689291,-1.55312264,-1.04264307,2.830039024,2.549883366,2.356002569
curobo,17,-0.849804163,1.401689291,-1.55312264,-1.04264307,2.830039024,2.549883366,2.356002569
curobo,17,-1.322585583,0.8837778568,-0.2618144155,-0.8744110465,2.340483665,2.888950825,1.601005435
curobo,17,-1.322585583,0.8837778568,-0.2618144155,-0.8744110465,2.340483665,2.888950825,1.601005435
curobo,17,1.329087019,-1.106621742,-2.63411212,-0.8897169828,-0.7691584229,3.456484795,-2.249637127
curobo,17,1.329087019,-1.106621742,-2.63411212,-0.8897169828,-0.7691584229,3.456484795,-2.249637127
curobo,17,1.329087019,-1.106621742,-2.63411212,-0.8897169828,-0.7691584229,3.456484795,-2.249637127
curobo,17,1.329087019,-1.106621742,-2.63411212,-0.8897169828,-0.7691584229,3.456484795,-2.249637127
curobo,17,1.329087019,-1.106621742,-2.63411212,-0.8897169828,-0.7691584229,3.456484795,-2.249637127
curobo,17,-2.006388664,1.421230912,1.345016122,-0.7124645114,-1.996647477,3.145728588,-1.831103206
curobo,17,-2.006388664,1.421230912,1.345016122,-0.7124645114,-1.996647477,3.145728588,-1.831103206
curobo,17,-1.011721253,1.023694754,-0.9098668098,-0.9652947783,2.551498652,2.716213465,1.920450807
curobo,17,-1.811076403,1.107171893,0.5030434132,-0.8860419989,-0.7769161463,3.456323385,-2.238262892
curobo,17,-1.811076403,1.107171893,0.5030434132,-0.8860419989,-0.7769161463,3.456323385,-2.238262892
curobo,17,1.175366163,-1.195927858,-1.96586132,-1.060753942,0.1929255277,3.454093933,2.540875912
curobo,17,1.175366163,-1.195927858,-1.96586132,-1.060753942,0.1929255277,3.454093933,2.540875912
curobo,17,1.175366163,-1.195927858,-1.96586132,-1.060753942,0.1929255277,3.454093933,2.540875912
curobo,17,1.175366163,-1.195927858,-1.96586132,-1.060753942,0.1929255277,3.454093933,2.540875912
curobo,17,-0.8691331148,1.273056984,-1.373652577,-1.023824096,2.74312377,2.591879845,2.220140457
curobo,17,-0.8691331148,1.273056984,-1.373652577,-1.023824096,2.74312377,2.591879845,2.220140457
curobo,17,-0.8691331148,1.273056984,-1.373652577,-1.023824096,2.74312377,2.591879845,2.220140457
curobo,17,2.194382429,-1.099151731,2.062353134,-0.9876192808,2.615931511,2.669956923,2.021027565
curobo,18,1.469376206,-1.425428391,1.369433641,-1.24890852,-0.04025542736,3.534393072,-1.78228128
curobo,18,-1.732486606,0.8404873013,-0.9904685616,-1.031493783,-2.435287476,2.902033806,-0.3040760159
curobo,18,-1.732486606,0.8404873013,-0.9904685616,-1.031493783,-2.435287476,2.902033806,-0.3040760159
curobo,18,-1.732486606,0.8404873013,-0.9904685616,-1.031493783,-2.435287476,2.902033806,-0.3040760159
curobo,18,-1.732486606,0.8404873013,-0.9904685616,-1.031493783,-2.435287476,2.902033806,-0.3040760159
curobo,18,-1.732486606,0.8404873013,-0.9904685616,-1.031493783,-2.435287476,2.902033806,-0.3040760159
curobo,18,1.407162547,-1.55795598,1.056543112,-1.199251771,-0.3943568468,3.552359581,-1.132811785
curobo,18,1.407162547,-1.55795598,1.056543112,-1.199251771,-0.3943568468,3.552359581,-1.132811785
curobo,18,1.476422906,-1.374807358,1.480044842,-1.246769428,0.09273920208,3.53511405,-2.017052412
curobo,18,1.476422906,-1.374807358,1.480044842,-1.246769428,0.09273920208,3.53511405,-2.017052412
curobo,18,1.476422906,-1.374807358,1.480044842,-1.246769428,0.09273920208,3.53511405,-2.017052412
curobo,18,1.485732555,-1.150702834,1.657478333,-0.8826291561,-2.440305471,3.105086803,0.2220022082
curobo,18,1.105882764,-0.6419047117,2.743885756,-1.113550901,-2.532234192,2.740540504,-0.649037838
curobo,18,1.105882764,-0.6419047117,2.743885756,-1.113550901,-2.532234192,2.740540504,-0.649037838
curobo,18,1.105882764,-0.6419047117,2.743885756,-1.113550901,-2.532234192,2.740540504,-0.649037838
curobo,18,1.114852548,-0.9888846874,2.788289547,-0.915497601,0.7205848098,3.708642483,2.464909077
curobo,18,1.114852548,-0.9888846874,2.788289547,-0.915497601,0.7205848098,3.708642483,2.464909077
curobo,18,1.114852548,-0.9888846874,2.788289547,-0.915497601,0.7205848098,3.708642483,2.464909077
curobo,18,1.114852548,-0.9888846874,2.788289547,-0.915497601,0.7205848098,3.708642483,2.464909077
curobo,18,1.114852548,-0.9888846874,2.788289547,-0.915497601,0.7205848098,3.708642483,2.464909077
curobo,18,-2.362692118,0.6028556824,0.101457268,-1.155360341,-2.617114067,2.645078182,-0.8589482307
curobo,18,-2.362692118,0.6028556824,0.101457268,-1.155360341,-2.617114067,2.645078182,-0.8589482307
curobo,18,-2.362692118,0.6028556824,0.101457268,-1.155360341,-2.617114067,2.645078182,-0.8589482307
curobo,18,1.473294139,-1.308436036,1.624947786,-1.228505492,0.2587864697,3.541456223,-2.315979242
curobo,18,1.473294139,-1.308436036,1.624947786,-1.228505492,0.2587864697,3.541456223,-2.315979242
curobo,18,-1.655815363,1.150327563,-1.483592153,-0.8828724623,-2.440127134,3.104839325,0.2211940289
curobo,18,-1.655815363,1.150327563,-1.483592153,-0.8828724623,-2.440127134,3.104839325,0.2211940289
curobo,18,1.411133885,-0.8433523774,2.14545536,-1.030373812,-2.434499502,2.903988123,-0.299754709
curobo,18,1.411133885,-0.8433523774,2.14545536,-1.030373812,-2.434499502,2.903988123,-0.299754709
curobo,18,1.411133885,-0.8433523774,2.14545536,-1.030373812,-2.434499502,2.903988123,-0.299754709
curobo,18,0.1450583488,-0.9260446429,-1.954740286,-1.229882121,-2.891295433,2.456773996,-1.40617609
curobo,18,0.1450583488,-0.9260446429,-1.954740286,-1.229882121,-2.891295433,2.456773996,-1.40617609
curobo,18,0.1450583488,-0.9260446429,-1.954740286,-1.229882121,-2.891295433,2.456773996,-1.40617609
curobo,18,0.1450583488,-0.9260446429,-1.954740286,-1.229882121,-2.891295433,2.456773996,-1.40617609
curobo,18,0.6788985729,-0.6103572249,-2.891501904,-1.166031361,-2.643972397,2.619434118,-0.918856144
curobo,18,0.6788985729,-0.6103572249,-2.891501904,-1.166031361,-2.643972397,2.619434118,-0.918856144
curobo,18,1.3030442,-1.057639241,2.316558123,-1.034282565,0.7042834759,3.633258104,2.89150548
curobo,18,1.3030442,-1.057639241,2.316558123,-1.034282565,0.7042834759,3.633258104,2.89150548
curobo,18,0.2741267085,-0.767801106,-2.238885164,-1.210887074,-2.793636799,2.5066576,-1.223180771
curobo,18,0.2741267085,-0.767801106,-2.238885164,-1.210887074,-2.793636799,2.5066576,-1.223180771
curobo,18,0.6789010167,-0.6103568077,-2.89150548,-1.166031361,-2.64397192,2.619434595,-0.9188545346
curobo,18,0.6789010167,-0.6103568077,-2.89150548,-1.166031361,-2.64397192,2.619434595,-0.9188545346
curobo,18,1.012947321,-0.6198638082,2.890683174,-1.127252221,-2.556898355,2.710171223,-0.7142569423
curobo,18,0.1448651552,-0.9264061451,-1.954210758,-1.229915738,-2.89150548,2.456685066,-1.406561613
curobo,18,0.1448651552,-0.9264061451,-1.954210758,-1.229915738,-2.89150548,2.456685066,-1.406561613
curobo,18,1.475670218,-1.384976864,1.457933068,-1.248056412,0.06636918336,3.53467989,-1.970384121
curobo,18,1.475670218,-1.384976864,1.457933068,-1.248056412,0.06636918336,3.53467989,-1.970384121
curobo,18,0.3572367132,-0.7103230357,-2.387711525,-1.200670123,-2.752522707,2.533001184,-1.143250227
curobo,18,-1.664703369,1.362792373,-1.635439873,-1.244712949,0.1236187145,3.535810709,-2.071882248
curobo,18,-1.664703369,1.362792373,-1.635439873,-1.244712949,0.1236187145,3.535810709,-2.071882248
curobo,19,0.0482718125,0.5662355423,1.448746324,-2.841675758,2.839554787,3.715698957,2.811921835
curobo,19,0.0482718125,0.5662355423,1.448746324,-2.841675758,2.839554787,3.715698957,2.811921835
curobo,19,0.0482718125,0.5662355423,1.448746324,-2.841675758,2.839554787,3.715698957,2.811921835
curobo,19,0.04707540944,0.5656008124,1.45245707,-2.842808008,2.839053631,3.71583271,2.814866781
curobo,19,0.04598315433,0.5660820603,1.451732755,-2.842462301,2.839040995,3.715786934,2.81286788
curobo,19,0.04526795074,0.565705955,1.452316284,-2.842824936,2.839658737,3.7155478,2.812685013
curobo,19,0.04526795074,0.565705955,1.452316284,-2.842824936,2.839658737,3.7155478,2.812685013
curobo,19,0.04526795074,0.565705955,1.452316284,-2.842824936,2.839658737,3.7155478,2.812685013
curobo,19,0.04460189492,0.5654784441,1.453151464,-2.842585325,2.83949995,3.715786219,2.812902212
curobo,19,0.04460189492,0.5654784441,1.453151464,-2.842585325,2.83949995,3.715786219,2.812902212
curobo,19,0.4844839871,0.2045373619,0.8145478964,-2.842470646,-2.839465141,3.715659857,1.990725994
curobo,19,0.4844839871,0.2045373619,0.8145478964,-2.842470646,-2.839465141,3.715659857,1.990725994
curobo,19,0.4830335677,0.2043855786,0.8160290718,-2.842549801,-2.839491606,3.715828896,1.990881324
curobo,19,0.4830335677,0.2043855786,0.8160290718,-2.842549801,-2.839491606,3.715828896,1.990881324
curobo,19,0.4830286801,0.2043905109,0.8160259128,-2.84253788,-2.839484215,3.715838909,1.990884662
curobo,19,0.04449817538,0.5654479265,1.45323956,-2.842551231,2.839490414,3.715792179,2.812847376
curobo,19,0.04449817538,0.5654479265,1.45323956,-2.842551231,2.839490414,3.715792179,2.812847376
curobo,19,0.04449817538,0.5654479265,1.45323956,-2.842551231,2.839490414,3.715792179,2.812847376
curobo,19,0.04451267049,0.5654314756,1.453250527,-2.842552662,2.839658499,3.715754986,2.812820435
curobo,19,0.04484679177,0.5653628111,1.45288229,-2.842507362,2.839580774,3.715651751,2.812814951
curobo,19,0.04451566935,0.565433681,1.453248024,-2.842558622,2.839621782,3.715737343,2.812831402
curobo,19,0.04451566935,0.565433681,1.453248024,-2.842558622,2.839621782,3.715737343,2.812831402
curobo,19,0.04453120381,0.5654429793,1.45324564,-2.842593431,2.839467287,3.715735674,2.812914371
curobo,19,0.04453120381,0.5654429793,1.45324564,-2.842593431,2.839467287,3.715735674,2.812914371
curobo,19,0.04452951625,0.5654441714,1.453240752,-2.842603207,2.839466095,3.715726376,2.812913895
curobo,19,-2.65855813,-0.2043989897,-2.325559378,-2.842579365,-2.839488506,3.715742588,1.990882993
curobo,19,0.04452335462,0.5654422045,1.453241348,-2.842597008,2.839467049,3.715697765,2.812904358
curobo,19,0.04452335462,0.5654422045,1.453241348,-2.842597008,2.839467049,3.715697765,2.812904358
curobo,19,0.04452335462,0.5654422045,1.453241348,-2.842597008,2.839467049,3.715697765,2.812904358
curobo,19,0.04452335462,0.5654422045,1.453241348,-2.842597008,2.839467049,3.715697765,2.812904358
curobo,19,0.04452335462,0.5654422045,1.453241348,-2.842597008,2.839467049,3.715697765,2.812904358
curobo,19,0.4832419455,0.2044616789,0.8158410192,-2.842580557,-2.839510918,3.715650082,1.990903378
curobo,19,0.4832419455,0.2044616789,0.8158410192,-2.842580557,-2.839510918,3.715650082,1.990903378
curobo,19,0.4830143154,0.2044434994,0.8160555959,-2.842583656,-2.839594841,3.71566844,1.990909219
curobo,19,0.4830390513,0.2044030577,0.8160450459,-2.842609406,-2.839510918,3.715675831,1.990913868
curobo,19,0.4830390513,0.2044030577,0.8160450459,-2.842609406,-2.839510918,3.715675831,1.990913868
curobo,19,0.04451431707,0.5654397607,1.453237772,-2.842605352,2.839487076,3.715670347,2.812871218
curobo,19,0.04451431707,0.5654397607,1.453237772,-2.842605352,2.839487076,3.715670347,2.812871218
curobo,19,0.4830160737,0.2044554502,0.8160414696,-2.842597961,-2.839554787,3.715652704,1.990915537
curobo,19,0.04452567548,0.5654381514,1.453229547,-2.842608929,2.839486599,3.715659857,2.812855244
curobo,19,0.4830507338,0.2044418305,0.816003263,-2.842597485,-2.839558363,3.715651512,1.990900755
curobo,19,0.4830507338,0.2044418305,0.816003263,-2.842597485,-2.839558363,3.715651512,1.990900755
curobo,19,0.04455808178,0.5654383302,1.453231335,-2.842604876,2.839488268,3.715652227,2.812846422
curobo,19,0.04453162476,0.565438211,1.453230739,-2.842604637,2.839488268,3.715653181,2.81284833
curobo,19,0.04453162476,0.565438211,1.453230739,-2.842604637,2.839488268,3.715653181,2.81284833
curobo,19,0.04453162476,0.565438211,1.453230739,-2.842604637,2.839488268,3.715653181,2.81284833
curobo,19,0.04451249167,0.5654358268,1.45323205,-2.842606068,2.839499474,3.715655327,2.812845945
curobo,19,0.04451249167,0.5654358268,1.45323205,-2.842606068,2.839499474,3.715655327,2.812845945
curobo,19,0.04451249167,0.5654358268,1.45323205,-2.842606068,2.839499474,3.715655327,2.812845945
curobo,19,0.04451249167,0.5654358268,1.45323205,-2.842606068,2.839499474,3.715655327,2.812845945
curobo,20,0.9097434878,-0.5592467785,-1.772204995,-2.31037569,1.256447077,1.397914648,0.6987828612
curobo,20,0.9097434878,-0.5592467785,-1.772204995,-2.31037569,1.256447077,1.397914648,0.6987828612
curobo,20,0.9097434878,-0.5592467785,-1.772204995,-2.31037569,1.256447077,1.397914648,0.6987828612
curobo,20,0.4305770099,1.291422367,-1.38973105,-2.389683962,-2.488519907,0.1866018176,2.062822342
curobo,20,0.4305770099,1.291422367,-1.38973105,-2.389683962,-2.488519907,0.1866018176,2.062822342
curobo,20,0.4174512923,1.172378063,-1.419002056,-2.423789501,-2.89150548,0.1332871318,1.761218429
curobo,20,0.4174512923,1.172378063,-1.419002056,-2.423789501,-2.89150548,0.1332871318,1.761218429
curobo,20,0.8200341463,-1.212632179,-1.558835745,-2.363894701,0.8552468419,1.907833695,0.9353033304
curobo,20,0.8200341463,-1.212632179,-1.558835745,-2.363894701,0.8552468419,1.907833695,0.9353033304
curobo,20,0.8254191875,-1.587612271,-1.512215614,-2.403300285,0.5262858868,2.126517534,1.172804117
curobo,20,0.8254191875,-1.587612271,-1.512215614,-2.403300285,0.5262858868,2.126517534,1.172804117
curobo,20,0.8358255625,-0.8968725801,-1.630896926,-2.334424019,1.066964507,1.67552042,0.7983170748
curobo,20,0.8547658324,-0.7581470013,-1.676772714,-2.323561907,1.147875309,1.56458962,0.7523010969
curobo,20,0.9956261516,-0.4145317078,-1.889086485,-2.302575588,1.333325148,1.270351648,0.668148458
curobo,20,0.9956261516,-0.4145317078,-1.889086485,-2.302575588,1.333325148,1.270351648,0.668148458
curobo,20,0.9956261516,-0.4145317078,-1.889086485,-2.302575588,1.333325148,1.270351648,0.668148458
curobo,20,0.9956261516,-0.4145317078,-1.889086485,-2.302575588,1.333325148,1.270351648,0.668148458
curobo,20,0.1149275228,0.3411769867,-1.155345678,-2.2950418,1.70689261,0.6739603281,0.6391880512
curobo,20,0.1149275228,0.3411769867,-1.155345678,-2.2950418,1.70689261,0.6739603281,0.6391880512
curobo,20,0.1149275228,0.3411769867,-1.155345678,-2.2950418,1.70689261,0.6739603281,0.6391880512
curobo,20,0.1149275228,0.3411769867,-1.155345678,-2.2950418,1.70689261,0.6739603281,0.6391880512
curobo,20,0.1149275228,0.3411769867,-1.155345678,-2.2950418,1.70689261,0.6739603281,0.6391880512
curobo,20,-0.8199270964,0.1517784446,-0.1598898619,-2.291325092,1.541032434,0.9182189703,0.6251086593
curobo,20,-1.203420162,0.153900668,0.2362229228,-2.291928053,1.509939075,0.9692699909,0.6273853779
curobo,20,-1.203420162,0.153900668,0.2362229228,-2.291928053,1.509939075,0.9692699909,0.6273853779
curobo,20,0.05321771279,0.3016557395,-1.084105968,-2.293576241,1.677983284,0.7124741077,0.6336215138
curobo,20,0.05321771279,0.3016557395,-1.084105968,-2.293576241,1.677983284,0.7124741077,0.6336215138
curobo,20,-1.983806372,0.2897852957,1.06163168,-2.297072411,1.402141094,1.152591705,0.6469373703
curobo,20,-1.983806372,0.2897852957,1.06163168,-2.297072411,1.402141094,1.152591705,0.6469373703
curobo,20,-1.983806372,0.2897852957,1.06163168,-2.297072411,1.402141094,1.152591705,0.6469373703
curobo,20,-1.983806372,0.2897852957,1.06163168,-2.297072411,1.402141094,1.152591705,0.6469373703
curobo,20,-2.724141598,-1.172378063,1.722590685,-2.423789501,-2.89150548,0.1332868636,1.761218429
curobo,20,0.006351727527,0.2781892419,-1.031367183,-2.292865038,1.660870671,0.7361459136,0.6309270859
curobo,20,0.006351727527,0.2781892419,-1.031367183,-2.292865038,1.660870671,0.7361459136,0.6309270859
curobo,20,0.006351727527,0.2781892419,-1.031367183,-2.292865038,1.660870671,0.7361459136,0.6309270859
curobo,20,0.4621636569,1.552841306,-1.417515278,-2.326117516,-2.013195038,0.3779523969,2.37907052
curobo,20,-2.666695595,-1.666753173,1.697878718,-2.311051846,-1.891197324,0.4728088081,2.440556526
curobo,20,-2.666695595,-1.666753173,1.697878718,-2.311051846,-1.891197324,0.4728088081,2.440556526
curobo,20,-2.666695595,-1.666753173,1.697878718,-2.311051846,-1.891197324,0.4728088081,2.440556526
curobo,20,-0.0709047094,0.2479431033,-0.946200788,-2.29211688,1.638534188,0.7679910064,0.628098011
curobo,20,-0.0709047094,0.2479431033,-0.946200788,-2.29211688,1.638534188,0.7679910064,0.628098011
curobo,20,-0.0709047094,0.2479431033,-0.946200788,-2.29211688,1.638534188,0.7679910064,0.628098011
curobo,20,-2.320875645,1.170030832,1.574999571,-2.359578848,0.8866651058,1.878481507,0.9138463736
curobo,20,-2.320875645,1.170030832,1.574999571,-2.359578848,0.8866651058,1.878481507,0.9138463736
curobo,20,0.8346723318,-0.9085940123,-1.627519846,-2.335403204,1.059856892,1.684677958,0.8025640845
curobo,20,0.8346723318,-0.9085940123,-1.627519846,-2.335403204,1.059856892,1.684677958,0.8025640845
curobo,20,0.8346723318,-0.9085940123,-1.627519846,-2.335403204,1.059856892,1.684677958,0.8025640845
curobo,20,0.8346723318,-0.9085940123,-1.627519846,-2.335403204,1.059856892,1.684677958,0.8025640845
curobo,20,-2.190371037,0.4763798118,1.310362816,-2.305722713,1.300425768,1.325670004,0.6804252863
curobo,20,-2.190371037,0.4763798118,1.310362816,-2.305722713,1.300425768,1.325670004,0.6804252863
curobo,21,-1.466978669,1.502715468,-2.89150548,-2.000727177,0.8365768194,1.54733634,1.017920136
curobo,21,-1.466978669,1.502715468,-2.89150548,-2.000727177,0.8365768194,1.54733634,1.017920136
curobo,21,-1.466978669,1.502715468,-2.89150548,-2.000727177,0.8365768194,1.54733634,1.017920136
curobo,21,-0.717644155,-1.014898896,-0.2615395486,-1.948616385,-1.917788029,0.339681536,2.505268812
curobo,21,-0.717644155,-1.014898896,-0.2615395486,-1.948616385,-1.917788029,0.339681536,2.505268812
curobo,21,-0.717644155,-1.014898896,-0.2615395486,-1.948616385,-1.917788029,0.339681536,2.505268812
curobo,21,-1.466978788,1.502715468,-2.89150548,-2.000727177,0.8365769982,1.54733634,1.017920017
curobo,21,-1.466978788,1.502715468,-2.89150548,-2.000727177,0.8365769982,1.54733634,1.017920017
curobo,21,-1.466978788,1.502715349,-2.89150548,-2.000726938,0.8365769386,1.547336221,1.017920136
curobo,21,0.1829629689,-1.338983774,-0.43938905,-1.953577995,1.960214972,0.3129052818,0.8156776428
curobo,21,0.1829629689,-1.338983774,-0.43938905,-1.953577995,1.960214972,0.3129052818,0.8156776428
curobo,21,0.1829629689,-1.338983774,-0.43938905,-1.953577995,1.960214972,0.3129052818,0.8156776428
curobo,21,-0.9198134542,-0.9677919745,-0.2427755147,-1.932076216,-1.730944514,0.4873737693,2.5664258
curobo,21,-0.9198134542,-0.9677919745,-0.2427755147,-1.932076216,-1.730944514,0.4873737693,2.5664258
curobo,21,-2.505022764,1.498458743,2.89150548,-1.927710056,1.517722964,0.7185282707,0.7198765874
curobo,21,-2.505022764,1.498458743,2.89150548,-1.927710056,1.517722964,0.7185282707,0.7198765874
curobo,21,-2.505022764,1.498458743,2.89150548,-1.927710056,1.517722964,0.7185282707,0.7198765874
curobo,21,-2.505022764,1.498458743,2.89150548,-1.927710056,1.517722964,0.7185282707,0.7198765874
curobo,21,-2.505022764,1.498458743,2.89150548,-1.927710056,1.517722964,0.7185282707,0.7198765874
curobo,21,0.2054869086,-1.348386407,-0.4327338934,-1.949894905,1.929015517,0.3323713541,0.8015429974
curobo,21,0.2054869086,-1.348386407,-0.4327338934,-1.949894905,1.929015517,0.3323713541,0.8015429974
curobo,21,2.881525278,-1.081091881,0.3524162471,-2.060397863,-0.2692728937,1.868523598,1.862481713
curobo,21,0.6807155013,-1.509373426,-0.2281261683,-1.928554296,1.486145139,0.757686913,0.7228870988
curobo,21,0.6807155013,-1.509373426,-0.2281261683,-1.928554296,1.486145139,0.757686913,0.7228870988
curobo,21,-1.457380056,-0.8790887594,-0.155772388,-1.932474613,-1.404140592,0.8634018898,2.564988136
curobo,21,-1.457380056,-0.8790887594,-0.155772388,-1.932474613,-1.404140592,0.8634018898,2.564988136
curobo,21,0.1795098186,-1.337536693,-0.4403666258,-1.954176545,1.965147614,0.3099398911,0.8179929256
curobo,21,0.1795098186,-1.337536693,-0.4403666258,-1.954176545,1.965147614,0.3099398911,0.8179929256
curobo,21,1.749373913,-1.484211445,0.2771533728,-2.008428335,0.7806406617,1.596459866,1.056330919
curobo,21,1.749373913,-1.484211445,0.2771533728,-2.008428335,0.7806406617,1.596459866,1.056330919
curobo,21,-0.6828036308,-1.023871541,-0.2644931078,-1.953290343,-1.957830191,0.3143500388,2.487380743
curobo,21,-1.466978908,1.502715468,-2.89150548,-2.000727177,0.8365769982,1.547336221,1.017920017
curobo,21,2.882688046,-1.08070159,0.3522154689,-2.060338259,-0.2703178525,1.868258834,1.863297105
curobo,21,2.882688046,-1.08070159,0.3522154689,-2.060338259,-0.2703178525,1.868258834,1.863297105
curobo,21,2.882688046,-1.08070159,0.3522154689,-2.060338259,-0.2703178525,1.868258834,1.863297105
curobo,21,2.882688046,-1.08070159,0.3522154689,-2.060338259,-0.2703178525,1.868258834,1.863297105
curobo,21,2.882688046,-1.08070159,0.3522154689,-2.060338259,-0.2703178525,1.868258834,1.863297105
curobo,21,1.873975158,-1.448955417,0.316925019,-2.021326542,0.6823990345,1.6728549,1.126155376
curobo,21,0.2062413394,0.9493899345,-2.89150548,-2.026956081,-0.6368016005,1.704132557,2.142538309
curobo,21,0.2062413394,0.9493899345,-2.89150548,-2.026956081,-0.6368016005,1.704132557,2.142538309
curobo,21,-1.032201529,-0.9448971152,-0.2295447886,-1.928347826,-1.648903966,0.568696022,2.579795599
curobo,21,-1.032201529,-0.9448971152,-0.2295447886,-1.928347826,-1.648903966,0.568696022,2.579795599
curobo,21,-1.032201529,-0.9448971152,-0.2295447886,-1.928347826,-1.648903966,0.568696022,2.579795599
curobo,21,0.2062415034,0.9493899941,-2.89150548,-2.026956081,-0.6368016005,1.704132438,2.142538309
curobo,21,0.2062415034,0.9493899941,-2.89150548,-2.026956081,-0.6368016005,1.704132438,2.142538309
curobo,21,0.2062415034,0.9493899941,-2.89150548,-2.026956081,-0.6368016005,1.704132438,2.142538309
curobo,21,0.2062415034,0.9493899941,-2.89150548,-2.026956081,-0.6368016005,1.704132438,2.142538309
curobo,21,0.2062415034,0.9493899941,-2.89150548,-2.026956081,-0.6368016005,1.704132438,2.142538309
curobo,21,0.2062415034,0.9493899941,-2.89150548,-2.026956081,-0.6368016005,1.704132438,2.142538309
curobo,21,2.889456272,-1.078434825,0.3510403931,-2.05998683,-0.2763880491,1.866699576,1.868032455
curobo,22,-1.030064106,-1.759274364,-0.7744309902,-1.471523523,1.659896016,0.3852036893,1.701375365
curobo,22,-1.463347912,-0.9977241755,-1.249379396,-1.504439235,-2.03431344,0.1801185608,-2.89150548
curobo,22,-1.463347912,-0.9977241755,-1.249379396,-1.504439235,-2.03431344,0.1801185608,-2.89150548
curobo,22,-1.542036295,-0.6522064209,-1.523872852,-1.470229745,-1.544034123,0.472654134,-2.776682854
curobo,22,-1.542036295,-0.6522064209,-1.523872852,-1.470229745,-1.544034123,0.472654134,-2.776682854
curobo,22,-1.542036295,-0.6522064209,-1.523872852,-1.470229745,-1.544034123,0.472654134,-2.776682854
curobo,22,-1.163510442,-1.606780887,-0.9776513577,-1.493866444,1.949020863,0.216873154,1.775069356
curobo,22,-1.163510442,-1.606780887,-0.9776513577,-1.493866444,1.949020863,0.216873154,1.775069356
curobo,22,-1.163510442,-1.606780887,-0.9776513577,-1.493866444,1.949020863,0.216873154,1.775069356
curobo,22,-2.477119684,0.8760154247,-1.748492241,-1.604632735,-0.3260956407,1.410192609,2.864950895
curobo,22,-2.477119684,0.8760154247,-1.748492241,-1.604632735,-0.3260956407,1.410192609,2.864950895
curobo,22,-2.477119684,0.8760154247,-1.748492241,-1.604632735,-0.3260956407,1.410192609,2.864950895
curobo,22,-2.477119684,0.8760154247,-1.748492241,-1.604632735,-0.3260956407,1.410192609,2.864950895
curobo,22,0.6722822189,-0.8375607133,1.415314078,-1.601925492,-0.359693557,1.398560286,2.891503811
curobo,22,0.6722822189,-0.8375607133,1.415314078,-1.601925492,-0.359693557,1.398560286,2.891503811
curobo,22,0.6722822189,-0.8375607133,1.415314078,-1.601925492,-0.359693557,1.398560286,2.891503811
curobo,22,0.6722822189,-0.8375607133,1.415314078,-1.601925492,-0.359693557,1.398560286,2.891503811
curobo,22,1.666705012,0.3609642684,1.27924335,-1.485909939,-1.266585946,0.7190459371,-2.827578306
curobo,22,1.666705012,0.3609642684,1.27924335,-1.485909939,-1.266585946,0.7190459371,-2.827578306
curobo,22,1.666705012,0.3609642684,1.27924335,-1.485909939,-1.266585946,0.7190459371,-2.827578306
curobo,22,1.666705012,0.3609642684,1.27924335,-1.485909939,-1.266585946,0.7190459371,-2.827578306
curobo,22,-2.734707594,1.509119749,-2.132293463,-1.60822928,0.2757704854,1.425471067,2.378874063
curobo,22,-1.480044365,-0.9449637532,-1.287200928,-1.492244005,-1.934829473,0.223518461,-2.848929167
curobo,22,-1.480044365,-0.9449637532,-1.287200928,-1.492244005,-1.934829473,0.223518461,-2.848929167
curobo,22,-1.480044365,-0.9449637532,-1.287200928,-1.492244005,-1.934829473,0.223518461,-2.848929167
curobo,22,0.1963695437,-1.759274364,0.759347856,-1.581845403,0.5545409322,1.308551669,2.162267447
curobo,22,0.1963695437,-1.759274364,0.759347856,-1.581845403,0.5545409322,1.308551669,2.162267447
curobo,22,-1.030159593,-1.759184599,-0.7745726705,-1.471529007,1.660051823,0.3850934505,1.701390862
curobo,22,-1.030159593,-1.759184599,-0.7745726705,-1.471529007,1.660051823,0.3850934505,1.701390862
curobo,22,-1.030159593,-1.759184599,-0.7745726705,-1.471529007,1.660051823,0.3850934505,1.701390862
curobo,22,-1.030159593,-1.759184599,-0.7745726705,-1.471529007,1.660051823,0.3850934505,1.701390862
curobo,22,-1.457028747,-0.340513885,-1.89880836,-1.487757087,-1.248274922,0.7364527583,-2.833755493
curobo,22,-1.457028747,-0.340513885,-1.89880836,-1.487757087,-1.248274922,0.7364527583,-2.833755493
curobo,22,-1.457028747,-0.340513885,-1.89880836,-1.487757087,-1.248274922,0.7364527583,-2.833755493
curobo,22,-1.457028747,-0.340513885,-1.89880836,-1.487757087,-1.248274922,0.7364527583,-2.833755493
curobo,22,0.196370095,-1.759274364,0.7593483329,-1.58184588,0.5545406938,1.308552027,2.162267685
curobo,22,-1.030064106,-1.759274364,-0.7744309306,-1.471523523,1.659895897,0.3852038085,1.701375246
curobo,22,-1.030064106,-1.759274364,-0.7744309306,-1.471523523,1.659895897,0.3852038085,1.701375246
curobo,22,-1.030064106,-1.759274364,-0.7744309306,-1.471523523,1.659895897,0.3852038085,1.701375246
curobo,22,-1.030064106,-1.759274364,-0.7744309306,-1.471523523,1.659895897,0.3852038085,1.701375246
curobo,22,-1.030063987,-1.759274364,-0.7744309306,-1.471523404,1.659895778,0.3852038085,1.701375246
curobo,22,2.111528873,1.759274364,2.367161989,-1.471523166,1.659895897,0.3852039278,1.701375604
curobo,22,-1.075936079,-1.712977052,-0.8434388638,-1.475260854,1.74150908,0.3304479122,1.713317633
curobo,22,-1.075936079,-1.712977052,-0.8434388638,-1.475260854,1.74150908,0.3304479122,1.713317633
curobo,22,-1.075936079,-1.712977052,-0.8434388638,-1.475260854,1.74150908,0.3304479122,1.713317633
curobo,22,0.6212593317,-1.039961696,1.301960468,-1.613515854,-0.1793155372,1.447577715,2.747405767
curobo,22,0.6212593317,-1.039961696,1.301960468,-1.613515854,-0.1793155372,1.447577715,2.747405767
curobo,22,0.6722820997,-0.837559998,1.415314674,-1.601925254,-0.3596940339,1.398559928,2.891504288
curobo,22,0.6722820997,-0.837559998,1.415314674,-1.601925254,-0.3596940339,1.398559928,2.891504288
curobo,22,0.6722820997,-0.837559998,1.415314674,-1.601925254,-0.3596940339,1.398559928,2.891504288
curobo,23,-0.1915824711,1.413732529,-0.06031869724,-0.9971867204,-1.5216043,0.6765933633,-2.298427582
curobo,23,-0.1915824711,1.413732529,-0.06031869724,-0.9971867204,-1.5216043,0.6765933633,-2.298427582
curobo,23,-0.5187991261,1.482185602,0.5199192762,-1.032829046,-2.176305056,0.4062496126,-2.395192146
curobo,23,-0.5187991261,1.482185602,0.5199192762,-1.032829046,-2.176305056,0.4062496126,-2.395192146
curobo,23,-0.371650517,1.429615021,0.2609141171,-1.005183458,-1.848072648,0.5269905329,-2.318334103
curobo,23,-0.371650517,1.429615021,0.2609141171,-1.005183458,-1.848072648,0.5269905329,-2.318334103
curobo,23,-0.371650517,1.429615021,0.2609141171,-1.005183458,-1.848072648,0.5269905329,-2.318334103
curobo,23,-0.371650517,1.429615021,0.2609141171,-1.005183458,-1.848072648,0.5269905329,-2.318334103
curobo,23,2.721522808,-1.442779183,-2.794700861,-1.01188159,-1.947735429,0.4868723452,-2.335730076
curobo,23,2.721522808,-1.442779183,-2.794700861,-1.01188159,-1.947735429,0.4868723452,-2.335730076
curobo,23,-0.5150468349,1.480361462,0.5134347677,-1.031846285,-2.166845322,0.4092569351,-2.392204046
curobo,23,-0.5150468349,1.480361462,0.5134347677,-1.031846285,-2.166845322,0.4092569351,-2.392204046
curobo,23,0.3408321142,1.759274364,-1.095110893,-1.075209379,-0.576028347,1.143935919,-2.553555965
curobo,23,0.3408321142,1.759274364,-1.095110893,-1.075209379,-0.576028347,1.143935919,-2.553555965
curobo,23,0.3408321142,1.759274364,-1.095110893,-1.075209379,-0.576028347,1.143935919,-2.553555965
curobo,23,0.3408321142,1.759274364,-1.095110893,-1.075209379,-0.576028347,1.143935919,-2.553555965
curobo,23,0.01380197704,1.460826397,-0.4296711087,-1.012277842,-1.188663602,0.8489461541,-2.33678031
curobo,23,0.01380197704,1.460826397,-0.4296711087,-1.012277842,-1.188663602,0.8489461541,-2.33678031
curobo,23,-0.5144914985,1.480093956,0.5124744773,-1.031701922,-2.165451765,0.40970245,-2.39176774
curobo,23,-0.5144914985,1.480093956,0.5124744773,-1.031701922,-2.165451765,0.40970245,-2.39176774
curobo,23,-0.5144914985,1.480093956,0.5124744773,-1.031701922,-2.165451765,0.40970245,-2.39176774
curobo,23,0.3408320546,1.759274364,-1.095110893,-1.075209379,-0.5760282874,1.143935919,-2.553555965
curobo,23,-0.5072853565,1.47667408,0.499992609,-1.029859781,-2.147500753,0.4154975414,-2.386232615
curobo,23,-0.4997713268,1.473212838,0.4869429469,-1.027997255,-2.129048109,0.4215632379,-2.38071084
curobo,23,-0.4997713268,1.473212838,0.4869429469,-1.027997255,-2.129048109,0.4215632379,-2.38071084
curobo,23,-0.4997713268,1.473212838,0.4869429469,-1.027997255,-2.129048109,0.4215632379,-2.38071084
curobo,23,-0.4657513201,1.458843589,0.4274778962,-1.020311475,-2.048638105,0.4492644668,-2.358665943
curobo,23,-0.4657513201,1.458843589,0.4274778962,-1.020311475,-2.048638105,0.4492644668,-2.358665943
curobo,23,-0.4657513201,1.458843589,0.4274778962,-1.020311475,-2.048638105,0.4492644668,-2.358665943
curobo,23,-2.800760746,-1.759274364,2.046481848,-1.075209022,-0.5760284662,1.14393568,-2.553555965
curobo,23,-2.800760746,-1.759274364,2.046481848,-1.075209022,-0.5760284662,1.14393568,-2.553555965
curobo,23,-2.800760746,-1.759274364,2.046481848,-1.075209022,-0.5760284662,1.14393568,-2.553555965
curobo,23,-2.800760746,-1.759274364,2.046481848,-1.075209022,-0.5760284662,1.14393568,-2.553555965
curobo,23,-2.878884554,-1.646569967,2.229249716,-1.056063771,-0.7533233166,1.069646835,-2.473321676
curobo,23,-2.878884554,-1.646569967,2.229249716,-1.056063771,-0.7533233166,1.069646835,-2.473321676
curobo,23,2.602481604,-1.492533803,-2.586750746,-1.038404465,-2.228779793,0.3900981843,-2.412563562
curobo,23,2.602481604,-1.492533803,-2.586750746,-1.038404465,-2.228779793,0.3900981843,-2.412563562
curobo,23,2.602481604,-1.492533803,-2.586750746,-1.038404465,-2.228779793,0.3900981843,-2.412563562
curobo,23,2.627259731,-1.480017066,-2.629392862,-1.03166151,-2.165052891,0.4098297954,-2.39164257
curobo,23,2.627259731,-1.480017066,-2.629392862,-1.03166151,-2.165052891,0.4098297954,-2.39164257
curobo,23,2.627259731,-1.480017066,-2.629392862,-1.03166151,-2.165052891,0.4098297954,-2.39164257
curobo,23,0.3408320248,1.759274364,-1.095110893,-1.075209379,-0.5760282874,1.143935919,-2.553555965
curobo,23,-0.6505751014,1.565167785,0.7390447855,-1.07516396,-2.565123796,0.3083951473,-2.553341866
curobo,23,0.3207673132,1.725926399,-1.044799328,-1.070030808,-0.6257220507,1.124545217,-2.529846191
curobo,23,0.3207673132,1.725926399,-1.044799328,-1.070030808,-0.6257220507,1.124545217,-2.529846191
curobo,23,0.1032996103,1.507148504,-0.5951536298,-1.025034428,-1.042635918,0.9261262417,-2.372075081
curobo,23,0.1032996103,1.507148504,-0.5951536298,-1.025034428,-1.042635918,0.9261262417,-2.372075081
curobo,23,-0.03384184092,1.44312799,-0.3431910574,-1.00691998,-1.264977217,0.8085302711,-2.322778463
curobo,23,-0.03384184092,1.44312799,-0.3431910574,-1.00691998,-1.264977217,0.8085302711,-2.322778463
curobo,23,-0.03384184092,1.44312799,-0.3431910574,-1.00691998,-1.264977217,0.8085302711,-2.322778463
curobo,24,-0.1676257402,-0.6909648776,2.746734619,-0.2924146056,-0.2681029141,1.256605268,-2.184786797
curobo,24,-0.1676257402,-0.6909648776,2.746734619,-0.2924146056,-0.2681029141,1.256605268,-2.184786797
curobo,24,-0.1676257402,-0.6909648776,2.746734619,-0.2924146056,-0.2681029141,1.256605268,-2.184786797
curobo,24,-0.1676257402,-0.6909648776,2.746734619,-0.2924146056,-0.2681029141,1.256605268,-2.184786797
curobo,24,0.1923552752,-0.888653636,1.33939445,-0.5807721019,0.8349629641,1.300145268,-2.408267021
curobo,24,-0.5643408895,-1.075407982,-0.7241922021,-0.6303085685,-2.795942783,0.8575593233,-2.125656605
curobo,24,-0.5643408895,-1.075407982,-0.7241922021,-0.6303085685,-2.795942783,0.8575593233,-2.125656605
curobo,24,-0.5643408895,-1.075407982,-0.7241922021,-0.6303085685,-2.795942783,0.8575593233,-2.125656605
curobo,24,2.849199295,1.001403213,2.890860796,-0.2937828898,2.779057741,1.004242182,-2.264670134
curobo,24,2.849199295,1.001403213,2.890860796,-0.2937828898,2.779057741,1.004242182,-2.264670134
curobo,24,2.849199295,1.001403213,2.890860796,-0.2937828898,2.779057741,1.004242182,-2.264670134
curobo,24,2.834445715,0.9967015982,2.824396133,-0.2925899923,2.859537125,1.001586676,-2.254657507
curobo,24,2.834445715,0.9967015982,2.824396133,-0.2925899923,2.859537125,1.001586676,-2.254657507
curobo,24,2.834445715,0.9967015982,2.824396133,-0.2925899923,2.859537125,1.001586676,-2.254657507
curobo,24,2.834445715,0.9967015982,2.824396133,-0.2925899923,2.859537125,1.001586676,-2.254657507
curobo,24,-0.1898223311,-0.6848210096,2.851015568,-0.2936208546,-0.3526780605,1.253553033,-2.174243927
curobo,24,-0.1898223311,-0.6848210096,2.851015568,-0.2936208546,-0.3526780605,1.253553033,-2.174243927
curobo,24,2.791425228,1.179732323,2.878053427,-0.6296319366,2.786653996,0.8586237431,-2.314348221
curobo,24,2.791425228,1.179732323,2.878053427,-0.6296319366,2.786653996,0.8586237431,-2.314348221
curobo,24,-0.1968375295,-0.6831814647,2.883203506,-0.2940551341,-0.3786454201,1.252449036,-2.171038866
curobo,24,-0.1968375295,-0.6831814647,2.883203506,-0.2940551341,-0.3786454201,1.252449036,-2.171038866
curobo,24,-0.1968375295,-0.6831814647,2.883203506,-0.2940551341,-0.3786454201,1.252449036,-2.171038866
curobo,24,-0.1473389119,-0.5006673932,2.889145136,-0.6249853373,-0.414021194,1.387006998,-2.109019279
curobo,24,-0.1410425007,-0.5011898875,2.875661612,-0.6256409883,-0.4061196744,1.388230443,-2.110897541
curobo,24,-0.1410425007,-0.5011898875,2.875661612,-0.6256409883,-0.4061196744,1.388230443,-2.110897541
curobo,24,-0.1473389119,-0.5006673932,2.889145136,-0.6249853373,-0.414021194,1.387006998,-2.109019279
curobo,24,-0.1410425007,-0.5011898875,2.875661612,-0.6256409883,-0.4061196744,1.388230443,-2.110897541
curobo,24,-0.1402112544,-0.5012619495,2.873880863,-0.6257277131,-0.4050755501,1.388390899,-2.11114645
curobo,24,-0.1463831812,-0.5007433295,2.887099504,-0.6250858903,-0.4128229916,1.387193918,-2.109303236
curobo,24,-0.1463831812,-0.5007433295,2.887099504,-0.6250858903,-0.4128229916,1.387193918,-2.109303236
curobo,24,-0.1463831812,-0.5007433295,2.887099504,-0.6250858903,-0.4128229916,1.387193918,-2.109303236
curobo,24,-0.2441564351,-1.012156606,-0.04042265937,-0.2992873788,2.524876356,1.017111897,-2.295034647
curobo,24,-0.254773587,-1.010398626,-0.08594696224,-0.2979013622,2.579796076,1.013743281,-2.288682461
curobo,24,-0.254773587,-1.010398626,-0.08594696224,-0.2979013622,2.579796076,1.013743281,-2.288682461
curobo,24,-0.254773587,-1.010398626,-0.08594696224,-0.2979013622,2.579796076,1.013743281,-2.288682461
curobo,24,-0.2988030016,-0.9994411469,-0.2794649899,-0.2932290733,2.81384635,1.003013253,-2.260358572
curobo,24,-0.2988030016,-0.9994411469,-0.2794649899,-0.2932290733,2.81384635,1.003013253,-2.260358572
curobo,24,-0.2988030016,-0.9994411469,-0.2794649899,-0.2932290733,2.81384635,1.003013253,-2.260358572
curobo,24,-0.2988030016,-0.9994411469,-0.2794649899,-0.2932290733,2.81384635,1.003013253,-2.260358572
curobo,24,0.2099420279,-0.6857697368,1.886461616,-0.6344444156,0.2834485173,1.404577017,-2.296215057
curobo,24,-0.3032915592,-0.9979942441,-0.2997141182,-0.2928745151,2.83836627,1.00222075,-2.25730443
curobo,24,-0.3032915592,-0.9979942441,-0.2997141182,-0.2928745151,2.83836627,1.00222075,-2.25730443
curobo,24,-0.3032915592,-0.9979942441,-0.2997141182,-0.2928745151,2.83836627,1.00222075,-2.25730443
curobo,24,-0.3032915592,-0.9979942441,-0.2997141182,-0.2928745151,2.83836627,1.00222075,-2.25730443
curobo,24,-0.04245527834,-0.5160250068,2.660757542,-0.6347644925,-0.2780863345,1.405171037,-2.142872095
curobo,24,-0.04245527834,-0.5160250068,2.660757542,-0.6347644925,-0.2780863345,1.405171037,-2.142872095
curobo,24,-0.1467817724,-0.5007107258,2.887953043,-0.6250452399,-0.4133230448,1.387116432,-2.109184504
curobo,24,-0.1467817724,-0.5007107258,2.887953043,-0.6250452399,-0.4133230448,1.387116432,-2.109184504
curobo,24,-0.1467817724,-0.5007107258,2.887953043,-0.6250452399,-0.4133230448,1.387116432,-2.109184504
curobo,24,-0.5617377758,-1.077823162,-0.7170839906,-0.6310499907,-2.806339502,0.8563970923,-2.128258467
curobo,25,-0.937705934,0.7264422178,-2.270106554,-0.7211591601,0.09233640134,1.969676256,-1.843412638
curobo,25,-0.937705934,0.7264422178,-2.270106554,-0.7211591601,0.09233640134,1.969676256,-1.843412638
curobo,25,-0.937705934,0.7264422178,-2.270106554,-0.7211591601,0.09233640134,1.969676256,-1.843412638
curobo,25,-0.937705934,0.7264422178,-2.270106554,-0.7211591601,0.09233640134,1.969676256,-1.843412638
curobo,25,1.813584447,-0.169470787,2.849227428,-0.6359680891,-1.619793653,1.632268906,-1.559573293
curobo,25,1.412948966,-0.1674943268,-2.855264902,-0.6403042674,-1.806880951,1.576917529,-1.564912558
curobo,25,1.412948966,-0.1674943268,-2.855264902,-0.6403042674,-1.806880951,1.576917529,-1.564912558
curobo,25,1.412948966,-0.1674943268,-2.855264902,-0.6403042674,-1.806880951,1.576917529,-1.564912558
curobo,25,-1.379450321,0.6255388856,-2.352001905,-0.2141706944,0.5303052664,1.727728009,-1.860670805
curobo,25,-1.372169018,0.1674111933,-0.2276348621,-0.636182189,-1.641392469,1.625863433,-1.559829712
curobo,25,-1.372169018,0.1674111933,-0.2276348621,-0.636182189,-1.641392469,1.625863433,-1.559829712
curobo,25,2.14498806,-0.7679344416,0.7888382673,-0.7168293595,0.241018489,1.960399628,-1.885067344
curobo,25,2.14498806,-0.7679344416,0.7888382673,-0.7168293595,0.241018489,1.960399628,-1.885067344
curobo,25,2.14498806,-0.7679344416,0.7888382673,-0.7168293595,0.241018489,1.960399628,-1.885067344
curobo,25,-0.9343181849,0.723833859,-2.265175819,-0.7212961912,0.08347484469,1.969969511,-1.840886116
curobo,25,-0.9343181849,0.723833859,-2.265175819,-0.7212961912,0.08347484469,1.969969511,-1.840886116
curobo,25,-0.9343181849,0.723833859,-2.265175819,-0.7212961912,0.08347484469,1.969969511,-1.840886116
curobo,25,1.407765865,-0.1677131504,-2.847723484,-0.6403980255,-1.809361935,1.576187015,-1.565031528
curobo,25,-1.311223388,0.1703907549,-0.3171416819,-0.6359049678,-1.611402273,1.634757638,-1.559498906
curobo,25,1.801534772,-0.1688581109,2.866951466,-0.6360193491,-1.625751853,1.630501866,-1.559634805
curobo,25,1.801534772,-0.1688581109,2.866951466,-0.6360193491,-1.625751853,1.630501866,-1.559634805
curobo,25,1.801534772,-0.1688581109,2.866951466,-0.6360193491,-1.625751853,1.630501866,-1.559634805
curobo,25,-1.152403831,0.1834872216,-0.5586072206,-0.6359471083,-1.524609804,1.66048646,-1.559546232
curobo,25,-2.16593647,0.7033566833,2.206806421,-0.7163686156,2.889631987,1.328995824,-1.888056874
curobo,25,-2.16593647,0.7033566833,2.206806421,-0.7163686156,2.889631987,1.328995824,-1.888056874
curobo,25,1.817719817,-0.1696902663,2.843132734,-0.6359515786,-1.61773634,1.632879138,-1.559553742
curobo,25,1.817719817,-0.1696902663,2.843132734,-0.6359515786,-1.61773634,1.632879138,-1.559553742
curobo,25,-1.332515955,0.4680209756,-1.06017518,-0.2165803164,-0.8220703006,1.71097827,-1.752967
curobo,25,1.157305837,-0.8187226653,-0.6728450656,-0.6867022514,2.457677126,1.400810242,-1.990929723
curobo,25,1.157305837,-0.8187226653,-0.6728450656,-0.6867022514,2.457677126,1.400810242,-1.990929723
curobo,25,1.157305837,-0.8187226653,-0.6728450656,-0.6867022514,2.457677126,1.400810242,-1.990929723
curobo,25,1.157305837,-0.8187226653,-0.6728450656,-0.6867022514,2.457677126,1.400810242,-1.990929723
curobo,25,-1.682010412,0.4369935393,0.6742188334,-0.2172440439,-2.244066,1.582771659,-1.748445988
curobo,25,-1.682010412,0.4369935393,0.6742188334,-0.2172440439,-2.244066,1.582771659,-1.748445988
curobo,25,-1.367221713,0.16761747,-0.2348576039,-0.636153698,-1.639003158,1.626572013,-1.559797168
curobo,25,1.25643599,-0.1774360389,-2.623430014,-0.6437591314,-1.886192918,1.553654671,-1.569345713
curobo,25,1.25643599,-0.1774360389,-2.623430014,-0.6437591314,-1.886192918,1.553654671,-1.569345713
curobo,25,-1.28414619,0.8924809694,-2.744452238,-0.6685141325,0.8966750503,1.838618755,-2.027235508
curobo,25,-1.28414619,0.8924809694,-2.744452238,-0.6685141325,0.8966750503,1.838618755,-2.027235508
curobo,25,-1.28414619,0.8924809694,-2.744452238,-0.6685141325,0.8966750503,1.838618755,-2.027235508
curobo,25,-0.9804453254,0.7572317123,-2.330541611,-0.718351841,0.2011215836,1.963682055,-1.874063134
curobo,25,1.816081285,-0.5724241138,1.23018086,-0.2120962292,0.03655892983,1.739888191,-1.820108771
curobo,25,1.816081285,-0.5724241138,1.23018086,-0.2120962292,0.03655892983,1.739888191,-1.820108771
curobo,25,1.816081285,-0.5724241138,1.23018086,-0.2120962292,0.03655892983,1.739888191,-1.820108771
curobo,25,1.816081285,-0.5724241138,1.23018086,-0.2120962292,0.03655892983,1.739888191,-1.820108771
curobo,25,1.816081285,-0.5724241138,1.23018086,-0.2120962292,0.03655892983,1.739888191,-1.820108771
curobo,25,-1.335272193,0.5858447552,-2.016637325,-0.2122688442,0.152104497,1.738934517,-1.829949379
curobo,25,-1.899981618,0.1787866056,0.5407221317,-0.6441624761,-1.894346237,1.551275373,-1.569877625
curobo,25,-1.899981618,0.1787866056,0.5407221317,-0.6441624761,-1.894346237,1.551275373,-1.569877625
curobo,25,-1.899981618,0.1787866056,0.5407221317,-0.6441624761,-1.894346237,1.551275373,-1.569877625
curobo,26,-1.040933847,0.4122225344,0.8783341646,-2.838993549,-0.5532800555,2.315794706,-0.401302278
curobo,26,0.6621203423,0.2687117457,-0.5198245645,-2.860280275,0.2612322271,2.397446871,-0.9951654673
curobo,26,0.6621203423,0.2687117457,-0.5198245645,-2.860280275,0.2612322271,2.397446871,-0.9951654673
curobo,26,0.6667581797,0.269462496,-0.5236040354,-2.860170841,0.2635288835,2.397066593,-0.9968400002
curobo,26,-0.7381171584,0.302069366,0.654281497,-2.855815172,-0.3429509699,2.381599188,-0.5557836294
curobo,26,-0.7381171584,0.302069366,0.654281497,-2.855815172,-0.3429509699,2.381599188,-0.5557836294
curobo,26,0.6667581797,0.269462496,-0.5236040354,-2.860170841,0.2635288835,2.397066593,-0.9968400002
curobo,26,-0.7381171584,0.302069366,0.654281497,-2.855815172,-0.3429509699,2.381599188,-0.5557836294
curobo,26,-1.586196184,-0.8320590854,2.016258955,-2.782135248,0.996865809,1.986326694,-1.534491062
curobo,26,-1.586196184,-0.8320590854,2.016258955,-2.782135248,0.996865809,1.986326694,-1.534491062
curobo,26,-1.57075572,1.034987926,1.165932298,-2.76296711,-1.12293756,1.811510563,0.01088459603
curobo,26,-1.57075572,1.034987926,1.165932298,-2.76296711,-1.12293756,1.811510563,0.01088459603
curobo,26,-1.57075572,1.034987926,1.165932298,-2.76296711,-1.12293756,1.811510563,0.01088459603
curobo,26,0.437340796,0.2414081097,-0.3333123326,-2.864185095,0.1589186639,2.41080904,-0.9206892848
curobo,26,1.38561368,0.6036537886,-1.038663864,-2.81014514,0.8013005853,2.174446583,-1.392448068
curobo,26,-1.50206542,0.8981010318,1.140523434,-2.775713921,-1.039245009,1.933002472,-0.04626568407
curobo,26,-1.50206542,0.8981010318,1.140523434,-2.775713921,-1.039245009,1.933002472,-0.04626568407
curobo,26,2.1831429,-0.3733788133,-2.321347952,-2.844987154,-0.4883213341,2.340423107,-0.4491519928
curobo,26,2.1831429,-0.3733788133,-2.321347952,-2.844987154,-0.4883213341,2.340423107,-0.4491519928
curobo,26,2.1831429,-0.3733788133,-2.321347952,-2.844987154,-0.4883213341,2.340423107,-0.4491519928
curobo,26,2.1831429,-0.3733788133,-2.321347952,-2.844987154,-0.4883213341,2.340423107,-0.4491519928
curobo,26,2.1831429,-0.3733788133,-2.321347952,-2.844987154,-0.4883213341,2.340423107,-0.4491519928
curobo,26,2.119524717,-0.4025822878,-2.276316404,-2.840480804,-0.5378423333,2.322036266,-0.4126839936
curobo,26,-0.9977526069,0.3908439279,0.8482426405,-2.842292786,-0.5184605122,2.329523087,-0.426965028
curobo,26,-0.9977526069,0.3908439279,0.8482426405,-2.842292786,-0.5184605122,2.329523087,-0.426965028
curobo,26,-0.9977526069,0.3908439279,0.8482426405,-2.842292786,-0.5184605122,2.329523087,-0.426965028
curobo,26,-1.34355855,-1.364859104,1.943627119,-2.739386559,1.287195206,1.503172159,-1.721458197
curobo,26,-1.34355855,-1.364859104,1.943627119,-2.739386559,1.287195206,1.503172159,-1.721458197
curobo,26,-1.34355855,-1.364859104,1.943627119,-2.739386559,1.287195206,1.503172159,-1.721458197
curobo,26,-1.683018684,1.301074147,1.193683743,-2.743433237,-1.25689292,1.567147493,0.09412688017
curobo,26,-1.683018684,1.301074147,1.193683743,-2.743433237,-1.25689292,1.567147493,0.09412688017
curobo,26,-1.683018684,1.301074147,1.193683743,-2.743433237,-1.25689292,1.567147493,0.09412688017
curobo,26,-1.270745397,-1.558559179,1.940986633,-2.729792595,1.367932916,1.319354892,-1.760481
curobo,26,-1.270745397,-1.558559179,1.940986633,-2.729792595,1.367932916,1.319354892,-1.760481
curobo,26,1.798868656,-0.6580802202,-2.076910257,-2.803440571,-0.8505098224,2.134917974,-0.1820139885
curobo,26,1.798868656,-0.6580802202,-2.076910257,-2.803440571,-0.8505098224,2.134917974,-0.1820139885
curobo,26,1.798868656,-0.6580802202,-2.076910257,-2.803440571,-0.8505098224,2.134917974,-0.1820139885
curobo,26,1.798868656,-0.6580802202,-2.076910257,-2.803440571,-0.8505098224,2.134917974,-0.1820139885
curobo,26,1.934956431,1.726670861,-1.193567753,-2.723647833,1.434740067,1.157390833,-1.78507328
curobo,26,1.934956431,1.726670861,-1.193567753,-2.723647833,1.434740067,1.157390833,-1.78507328
curobo,26,-0.5664953589,0.2680297494,0.5170055032,-2.860752583,-0.2510622442,2.399087906,-0.6228643656
curobo,26,1.296596885,-1.726686001,-1.949160576,-2.723779202,-1.433046699,1.161545634,0.1739349663
curobo,26,-1.042306542,0.4129429162,0.8792787194,-2.838882446,-0.5544170141,2.315325022,-0.4004637599
curobo,26,-1.042306542,0.4129429162,0.8792787194,-2.838882446,-0.5544170141,2.315325022,-0.4004637599
curobo,26,0.6559227109,0.2677226961,-0.5147687793,-2.860424042,0.258177489,2.397947311,-0.9929384589
curobo,26,0.6559227109,0.2677226961,-0.5147687793,-2.860424042,0.258177489,2.397947311,-0.9929384589
curobo,26,1.214737415,0.4605938792,-0.9338802099,-2.830944538,0.6308643818,2.280415058,-1.266590238
curobo,26,1.214737415,0.4605938792,-0.9338802099,-2.830944538,0.6308643818,2.280415058,-1.266590238
curobo,26,2.809273243,-0.2402428687,-2.818979263,-2.864577532,-0.1447324157,2.412126303,-0.7002381682
curobo,26,2.809273243,-0.2402428687,-2.818979263,-2.864577532,-0.1447324157,2.412126303,-0.7002381682
curobo,27,-1.12287128,-1.466763139,0.07169353217,-2.429800749,-0.1052175686,2.974900723,-0.169458434
curobo,27,-1.12287128,-1.466763139,0.07169353217,-2.429800749,-0.1052175686,2.974900723,-0.169458434
curobo,27,-1.12287128,-1.466763139,0.07169353217,-2.429800749,-0.1052175686,2.974900723,-0.169458434
curobo,27,-0.6650391221,-1.438870311,-0.0007200536202,-2.329618931,-1.12409699,2.705059052,0.5434685349
curobo,27,-0.6650391221,-1.438870311,-0.0007200536202,-2.329618931,-1.12409699,2.705059052,0.5434685349
curobo,27,-0.6650391221,-1.438870311,-0.0007200536202,-2.329618931,-1.12409699,2.705059052,0.5434685349
curobo,27,1.42452085,-1.268958688,0.07035432756,-2.389605761,-2.474700689,1.042992949,0.2463768125
curobo,27,1.42452085,-1.268958688,0.07035432756,-2.389605761,-2.474700689,1.042992949,0.2463768125
curobo,27,-1.373889804,-1.194179416,-0.0343766734,-1.810385346,-2.61878252,3.708632231,2.440378189
curobo,27,-1.373889804,-1.194179416,-0.0343766734,-1.810385346,-2.61878252,3.708632231,2.440378189
curobo,27,-1.213673711,-1.474432468,0.1191150993,-2.425486565,0.2353523374,2.968701363,-0.4253284633
curobo,27,-1.213673711,-1.474432468,0.1191150993,-2.425486565,0.2353523374,2.968701363,-0.4253284633
curobo,27,-1.604269385,-1.515691519,0.158136785,-2.333995342,1.090569615,2.72795558,-1.022051811
curobo,27,-1.604269385,-1.515691519,0.158136785,-2.333995342,1.090569615,2.72795558,-1.022051811
curobo,27,-1.604269385,-1.515691519,0.158136785,-2.333995342,1.090569615,2.72795558,-1.022051811
curobo,27,1.52303803,-1.26560843,0.05011351779,-2.399745464,-2.566843033,0.9928378463,0.1797878146
curobo,27,1.52303803,-1.26560843,0.05011351779,-2.399745464,-2.566843033,0.9928378463,0.1797878146
curobo,27,-2.89150548,-1.513065338,-0.1625881642,-2.317966223,1.922353745,1.616377473,-1.08849895
curobo,27,-2.89150548,-1.513065338,-0.1625881642,-2.317966223,1.922353745,1.616377473,-1.08849895
curobo,27,-2.89150548,-1.513065338,-0.1625881642,-2.317966223,1.922353745,1.616377473,-1.08849895
curobo,27,-2.89150548,-1.513065338,-0.1625881642,-2.317966223,1.922353745,1.616377473,-1.08849895
curobo,27,0.01421823725,-1.404723763,0.08359822631,-2.295720577,-1.613605857,2.124829531,0.6780178547
curobo,27,-0.6853607297,-1.439523816,-0.002212764928,-2.332669497,-1.100642085,2.721259356,0.5305799246
curobo,27,-0.6853607297,-1.439523816,-0.002212764928,-2.332669497,-1.100642085,2.721259356,0.5305799246
curobo,27,-0.6853607297,-1.439523816,-0.002212764928,-2.332669497,-1.100642085,2.721259356,0.5305799246
curobo,27,-0.6853607297,-1.439523816,-0.002212764928,-2.332669497,-1.100642085,2.721259356,0.5305799246
curobo,27,-2.853053808,-1.518672228,-0.1546662599,-2.315587521,1.901255846,1.648754239,-1.098043919
curobo,27,-0.6238347888,-1.437571764,0.002797755646,-2.32399106,-1.168697357,2.671779871,0.5668563247
curobo,27,-0.6238347888,-1.437571764,0.002797755646,-2.32399106,-1.168697357,2.671779871,0.5668563247
curobo,27,-0.6238347888,-1.437571764,0.002797755646,-2.32399106,-1.168697357,2.671779871,0.5668563247
curobo,27,-0.6238347888,-1.437571764,0.002797755646,-2.32399106,-1.168697357,2.671779871,0.5668563247
curobo,27,-0.797541678,-1.443587542,-0.006442761049,-2.353178501,-0.9490430355,2.80736804,0.4393510818
curobo,27,-0.797541678,-1.443587542,-0.006442761049,-2.353178501,-0.9490430355,2.80736804,0.4393510818
curobo,27,-1.336005211,-1.484896898,0.1602460742,-2.395578861,0.613889873,2.917830467,-0.7053337693
curobo,27,-1.336005211,-1.484896898,0.1602460742,-2.395578861,0.613889873,2.917830467,-0.7053337693
curobo,27,-2.242901325,-1.562931061,0.002729985863,-2.295362949,1.58041501,2.178466797,-1.176488876
curobo,27,-2.242901325,-1.562931061,0.002729985863,-2.295362949,1.58041501,2.178466797,-1.176488876
curobo,27,-2.242901325,-1.562931061,0.002729985863,-2.295362949,1.58041501,2.178466797,-1.176488876
curobo,27,-2.678452253,-1.540333629,-0.1147312075,-2.306342363,1.808539867,1.797874808,-1.134472013
curobo,27,-2.678452253,-1.540333629,-0.1147312075,-2.306342363,1.808539867,1.797874808,-1.134472013
curobo,27,-2.678452253,-1.540333629,-0.1147312075,-2.306342363,1.808539867,1.797874808,-1.134472013
curobo,27,0.7506271005,-1.327776432,0.132861048,-2.327208042,-1.998630524,1.505300522,0.5535475612
curobo,27,0.7506271005,-1.327776432,0.132861048,-2.327208042,-1.998630524,1.505300522,0.5535475612
curobo,27,0.7506271005,-1.327776432,0.132861048,-2.327208042,-1.998630524,1.505300522,0.5535475612
curobo,27,-1.423549294,-1.493987203,0.1700092554,-2.371702671,0.8113260865,2.863337755,-0.8449473381
curobo,27,-1.423549294,-1.493987203,0.1700092554,-2.371702671,0.8113260865,2.863337755,-0.8449473381
curobo,27,-1.423549294,-1.493987203,0.1700092554,-2.371702671,0.8113260865,2.863337755,-0.8449473381
curobo,27,-1.42376864,-1.1949929,-0.06023925915,-1.825355768,-2.504937887,3.728318691,2.345262527
curobo,27,-1.42376864,-1.1949929,-0.06023925915,-1.825355768,-2.504937887,3.728318691,2.345262527
curobo,27,-1.42376864,-1.1949929,-0.06023925915,-1.825355768,-2.504937887,3.728318691,2.345262527
curobo,28,-0.8166719079,-0.1067302004,2.715953112,-1.751980066,-1.250220418,3.745805979,2.078308582
curobo,28,-0.6242153049,0.08668573201,2.889895439,-1.807972789,1.899697065,2.929674864,-1.056057811
curobo,28,0.6909245253,0.577336967,1.899667859,-1.974672079,0.7267031074,3.435142756,-0.354829669
curobo,28,0.6909245253,0.577336967,1.899667859,-1.974672079,0.7267031074,3.435142756,-0.354829669
curobo,28,0.6525527239,0.5438385606,1.868611455,-2.018982172,0.4611224532,3.422985792,-0.06919401139
curobo,28,-1.155611753,0.08827086538,-2.89150548,-1.815745831,1.909835458,2.891905546,-1.027484894
curobo,28,-1.155611753,0.08827086538,-2.89150548,-1.815745831,1.909835458,2.891905546,-1.027484894
curobo,28,0.6525527239,0.5438385606,1.868611455,-2.018982172,0.4611224532,3.422985792,-0.06919401139
curobo,28,-1.485628247,-0.09851243347,-2.852000237,-1.76770699,-1.25977397,3.691375971,2.021533251
curobo,28,0.4261806011,-1.026358843,1.147162199,-1.950415492,2.304667473,2.103325367,-0.4780934155
curobo,28,-1.485628247,-0.09851243347,-2.852000237,-1.76770699,-1.25977397,3.691375971,2.021533251
curobo,28,-1.485628247,-0.09851243347,-2.852000237,-1.76770699,-1.25977397,3.691375971,2.021533251
curobo,28,0.4261806011,-1.026358843,1.147162199,-1.950415492,2.304667473,2.103325367,-0.4780934155
curobo,28,0.4261806011,-1.026358843,1.147162199,-1.950415492,2.304667473,2.103325367,-0.4780934155
curobo,28,-1.485628247,-0.09851243347,-2.852000237,-1.76770699,-1.25977397,3.691375971,2.021533251
curobo,28,0.7128217816,0.2855534852,1.398746967,-1.861215472,-1.138687015,3.501987696,1.675483823
curobo,28,0.6722336411,0.5615823865,1.886980057,-1.997051477,0.607168138,3.428508043,-0.2247354686
curobo,28,0.6701729298,0.3274309635,1.477033854,-1.896804333,-1.035205126,3.471786976,1.533916473
curobo,28,0.6701729298,0.3274309635,1.477033854,-1.896804333,-1.035205126,3.471786976,1.533916473
curobo,28,0.7128217816,0.2855534852,1.398746967,-1.861215472,-1.138687015,3.501987696,1.675483823
curobo,28,0.6722336411,0.5615823865,1.886980057,-1.997051477,0.607168138,3.428508043,-0.2247354686
curobo,28,0.6701729298,0.3274309635,1.477033854,-1.896804333,-1.035205126,3.471786976,1.533916473
curobo,28,0.6701729298,0.3274309635,1.477033854,-1.896804333,-1.035205126,3.471786976,1.533916473
curobo,28,0.7128217816,0.2855534852,1.398746967,-1.861215472,-1.138687015,3.501987696,1.675483823
curobo,28,-1.512814045,0.1050647944,-2.558676481,-1.821896672,1.91921103,2.860691547,-1.004764438
curobo,28,-1.512814045,0.1050647944,-2.558676481,-1.821896672,1.91921103,2.860691547,-1.004764438
curobo,28,-1.512814045,0.1050647944,-2.558676481,-1.821896672,1.91921103,2.860691547,-1.004764438
curobo,28,-1.512814045,0.1050647944,-2.558676481,-1.821896672,1.91921103,2.860691547,-1.004764438
curobo,28,1.107392311,-0.1930963397,1.031826854,-1.839202881,1.951386929,2.767475367,-0.9401890039
curobo,28,1.107392311,-0.1930963397,1.031826854,-1.839202881,1.951386929,2.767475367,-0.9401890039
curobo,28,-2.5285182,-0.4946870804,-1.343722701,-2.048798084,0.03883668035,3.416661739,0.3695807755
curobo,28,-2.5285182,-0.4946870804,-1.343722701,-2.048798084,0.03883668035,3.416661739,0.3695807755
curobo,28,-2.560139656,-0.3253974617,-1.253685951,-1.730705619,1.917671084,3.183189631,-1.336044908
curobo,28,-0.6209078431,0.08674926311,2.886778116,-1.807921767,1.899637461,2.92991662,-1.056245565
curobo,28,1.10386467,1.746451735,2.224301577,-1.925356388,-2.205342054,2.251252174,1.412512779
curobo,28,1.10386467,1.746451735,2.224301577,-1.925356388,-2.205342054,2.251252174,1.412512779
curobo,28,1.10386467,1.746451735,2.224301577,-1.925356388,-2.205342054,2.251252174,1.412512779
curobo,28,-0.6209078431,0.08674926311,2.886778116,-1.807921767,1.899637461,2.92991662,-1.056245565
curobo,28,1.10386467,1.746451735,2.224301577,-1.925356388,-2.205342054,2.251252174,1.412512779
curobo,28,-1.226571441,0.09034497291,-2.824819803,-1.816839218,1.911417007,2.886439323,-1.023453593
curobo,28,-1.226571441,0.09034497291,-2.824819803,-1.816839218,1.911417007,2.886439323,-1.023453593
curobo,28,-1.226571441,0.09034497291,-2.824819803,-1.816839218,1.911417007,2.886439323,-1.023453593
curobo,28,-1.226571441,0.09034497291,-2.824819803,-1.816839218,1.911417007,2.886439323,-1.023453593
curobo,28,0.06973817199,-1.649016619,0.9263055325,-2.021689177,2.701809883,1.723339915,-0.04670238495
curobo,28,-1.226571441,0.09034497291,-2.824819803,-1.816839218,1.911417007,2.886439323,-1.023453593
curobo,28,-1.226571441,0.09034497291,-2.824819803,-1.816839218,1.911417007,2.886439323,-1.023453593
curobo,28,-2.367176056,-0.2402513325,-1.839324355,-1.832886577,-1.202882409,3.537983656,1.783062935
curobo,28,-1.226571441,0.09034497291,-2.824819803,-1.816839218,1.911417007,2.886439323,-1.023453593
curobo,28,-0.9797251821,-0.09993938357,2.891448498,-1.756019831,-1.25352788,3.73126173,2.063726664
curobo,28,0.6254526377,0.5139828324,1.828656077,-2.043096542,0.2043777555,3.417781591,0.1987272203
curobo,29,0.2279115021,-0.446598053,0.08007660508,-1.678112268,2.89150548,2.187452555,1.057239175
curobo,29,2.89150548,-1.280214667,-0.4807205498,-1.686175585,-0.1794581115,3.655925751,1.80924809
curobo,29,2.89150548,-1.280214667,-0.4807205498,-1.686175585,-0.1794581115,3.655925751,1.80924809
curobo,29,-2.340445995,0.4690268934,2.860450745,-1.659445047,2.782090425,2.255403757,0.8488592505
curobo,29,-1.785067201,-1.283573866,0.5689405203,-1.633408785,-2.680047035,2.348653316,2.362138987
curobo,29,2.013972521,-0.9095157981,-0.6778467298,-1.549548149,2.517221451,2.623625278,0.1080809087
curobo,29,-1.622900724,-1.183019757,0.6332755685,-1.652429938,-2.75052619,2.280743122,2.208983898
curobo,29,-1.327505589,-0.9825332165,0.6986589432,-1.678112149,-2.89150548,2.187452555,1.936595917
curobo,29,-1.078151226,0.9387524724,2.469604254,-1.540667057,2.510100126,2.649523258,0.05909634382
curobo,29,-1.078151226,0.9387524724,2.469604254,-1.540667057,2.510100126,2.649523258,0.05909634382
curobo,29,0.2279109359,-0.446597904,0.08007691056,-1.67811203,2.89150548,2.187452555,1.057239532
curobo,29,0.2279109359,-0.446597904,0.08007691056,-1.67811203,2.89150548,2.187452555,1.057239532
curobo,29,0.2279109359,-0.446597904,0.08007691056,-1.67811203,2.89150548,2.187452555,1.057239532
curobo,29,0.227911219,-0.446597904,0.08007676154,-1.67811203,2.89150548,2.187452555,1.057239294
curobo,29,-2.767163754,-1.53109169,-0.0555138588,-1.455620885,-2.525709867,2.858661175,-2.89150548
curobo,29,-2.767163754,-1.53109169,-0.0555138588,-1.455620885,-2.525709867,2.858661175,-2.89150548
curobo,29,-2.767163754,-1.53109169,-0.0555138588,-1.455620885,-2.525709867,2.858661175,-2.89150548
curobo,29,-2.767163754,-1.53109169,-0.0555138588,-1.455620885,-2.525709867,2.858661175,-2.89150548
curobo,29,-2.767163754,-1.53109169,-0.0555138588,-1.455620885,-2.525709867,2.858661175,-2.89150548
curobo,29,-2.767163754,-1.53109169,-0.0555138588,-1.455620885,-2.525709867,2.858661175,-2.89150548
curobo,29,-0.5021615028,1.247178197,2.652783871,-1.396050811,2.632009029,2.964133024,-0.7422609329
curobo,29,-0.5021615028,1.247178197,2.652783871,-1.396050811,2.632009029,2.964133024,-0.7422609329
curobo,29,2.89150548,-1.280214906,-0.4807203412,-1.686176062,-0.1794576794,3.655925989,1.809247494
curobo,29,1.814087152,0.9825329781,-2.442933559,-1.67811203,-2.89150548,2.187452555,1.936595559
curobo,29,1.814087152,0.9825329781,-2.442933559,-1.67811203,-2.89150548,2.187452555,1.936595559
curobo,29,0.2279111743,-0.4465978444,0.08007683605,-1.678111792,2.89150548,2.187452793,1.057239413
curobo,29,0.2279111743,-0.4465978444,0.08007683605,-1.678111792,2.89150548,2.187452793,1.057239413
curobo,29,0.2279115617,-0.4465980232,0.08007657528,-1.678112268,2.89150548,2.187452555,1.057239175
curobo,29,0.2279115617,-0.4465980232,0.08007657528,-1.678112268,2.89150548,2.187452555,1.057239175
curobo,29,0.2279115617,-0.4465980232,0.08007657528,-1.678112268,2.89150548,2.187452555,1.057239175
curobo,29,-1.145107388,0.8992381692,2.46215868,-1.552571177,2.520035982,2.614645958,0.1249033958
curobo,29,-1.145107388,0.8992381692,2.46215868,-1.552571177,2.520035982,2.614645958,0.1249033958
curobo,29,0.4629419744,-0.4447452724,-0.07052005827,-1.671408892,2.846498489,2.211923122,0.9735691547
curobo,29,0.4629419744,-0.4447452724,-0.07052005827,-1.671408892,2.846498489,2.211923122,0.9735691547
curobo,29,0.4629419744,-0.4447452724,-0.07052005827,-1.671408892,2.846498489,2.211923122,0.9735691547
curobo,29,-0.8439937234,1.075787425,2.522741079,-1.491533756,2.500725746,2.779096127,-0.2049875259
curobo,29,-0.8439937234,1.075787425,2.522741079,-1.491533756,2.500725746,2.779096127,-0.2049875259
curobo,29,-0.8439937234,1.075787425,2.522741079,-1.491533756,2.500725746,2.779096127,-0.2049875259
curobo,29,-0.8439937234,1.075787425,2.522741079,-1.491533756,2.500725746,2.779096127,-0.2049875259
curobo,29,-2.767163754,-1.531091571,-0.05551380664,-1.455620766,-2.525709867,2.858661175,-2.89150548
curobo,29,-2.767163754,-1.531091571,-0.05551380664,-1.455620766,-2.525709867,2.858661175,-2.89150548
curobo,29,-2.767163754,-1.531091571,-0.05551380664,-1.455620766,-2.525709867,2.858661175,-2.89150548
curobo,29,0.2279111147,-0.4465978444,0.08007680625,-1.678111911,2.89150548,2.187452555,1.057239413
curobo,29,0.2279111147,-0.4465978444,0.08007680625,-1.678111911,2.89150548,2.187452555,1.057239413
curobo,29,0.2279111147,-0.4465978444,0.08007680625,-1.678111911,2.89150548,2.187452555,1.057239413
curobo,29,0.2279111147,-0.4465978444,0.08007680625,-1.678111911,2.89150548,2.187452555,1.057239413
curobo,29,0.2279111147,-0.4465978444,0.08007680625,-1.678111911,2.89150548,2.187452555,1.057239413
curobo,29,0.2279111147,-0.4465978444,0.08007680625,-1.678111911,2.89150548,2.187452555,1.057239413
curobo,29,-0.03753015772,1.423238277,2.82746172,-1.333663583,-2.891336679,3.045139074,-2.044126987
curobo,29,-0.03753015772,1.423238277,2.82746172,-1.333663583,-2.891336679,3.045139074,-2.044126987
curobo,30,-0.7955136895,1.041391611,1.007385492,-0.9800530076,2.888174772,3.200866938,0.6796706319
curobo,30,-0.7955136895,1.041391611,1.007385492,-0.9800530076,2.888174772,3.200866938,0.6796706319
curobo,30,-0.7955136895,1.041391611,1.007385492,-0.9800530076,2.888174772,3.200866938,0.6796706319
curobo,30,2.380353212,-0.9749271274,-2.361211538,-1.444605112,-0.3262393773,3.558949709,-2.24909091
curobo,30,2.380353212,-0.9749271274,-2.361211538,-1.444605112,-0.3262393773,3.558949709,-2.24909091
curobo,30,-0.1611797214,0.6827625036,-0.03755636513,-1.262286186,2.372188091,2.834531546,1.990944147
curobo,30,-0.1611797214,0.6827625036,-0.03755636513,-1.262286186,2.372188091,2.834531546,1.990944147
curobo,30,-0.1611797214,0.6827625036,-0.03755636513,-1.262286186,2.372188091,2.834531546,1.990944147
curobo,30,-0.7367435694,0.9592539668,0.7234795094,-1.433749795,-0.3844780922,3.564630747,-2.151513815
curobo,30,-0.7367435694,0.9592539668,0.7234795094,-1.433749795,-0.3844780922,3.564630747,-2.151513815
curobo,30,-0.7956660986,1.041693687,1.007593513,-0.9798713923,2.88956809,3.200976133,0.6779308915
curobo,30,-0.7956660986,1.041693687,1.007593513,-0.9798713923,2.88956809,3.200976133,0.6779308915
curobo,30,-0.7956660986,1.041693687,1.007593513,-0.9798713923,2.88956809,3.200976133,0.6779308915
curobo,30,-0.7956660986,1.041693687,1.007593513,-0.9798713923,2.88956809,3.200976133,0.6779308915
curobo,30,-0.7956660986,1.041693687,1.007593513,-0.9798713923,2.88956809,3.200976133,0.6779308915
curobo,30,2.372182846,-0.9807204604,-2.341483593,-1.448054194,-0.3050731421,3.557198763,-2.283932686
curobo,30,2.372182846,-0.9807204604,-2.341483593,-1.448054194,-0.3050731421,3.557198763,-2.283932686
curobo,30,2.372182846,-0.9807204604,-2.341483593,-1.448054194,-0.3050731421,3.557198763,-2.283932686
curobo,30,2.372182846,-0.9807204604,-2.341483593,-1.448054194,-0.3050731421,3.557198763,-2.283932686
curobo,30,-0.8715648055,1.097077608,1.109571815,-1.46986711,0.07997617871,3.546691895,-2.89150095
curobo,30,-0.8715648055,1.097077608,1.109571815,-1.46986711,0.07997617871,3.546691895,-2.89150095
curobo,30,-0.2403535694,0.9041102529,-0.2126795501,-1.223636389,-0.783374846,3.742228985,-1.083174706
curobo,30,-0.2403535694,0.9041102529,-0.2126795501,-1.223636389,-0.783374846,3.742228985,-1.083174706
curobo,30,-0.2403535694,0.9041102529,-0.2126795501,-1.223636389,-0.783374846,3.742228985,-1.083174706
curobo,30,-0.7449148893,0.9479703307,0.9106860161,-1.048854947,2.584871531,3.151888132,1.105241656
curobo,30,-0.640057981,0.8319878578,0.7033486366,-1.13146615,2.415940762,3.065702677,1.463632703
curobo,30,-0.640057981,0.8319878578,0.7033486366,-1.13146615,2.415940762,3.065702677,1.463632703
curobo,30,-0.640057981,0.8319878578,0.7033486366,-1.13146615,2.415940762,3.065702677,1.463632703
curobo,30,-0.640057981,0.8319878578,0.7033486366,-1.13146615,2.415940762,3.065702677,1.463632703
curobo,30,0.6395263672,1.33064115,-1.464179039,-1.430892706,2.743418694,2.352524281,2.877627611
curobo,30,0.6395263672,1.33064115,-1.464179039,-1.430892706,2.743418694,2.352524281,2.877627611
curobo,30,-0.8147550225,1.019637346,0.9189458489,-1.464475751,-0.1677739322,3.549200296,-2.504383802
curobo,30,0.6395263672,1.33064115,-1.464179039,-1.430892706,2.743418694,2.352524281,2.877627611
curobo,30,-0.4643014967,0.8826950192,0.1939374208,-1.309760094,-0.7208517194,3.651978254,-1.446477294
curobo,30,-0.4643014967,0.8826950192,0.1939374208,-1.309760094,-0.7208517194,3.651978254,-1.446477294
curobo,30,-1.016690016,1.413732529,1.40833807,-1.167472243,-2.378093481,3.015225887,-0.8587906361
curobo,30,-1.016690016,1.413732529,1.40833807,-1.167472243,-2.378093481,3.015225887,-0.8587906361
curobo,30,-1.016690016,1.413732529,1.40833807,-1.167472243,-2.378093481,3.015225887,-0.8587906361
curobo,30,0.1752217114,0.7334617376,-0.5217331648,-1.316607118,2.430691004,2.69838357,2.226985931
curobo,30,0.1752217114,0.7334617376,-0.5217331648,-1.316607118,2.430691004,2.69838357,2.226985931
curobo,30,-2.505526781,-1.306945443,1.698544145,-1.42829597,2.731445551,2.360965252,2.857038736
curobo,30,-2.505526781,-1.306945443,1.698544145,-1.42829597,2.731445551,2.360965252,2.857038736
curobo,30,-2.505526781,-1.306945443,1.698544145,-1.42829597,2.731445551,2.360965252,2.857038736
curobo,30,2.466737747,-0.9285315871,-2.550825357,-1.404616237,-0.5033269525,3.5812428,-1.941126108
curobo,30,2.466737747,-0.9285315871,-2.550825357,-1.404616237,-0.5033269525,3.5812428,-1.941126108
curobo,30,-0.9132116437,1.310593486,1.494046807,-1.383844852,0.5681809783,3.594416857,2.565529585
curobo,30,-0.9132116437,1.310593486,1.494046807,-1.383844852,0.5681809783,3.594416857,2.565529585
curobo,30,2.230703592,-1.230085015,-1.778161764,-1.426124454,0.4198340774,3.568781137,2.840269327
curobo,30,2.230703592,-1.230085015,-1.778161764,-1.426124454,0.4198340774,3.568781137,2.840269327
curobo,30,2.230703592,-1.230085015,-1.778161764,-1.426124454,0.4198340774,3.568781137,2.840269327
curobo,31,-1.720890045,-1.178202391,-0.2940765321,-1.317221999,-2.747508287,2.333043098,-1.865707278
curobo,31,0.1428544074,-0.7801319957,0.6725349426,-1.227463961,2.392812252,2.612298012,2.891509771
curobo,31,0.3723248839,0.5965900421,2.330629826,-1.120147347,-2.136559725,2.912451029,-0.9941864014
curobo,31,0.3723248839,0.5965900421,2.330629826,-1.120147347,-2.136559725,2.912451029,-0.9941864014
curobo,31,0.9026234746,-0.3651525676,0.7468898296,-1.077900171,2.063144922,3.014114618,2.37625885
curobo,31,-1.488438725,-1.233224154,-0.1612445116,-1.337342143,-2.890599728,2.269120455,-2.055721998
curobo,31,-0.6831790209,-1.181321621,0.2914676964,-1.337440491,2.891505003,2.268806696,-2.715156794
curobo,31,-2.379913092,-0.8597442508,-0.6482345462,-1.212422729,-2.349833488,2.6572299,-1.319041729
curobo,31,-2.314519882,-0.9005949497,-0.6160283089,-1.225887537,-2.388170719,2.617042065,-1.37381351
curobo,31,-0.6079670191,0.248133868,2.802904367,-1.335448384,0.2677625418,3.447896719,-2.738529205
curobo,31,-0.6079670191,0.248133868,2.802904367,-1.335448384,0.2677625418,3.447896719,-2.738529205
curobo,31,-0.6079670191,0.248133868,2.802904367,-1.335448384,0.2677625418,3.447896719,-2.738529205
curobo,31,-2.005189657,-1.068482637,-0.4530827999,-1.280572057,-2.57378149,2.44875145,-1.631517887
curobo,31,-2.005189657,-1.068482637,-0.4530827999,-1.280572057,-2.57378149,2.44875145,-1.631517887
curobo,31,0.1543405503,-0.7730469704,0.6764202118,-1.225301862,2.386454821,2.618802547,2.882486105
curobo,31,0.1543405503,-0.7730469704,0.6764202118,-1.225301862,2.386454821,2.618802547,2.882486105
curobo,31,0.1378736347,0.4422089756,2.271734238,-1.056835413,-2.032178879,3.060463905,-0.8040447831
curobo,31,0.1378736347,0.4422089756,2.271734238,-1.056835413,-2.032178879,3.060463905,-0.8040447831
curobo,31,0.1378736347,0.4422089756,2.271734238,-1.056835413,-2.032178879,3.060463905,-0.8040447831
curobo,31,0.1378736347,0.4422089756,2.271734238,-1.056835413,-2.032178879,3.060463905,-0.8040447831
curobo,31,0.1378736347,0.4422089756,2.271734238,-1.056835413,-2.032178879,3.060463905,-0.8040447831
curobo,31,-2.07904315,-1.032668352,-0.4932364225,-1.268900037,-2.529015064,2.485224485,-1.570255637
curobo,31,-1.712550282,0.2207384706,-2.601593018,-0.9948642254,1.965350747,3.178109884,2.1455369
curobo,31,-1.712550282,0.2207384706,-2.601593018,-0.9948642254,1.965350747,3.178109884,2.1455369
curobo,31,-1.712550282,0.2207384706,-2.601593018,-0.9948642254,1.965350747,3.178109884,2.1455369
curobo,31,-1.712550282,0.2207384706,-2.601593018,-0.9948642254,1.965350747,3.178109884,2.1455369
curobo,31,-1.712550282,0.2207384706,-2.601593018,-0.9948642254,1.965350747,3.178109884,2.1455369
curobo,31,-0.1370208412,0.2608816326,2.628704786,-1.176025867,0.8852421045,3.476110458,2.69307518
curobo,31,-0.5116232634,-1.123038054,0.3817355335,-1.323282123,2.784476519,2.313801289,-2.857084751
curobo,31,0.142860055,-0.7801285386,0.6725369096,-1.227462769,2.392808914,2.61230135,2.89150548
curobo,31,1.510336637,-0.2074608803,0.493770957,-0.9839059711,1.957662225,3.195850849,2.116930723
curobo,31,1.510336637,-0.2074608803,0.493770957,-0.9839059711,1.957662225,3.195850849,2.116930723
curobo,31,1.510336637,-0.2074608803,0.493770957,-0.9839059711,1.957662225,3.195850849,2.116930723
curobo,31,1.510336637,-0.2074608803,0.493770957,-0.9839059711,1.957662225,3.195850849,2.116930723
curobo,31,-0.5585556626,0.2502018809,2.787513018,-1.325625181,0.3417469263,3.449221134,-2.836639643
curobo,31,-0.5585556626,0.2502018809,2.787513018,-1.325625181,0.3417469263,3.449221134,-2.836639643
curobo,31,0.7564116716,0.8563878536,2.490808725,-1.211310863,-2.346765757,2.660522699,-1.314627171
curobo,31,-2.703529358,-0.6418455243,-0.7880709171,-1.137020946,-2.169966221,2.868888617,-1.048552155
curobo,31,-2.703529358,-0.6418455243,-0.7880709171,-1.137020946,-2.169966221,2.868888617,-1.048552155
curobo,31,-2.703529358,-0.6418455243,-0.7880709171,-1.137020946,-2.169966221,2.868888617,-1.048552155
curobo,31,-2.703529358,-0.6418455243,-0.7880709171,-1.137020946,-2.169966221,2.868888617,-1.048552155
curobo,31,-0.6831794381,-1.181321979,0.2914673984,-1.337440729,2.891505241,2.268806458,-2.715156317
curobo,31,-0.6831794381,-1.181321979,0.2914673984,-1.337440729,2.891505241,2.268806458,-2.715156317
curobo,31,1.075144053,-0.3046064377,0.7001856565,-1.047992349,2.020359516,3.078996897,2.290067434
curobo,31,1.075144053,-0.3046064377,0.7001856565,-1.047992349,2.020359516,3.078996897,2.290067434
curobo,31,-2.891517401,-0.5141376257,-0.8466086388,-1.087674141,-2.078813076,2.991593838,-0.8941882253
curobo,31,-2.891517401,-0.5141376257,-0.8466086388,-1.087674141,-2.078813076,2.991593838,-0.8941882253
curobo,31,-2.891517401,-0.5141376257,-0.8466086388,-1.087674141,-2.078813076,2.991593838,-0.8941882253
curobo,31,-2.891517401,-0.5141376257,-0.8466086388,-1.087674141,-2.078813076,2.991593838,-0.8941882253
curobo,31,-2.891517401,-0.5141376257,-0.8466086388,-1.087674141,-2.078813076,2.991593838,-0.8941882253
curobo,32,0.0839676857,1.59480834,-1.370898843,-0.7977038622,-0.1314507127,0.364100039,0.3520644903
curobo,32,0.0839676857,1.59480834,-1.370898843,-0.7977038622,-0.1314507127,0.364100039,0.3520644903
curobo,32,0.0839676857,1.59480834,-1.370898843,-0.7977038622,-0.1314507127,0.364100039,0.3520644903
curobo,32,-0.01098547317,1.397548437,-0.9749287963,-0.7634394169,-0.2538013756,0.3194491863,0.6785981655
curobo,32,-0.01098547317,1.397548437,-0.9749287963,-0.7634394169,-0.2538013756,0.3194491863,0.6785981655
curobo,32,-0.01098547317,1.397548437,-0.9749287963,-0.7634394169,-0.2538013756,0.3194491863,0.6785981655
curobo,32,0.0976684913,1.75246799,-1.640954256,-0.808291018,-0.04366988316,0.3786098659,0.121770598
curobo,32,0.0976684913,1.75246799,-1.640954256,-0.808291018,-0.04366988316,0.3786098659,0.121770598
curobo,32,0.0976684913,1.75246799,-1.640954256,-0.808291018,-0.04366988316,0.3786098659,0.121770598
curobo,32,0.09756110609,1.75418973,-1.643897653,-0.8083464503,-0.04271662608,0.3786872625,0.1192806959
curobo,32,0.09756110609,1.75418973,-1.643897653,-0.8083464503,-0.04271662608,0.3786872625,0.1192806959
curobo,32,0.09756110609,1.75418973,-1.643897653,-0.8083464503,-0.04271662608,0.3786872625,0.1192806959
curobo,32,0.0977736488,1.750690937,-1.637917638,-0.8082329035,-0.04465347156,0.3785284758,0.1243406907
curobo,32,0.0977736488,1.750690937,-1.637917638,-0.8082329035,-0.04465347156,0.3785284758,0.1243406907
curobo,32,2.850852728,-1.755278111,1.11171627,-0.1246692389,0.1227060333,0.06916347891,-0.0423672609
curobo,32,2.850852728,-1.755278111,1.11171627,-0.1246692389,0.1227060333,0.06916347891,-0.0423672609
curobo,32,2.850852728,-1.755278111,1.11171627,-0.1246692389,0.1227060333,0.06916347891,-0.0423672609
curobo,32,2.850852728,-1.755278111,1.11171627,-0.1246692389,0.1227060333,0.06916347891,-0.0423672609
curobo,32,2.850852728,-1.755278111,1.11171627,-0.1246692389,0.1227060333,0.06916347891,-0.0423672609
curobo,32,0.05001062155,1.49638176,-1.18896842,-0.7845789194,-0.1891792268,0.346583575,0.5051781535
curobo,32,0.06692267209,1.537579656,-1.267555237,-0.7908189297,-0.1645055413,0.354847014,0.4395350218
curobo,32,0.05001062155,1.49638176,-1.18896842,-0.7845789194,-0.1891792268,0.346583575,0.5051781535
curobo,32,0.08847603947,1.61559999,-1.407287598,-0.7997598648,-0.1196866706,0.3668916523,0.321051687
curobo,32,0.09751000255,1.685116529,-1.526463032,-0.8051249385,-0.0809135437,0.3742347658,0.2192026228
curobo,32,0.09758375585,1.753835917,-1.643292785,-0.8083353639,-0.04291263595,0.3786716461,0.1197921932
curobo,32,0.09758375585,1.753835917,-1.643292785,-0.8083353639,-0.04291263595,0.3786716461,0.1197921932
curobo,32,0.09758375585,1.753835917,-1.643292785,-0.8083353639,-0.04291263595,0.3786716461,0.1197921932
curobo,32,0.09758375585,1.753835917,-1.643292785,-0.8083353639,-0.04291263595,0.3786716461,0.1197921932
curobo,32,0.09245472401,1.638446808,-1.446787119,-0.8017711639,-0.1068659425,0.3696346581,0.2873162329
curobo,32,0.09245472401,1.638446808,-1.446787119,-0.8017711639,-0.1068659425,0.3696346581,0.2873162329
curobo,32,0.09245472401,1.638446808,-1.446787119,-0.8017711639,-0.1068659425,0.3696346581,0.2873162329
curobo,32,-0.03443743289,1.370613813,-0.906273663,-0.7554335594,-0.2736793458,0.3095166385,0.7323195934
curobo,32,-0.03443743289,1.370613813,-0.906273663,-0.7554335594,-0.2736793458,0.3095166385,0.7323195934
curobo,32,-0.03443743289,1.370613813,-0.906273663,-0.7554335594,-0.2736793458,0.3095166385,0.7323195934
curobo,32,0.09788101166,1.748752117,-1.634606719,-0.8081669211,-0.04572647065,0.3784371018,0.127143845
curobo,32,0.09788101166,1.748752117,-1.634606719,-0.8081669211,-0.04572647065,0.3784371018,0.127143845
curobo,32,0.09788101166,1.748752117,-1.634606719,-0.8081669211,-0.04572647065,0.3784371018,0.127143845
curobo,32,0.09028553218,1.62528348,-1.424083471,-0.8006435037,-0.1142406911,0.3680949807,0.3067135811
curobo,32,0.09028553218,1.62528348,-1.424083471,-0.8006435037,-0.1142406911,0.3680949807,0.3067135811
curobo,32,0.09028553218,1.62528348,-1.424083471,-0.8006435037,-0.1142406911,0.3680949807,0.3067135811
curobo,32,0.09775473922,1.751025319,-1.63848877,-0.8082447052,-0.04446842149,0.3785443008,0.1238570958
curobo,32,0.09775473922,1.751025319,-1.63848877,-0.8082447052,-0.04446842149,0.3785443008,0.1238570958
curobo,32,2.848454475,-1.244187117,2.862154722,-0.6524009109,-0.4450584352,0.1976563483,1.180741072
curobo,32,2.848454475,-1.244187117,2.862154722,-0.6524009109,-0.4450584352,0.1976563483,1.180741072
curobo,32,-0.1692933887,1.274807215,-0.5656328797,-0.7068983912,-0.3673982322,0.253234446,0.9849565029
curobo,32,-0.1692933887,1.274807215,-0.5656328797,-0.7068983912,-0.3673982322,0.253234446,0.9849565029
curobo,32,-0.1692933887,1.274807215,-0.5656328797,-0.7068983912,-0.3673982322,0.253234446,0.9849565029
curobo,32,0.09721490741,1.759238362,-1.652537704,-0.808504045,-0.0399206765,0.3789053857,0.1119765937
curobo,32,0.09721490741,1.759238362,-1.652537704,-0.808504045,-0.0399206765,0.3789053857,0.1119765937
curobo,32,0.09721490741,1.759238362,-1.652537704,-0.808504045,-0.0399206765,0.3789053857,0.1119765937
curobo,33,-2.619896889,1.476398468,1.720048308,-2.866672277,0.9890021682,1.279022217,-1.641441464
curobo,33,-2.619896889,1.476398468,1.720048308,-2.866672277,0.9890021682,1.279022217,-1.641441464
curobo,33,-2.668904305,1.16716826,1.788581371,-2.836477995,1.075591803,1.024784446,-1.781050801
curobo,33,-2.668904305,1.16716826,1.788581371,-2.836477995,1.075591803,1.024784446,-1.781050801
curobo,33,-2.668904305,1.16716826,1.788581371,-2.836477995,1.075591803,1.024784446,-1.781050801
curobo,33,-1.848984361,-1.753299952,1.580800653,-2.845820665,-1.052292824,1.104680419,0.3633887768
curobo,33,-1.848984361,-1.753299952,1.580800653,-2.845820665,-1.052292824,1.104680419,0.3633887768
curobo,33,-1.049014449,-0.228238225,0.2010729313,-2.629092932,0.8193710446,0.0517241396,-2.729728937
curobo,33,-0.2869601548,-0.2926959693,-0.588955164,-2.70519495,1.051010966,0.2107410878,-2.359267712
curobo,33,-0.2152003795,-0.3105854094,-0.661640048,-2.712287664,1.066844225,0.2336670905,-2.327233553
curobo,33,-0.2152003795,-0.3105854094,-0.661640048,-2.712287664,1.066844225,0.2336670905,-2.327233553
curobo,33,-0.2152003795,-0.3105854094,-0.661640048,-2.712287664,1.066844225,0.2336670905,-2.327233553
curobo,33,-1.849457145,-1.74174726,1.578761458,-2.844708681,-1.055232882,1.095198154,0.3684704006
curobo,33,-0.1738052219,-0.3226215243,-0.7034653425,-2.716514349,1.075712562,0.2482626587,-2.308266878
curobo,33,-1.848803163,-1.757572532,1.581561685,-2.846231937,-1.051194191,1.108184338,0.3615072668
curobo,33,-2.600001097,1.690387487,1.672675252,-2.887962103,0.9084165692,1.445808411,-1.537259698
curobo,33,-2.600001097,1.690387487,1.672675252,-2.887962103,0.9084165692,1.445808411,-1.537259698
curobo,33,-2.600001097,1.690387487,1.672675252,-2.887962103,0.9084165692,1.445808411,-1.537259698
curobo,33,-1.852463365,-1.645666242,1.562756181,-2.835440159,-1.077982068,1.015892386,0.410505116
curobo,33,-1.852463365,-1.645666242,1.562756181,-2.835440159,-1.077982068,1.015892386,0.410505116
curobo,33,-1.852463365,-1.645666242,1.562756181,-2.835440159,-1.077982068,1.015892386,0.410505116
curobo,33,-1.852463365,-1.645666242,1.562756181,-2.835440159,-1.077982068,1.015892386,0.410505116
curobo,33,-0.6433702707,-0.2413204759,-0.22452344,-2.671757221,0.962221086,0.1246697009,-2.514743567
curobo,33,-0.6433702707,-0.2413204759,-0.22452344,-2.671757221,0.962221086,0.1246697009,-2.514743567
curobo,33,-0.6433702707,-0.2413204759,-0.22452344,-2.671757221,0.962221086,0.1246697009,-2.514743567
curobo,33,-0.6433702707,-0.2413204759,-0.22452344,-2.671757221,0.962221086,0.1246697009,-2.514743567
curobo,33,-1.853992939,-1.425439835,1.530713677,-2.813681126,-1.118624568,0.8316683173,0.5074038506
curobo,33,-1.853992939,-1.425439835,1.530713677,-2.813681126,-1.118624568,0.8316683173,0.5074038506
curobo,33,-1.802553415,-0.6320075989,1.400431156,-2.688061237,-1.008252501,0.1625676304,1.06266737
curobo,33,-1.802553415,-0.6320075989,1.400431156,-2.688061237,-1.008252501,0.1625676304,1.06266737
curobo,33,-1.848788381,-1.757917881,1.581623435,-2.846265078,-1.051105142,1.10846746,0.3613551259
curobo,33,-1.848788381,-1.757917881,1.581623435,-2.846265078,-1.051105142,1.10846746,0.3613551259
curobo,33,-2.616534948,1.505789757,1.713750005,-2.869560719,0.9790234566,1.302437663,-1.627647161
curobo,33,-2.616534948,1.505789757,1.713750005,-2.869560719,0.9790234566,1.302437663,-1.627647161
curobo,33,-2.616534948,1.505789757,1.713750005,-2.869560719,0.9790234566,1.302437663,-1.627647161
curobo,33,-1.849076629,-1.751092196,1.580408812,-2.845608234,-1.052858233,1.102869391,0.3643604219
curobo,33,-1.849076629,-1.751092196,1.580408812,-2.845608234,-1.052858233,1.102869391,0.3643604219
curobo,33,-1.84897387,-1.753549457,1.580844998,-2.845844746,-1.052228808,1.104885221,0.3632788956
curobo,33,-1.84897387,-1.753549457,1.580844998,-2.845844746,-1.052228808,1.104885221,0.3632788956
curobo,33,-1.84897387,-1.753549457,1.580844998,-2.845844746,-1.052228808,1.104885221,0.3632788956
curobo,33,-1.84897387,-1.753549457,1.580844998,-2.845844746,-1.052228808,1.104885221,0.3632788956
curobo,33,-1.812764287,-0.7114229798,1.421702743,-2.71049571,-1.062954307,0.2276934534,0.9600758553
curobo,33,-1.812764287,-0.7114229798,1.421702743,-2.71049571,-1.062954307,0.2276934534,0.9600758553
curobo,33,-2.627344131,1.416816354,1.732776403,-2.860841036,1.008251071,1.231116652,-1.669018269
curobo,33,-2.618863583,1.485245705,1.718155146,-2.867540836,0.9860326052,1.286086082,-1.637303352
curobo,33,-2.618863583,1.485245705,1.718155146,-2.867540836,0.9860326052,1.286086082,-1.637303352
curobo,33,-2.601512909,1.668964982,1.677654386,-2.885799885,0.9173582792,1.429527521,-1.548135877
curobo,33,-2.601512909,1.668964982,1.677654386,-2.885799885,0.9173582792,1.429527521,-1.548135877
curobo,33,-2.601512909,1.668964982,1.677654386,-2.885799885,0.9173582792,1.429527521,-1.548135877
curobo,33,-2.601512909,1.668964982,1.677654386,-2.885799885,0.9173582792,1.429527521,-1.548135877
curobo,34,-2.384144783,-0.3811735511,-0.03787846863,-2.253017426,-0.5827819109,0.6328072548,1.112236857
curobo,34,-2.384144783,-0.3811735511,-0.03787846863,-2.253017426,-0.5827819109,0.6328072548,1.112236857
curobo,34,-2.384144783,-0.3811735511,-0.03787846863,-2.253017426,-0.5827819109,0.6328072548,1.112236857
curobo,34,-0.9727779627,1.559356213,-2.07120657,-2.407396793,-0.2233941853,1.305662036,-0.1722726375
curobo,34,-0.9727779627,1.559356213,-2.07120657,-2.407396793,-0.2233941853,1.305662036,-0.1722726375
curobo,34,-0.9727779627,1.559356213,-2.07120657,-2.407396793,-0.2233941853,1.305662036,-0.1722726375
curobo,34,-1.082720041,1.759274364,-2.090827465,-2.415400267,-0.1219295934,1.34208262,-0.3501383364
curobo,34,-1.082720041,1.759274364,-2.090827465,-2.415400267,-0.1219295934,1.34208262,-0.3501383364
curobo,34,-1.082720041,1.759274364,-2.090827465,-2.415400267,-0.1219295934,1.34208262,-0.3501383364
curobo,34,-1.082720041,1.759274364,-2.090827465,-2.415400267,-0.1219295934,1.34208262,-0.3501383364
curobo,34,-0.6579870582,-1.759274364,-1.095028162,-2.21948123,0.5431528091,0.5207846165,-2.459565401
curobo,34,-0.6579870582,-1.759274364,-1.095028162,-2.21948123,0.5431528091,0.5207846165,-2.459565401
curobo,34,-2.890579939,-0.4243149161,0.3984369636,-2.28002882,-0.5902023911,0.7351526618,0.9293982387
curobo,34,-1.082720041,1.759274364,-2.090827465,-2.415400267,-0.1219294071,1.34208262,-0.350138247
curobo,34,-1.082720041,1.759274364,-2.090827465,-2.415400267,-0.1219294071,1.34208262,-0.350138247
curobo,34,-1.082720041,1.759274364,-2.090827465,-2.415400267,-0.1219294071,1.34208262,-0.350138247
curobo,34,-1.082720041,1.759274364,-2.090827465,-2.415400267,-0.1219294071,1.34208262,-0.350138247
curobo,34,-1.082720041,1.759274364,-2.090827465,-2.415400267,-0.1219294071,1.34208262,-0.350138247
curobo,34,2.483605623,1.759274364,2.046564579,-2.21948123,0.5431528091,0.5207846761,-2.459565401
curobo,34,0.4251301289,0.3986055553,-2.891439676,-2.270364046,-0.5900490284,0.6973444819,0.9946952462
curobo,34,2.483605623,1.759274364,2.046564579,-2.21948123,0.5431528091,0.5207846761,-2.459565401
curobo,34,0.4251301289,0.3986055553,-2.891439676,-2.270364046,-0.5900490284,0.6973444819,0.9946952462
curobo,34,2.483605623,1.759274364,2.046564579,-2.21948123,0.5431528091,0.5207846761,-2.459565401
curobo,34,2.483605623,1.759274364,2.046564579,-2.21948123,0.5431528091,0.5207846761,-2.459565401
curobo,34,2.138627291,-1.615633845,1.066870213,-2.410095453,-0.1956132501,1.317980409,-0.2218874097
curobo,34,2.0588727,-1.759274364,1.050765276,-2.415400267,-0.1219294593,1.3420825,-0.3501381874
curobo,34,2.0588727,-1.759274364,1.050765276,-2.415400267,-0.1219294593,1.3420825,-0.3501381874
curobo,34,2.0588727,-1.759274364,1.050765276,-2.415400267,-0.1219294593,1.3420825,-0.3501381874
curobo,34,2.0588727,-1.759274364,1.050765157,-2.415400267,-0.1219295114,1.3420825,-0.350138247
curobo,34,2.0588727,-1.759274364,1.050765157,-2.415400267,-0.1219295114,1.3420825,-0.350138247
curobo,34,2.0588727,-1.759274364,1.050765157,-2.415400267,-0.1219295114,1.3420825,-0.350138247
curobo,34,2.0588727,-1.759274364,1.050765157,-2.415400267,-0.1219295114,1.3420825,-0.350138247
curobo,34,1.750657916,0.6076331735,2.282176495,-2.175991774,-0.4351515472,0.4003911018,1.688070416
curobo,34,1.750657916,0.6076331735,2.282176495,-2.175991774,-0.4351515472,0.4003911018,1.688070416
curobo,34,1.750657916,0.6076331735,2.282176495,-2.175991774,-0.4351515472,0.4003911018,1.688070416
curobo,34,2.557139397,-0.9086562395,0.9941269755,-2.354763508,-0.4871182442,1.0616467,0.3916349709
curobo,34,2.557139397,-0.9086562395,0.9941269755,-2.354763508,-0.4871182442,1.0616467,0.3916349709
curobo,34,2.557139397,-0.9086562395,0.9941269755,-2.354763508,-0.4871182442,1.0616467,0.3916349709
curobo,34,0.4153398573,0.3997133076,-2.883030891,-2.270889044,-0.5901294947,0.6993654966,0.991148293
curobo,34,0.4153398573,0.3997133076,-2.883030891,-2.270889044,-0.5901294947,0.6993654966,0.991148293
curobo,34,0.4153398573,0.3997133076,-2.883030891,-2.270889044,-0.5901294947,0.6993654966,0.991148293
curobo,34,0.4153398573,0.3997133076,-2.883030891,-2.270889044,-0.5901294947,0.6993654966,0.991148293
curobo,34,0.4153398573,0.3997133076,-2.883030891,-2.270889044,-0.5901294947,0.6993654966,0.991148293
curobo,34,2.791333675,-0.6739583611,0.8625862002,-2.32608366,-0.5505709648,0.930773437,0.6101707816
curobo,34,2.791333675,-0.6739583611,0.8625862002,-2.32608366,-0.5505709648,0.930773437,0.6101707816
curobo,34,-1.082584262,1.759038568,-2.090791702,-2.415393591,-0.1220534518,1.342051864,-0.3499255776
curobo,34,-1.082584262,1.759038568,-2.090791702,-2.415393591,-0.1220534518,1.342051864,-0.3499255776
curobo,34,-1.082584262,1.759038568,-2.090791702,-2.415393591,-0.1220534518,1.342051864,-0.3499255776
curobo,34,2.375412941,1.516119957,2.002691984,-2.177019358,0.4386174679,0.402928859,-2.792300463
curobo,34,2.375412941,1.516119957,2.002691984,-2.177019358,0.4386174679,0.402928859,-2.792300463
curobo,35,0.2225854546,-1.752540827,0.9584704041,-1.787175536,0.1899419576,0.7963384986,0.7352337837
curobo,35,0.2225854546,-1.752540827,0.9584704041,-1.787175536,0.1899419576,0.7963384986,0.7352337837
curobo,35,0.2587059438,-1.700833201,0.9947939515,-1.79028511,0.1762746423,0.8067126274,0.7942201495
curobo,35,0.2587059438,-1.700833201,0.9947939515,-1.79028511,0.1762746423,0.8067126274,0.7942201495
curobo,35,1.24040556,1.243619919,1.925296307,-1.654858828,-0.1875039786,0.4254770279,-2.386440992
curobo,35,0.2827286124,-1.663848281,1.018906832,-1.792315364,0.1663895398,0.8135177493,0.8353862762
curobo,35,0.2827286124,-1.663848281,1.018906832,-1.792315364,0.1663895398,0.8135177493,0.8353862762
curobo,35,-1.625181198,-1.752503633,-0.9332390428,-1.636332273,0.05259504169,0.3859690428,-1.523048639
curobo,35,-2.771761417,1.510117888,-2.035588264,-1.799203277,0.1245106608,0.8367775083,0.9995075464
curobo,35,-2.771761417,1.510117888,-2.035588264,-1.799203277,0.1245106608,0.8367775083,0.9995075464
curobo,35,-2.771761417,1.510117888,-2.035588264,-1.799203277,0.1245106608,0.8367775083,0.9995075464
curobo,35,-1.625181198,-1.752503633,-0.9332390428,-1.636332273,0.05259504169,0.3859690428,-1.523048639
curobo,35,-2.771761417,1.510117888,-2.035588264,-1.799203277,0.1245106608,0.8367775083,0.9995075464
curobo,35,-2.771761417,1.510117888,-2.035588264,-1.799203277,0.1245106608,0.8367775083,0.9995075464
curobo,35,0.5902516246,-0.944398284,1.325417399,-1.806677461,-0.0330350697,0.8623048067,1.553333163
curobo,35,0.5902516246,-0.944398284,1.325417399,-1.806677461,-0.0330350697,0.8623048067,1.553333163
curobo,35,0.5902516246,-0.944398284,1.325417399,-1.806677461,-0.0330350697,0.8623048067,1.553333163
curobo,35,0.593349576,-0.9342675805,1.328550458,-1.806582808,-0.03580194339,0.8619793653,1.562889695
curobo,35,1.229893208,1.217707157,1.914407253,-1.657065868,-0.1963034123,0.4303877354,-2.425144911
curobo,35,-2.625955343,1.168727636,-1.890756607,-1.806797147,0.02916318737,0.8627160788,1.339497209
curobo,35,-2.625955343,1.168727636,-1.890756607,-1.806797147,0.02916318737,0.8627160788,1.339497209
curobo,35,1.464398146,1.678485632,2.154982328,-1.634992003,0.0122488169,0.3832280934,-1.660414577
curobo,35,0.217640236,-1.759274364,0.953491509,-1.786746144,0.1917077303,0.7949104905,0.7274141312
curobo,35,1.452052951,1.659617543,2.142331839,-1.634917736,0.002083412837,0.3830769062,-1.694809437
curobo,35,0.217640236,-1.759274364,0.953491509,-1.786746144,0.1917077303,0.7949104905,0.7274141312
curobo,35,0.217640236,-1.759274364,0.953491509,-1.786746144,0.1917077303,0.7949104905,0.7274141312
curobo,35,0.580257535,-0.9766230583,1.315337896,-1.806928635,-0.02420336381,0.8631676435,1.522887826
curobo,35,0.580257535,-0.9766230583,1.315337896,-1.806928635,-0.02420336381,0.8631676435,1.522887826
curobo,35,0.580257535,-0.9766230583,1.315337896,-1.806928635,-0.02420336381,0.8631676435,1.522887826
curobo,35,0.580257535,-0.9766230583,1.315337896,-1.806928635,-0.02420336381,0.8631676435,1.522887826
curobo,35,-1.624174714,-1.753852129,-0.9322051406,-1.636372566,0.05333398283,0.386051923,-1.520509362
curobo,35,-1.624174714,-1.753852129,-0.9322051406,-1.636372566,0.05333398283,0.386051923,-1.520509362
curobo,35,-1.624174714,-1.753852129,-0.9322051406,-1.636372566,0.05333398283,0.386051923,-1.520509362
curobo,35,-1.624174714,-1.753852129,-0.9322051406,-1.636372566,0.05333398283,0.386051923,-1.520509362
curobo,35,-2.023666382,-0.03761252761,-1.829143763,-1.765586138,-0.2542397976,0.7260304689,2.478983402
curobo,35,-2.023666382,-0.03761252761,-1.829143763,-1.765586138,-0.2542397976,0.7260304689,2.478983402
curobo,35,-2.023666382,-0.03761252761,-1.829143763,-1.765586138,-0.2542397976,0.7260304689,2.478983402
curobo,35,-2.023666382,-0.03761252761,-1.829143763,-1.765586138,-0.2542397976,0.7260304689,2.478983402
curobo,35,0.217640236,-1.759274364,0.9534914494,-1.786746144,0.1917076856,0.7949104905,0.727414012
curobo,35,0.217640236,-1.759274364,0.9534914494,-1.786746144,0.1917076856,0.7949104905,0.727414012
curobo,35,-1.605399251,-0.01502499171,-2.259687424,-1.76733768,-0.2504602969,0.7316153646,2.454868555
curobo,35,0.217640236,-1.759274364,0.9534914494,-1.786746144,0.1917076856,0.7949104905,0.727414012
curobo,35,0.217640236,-1.759274364,0.9534914494,-1.786746144,0.1917076856,0.7949104905,0.727414012
curobo,35,-2.630479574,1.181164503,-1.895249128,-1.806690335,0.03264573961,0.8623484969,1.327484131
curobo,35,-2.630479574,1.181164503,-1.895249128,-1.806690335,0.03264573961,0.8623484969,1.327484131
curobo,35,-2.630479574,1.181164503,-1.895249128,-1.806690335,0.03264573961,0.8623484969,1.327484131
curobo,35,-2.032571793,-0.875793159,-1.354922533,-1.690113425,-0.2759306729,0.5092413425,-2.89150548
curobo,35,-2.032571793,-0.875793159,-1.354922533,-1.690113425,-0.2759306729,0.5092413425,-2.89150548
curobo,35,-1.620585918,-1.758636355,-0.9285176992,-1.636520863,0.05595687032,0.3863557279,-1.51148963
curobo,35,2.292895079,0.009505013004,0.1200260669,-1.768067718,-0.2488247901,0.7339493036,2.444708824
curobo,36,1.649447322,-1.425293684,0.6649206281,-1.338858128,-0.773565352,0.9850828052,2.89150548
curobo,36,1.649447322,-1.425293684,0.6649206281,-1.338858128,-0.773565352,0.9850828052,2.89150548
curobo,36,0.5093705654,-0.1395983696,-2.707054138,-1.321557164,2.2530756,0.09281358123,1.644700885
curobo,36,0.5093705654,-0.1395983696,-2.707054138,-1.321557164,2.2530756,0.09281358123,1.644700885
curobo,36,-0.1444620043,-0.4015861452,-1.72869277,-1.258421302,1.65947938,0.3352572322,1.435423255
curobo,36,0.4789628386,-1.51581943,-0.5205729604,-1.391492486,0.3511811793,1.206642747,2.020644903
curobo,36,0.4789628386,-1.51581943,-0.5205729604,-1.391492486,0.3511811793,1.206642747,2.020644903
curobo,36,0.4789628386,-1.51581943,-0.5205729604,-1.391492486,0.3511811793,1.206642747,2.020644903
curobo,36,-0.1512945592,-0.4218507707,-1.697651625,-1.257688522,1.63039434,0.3525363207,1.433294058
curobo,36,-0.1512945592,-0.4218507707,-1.697651625,-1.257688522,1.63039434,0.3525363207,1.433294058
curobo,36,0.4987103045,-1.527305365,-0.5007119775,-1.393241644,0.3307006657,1.213432908,2.036725998
curobo,36,-0.1280816942,-0.7306271791,-1.341445088,-1.272873998,1.259912968,0.6123139262,1.478565812
curobo,36,-2.695639849,1.495388031,2.58758688,-1.38831532,0.3859065175,1.19422853,1.993561745
curobo,36,-1.163842916,0.2568491995,-1.14371407,-1.391213298,-2.787242174,0.01000856142,2.588317871
curobo,36,-1.163842916,0.2568491995,-1.14371407,-1.391213298,-2.787242174,0.01000856142,2.588317871
curobo,36,0.151705116,-0.193279013,-2.274850845,-1.293116689,2.055404663,0.1517025083,1.543184161
curobo,36,-1.163842916,0.2568491995,-1.14371407,-1.391213298,-2.787242174,0.01000856142,2.588317871
curobo,36,-0.1528252512,-0.6343628764,-1.437898278,-1.264151573,1.365386724,0.5320361853,1.452260137
curobo,36,-1.163842916,0.2568491995,-1.14371407,-1.391213298,-2.787242174,0.01000856142,2.588317871
curobo,36,0.151705116,-0.193279013,-2.274850845,-1.293116689,2.055404663,0.1517025083,1.543184161
curobo,36,0.151705116,-0.193279013,-2.274850845,-1.293116689,2.055404663,0.1517025083,1.543184161
curobo,36,-2.588180542,0.136245966,0.3846312165,-1.324521303,2.27274847,0.08795569837,1.656201601
curobo,36,-1.492145419,1.425293446,-2.476671934,-1.33885777,-0.7735654116,0.9850825667,2.89150548
curobo,36,-1.492145419,1.425293446,-2.476671934,-1.33885777,-0.7735654116,0.9850825667,2.89150548
curobo,36,0.5252468586,-1.5418998,-0.4741676152,-1.395417809,0.3035004437,1.221836329,2.058196068
curobo,36,0.5252468586,-1.5418998,-0.4741676152,-1.395417809,0.3035004437,1.221836329,2.058196068
curobo,36,0.2179041207,-0.1780485809,-2.360509872,-1.299195051,2.100038767,0.1367059648,1.563703656
curobo,36,0.2179041207,-0.1780485809,-2.360509872,-1.299195051,2.100038767,0.1367059648,1.563703656
curobo,36,0.2179041207,-0.1780485809,-2.360509872,-1.299195051,2.100038767,0.1367059648,1.563703656
curobo,36,0.2179041207,-0.1780485809,-2.360509872,-1.299195051,2.100038767,0.1367059648,1.563703656
curobo,36,0.02743835188,-1.060137272,-1.039451718,-1.316911817,0.9194794297,0.8795036674,1.627075076
curobo,36,-0.1620693058,-0.4755689502,-1.622446299,-1.257113934,1.557341218,0.3981871009,1.431626916
curobo,36,-0.1620693058,-0.4755689502,-1.622446299,-1.257113934,1.557341218,0.3981871009,1.431626916
curobo,36,-0.1620693058,-0.4755689502,-1.622446299,-1.257113934,1.557341218,0.3981871009,1.431626916
curobo,36,-0.1621455848,-0.4762396514,-1.621562719,-1.25711751,1.556462288,0.3987558484,1.431639552
curobo,36,-0.1621455848,-0.4762396514,-1.621562719,-1.25711751,1.556462288,0.3987558484,1.431639552
curobo,36,0.3898042738,-0.1513359696,-2.569041014,-1.313061833,2.196238041,0.1078184471,1.612806082
curobo,36,0.3898042738,-0.1513359696,-2.569041014,-1.313061833,2.196238041,0.1078184471,1.612806082
curobo,36,-0.1616624594,-0.4722028673,-1.626903057,-1.257096648,1.561766267,0.3953324854,1.431577921
curobo,36,-0.1517907679,-0.4235506058,-1.695122719,-1.257640958,1.627995849,0.3539840579,1.433155179
curobo,36,-0.1517907679,-0.4235506058,-1.695122719,-1.257640958,1.627995849,0.3539840579,1.433155179
curobo,36,-0.1615874618,-0.4716084898,-1.627693057,-1.257094383,1.562549472,0.3948282301,1.431571126
curobo,36,-0.1615874618,-0.4716084898,-1.627693057,-1.257094383,1.562549472,0.3948282301,1.431571126
curobo,36,-0.1615874618,-0.4716084898,-1.627693057,-1.257094383,1.562549472,0.3948282301,1.431571126
curobo,36,-2.130215645,0.1217015684,-0.1181495786,-1.353048086,2.465191126,0.04864142463,1.779587269
curobo,36,-2.130215645,0.1217015684,-0.1181495786,-1.353048086,2.465191126,0.04864142463,1.779587269
curobo,36,-2.130215645,0.1217015684,-0.1181495786,-1.353048086,2.465191126,0.04864142463,1.779587269
curobo,36,-2.130215645,0.1217015684,-0.1181495786,-1.353048086,2.465191126,0.04864142463,1.779587269
curobo,36,-2.130215645,0.1217015684,-0.1181495786,-1.353048086,2.465191126,0.04864142463,1.779587269
curobo,36,-0.05161768943,-0.9188186526,-1.167322993,-1.296025991,1.064570308,0.7666763663,1.552934766
curobo,37,0.39879933,-0.243815884,-0.4022704363,-0.9939646721,0.4267834127,1.635207534,2.427359104
curobo,37,0.39879933,-0.243815884,-0.4022704363,-0.9939646721,0.4267834127,1.635207534,2.427359104
curobo,37,0.39879933,-0.243815884,-0.4022704363,-0.9939646721,0.4267834127,1.635207534,2.427359104
curobo,37,0.39879933,-0.243815884,-0.4022704363,-0.9939646721,0.4267834127,1.635207534,2.427359104
curobo,37,0.1290046126,-0.2207768112,-0.240647614,-0.9862605333,0.5394282341,1.607857108,2.387221336
curobo,37,0.1290046126,-0.2207768112,-0.240647614,-0.9862605333,0.5394282341,1.607857108,2.387221336
curobo,37,0.1290046126,-0.2207768112,-0.240647614,-0.9862605333,0.5394282341,1.607857108,2.387221336
curobo,37,0.1290046126,-0.2207768112,-0.240647614,-0.9862605333,0.5394282341,1.607857108,2.387221336
curobo,37,-1.864886642,-0.4337431192,0.6925724745,-0.9263945222,1.572736025,1.194783449,2.201320648
curobo,37,-1.864886642,-0.4337431192,0.6925724745,-0.9263945222,1.572736025,1.194783449,2.201320648
curobo,37,-1.864886642,-0.4337431192,0.6925724745,-0.9263945222,1.572736025,1.194783449,2.201320648
curobo,37,-1.864886642,-0.4337431192,0.6925724745,-0.9263945222,1.572736025,1.194783449,2.201320648
curobo,37,-2.503947973,0.27686885,2.61286211,-1.000596762,0.3082638085,1.65764904,2.472330093
curobo,37,1.371135712,-0.4840249717,-0.7227028012,-1.002755523,-0.2603847384,1.664762735,2.703243732
curobo,37,-0.4006038904,-0.2083870769,0.1001503915,-0.9711344838,0.7319410443,1.549085021,2.326029301
curobo,37,-1.464474797,-0.3182220757,0.6519441009,-0.9352487922,1.230748653,1.348282099,2.222049236
curobo,37,-1.464474797,-0.3182220757,0.6519441009,-0.9352487922,1.230748653,1.348282099,2.222049236
curobo,37,-0.8668279648,-0.2298283577,0.3871366978,-0.9566816688,0.9098351002,1.483707309,2.279303551
curobo,37,-0.5527883172,-0.2118811309,0.1973759383,-0.9666206837,0.7869669199,1.529860497,2.310503483
curobo,37,-0.5527883172,-0.2118811309,0.1973759383,-0.9666206837,0.7869669199,1.529860497,2.310503483
curobo,37,-0.136602357,-0.2096980065,-0.07109770179,-0.9787182808,0.638046205,1.579507709,2.354601622
curobo,37,0.3802422285,-0.2417890131,-0.3916811049,-0.9934358597,0.4351332486,1.633375525,2.424289227
curobo,37,0.3802422285,-0.2417890131,-0.3916811049,-0.9934358597,0.4351332486,1.633375525,2.424289227
curobo,37,1.659339905,-0.6040452123,-0.679497838,-0.9827408195,-0.5863988996,1.594841123,2.823011875
curobo,37,1.659339905,-0.6040452123,-0.679497838,-0.9827408195,-0.5863988996,1.594841123,2.823011875
curobo,37,1.659339905,-0.6040452123,-0.679497838,-0.9827408195,-0.5863988996,1.594841123,2.823011875
curobo,37,0.7051834464,-0.2888423204,-0.5604750514,-1.00233674,0.2702785432,1.663387418,2.487225294
curobo,37,1.659339905,-0.6040452123,-0.679497838,-0.9827408195,-0.5863988996,1.594841123,2.823011875
curobo,37,1.262314081,0.4387928545,-2.450221777,-0.9264190793,1.587631345,1.188143134,2.201369762
curobo,37,1.262314081,0.4387928545,-2.450221777,-0.9264190793,1.587631345,1.188143134,2.201369762
curobo,37,1.262314081,0.4387928545,-2.450221777,-0.9264190793,1.587631345,1.188143134,2.201369762
curobo,37,1.262314081,0.4387928545,-2.450221777,-0.9264190793,1.587631345,1.188143134,2.201369762
curobo,37,-1.957327843,0.414868325,2.431064606,-1.007796288,-0.07920512557,1.68101728,2.629857302
curobo,37,-0.1923499554,-0.208644107,-0.03492760286,-0.9771313667,0.6579737663,1.57331717,2.348326683
curobo,37,-0.1923499554,-0.208644107,-0.03492760286,-0.9771313667,0.6579737663,1.57331717,2.348326683
curobo,37,-1.957327843,0.414868325,2.431064606,-1.007796288,-0.07920512557,1.68101728,2.629857302
curobo,37,-1.957327843,0.414868325,2.431064606,-1.007796288,-0.07920512557,1.68101728,2.629857302
curobo,37,-1.957327843,0.414868325,2.431064606,-1.007796288,-0.07920512557,1.68101728,2.629857302
curobo,37,-0.1923499554,-0.208644107,-0.03492760286,-0.9771313667,0.6579737663,1.57331717,2.348326683
curobo,37,-2.737245083,-0.7712368369,0.4113247991,-0.998758316,2.797179461,0.793299377,2.458356142
curobo,37,-2.737245083,-0.7712368369,0.4113247991,-0.998758316,2.797179461,0.793299377,2.458356142
curobo,37,-2.564233065,0.2672198713,2.642843008,-0.9989746809,0.3403449655,1.652244329,2.459918022
curobo,37,-2.564233065,0.2672198713,2.642843008,-0.9989746809,0.3403449655,1.652244329,2.459918022
curobo,37,-2.564233065,0.2672198713,2.642843008,-0.9989746809,0.3403449655,1.652244329,2.459918022
curobo,37,2.472118378,0.2167677134,-2.871523857,-0.9630425572,0.8306999803,1.513914704,2.298838139
curobo,37,2.472118378,0.2167677134,-2.871523857,-0.9630425572,0.8306999803,1.513914704,2.298838139
curobo,37,-0.7267313004,-0.2199093699,0.3049095571,-0.9612400532,0.8528804183,1.505616546,2.293156147
curobo,37,-0.7267313004,-0.2199093699,0.3049095571,-0.9612400532,0.8528804183,1.505616546,2.293156147
curobo,37,-0.7267313004,-0.2199093699,0.3049095571,-0.9612400532,0.8528804183,1.505616546,2.293156147
curobo,37,-0.8944450617,-0.2321817428,0.4027449489,-0.9557555914,0.9216012359,1.479079485,2.276576042
curobo,38,-1.053721309,-1.459400535,-0.1912556291,-0.3018403947,0.1468238235,1.877580881,2.792439461
curobo,38,-0.9699451327,-1.458462119,0.257802099,-0.304040283,-0.3331703842,1.872673988,2.850943804
curobo,38,-0.9913015962,-1.641684651,0.06625153124,-0.6306924224,-0.1369596124,2.025848389,2.845190048
curobo,38,-1.094216943,-1.449565887,-0.4132230282,-0.304923892,0.3840301037,1.870664835,2.763871908
curobo,38,2.043215513,1.448134899,2.705054522,-0.3054010868,0.4089232981,1.869576693,2.760938644
curobo,38,2.043215513,1.448134899,2.705054522,-0.3054010868,0.4089232981,1.869576693,2.760938644
curobo,38,2.043215513,1.448134899,2.705054522,-0.3054010868,0.4089232981,1.869576693,2.760938644
curobo,38,2.268307447,0.9798149467,-0.4028741121,-0.6241568923,-2.856232882,1.470735669,2.881441832
curobo,38,2.268307447,0.9798149467,-0.4028741121,-0.6241568923,-2.856232882,1.470735669,2.881441832
curobo,38,2.268307447,0.9798149467,-0.4028741121,-0.6241568923,-2.856232882,1.470735669,2.881441832
curobo,38,-1.113715768,-0.9641174078,-2.891340733,-0.6252976656,2.876439571,1.468690157,2.744211674
curobo,38,-1.020961046,-1.462360024,-0.01549048629,-0.3013466597,-0.04112494737,1.878667116,2.815474272
curobo,38,-1.020961046,-1.462360024,-0.01549048629,-0.3013466597,-0.04112494737,1.878667116,2.815474272
curobo,38,-1.076939702,-1.4546417,-0.3175708055,-0.3032650054,0.2818502188,1.874406815,2.776061773
curobo,38,-1.076939702,-1.4546417,-0.3175708055,-0.3032650054,0.2818502188,1.874406815,2.776061773
curobo,38,-1.076939702,-1.4546417,-0.3175708055,-0.3032650054,0.2818502188,1.874406815,2.776061773
curobo,38,-1.076939702,-1.4546417,-0.3175708055,-0.3032650054,0.2818502188,1.874406815,2.776061773
curobo,38,-1.320171952,-1.141944885,-2.056056738,-0.5525918603,2.122145176,1.612665176,2.618221045
curobo,38,-1.320171952,-1.141944885,-2.056056738,-0.5525918603,2.122145176,1.612665176,2.618221045
curobo,38,2.266498566,0.979059577,-0.3975268602,-0.6244248748,-2.860842943,1.470256329,2.880351782
curobo,38,2.266498566,0.979059577,-0.3975268602,-0.6244248748,-2.860842943,1.470256329,2.880351782
curobo,38,2.266498566,0.979059577,-0.3975268602,-0.6244248748,-2.860842943,1.470256329,2.880351782
curobo,38,2.266498566,0.979059577,-0.3975268602,-0.6244248748,-2.860842943,1.470256329,2.880351782
curobo,38,2.266498566,0.979059577,-0.3975268602,-0.6244248748,-2.860842943,1.470256329,2.880351782
curobo,38,-0.982722342,-1.460427284,0.1890056878,-0.3029709756,-0.2597000897,1.875065446,2.842124701
curobo,38,-1.021552444,-1.643223405,-0.01178431977,-0.63245368,-0.04795962945,2.028771162,2.822664261
curobo,38,-0.9426136017,-1.632664442,0.1950045079,-0.6242880821,-0.2830761075,2.015130043,2.880901814
curobo,38,-0.954180479,-1.635563016,0.1638604701,-0.6262134314,-0.2478393763,2.01836729,2.87249279
curobo,38,-0.8843685985,-0.9753799438,2.771209478,-0.6257174015,-2.884190083,1.467941642,2.874790192
curobo,38,-0.8843685985,-0.9753799438,2.771209478,-0.6257174015,-2.884190083,1.467941642,2.874790192
curobo,38,-0.8843685985,-0.9753799438,2.771209478,-0.6257174015,-2.884190083,1.467941642,2.874790192
curobo,38,-0.9410161376,-1.632227182,0.1993402392,-0.6240044236,-0.2879754901,2.014649153,2.882059097
curobo,38,-0.8836746812,-0.9756458402,2.769192219,-0.6256228685,-2.882457733,1.46810782,2.87520504
curobo,38,-0.8836746812,-0.9756458402,2.769192219,-0.6256228685,-2.882457733,1.46810782,2.87520504
curobo,38,-0.8771933913,-0.9781986475,2.750249386,-0.6247294545,-2.866169453,1.469711423,2.879088879
curobo,38,-0.8771933913,-0.9781986475,2.750249386,-0.6247294545,-2.866169453,1.469711423,2.879088879
curobo,38,2.257484674,0.9754809141,-0.3711417615,-0.625679791,-2.883538485,1.468004823,2.874946117
curobo,38,2.25807023,0.9757031202,-0.3728421926,-0.6256042123,-2.882078409,1.468143344,2.875295877
curobo,38,2.25807023,0.9757031202,-0.3728421926,-0.6256042123,-2.882078409,1.468143344,2.875295877
curobo,38,2.25807023,0.9757031202,-0.3728421926,-0.6256042123,-2.882078409,1.468143344,2.875295877
curobo,38,-0.9439588785,-1.452272058,0.3995308578,-0.3070058227,-0.4843641222,1.865850091,2.868699551
curobo,38,-0.9323467612,-1.629678369,0.2230434865,-0.6223622561,-0.3147307336,2.011881113,2.888319969
curobo,38,2.032075167,0.9630324841,0.2385576516,-0.6258288026,2.886332512,1.467739344,2.746578932
curobo,38,2.032075167,0.9630324841,0.2385576516,-0.6258288026,2.886332512,1.467739344,2.746578932
curobo,38,-1.055174589,-1.459168196,-0.1991068125,-0.3019014597,0.1552183032,1.877441168,2.791414976
curobo,38,-1.055174589,-1.459168196,-0.1991068125,-0.3019014597,0.1552183032,1.877441168,2.791414976
curobo,38,-0.8836512566,-0.975654304,2.769124508,-0.6256204844,-2.882399559,1.468113065,2.875219107
curobo,38,2.200155973,1.145642281,-0.432333976,-0.3042523563,-2.795332909,1.612839103,2.8525033
curobo,38,2.200155973,1.145642281,-0.432333976,-0.3042523563,-2.795332909,1.612839103,2.8525033
curobo,38,2.200155973,1.145642281,-0.432333976,-0.3042523563,-2.795332909,1.612839103,2.8525033
curobo,39,-2.843567133,-0.9884223938,1.681937933,-0.8269811273,-2.695545435,1.728029013,-2.662247419
curobo,39,-2.843567133,-0.9884223938,1.681937933,-0.8269811273,-2.695545435,1.728029013,-2.662247419
curobo,39,-2.843567133,-0.9884223938,1.681937933,-0.8269811273,-2.695545435,1.728029013,-2.662247419
curobo,39,-2.843567133,-0.9884223938,1.681937933,-0.8269811273,-2.695545435,1.728029013,-2.662247419
curobo,39,-2.843567133,-0.9884223938,1.681937933,-0.8269811273,-2.695545435,1.728029013,-2.662247419
curobo,39,0.2990750372,1.006036878,-1.493815303,-0.8245424628,-2.661548138,1.735207915,-2.651448488
curobo,39,0.2990750372,1.006036878,-1.493815303,-0.8245424628,-2.661548138,1.735207915,-2.651448488
curobo,39,0.2990750372,1.006036878,-1.493815303,-0.8245424628,-2.661548138,1.735207915,-2.651448488
curobo,39,-2.853015661,-0.9298266172,1.798598528,-0.8341346979,-2.808683395,1.707477927,-2.69985652
curobo,39,-2.853015661,-0.9298266172,1.798598528,-0.8341346979,-2.808683395,1.707477927,-2.69985652
curobo,39,-2.853015661,-0.9298266172,1.798598528,-0.8341346979,-2.808683395,1.707477927,-2.69985652
curobo,39,-0.5759333372,1.409528613,2.414122581,-0.8405247927,0.1919227839,2.438997507,-2.890816689
curobo,39,-0.5759333372,1.409528613,2.414122581,-0.8405247927,0.1919227839,2.438997507,-2.890816689
curobo,39,0.2977414131,0.9851233363,-1.453222275,-0.8274239898,-2.701906681,1.726735353,-2.664295673
curobo,39,0.299259156,1.030761361,-1.541378856,-0.8209174871,-2.613652229,1.746054173,-2.636675119
curobo,39,0.2854528725,0.917980969,-1.318589926,-0.8353841305,-2.831703186,1.703960061,-2.707787991
curobo,39,0.2854528725,0.917980969,-1.318589926,-0.8353841305,-2.831703186,1.703960061,-2.707787991
curobo,39,0.2854528725,0.917980969,-1.318589926,-0.8353841305,-2.831703186,1.703960061,-2.707787991
curobo,39,0.2854528725,0.917980969,-1.318589926,-0.8353841305,-2.831703186,1.703960061,-2.707787991
curobo,39,0.2854528725,0.917980969,-1.318589926,-0.8353841305,-2.831703186,1.703960061,-2.707787991
curobo,39,-0.2731485367,1.048305035,0.8193474412,-0.09127026051,1.66597259,2.059631109,-2.861039639
curobo,39,0.1548517346,1.369565248,-2.277807474,-0.762470305,-1.838284612,1.995750904,-2.486927032
curobo,39,0.1548517346,1.369565248,-2.277807474,-0.762470305,-1.838284612,1.995750904,-2.486927032
curobo,39,0.1548517346,1.369565248,-2.277807474,-0.762470305,-1.838284612,1.995750904,-2.486927032
curobo,39,-2.85022831,-0.9421136975,1.773628235,-0.8327658772,-2.784886122,1.711356282,-2.691749573
curobo,39,-2.85022831,-0.9421136975,1.773628235,-0.8327658772,-2.784886122,1.711356282,-2.691749573
curobo,39,-2.85022831,-0.9421136975,1.773628235,-0.8327658772,-2.784886122,1.711356282,-2.691749573
curobo,39,-2.85479331,-0.922883153,1.812860966,-0.8348760605,-2.822165966,1.705389261,-2.704491615
curobo,39,-2.85479331,-0.922883153,1.812860966,-0.8348760605,-2.822165966,1.705389261,-2.704491615
curobo,39,-2.85479331,-0.922883153,1.812860966,-0.8348760605,-2.822165966,1.705389261,-2.704491615
curobo,39,0.2620961964,1.202638745,-1.878580332,-0.7910551429,-2.262268066,1.846807837,-2.546745062
curobo,39,0.2980181277,1.055233955,-1.588236094,-0.817117393,-2.565905571,1.757672429,-2.622492313
curobo,39,0.2980181277,1.055233955,-1.588236094,-0.817117393,-2.565905571,1.757672429,-2.622492313
curobo,39,0.2980181277,1.055233955,-1.588236094,-0.817117393,-2.565905571,1.757672429,-2.622492313
curobo,39,0.2980181277,1.055233955,-1.588236094,-0.817117393,-2.565905571,1.757672429,-2.622492313
curobo,39,-0.1773219705,1.118343949,-2.199204922,-0.09126707166,-1.681762338,2.058981657,-2.779448986
curobo,39,-0.2873078585,1.08077538,1.531204462,-0.09090410173,0.9571208954,2.08708787,-2.853602648
curobo,39,-0.2038981915,1.040670991,-0.4539687037,-0.09023140371,2.891081333,2.02367568,-2.830258369
curobo,39,-0.2038981915,1.040670991,-0.4539687037,-0.09023140371,2.891081333,2.02367568,-2.830258369
curobo,39,-0.2392756939,1.135424852,2.891335249,-0.0903737992,-0.4507861733,2.099995613,-2.802522182
curobo,39,-0.2392756939,1.135424852,2.891335249,-0.0903737992,-0.4507861733,2.099995613,-2.802522182
curobo,39,-2.852535725,-0.9318057895,1.794553876,-0.8339195251,-2.804845333,1.708086729,-2.698542595
curobo,39,-2.852535725,-0.9318057895,1.794553876,-0.8339195251,-2.804845333,1.708086729,-2.698542595
curobo,39,-2.852535725,-0.9318057895,1.794553876,-0.8339195251,-2.804845333,1.708086729,-2.698542595
curobo,39,-0.2868921757,1.085953474,1.63103199,-0.09079423547,0.855758965,2.090292454,-2.851012707
curobo,39,-0.2868921757,1.085953474,1.63103199,-0.09079423547,0.855758965,2.090292454,-2.851012707
curobo,39,-0.2868921757,1.085953474,1.63103199,-0.09079423547,0.855758965,2.090292454,-2.851012707
curobo,39,-0.2485876083,1.035916686,0.3165180683,-0.09093736857,2.153529167,2.040809155,-2.85432744
curobo,39,0.2972213924,1.064165592,-1.605327845,-0.8156808019,-2.548366547,1.762132406,-2.61742568
curobo,39,0.2972213924,1.064165592,-1.605327845,-0.8156808019,-2.548366547,1.762132406,-2.61742568
curobo,40,-0.829369545,0.002884939313,-0.7795063853,-2.647586107,2.601512432,2.40103507,-2.640861988
curobo,40,-0.829369545,0.002884939313,-0.7795063853,-2.647586107,2.601512432,2.40103507,-2.640861988
curobo,40,-0.829369545,0.002884939313,-0.7795063853,-2.647586107,2.601512432,2.40103507,-2.640861988
curobo,40,2.717179537,-0.00519343419,1.957585096,-2.647933722,2.601277113,2.399667978,-2.638214827
curobo,40,2.717179537,-0.00519343419,1.957585096,-2.647933722,2.601277113,2.399667978,-2.638214827
curobo,40,2.717179537,-0.00519343419,1.957585096,-2.647933722,2.601277113,2.399667978,-2.638214827
curobo,40,-1.526614666,0.002121385653,-0.0825644806,-2.647354603,2.601671457,2.401945591,-2.642627001
curobo,40,-1.526614666,0.002121385653,-0.0825644806,-2.647354603,2.601671457,2.401945591,-2.642627001
curobo,40,-1.526614666,0.002121385653,-0.0825644806,-2.647354603,2.601671457,2.401945591,-2.642627001
curobo,40,-1.627289057,0.002121803118,0.01807507873,-2.647327662,2.601689816,2.402050495,-2.642830133
curobo,40,-0.2765147686,-1.649847388,-1.867524981,-2.573972702,-2.749293089,2.648583651,1.216826797
curobo,40,-0.2765147686,-1.649847388,-1.867524981,-2.573972702,-2.749293089,2.648583651,1.216826797
curobo,40,0.05089768395,0.6910564303,-1.532331944,-2.723458767,2.652178049,2.067192554,-2.053133726
curobo,40,0.05089768395,0.6910564303,-1.532331944,-2.723458767,2.652178049,2.067192554,-2.053133726
curobo,40,0.05089768395,0.6910564303,-1.532331944,-2.723458767,2.652178049,2.067192554,-2.053133726
curobo,40,-2.710828304,0.005020168144,1.100888133,-2.646772385,2.602078676,2.404230118,-2.647063971
curobo,40,-2.710828304,0.005020168144,1.100888133,-2.646772385,2.602078676,2.404230118,-2.647063971
curobo,40,-0.3162587881,-1.759274364,-1.895624042,-2.589666605,-2.699232817,2.602841377,1.066202283
curobo,40,-2.415501118,0.003173880745,0.8059186935,-2.647046328,2.601885796,2.403156519,-2.644977093
curobo,40,-2.415501118,0.003173880745,0.8059186935,-2.647046328,2.601885796,2.403156519,-2.644977093
curobo,40,-2.415501118,0.003173880745,0.8059186935,-2.647046328,2.601885796,2.403156519,-2.644977093
curobo,40,-2.415501118,0.003173880745,0.8059186935,-2.647046328,2.601885796,2.403156519,-2.644977093
curobo,40,-0.06168362126,-0.6736108661,-1.676462531,-2.558313847,2.814655781,2.690649986,2.84639287
curobo,40,-0.06168362126,-0.6736108661,-1.676462531,-2.558313847,2.814655781,2.690649986,2.84639287
curobo,40,2.816309452,-0.006712727249,1.858721375,-2.648136377,2.601141691,2.398868084,-2.636668921
curobo,40,2.816309452,-0.006712727249,1.858721375,-2.648136377,2.601141691,2.398868084,-2.636668921
curobo,40,2.816309452,-0.006712727249,1.858721375,-2.648136377,2.601141691,2.398868084,-2.636668921
curobo,40,-0.4831216931,0.004598932341,-1.125406861,-2.647851229,2.601332664,2.399992228,-2.638842344
curobo,40,-0.4831216931,0.004598932341,-1.125406861,-2.647851229,2.601332664,2.399992228,-2.638842344
curobo,40,-0.3162585497,-1.759274364,-1.895623922,-2.589666367,-2.699232817,2.602841377,1.066202402
curobo,40,-0.3162585497,-1.759274364,-1.895623922,-2.589666367,-2.699232817,2.602841377,1.066202402
curobo,40,-0.3162585497,-1.759274364,-1.895623922,-2.589666367,-2.699232817,2.602841377,1.066202402
curobo,40,-0.3162585497,-1.759274364,-1.895623922,-2.589666367,-2.699232817,2.602841377,1.066202402
curobo,40,-0.3162588477,-1.759274364,-1.895624042,-2.589666605,-2.699232817,2.602841377,1.066202283
curobo,40,-0.3162588477,-1.759274364,-1.895624042,-2.589666605,-2.699232817,2.602841377,1.066202283
curobo,40,-0.2236112058,-1.484465599,-1.829459548,-2.552238941,-2.846010447,2.706051826,1.466671348
curobo,40,-0.2236112058,-1.484465599,-1.829459548,-2.552238941,-2.846010447,2.706051826,1.466671348
curobo,40,2.820385933,-0.00679502869,1.854659081,-2.648147583,2.601134539,2.398825407,-2.636586666
curobo,40,2.820385933,-0.00679502869,1.854659081,-2.648147583,2.601134539,2.398825407,-2.636586666
curobo,40,0.05086327717,0.6907222271,-1.532373071,-2.723427057,2.652107716,2.067343473,-2.053401232
curobo,40,0.05086327717,0.6907222271,-1.532373071,-2.723427057,2.652107716,2.067343473,-2.053401232
curobo,40,2.891493797,-0.008695838973,1.783874631,-2.648393631,2.600971937,2.397853851,-2.634710073
curobo,40,0.1501727551,1.413351774,-1.400990605,-2.7786026,2.890058517,1.804676533,-1.46914041
curobo,40,0.07097501308,0.8748674989,-1.507502556,-2.740230083,2.696819067,1.98732388,-1.90650034
curobo,40,0.07097501308,0.8748674989,-1.507502556,-2.740230083,2.696819067,1.98732388,-1.90650034
curobo,40,1.782559514,-0.002169106388,2.891505718,-2.647399902,2.601639748,2.401767969,-2.642281771
curobo,40,1.782559514,-0.002169106388,2.891505718,-2.647399902,2.601639748,2.401767969,-2.642281771
curobo,40,-0.2045729905,-1.418432713,-1.815062523,-2.544789314,-2.89150548,2.724266291,1.573952198
curobo,40,-0.2045729905,-1.418432713,-1.815062523,-2.544789314,-2.89150548,2.724266291,1.573952198
curobo,40,-1.033293843,0.002473691711,-0.5756936073,-2.647500992,2.601570606,2.401369572,-2.641510725
curobo,41,-1.414093494,1.725769997,-0.4200226665,-2.167189121,-2.688104868,2.64365983,-2.117342234
curobo,41,-1.414093494,1.725769997,-0.4200226665,-2.167189121,-2.688104868,2.64365983,-2.117342234
curobo,41,-1.414093494,1.725769997,-0.4200226665,-2.167189121,-2.688104868,2.64365983,-2.117342234
curobo,41,-1.414093494,1.725769997,-0.4200226665,-2.167189121,-2.688104868,2.64365983,-2.117342234
curobo,41,-1.414093494,1.725769997,-0.4200226665,-2.167189121,-2.688104868,2.64365983,-2.117342234
curobo,41,-1.418441057,1.723693848,-0.4199087918,-2.16787076,-2.686559677,2.641717434,-2.123095036
curobo,41,-1.508980036,1.680562854,-0.4151265919,-2.182004929,-2.658531189,2.599993706,-2.238922119
curobo,41,-1.69154954,1.596071959,-0.3926044703,-2.209486485,-2.623932123,2.510891914,-2.451243639
curobo,41,-1.69154954,1.596071959,-0.3926044703,-2.209486485,-2.623932123,2.510891914,-2.451243639
curobo,41,-1.69154954,1.596071959,-0.3926044703,-2.209486485,-2.623932123,2.510891914,-2.451243639
curobo,41,-1.69154954,1.596071959,-0.3926044703,-2.209486485,-2.623932123,2.510891914,-2.451243639
curobo,41,-1.428249836,1.719009638,-0.4196120203,-2.169408321,-2.683141947,2.637312651,-2.136009216
curobo,41,1.63111937,1.727489233,0.3599725366,-2.331201077,2.787833214,2.012765884,1.391719937
curobo,41,1.63111937,1.727489233,0.3599725366,-2.331201077,2.787833214,2.012765884,1.391719937
curobo,41,1.63111937,1.727489233,0.3599725366,-2.331201077,2.787833214,2.012765884,1.391719937
curobo,41,1.63111937,1.727489233,0.3599725366,-2.331201077,2.787833214,2.012765884,1.391719937
curobo,41,1.63111937,1.727489233,0.3599725366,-2.331201077,2.787833214,2.012765884,1.391719937
curobo,41,1.63111937,1.727489233,0.3599725366,-2.331201077,2.787833214,2.012765884,1.391719937
curobo,41,1.63111937,1.727489233,0.3599725366,-2.331201077,2.787833214,2.012765884,1.391719937
curobo,41,1.63111937,1.727489233,0.3599725366,-2.331201077,2.787833214,2.012765884,1.391719937
curobo,41,1.506601572,-1.621698499,2.740299463,-2.201174974,-2.631777763,2.538951397,-2.388272762
curobo,41,1.506601572,-1.621698499,2.740299463,-2.201174974,-2.631777763,2.538951397,-2.388272762
curobo,41,1.506601572,-1.621698499,2.740299463,-2.201174974,-2.631777763,2.538951397,-2.388272762
curobo,41,1.770370126,1.67290771,0.3620682955,-2.341078997,2.836780071,1.968520522,1.507404447
curobo,41,1.770370126,1.67290771,0.3620682955,-2.341078997,2.836780071,1.968520522,1.507404447
curobo,41,1.631120205,1.727488875,0.3599725664,-2.331201077,2.787833452,2.012765646,1.391720653
curobo,41,1.631120205,1.727488875,0.3599725664,-2.331201077,2.787833452,2.012765646,1.391720653
curobo,41,1.631120205,1.727488875,0.3599725664,-2.331201077,2.787833452,2.012765646,1.391720653
curobo,41,-1.51047194,-1.727488637,-2.781620026,-2.331201077,2.787833691,2.012765646,1.391721129
curobo,41,-1.510474205,-1.727489591,-2.781620264,-2.331200838,2.787832737,2.012766361,1.391719222
curobo,41,-1.510474205,-1.727489591,-2.781620264,-2.331200838,2.787832737,2.012766361,1.391719222
curobo,41,1.632293105,1.727031589,0.3600155711,-2.331289768,2.788224936,2.012368917,1.392690301
curobo,41,1.070305943,-1.445479512,2.839205742,-2.259341955,-2.622889757,2.323561192,-2.823383808
curobo,41,-2.088884115,1.439617395,-0.2971188426,-2.261394501,-2.624577999,2.315217257,-2.838947058
curobo,41,-2.088884115,1.439617395,-0.2971188426,-2.261394501,-2.624577999,2.315217257,-2.838947058
curobo,41,-2.088884115,1.439617395,-0.2971188426,-2.261394501,-2.624577999,2.315217257,-2.838947058
curobo,41,-2.088884115,1.439617395,-0.2971188426,-2.261394501,-2.624577999,2.315217257,-2.838947058
curobo,41,-1.414097548,1.725768089,-0.420022577,-2.167189837,-2.688103437,2.643657923,-2.117347479
curobo,41,1.631117105,1.727489948,0.3599724472,-2.331201077,2.787832499,2.0127666,1.391718149
curobo,41,-2.839982986,1.298449159,-0.02794625051,-2.329744101,-2.779018402,2.017505646,2.839891911
curobo,41,-2.839982986,1.298449159,-0.02794625051,-2.329744101,-2.779018402,2.017505646,2.839891911
curobo,41,-2.839888096,1.298461795,-0.02806817554,-2.329578161,-2.779170752,2.017868042,2.839947701
curobo,41,-2.839731693,1.29846096,-0.02801327221,-2.329767704,-2.778991222,2.017538786,2.84004879
curobo,41,-2.839731693,1.29846096,-0.02801327221,-2.329767704,-2.778991222,2.017538786,2.84004879
curobo,41,-2.839731693,1.29846096,-0.02801327221,-2.329767704,-2.778991222,2.017538786,2.84004879
curobo,41,-2.839920282,1.298439264,-0.0279622674,-2.329747915,-2.778995275,2.017527342,2.839901924
curobo,41,-2.839705467,1.298443913,-0.02801076695,-2.329746723,-2.778998375,2.017605066,2.840038776
curobo,41,-2.839705467,1.298443913,-0.02801076695,-2.329746723,-2.778998375,2.017605066,2.840038776
curobo,41,-2.839772224,1.298498869,-0.02798672579,-2.329540491,-2.77884531,2.017744541,2.839917421
curobo,41,-2.839772224,1.298498869,-0.02798672579,-2.329540491,-2.77884531,2.017744541,2.839917421
curobo,42,0.7965079546,-1.185109138,0.9750130773,-1.654758334,2.288403749,3.101609468,0.7200402617
curobo,42,0.7965079546,-1.185109138,0.9750130773,-1.654758334,2.288403749,3.101609468,0.7200402617
curobo,42,0.7965079546,-1.185109138,0.9750130773,-1.654758334,2.288403749,3.101609468,0.7200402617
curobo,42,0.7965079546,-1.185109138,0.9750130773,-1.654758334,2.288403749,3.101609468,0.7200402617
curobo,42,0.7965079546,-1.185109138,0.9750130773,-1.654758334,2.288403749,3.101609468,0.7200402617
curobo,42,1.443314075,-0.6436095834,0.7392137647,-1.745960355,-2.146154881,2.911598206,-1.836738944
curobo,42,-2.154316902,-0.8823213577,-0.8123453259,-1.966355085,-2.628937483,1.929501414,-2.89150548
curobo,42,-2.154316902,-0.8823213577,-0.8123453259,-1.966355085,-2.628937483,1.929501414,-2.89150548
curobo,42,-2.154316902,-0.8823213577,-0.8123453259,-1.966355085,-2.628937483,1.929501414,-2.89150548
curobo,42,0.5655143857,0.605222702,2.470327377,-1.925195456,-2.437411785,2.131023884,-2.634821653
curobo,42,0.7700811625,-1.144270897,0.745072186,-1.929118872,-0.6888772845,3.574150562,-2.656565189
curobo,42,0.273306191,-1.759274364,0.5599797964,-1.844089985,2.211284637,2.531959772,1.511289001
curobo,42,-2.062395573,0.8058140874,-2.047424793,-1.932537913,0.6751251817,3.571114302,1.942088604
curobo,42,-1.628773212,0.6108202338,-2.427862406,-1.758805156,-2.141247511,2.87264657,-1.889102697
curobo,42,-1.628773212,0.6108202338,-2.427862406,-1.758805156,-2.141247511,2.87264657,-1.889102697
curobo,42,-1.628773212,0.6108202338,-2.427862406,-1.758805156,-2.141247511,2.87264657,-1.889102697
curobo,42,-1.628773212,0.6108202338,-2.427862406,-1.758805156,-2.141247511,2.87264657,-1.889102697
curobo,42,0.340278089,-1.71221292,0.6153540015,-1.831558466,2.190054655,2.58971262,1.45714128
curobo,42,0.340278089,-1.71221292,0.6153540015,-1.831558466,2.190054655,2.58971262,1.45714128
curobo,42,0.340278089,-1.71221292,0.6153540015,-1.831558466,2.190054655,2.58971262,1.45714128
curobo,42,0.340278089,-1.71221292,0.6153540015,-1.831558466,2.190054655,2.58971262,1.45714128
curobo,42,0.340278089,-1.71221292,0.6153540015,-1.831558466,2.190054655,2.58971262,1.45714128
curobo,42,-2.844295979,-0.5033840537,-0.5248462558,-1.904507637,-2.364260912,2.234867096,-2.526108265
curobo,42,-2.844295979,-0.5033840537,-0.5248462558,-1.904507637,-2.364260912,2.234867096,-2.526108265
curobo,42,-2.844295979,-0.5033840537,-0.5248462558,-1.904507637,-2.364260912,2.234867096,-2.526108265
curobo,42,-2.844295979,-0.5033840537,-0.5248462558,-1.904507637,-2.364260912,2.234867096,-2.526108265
curobo,42,1.949124217,1.744949222,2.569975615,-1.999734163,2.89150548,1.775317073,2.479739189
curobo,42,1.949124217,1.744949222,2.569975615,-1.999734163,2.89150548,1.775317073,2.479739189
curobo,42,1.949124217,1.744949222,2.569975615,-1.999734163,2.89150548,1.775317073,2.479739189
curobo,42,0.6548329592,-1.218711734,0.6732531786,-1.865688205,-0.8852899671,3.646379948,-2.341067076
curobo,42,0.6548329592,-1.218711734,0.6732531786,-1.865688205,-0.8852899671,3.646379948,-2.341067076
curobo,42,-1.168928385,-1.759274364,-0.5574560165,-1.998330832,2.874935389,1.781590462,2.45994854
curobo,42,-1.168928385,-1.759274364,-0.5574560165,-1.998330832,2.874935389,1.781590462,2.45994854
curobo,42,-1.168928385,-1.759274364,-0.5574560165,-1.998330832,2.874935389,1.781590462,2.45994854
curobo,42,2.891283035,-0.4081269801,-0.1593117267,-1.871225595,-2.2695508,2.4011693,-2.366345644
curobo,42,2.891283035,-0.4081269801,-0.1593117267,-1.871225595,-2.2695508,2.4011693,-2.366345644
curobo,42,0.5336238742,-1.538863659,0.7738216519,-1.785873413,2.144221544,2.779304981,1.266027451
curobo,42,0.5336238742,-1.538863659,0.7738216519,-1.785873413,2.144221544,2.779304981,1.266027451
curobo,42,-0.8267620802,0.4120668471,-2.89150548,-1.838254929,-2.200948477,2.559100389,-2.219733477
curobo,42,-0.8267620802,0.4120668471,-2.89150548,-1.838254929,-2.200948477,2.559100389,-2.219733477
curobo,42,-0.8267620802,0.4120668471,-2.89150548,-1.838254929,-2.200948477,2.559100389,-2.219733477
curobo,42,-0.8267620802,0.4120668471,-2.89150548,-1.838254929,-2.200948477,2.559100389,-2.219733477
curobo,42,-2.154316902,-0.8823212981,-0.8123453856,-1.966355085,-2.628937483,1.929501414,-2.89150548
curobo,42,-2.154316902,-0.8823212981,-0.8123453856,-1.966355085,-2.628937483,1.929501414,-2.89150548
curobo,42,-1.914031863,0.5281466842,-1.917773962,-1.807543874,0.981924057,3.748729944,1.355713964
curobo,42,-1.168928027,-1.759274364,-0.5574558973,-1.998330593,2.87493515,1.781590581,2.459948301
curobo,42,-1.168928027,-1.759274364,-0.5574558973,-1.998330593,2.87493515,1.781590581,2.459948301
curobo,42,-1.168928027,-1.759274364,-0.5574558973,-1.998330593,2.87493515,1.781590581,2.459948301
curobo,42,2.89150548,-0.4081439078,-0.1594693214,-1.871238351,-2.269581318,2.401108503,-2.366401911
curobo,42,1.949124455,1.744949222,2.569975853,-1.999734044,2.89150548,1.775317192,2.479738951
curobo,43,2.468694687,-1.596400499,0.04218862951,-1.564985752,-2.844794512,2.004984856,-2.599438667
curobo,43,2.468694687,-1.596400499,0.04218862951,-1.564985752,-2.844794512,2.004984856,-2.599438667
curobo,43,2.468694687,-1.596400499,0.04218862951,-1.564985752,-2.844794512,2.004984856,-2.599438667
curobo,43,-2.410684347,0.4026308358,2.124118328,-1.579249501,-0.02480708621,3.370617628,-2.89150548
curobo,43,-2.410684347,0.4026308358,2.124118328,-1.579249501,-0.02480708621,3.370617628,-2.89150548
curobo,43,-2.410684347,0.4026308358,2.124118328,-1.579249501,-0.02480708621,3.370617628,-2.89150548
curobo,43,0.5510625243,-0.2629797757,-0.8041398525,-1.31640172,1.559498072,3.212057829,1.939797759
curobo,43,1.084295273,-0.7181686759,-1.117066622,-1.335947156,-1.764058471,3.033106327,-1.551931143
curobo,43,1.084295273,-0.7181686759,-1.117066622,-1.335947156,-1.764058471,3.033106327,-1.551931143
curobo,43,1.084295273,-0.7181686759,-1.117066622,-1.335947156,-1.764058471,3.033106327,-1.551931143
curobo,43,2.667604685,-0.07904679328,2.595440865,-1.052406788,-1.45737946,3.685792446,-0.7840432525
curobo,43,-1.833066106,0.3881427646,1.780364156,-0.8149120212,2.682523727,3.491058826,0.5335722566
curobo,43,-1.833066106,0.3881427646,1.780364156,-0.8149120212,2.682523727,3.491058826,0.5335722566
curobo,43,-1.701925635,-0.3115895092,0.8385754824,-1.386793256,1.980697036,2.777817011,2.161110163
curobo,43,1.958846331,-1.505137444,-0.3548515141,-1.513411641,-2.497440815,2.214621782,-2.229221106
curobo,43,1.958846331,-1.505137444,-0.3548515141,-1.513411641,-2.497440815,2.214621782,-2.229221106
curobo,43,1.958846331,-1.505137444,-0.3548515141,-1.513411641,-2.497440815,2.214621782,-2.229221106
curobo,43,1.958846331,-1.505137444,-0.3548515141,-1.513411641,-2.497440815,2.214621782,-2.229221106
curobo,43,1.958846331,-1.505137444,-0.3548515141,-1.513411641,-2.497440815,2.214621782,-2.229221106
curobo,43,-0.3795346022,-0.1617796868,-0.1270432025,-1.335733771,1.762911916,3.034332514,1.99813664
curobo,43,0.7459378242,-0.3719792962,-1.188734174,-1.48737216,-0.7666989565,3.363160133,-2.100799799
curobo,43,-1.025536418,-0.1809490621,0.3915105164,-1.352779508,1.844375968,2.94293046,2.05097127
curobo,43,-1.025536418,-0.1809490621,0.3915105164,-1.352779508,1.844375968,2.94293046,2.05097127
curobo,43,-2.223664761,0.4712197483,1.86596787,-1.32085216,-1.481155276,3.256187677,-1.506232023
curobo,43,1.117428541,-0.7661502361,-1.0839535,-1.343952894,-1.804307222,2.988895416,-1.576578736
curobo,43,1.117428541,-0.7661502361,-1.0839535,-1.343952894,-1.804307222,2.988895416,-1.576578736
curobo,43,1.117428541,-0.7661502361,-1.0839535,-1.343952894,-1.804307222,2.988895416,-1.576578736
curobo,43,1.117428541,-0.7661502361,-1.0839535,-1.343952894,-1.804307222,2.988895416,-1.576578736
curobo,43,0.7943091989,-0.3606385291,-0.9027965665,-1.351429939,1.303134084,3.315632582,2.046736717
curobo,43,0.7943091989,-0.3606385291,-0.9027965665,-1.351429939,1.303134084,3.315632582,2.046736717
curobo,43,0.838981092,-0.3940457702,-1.290045857,-1.365875959,-1.242461205,3.327293158,-1.645717144
curobo,43,0.838981092,-0.3940457702,-1.290045857,-1.365875959,-1.242461205,3.327293158,-1.645717144
curobo,43,0.838981092,-0.3940457702,-1.290045857,-1.365875959,-1.242461205,3.327293158,-1.645717144
curobo,43,0.838981092,-0.3940457702,-1.290045857,-1.365875959,-1.242461205,3.327293158,-1.645717144
curobo,43,0.838981092,-0.3940457702,-1.290045857,-1.365875959,-1.242461205,3.327293158,-1.645717144
curobo,43,0.838981092,-0.3940457702,-1.290045857,-1.365875959,-1.242461205,3.327293158,-1.645717144
curobo,43,-1.976517677,0.8326207399,2.104265928,-1.355916858,-1.857899785,2.927055836,-1.613996029
curobo,43,-1.976517677,0.8326207399,2.104265928,-1.355916858,-1.857899785,2.927055836,-1.613996029
curobo,43,1.217314839,-0.9019011259,-0.9875080585,-1.369164824,-1.912312269,2.861797571,-1.656313539
curobo,43,1.112285376,-0.758793354,-1.089057684,-1.342685699,-1.798240185,2.995696545,-1.572657824
curobo,43,1.333064556,-0.5732934475,-0.9697125554,-1.057485819,1.633879066,3.588766098,1.243921518
curobo,43,1.333064556,-0.5732934475,-0.9697125554,-1.057485819,1.633879066,3.588766098,1.243921518
curobo,43,1.333064556,-0.5732934475,-0.9697125554,-1.057485819,1.633879066,3.588766098,1.243921518
curobo,43,0.7821930647,-0.4168904722,-0.9385261536,-1.535680652,0.5211239457,3.367904902,2.80649972
curobo,43,0.7821930647,-0.4168904722,-0.9385261536,-1.535680652,0.5211239457,3.367904902,2.80649972
curobo,43,0.7821930647,-0.4168904722,-0.9385261536,-1.535680652,0.5211239457,3.367904902,2.80649972
curobo,43,0.7821930647,-0.4168904722,-0.9385261536,-1.535680652,0.5211239457,3.367904902,2.80649972
curobo,43,-2.330547333,0.4135515094,2.223548174,-1.481668711,0.791564703,3.362428427,2.521861076
curobo,43,-2.330547333,0.4135515094,2.223548174,-1.481668711,0.791564703,3.362428427,2.521861076
curobo,43,1.230649352,-0.918972373,-0.9749926329,-1.372526526,-1.925617099,2.845579624,-1.667213321
curobo,44,1.099506736,0.5391077399,-1.623304009,-0.9222673774,-2.151983261,3.012036324,-1.242143273
curobo,44,1.099506736,0.5391077399,-1.623304009,-0.9222673774,-2.151983261,3.012036324,-1.242143273
curobo,44,0.7822026014,0.1781042516,-0.7466842532,-1.047797084,-2.398085833,2.751990318,-1.638365269
curobo,44,0.7822026014,0.1781042516,-0.7466842532,-1.047797084,-2.398085833,2.751990318,-1.638365269
curobo,44,-0.1045542508,0.1358855963,0.3182535768,-1.082102418,-2.486284256,2.670600891,-1.775478363
curobo,44,1.106741548,0.5156145096,-1.59082365,-0.9319241643,-2.168055773,2.994244337,-1.26845336
curobo,44,1.106741548,0.5156145096,-1.59082365,-0.9319241643,-2.168055773,2.994244337,-1.26845336
curobo,44,-2.22845912,-0.7787477374,1.641599059,-0.9966908693,0.8550565243,3.481466532,2.251722097
curobo,44,-2.22845912,-0.7787477374,1.641599059,-0.9966908693,0.8550565243,3.481466532,2.251722097
curobo,44,0.945802331,0.9356608391,-1.971483946,-1.194857717,0.07879209518,3.457562447,-2.860863209
curobo,44,0.945802331,0.9356608391,-1.971483946,-1.194857717,0.07879209518,3.457562447,-2.860863209
curobo,44,0.945802331,0.9356608391,-1.971483946,-1.194857717,0.07879209518,3.457562447,-2.860863209
curobo,44,0.945802331,0.9356608391,-1.971483946,-1.194857717,0.07879209518,3.457562447,-2.860863209
curobo,44,2.457850695,-0.2106525749,-2.095365286,-1.107971668,-2.56316185,2.606681108,-1.893109322
curobo,44,2.457850695,-0.2106525749,-2.095365286,-1.107971668,-2.56316185,2.606681108,-1.893109322
curobo,44,2.457850695,-0.2106525749,-2.095365286,-1.107971668,-2.56316185,2.606681108,-1.893109322
curobo,44,-2.183940649,-0.8659575582,1.366602421,-1.145658612,0.4403072894,3.46310544,2.89150548
curobo,44,-2.183940649,-0.8659575582,1.366602421,-1.145658612,0.4403072894,3.46310544,2.89150548
curobo,44,-2.195353508,-0.9346850514,1.172894359,-1.194626451,0.08422861248,3.457587004,-2.868772984
curobo,44,-2.195353508,-0.9346850514,1.172894359,-1.194626451,0.08422861248,3.457587004,-2.868772984
curobo,44,-2.195353508,-0.9346850514,1.172894359,-1.194626451,0.08422861248,3.457587004,-2.868772984
curobo,44,-2.195353508,-0.9346850514,1.172894359,-1.194626451,0.08422861248,3.457587004,-2.868772984
curobo,44,-2.194141865,-0.9318829775,1.18087852,-1.193885684,0.09976991266,3.457668543,-2.891388893
curobo,44,-2.194141865,-0.9318829775,1.18087852,-1.193885684,0.09976991266,3.457668543,-2.891388893
curobo,44,-2.194141865,-0.9318829775,1.18087852,-1.193885684,0.09976991266,3.457668543,-2.891388893
curobo,44,0.9850066304,0.2397456169,-1.048880935,-1.027300715,-2.350946665,2.79862237,-1.564014077
curobo,44,0.9850066304,0.2397456169,-1.048880935,-1.027300715,-2.350946665,2.79862237,-1.564014077
curobo,44,0.9850066304,0.2397456169,-1.048880935,-1.027300715,-2.350946665,2.79862237,-1.564014077
curobo,44,0.9850066304,0.2397456169,-1.048880935,-1.027300715,-2.350946665,2.79862237,-1.564014077
curobo,44,2.316879272,-0.2810038328,-1.861216664,-1.12269938,-2.612503767,2.569404364,-1.967814207
curobo,44,0.6321569085,0.1562565565,-0.5534978509,-1.056402802,-2.419015169,2.731953144,-1.671132207
curobo,44,0.6321569085,0.1562565565,-0.5534978509,-1.056402802,-2.419015169,2.731953144,-1.671132207
curobo,44,0.6321569085,0.1562565565,-0.5534978509,-1.056402802,-2.419015169,2.731953144,-1.671132207
curobo,44,0.867814362,1.018390059,-2.236994267,-1.138594031,-0.4695354402,3.463928699,-2.057264566
curobo,44,-2.405572891,-1.202945709,0.9145871401,-0.8710749745,2.071450233,3.100364447,1.90223515
curobo,44,-2.405572891,-1.202945709,0.9145871401,-0.8710749745,2.071450233,3.100364447,1.90223515
curobo,44,-2.405572891,-1.202945709,0.9145871401,-0.8710749745,2.071450233,3.100364447,1.90223515
curobo,44,-2.031736612,-0.5035863519,1.567599535,-0.9367344975,-2.17619276,2.98524332,-1.281775594
curobo,44,-2.031736612,-0.5035863519,1.567599535,-0.9367344975,-2.17619276,2.98524332,-1.281775594
curobo,44,-0.6664674282,0.2052900344,1.021211743,-1.106694579,-2.559099674,2.609883547,-1.886933208
curobo,44,-2.191077948,-0.8350542784,1.456758499,-1.104629517,0.5889981985,3.467974186,2.667628288
curobo,44,-2.191077948,-0.8350542784,1.456758499,-1.104629517,0.5889981985,3.467974186,2.667628288
curobo,44,-2.191077948,-0.8350542784,1.456758499,-1.104629517,0.5889981985,3.467974186,2.667628288
curobo,44,-2.191077948,-0.8350542784,1.456758499,-1.104629517,0.5889981985,3.467974186,2.667628288
curobo,44,1.113665938,0.384251833,-1.391022801,-0.9804724455,-2.254852772,2.899169683,-1.409980536
curobo,44,1.113665938,0.384251833,-1.391022801,-0.9804724455,-2.254852772,2.899169683,-1.409980536
curobo,44,0.261233598,0.1336521208,-0.1088035479,-1.070685029,-2.455443382,2.698132038,-1.727815747
curobo,44,0.261233598,0.1336521208,-0.1088035479,-1.070685029,-2.455443382,2.698132038,-1.727815747
curobo,44,0.168909356,0.1322230846,-0.0009590102127,-1.073616385,-2.463207006,2.691104412,-1.739841104
curobo,44,0.168909356,0.1322230846,-0.0009590102127,-1.073616385,-2.463207006,2.691104412,-1.739841104
curobo,45,0.1070248559,-1.592682838,0.9170809388,-0.7778333426,0.2887505293,0.2692737281,2.434206009
curobo,45,0.1070248559,-1.592682838,0.9170809388,-0.7778333426,0.2887505293,0.2692737281,2.434206009
curobo,45,0.1070248559,-1.592682838,0.9170809388,-0.7778333426,0.2887505293,0.2692737281,2.434206009
curobo,45,-0.47209993,-0.7383144498,-2.887552023,-0.8160688877,-0.2214260101,0.3173182607,-2.001191139
curobo,45,-0.47209993,-0.7383144498,-2.887552023,-0.8160688877,-0.2214260101,0.3173182607,-2.001191139
curobo,45,-0.5164509416,-0.7494618893,-2.801748276,-0.8102760911,-0.2339196801,0.309741497,-1.951496124
curobo,45,-0.5164509416,-0.7494618893,-2.801748276,-0.8102760911,-0.2339196801,0.309741497,-1.951496124
curobo,45,0.1357711256,-0.8904530406,2.193714857,-0.8595404625,-0.02228698321,0.3776654303,-2.708062172
curobo,45,0.1357711256,-0.8904530406,2.193714857,-0.8595404625,-0.02228698321,0.3776654303,-2.708062172
curobo,45,0.1357711256,-0.8904530406,2.193714857,-0.8595404625,-0.02228698321,0.3776654303,-2.708062172
curobo,45,0.1357711256,-0.8904530406,2.193714857,-0.8595404625,-0.02228698321,0.3776654303,-2.708062172
curobo,45,-0.6820691824,-0.8283939362,-2.444061518,-0.7792052627,-0.2868306339,0.2709181607,-1.72566402
curobo,45,-0.7465695739,-0.8872929215,-2.267998695,-0.7581769824,-0.3134242594,0.2463417053,-1.598906875
curobo,45,0.2024409026,-1.445948243,1.209900856,-0.815446794,0.2228202373,0.3164995611,2.713030577
curobo,45,0.2024409026,-1.445948243,1.209900856,-0.815446794,0.2228202373,0.3164995611,2.713030577
curobo,45,0.2024409026,-1.445948243,1.209900856,-0.815446794,0.2228202373,0.3164995611,2.713030577
curobo,45,2.315171242,1.051541448,1.246150136,-0.6932086349,-0.3687108755,0.1785645187,-1.286101699
curobo,45,2.315171242,1.051541448,1.246150136,-0.6932086349,-0.3687108755,0.1785645187,-1.286101699
curobo,45,0.239429906,-1.334944487,1.394986391,-0.8333860636,0.1759154946,0.3406160474,2.89150548
curobo,45,0.2131130248,-1.420491934,1.253932476,-0.8201403618,0.2119503021,0.3227091134,2.75550437
curobo,45,-0.6941059232,-0.837546289,-2.413865328,-0.7759266496,-0.2913735509,0.2669968009,-1.704782128
curobo,45,-0.6941059232,-0.837546289,-2.413865328,-0.7759266496,-0.2913735509,0.2669968009,-1.704782128
curobo,45,-0.6941059232,-0.837546289,-2.413865328,-0.7759266496,-0.2913735509,0.2669968009,-1.704782128
curobo,45,-0.002877856838,-0.788997829,2.514965296,-0.8540872931,-0.08462096751,0.3697552681,-2.496923923
curobo,45,-0.002877856838,-0.788997829,2.514965296,-0.8540872931,-0.08462096751,0.3697552681,-2.496923923
curobo,45,-0.002877856838,-0.788997829,2.514965296,-0.8540872931,-0.08462096751,0.3697552681,-2.496923923
curobo,45,-0.002877856838,-0.788997829,2.514965296,-0.8540872931,-0.08462096751,0.3697552681,-2.496923923
curobo,45,2.606882572,0.7550278306,0.3759602606,-0.8076786399,-0.239192456,0.3063777685,-1.930172682
curobo,45,2.606882572,0.7550278306,0.3759602606,-0.8076786399,-0.239192456,0.3063777685,-1.930172682
curobo,45,0.2103964984,-1.001146674,1.951481342,-0.8590979576,0.03230658546,0.3770198226,-2.89150548
curobo,45,0.0867318064,-1.613656044,0.8657174706,-0.7701233625,0.2990314066,0.2601395845,2.386242151
curobo,45,0.239430204,-1.334943891,1.394987464,-0.833386302,0.175915122,0.3406161368,2.891506433
curobo,45,0.239430204,-1.334943891,1.394987464,-0.833386302,0.175915122,0.3406161368,2.891506433
curobo,45,0.239430204,-1.334943891,1.394987464,-0.833386302,0.175915122,0.3406161368,2.891506433
curobo,45,0.239430204,-1.334943891,1.394987464,-0.833386302,0.175915122,0.3406161368,2.891506433
curobo,45,0.2247652262,-1.388023973,1.308508039,-0.8255929947,0.1982045919,0.3300114572,2.808187723
curobo,45,0.2247652262,-1.388023973,1.308508039,-0.8255929947,0.1982045919,0.3300114572,2.808187723
curobo,45,0.2247652262,-1.388023973,1.308508039,-0.8255929947,0.1982045919,0.3300114572,2.808187723
curobo,45,0.2247652262,-1.388023973,1.308508039,-0.8255929947,0.1982045919,0.3300114572,2.808187723
curobo,45,0.2247652262,-1.388023973,1.308508039,-0.8255929947,0.1982045919,0.3300114572,2.808187723
curobo,45,0.2247652262,-1.388023973,1.308508039,-0.8255929947,0.1982045919,0.3300114572,2.808187723
curobo,45,0.2247652262,-1.388023973,1.308508039,-0.8255929947,0.1982045919,0.3300114572,2.808187723
curobo,45,2.427798271,0.8541102409,0.7793571949,-0.7700211406,-0.2991633117,0.2600185573,-1.668281674
curobo,45,2.427798271,0.8541102409,0.7793571949,-0.7700211406,-0.2991633117,0.2600185573,-1.668281674
curobo,45,2.315253258,1.051090956,1.245240688,-0.6934132576,-0.3685805798,0.1787594706,-1.286940217
curobo,45,0.2103967816,-1.001146793,1.951481104,-0.8590984941,0.03230669349,0.3770201802,-2.89150548
curobo,45,0.2103967816,-1.001146793,1.951481104,-0.8590984941,0.03230669349,0.3770201802,-2.89150548
curobo,45,0.1056038514,-0.8611118197,2.27173996,-0.8587468863,-0.03842556104,0.3765085042,-2.653735161
curobo,45,-0.8238394856,-1.038757682,-1.921381116,-0.6989287138,-0.3649969101,0.1840619892,-1.309896588
curobo,45,-0.8238394856,-1.038757682,-1.921381116,-0.6989287138,-0.3649969101,0.1840619892,-1.309896588
curobo,46,-0.6828858256,0.1383157969,2.602490425,-3.032648325,0.05356703699,0.3054261208,-0.3557426631
curobo,46,-0.8698497415,0.1267199069,2.82755208,-3.031914711,0.02382783219,0.3041167855,-0.4314246178
curobo,46,-0.8698497415,0.1267199069,2.82755208,-3.031914711,0.02382783219,0.3041167855,-0.4314246178
curobo,46,-0.8698497415,0.1267199069,2.82755208,-3.031914711,0.02382783219,0.3041167855,-0.4314246178
curobo,46,-0.8698497415,0.1267199069,2.82755208,-3.031914711,0.02382783219,0.3041167855,-0.4314246178
curobo,46,-0.8002147079,0.1301180422,2.744563103,-3.03210783,0.03426918387,0.304461062,-0.4048772156
curobo,46,-0.8002147079,0.1301180422,2.744563103,-3.03210783,0.03426918387,0.304461062,-0.4048772156
curobo,46,-0.5074041486,0.158978045,2.380837202,-3.034282684,0.08930977434,0.308360517,-0.2643552721
curobo,46,-0.5074041486,0.158978045,2.380837202,-3.034282684,0.08930977434,0.308360517,-0.2643552721
curobo,46,2.692227364,-0.1692896187,-0.8382302523,-3.035209894,0.1042120084,0.3100358844,-0.2260440886
curobo,46,2.692227364,-0.1692896187,-0.8382302523,-3.035209894,0.1042120084,0.3100358844,-0.2260440886
curobo,46,-1.394405007,0.1265584975,-2.839343309,-3.032466888,-0.04796472192,0.3051014543,-0.6138953567
curobo,46,-1.394405007,0.1265584975,-2.839343309,-3.032466888,-0.04796472192,0.3051014543,-0.6138953567
curobo,46,-1.394405007,0.1265584975,-2.839343309,-3.032466888,-0.04796472192,0.3051014543,-0.6138953567
curobo,46,1.46934855,-0.1469634324,0.6397194862,-3.034569502,-0.09417525679,0.3088777959,-0.7320505381
curobo,46,1.46934855,-0.1469634324,0.6397194862,-3.034569502,-0.09417525679,0.3088777959,-0.7320505381
curobo,46,1.46934855,-0.1469634324,0.6397194862,-3.034569502,-0.09417525679,0.3088777959,-0.7320505381
curobo,46,-0.7685900331,0.1319967806,2.706587791,-3.03222394,0.03922889382,0.3046680689,-0.3922588825
curobo,46,-0.7685900331,0.1319967806,2.706587791,-3.03222394,0.03922889382,0.3046680689,-0.3922588825
curobo,46,2.508800983,-0.1429861337,-0.600969255,-3.032988071,0.06271879375,0.3060341179,-0.332398504
curobo,46,1.80126667,-0.1245882586,0.2383160591,-3.032250404,-0.04027407244,0.3047151864,-0.5943142176
curobo,46,1.80126667,-0.1245882586,0.2383160591,-3.032250404,-0.04027407244,0.3047151864,-0.5943142176
curobo,46,-1.873152852,0.1813287437,-2.235665798,-3.038385868,-0.1437496841,0.3158347607,-0.8603592515
curobo,46,-1.873152852,0.1813287437,-2.235665798,-3.038385868,-0.1437496841,0.3158347607,-0.8603592515
curobo,46,-0.8797900081,0.126311481,2.839339018,-3.031893492,0.02238284424,0.3040789366,-0.4350969791
curobo,46,-0.8797900081,0.126311481,2.839339018,-3.031893492,0.02238284424,0.3040789366,-0.4350969791
curobo,46,-0.8797900081,0.126311481,2.839339018,-3.031893492,0.02238284424,0.3040789366,-0.4350969791
curobo,46,-1.959481955,0.2082493305,-2.106205463,-3.041726351,-0.1756360531,0.3220338821,-0.9441978931
curobo,46,-1.959481955,0.2082493305,-2.106205463,-3.041726351,-0.1756360531,0.3220338821,-0.9441978931
curobo,46,-1.959481955,0.2082493305,-2.106205463,-3.041726351,-0.1756360531,0.3220338821,-0.9441978931
curobo,46,1.21310401,-0.197167635,0.9871269464,-3.040313959,-0.1629666537,0.3193997443,-0.9107367396
curobo,46,1.21310401,-0.197167635,0.9871269464,-3.040313959,-0.1629666537,0.3193997443,-0.9107367396
curobo,46,1.21310401,-0.197167635,0.9871269464,-3.040313959,-0.1629666537,0.3193997443,-0.9107367396
curobo,46,1.21310401,-0.197167635,0.9871269464,-3.040313959,-0.1629666537,0.3193997443,-0.9107367396
curobo,46,1.21310401,-0.197167635,0.9871269464,-3.040313959,-0.1629666537,0.3193997443,-0.9107367396
curobo,46,1.21310401,-0.197167635,0.9871269464,-3.040313959,-0.1629666537,0.3193997443,-0.9107367396
curobo,46,1.21310401,-0.197167635,0.9871269464,-3.040313959,-0.1629666537,0.3193997443,-0.9107367396
curobo,46,-0.3063381314,0.2094550878,2.093852997,-3.039411068,0.1542847157,0.3177264035,-0.09598912299
curobo,46,-0.7457047701,0.1335000992,2.678973675,-3.032320499,0.04291934147,0.3048405349,-0.3828659356
curobo,46,-0.7457047701,0.1335000992,2.678973675,-3.032320499,0.04291934147,0.3048405349,-0.3828659356
curobo,46,-0.2635708451,0.2291641086,2.02137804,-3.041779757,0.1760974079,0.3221344352,-0.03849292174
curobo,46,-0.2635708451,0.2291641086,2.02137804,-3.041779757,0.1760974079,0.3221344352,-0.03849292174
curobo,46,-0.2635708451,0.2291641086,2.02137804,-3.041779757,0.1760974079,0.3221344352,-0.03849292174
curobo,46,-0.2635708451,0.2291641086,2.02137804,-3.041779757,0.1760974079,0.3221344352,-0.03849292174
curobo,46,1.987569571,-0.1214264706,0.01977323554,-3.031805992,-0.01505298354,0.3039233088,-0.5301918387
curobo,46,1.987569571,-0.1214264706,0.01977323554,-3.031805992,-0.01505298354,0.3039233088,-0.5301918387
curobo,46,1.987569571,-0.1214264706,0.01977323554,-3.031805992,-0.01505298354,0.3039233088,-0.5301918387
curobo,46,1.987569571,-0.1214264706,0.01977323554,-3.031805992,-0.01505298354,0.3039233088,-0.5301918387
curobo,46,-1.610271811,0.140537858,-2.579053402,-3.033905029,-0.08245641738,0.307680428,-0.701985836
curobo,46,-1.610271811,0.140537858,-2.579053402,-3.033905029,-0.08245641738,0.307680428,-0.701985836
curobo,47,-1.867545128,0.3751469553,0.06934491545,-2.582462788,-0.4903806448,0.5278130174,-2.505450964
curobo,47,-1.867545128,0.3751469553,0.06934491545,-2.582462788,-0.4903806448,0.5278130174,-2.505450964
curobo,47,-1.867545128,0.3751469553,0.06934491545,-2.582462788,-0.4903806448,0.5278130174,-2.505450964
curobo,47,1.06410408,-0.3909331858,-2.89150548,-2.57062912,-0.4569288492,0.4926418066,-2.404508829
curobo,47,-2.522110462,0.4880985022,0.6111544967,-2.54053545,-0.3383125067,0.4126724303,-2.10387063
curobo,47,-2.522110462,0.4880985022,0.6111544967,-2.54053545,-0.3383125067,0.4126724303,-2.10387063
curobo,47,2.121044636,-0.4720382392,2.485167742,-2.632196665,-0.5753340721,0.7004609108,-2.883999109
curobo,47,2.121044636,-0.4720382392,2.485167742,-2.632196665,-0.5753340721,0.7004609108,-2.883999109
curobo,47,2.121044636,-0.4720382392,2.485167742,-2.632196665,-0.5753340721,0.7004609108,-2.883999109
curobo,47,2.121044636,-0.4720382392,2.485167742,-2.632196665,-0.5753340721,0.7004609108,-2.883999109
curobo,47,2.121044636,-0.4720382392,2.485167742,-2.632196665,-0.5753340721,0.7004609108,-2.883999109
curobo,47,-1.974316716,0.3812575936,0.1616739333,-2.57655859,-0.4744307697,0.5099905729,-2.455894947
curobo,47,-1.974316716,0.3812575936,0.1616739333,-2.57655859,-0.4744307697,0.5099905729,-2.455894947
curobo,47,-1.974316716,0.3812575936,0.1616739333,-2.57655859,-0.4744307697,0.5099905729,-2.455894947
curobo,47,-1.974316716,0.3812575936,0.1616739333,-2.57655859,-0.4744307697,0.5099905729,-2.455894947
curobo,47,-1.974316716,0.3812575936,0.1616739333,-2.57655859,-0.4744307697,0.5099905729,-2.455894947
curobo,47,-1.974316716,0.3812575936,0.1616739333,-2.57655859,-0.4744307697,0.5099905729,-2.455894947
curobo,47,1.021649122,-0.3960752189,-2.855435371,-2.568104506,-0.448994875,0.4854199886,-2.382067204
curobo,47,1.021649122,-0.3960752189,-2.855435371,-2.568104506,-0.448994875,0.4854199886,-2.382067204
curobo,47,1.640976906,-0.3823252618,2.89150548,-2.602220535,-0.5341445804,0.5915309787,-2.66237545
curobo,47,1.640976906,-0.3823252618,2.89150548,-2.602220535,-0.5341445804,0.5915309787,-2.66237545
curobo,47,1.640976906,-0.3823252618,2.89150548,-2.602220535,-0.5341445804,0.5915309787,-2.66237545
curobo,47,-2.17655015,0.4040663242,0.3338979185,-2.564646721,-0.4376292825,0.4756852984,-2.350713491
curobo,47,0.8106151819,-0.4332793355,-2.680134773,-2.554569483,-0.4008707702,0.44833377,-2.254540205
curobo,47,0.8106151819,-0.4332793355,-2.680134773,-2.554569483,-0.4008707702,0.44833377,-2.254540205
curobo,47,1.640976787,-0.3823248744,2.89150548,-2.602220535,-0.5341448784,0.5915306211,-2.662375689
curobo,47,-2.67941761,0.553986609,0.7233322263,-2.527868986,-0.2641578317,0.3827816546,-1.938539267
curobo,47,-2.67941761,0.553986609,0.7233322263,-2.527868986,-0.2641578317,0.3827816546,-1.938539267
curobo,47,-2.67941761,0.553986609,0.7233322263,-2.527868986,-0.2641578317,0.3827816546,-1.938539267
curobo,47,-2.098768711,0.3934223056,0.2681929469,-2.569370747,-0.4530109465,0.4890296161,-2.393366575
curobo,47,-2.098768711,0.3934223056,0.2681929469,-2.569370747,-0.4530109465,0.4890296161,-2.393366575
curobo,47,-2.098768711,0.3934223056,0.2681929469,-2.569370747,-0.4530109465,0.4890296161,-2.393366575
curobo,47,-2.098768711,0.3934223056,0.2681929469,-2.569370747,-0.4530109465,0.4890296161,-2.393366575
curobo,47,2.134939432,-0.4766300917,2.473951101,-2.633241177,-0.5762501955,0.7045215368,-2.89150548
curobo,47,1.043866158,-0.3932961822,-2.874285221,-2.569432735,-0.4532056749,0.4892068803,-2.393917322
curobo,47,1.043866158,-0.3932961822,-2.874285221,-2.569432735,-0.4532056749,0.4892068803,-2.393917322
curobo,47,1.043866158,-0.3932961822,-2.874285221,-2.569432735,-0.4532056749,0.4892068803,-2.393917322
curobo,47,-2.866651773,0.6652588844,0.8358331919,-2.513970375,-0.1340520978,0.352322191,-1.66718626
curobo,47,-2.866651773,0.6652588844,0.8358331919,-2.513970375,-0.1340520978,0.352322191,-1.66718626
curobo,47,-2.866651773,0.6652588844,0.8358331919,-2.513970375,-0.1340520978,0.352322191,-1.66718626
curobo,47,1.640977025,-0.3823250532,2.89150548,-2.602220774,-0.5341444016,0.5915309787,-2.66237545
curobo,47,1.640977025,-0.3823250532,2.89150548,-2.602220774,-0.5341444016,0.5915309787,-2.66237545
curobo,47,-2.78611064,0.6124652624,0.7908677459,-2.519435644,-0.1966360509,0.3640193939,-1.795627952
curobo,47,-2.78611064,0.6124652624,0.7908677459,-2.519435644,-0.1966360509,0.3640193939,-1.795627952
curobo,47,-2.78611064,0.6124652624,0.7908677459,-2.519435644,-0.1966360509,0.3640193939,-1.795627952
curobo,47,1.69914639,-0.3876205683,2.841076136,-2.605443239,-0.5399814844,0.6025308371,-2.686961889
curobo,47,1.69914639,-0.3876205683,2.841076136,-2.605443239,-0.5399814844,0.6025308371,-2.686961889
curobo,47,0.9158636928,-0.4121316075,-2.766600609,-2.561546803,-0.4269243181,0.4671112597,-2.321944952
curobo,47,-2.653768301,0.541705668,0.705948174,-2.529961824,-0.2780961692,0.3875762224,-1.96881783
curobo,47,-2.653768301,0.541705668,0.705948174,-2.529961824,-0.2780961692,0.3875762224,-1.96881783
curobo,48,2.164167404,0.4619289637,-0.3444102705,-2.597219706,0.8609544039,1.36870575,0.5154341459
curobo,48,2.164167404,0.4619289637,-0.3444102705,-2.597219706,0.8609544039,1.36870575,0.5154341459
curobo,48,2.164167404,0.4619289637,-0.3444102705,-2.597219706,0.8609544039,1.36870575,0.5154341459
curobo,48,1.883769989,0.4315465391,-0.09210277349,-2.60965085,0.8067378402,1.453697681,0.580945909
curobo,48,1.883769989,0.4315465391,-0.09210277349,-2.60965085,0.8067378402,1.453697681,0.580945909
curobo,48,1.883769989,0.4315465391,-0.09210277349,-2.60965085,0.8067378402,1.453697681,0.580945909
curobo,48,2.556540489,0.581410706,-0.6904445291,-2.574640036,0.9461765885,1.204844475,0.4034719467
curobo,48,1.883769989,0.4315465391,-0.09210277349,-2.60965085,0.8067378402,1.453697681,0.580945909
curobo,48,-0.8550217748,-0.4872716069,2.687850714,-2.591108799,0.8856350183,1.325483322,0.4843444824
curobo,48,-0.8550217748,-0.4872716069,2.687850714,-2.591108799,0.8856350183,1.325483322,0.4843444824
curobo,48,-0.8550217748,-0.4872716069,2.687850714,-2.591108799,0.8856350183,1.325483322,0.4843444824
curobo,48,-0.8550217748,-0.4872716069,2.687850714,-2.591108799,0.8856350183,1.325483322,0.4843444824
curobo,48,0.02525113709,-1.295382142,1.990014791,-2.484042168,1.124331951,0.5349186659,-0.0003539600002
curobo,48,0.02525113709,-1.295382142,1.990014791,-2.484042168,1.124331951,0.5349186659,-0.0003539600002
curobo,48,0.02525113709,-1.295382142,1.990014791,-2.484042168,1.124331951,0.5349186659,-0.0003539600002
curobo,48,0.7309808731,0.7024206519,0.8667442203,-2.669733763,0.4226333499,1.803466678,0.9882288575
curobo,48,0.7309808731,0.7024206519,0.8667442203,-2.669733763,0.4226333499,1.803466678,0.9882288575
curobo,48,0.7309808731,0.7024206519,0.8667442203,-2.669733763,0.4226333499,1.803466678,0.9882288575
curobo,48,-1.024115801,-0.4544020593,2.839074373,-2.599411249,0.8517959118,1.383981943,0.5267505646
curobo,48,2.171564817,0.4632235169,-0.3510394692,-2.596866369,0.8624159694,1.366231084,0.5136176348
curobo,48,0.1717526764,-1.703094959,1.931104541,-2.406784296,1.051693559,0.1835367978,-0.3327206075
curobo,48,0.1717526764,-1.703094959,1.931104541,-2.406784296,1.051693559,0.1835367978,-0.3327206075
curobo,48,0.1717526764,-1.703094959,1.931104541,-2.406784296,1.051693559,0.1835367978,-0.3327206075
curobo,48,0.1717526764,-1.703094959,1.931104541,-2.406784296,1.051693559,0.1835367978,-0.3327206075
curobo,48,0.1717526764,-1.703094959,1.931104541,-2.406784296,1.051693559,0.1835367978,-0.3327206075
curobo,48,-0.2182211876,-0.8709191084,2.152000666,-2.537168264,1.052830935,0.9169002771,0.2306431532
curobo,48,-0.04765757546,1.727117777,0.9491870999,-2.648784161,-0.5901781917,1.693107486,1.966098189
curobo,48,-0.535089016,-0.6068091989,2.408396721,-2.570898771,0.9587576389,1.176716208,0.3856039643
curobo,48,-0.535089016,-0.6068091989,2.408396721,-2.570898771,0.9587576389,1.176716208,0.3856039643
curobo,48,0.7611815929,0.6811270714,0.847615242,-2.667450905,0.4441899359,1.792022347,0.9668929577
curobo,48,0.7611815929,0.6811270714,0.847615242,-2.667450905,0.4441899359,1.792022347,0.9668929577
curobo,48,0.1710081249,-1.700692534,1.931224227,-2.407458544,1.053091526,0.1855367273,-0.3297522366
curobo,48,0.1710081249,-1.700692534,1.931224227,-2.407458544,1.053091526,0.1855367273,-0.3297522366
curobo,48,0.1710081249,-1.700692534,1.931224227,-2.407458544,1.053091526,0.1855367273,-0.3297522366
curobo,48,0.149062559,-1.631521106,1.936103344,-2.42511797,1.085578918,0.2436498702,-0.2526888549
curobo,48,0.149062559,-1.631521106,1.936103344,-2.42511797,1.085578918,0.2436498702,-0.2526888549
curobo,48,0.149062559,-1.631521106,1.936103344,-2.42511797,1.085578918,0.2436498702,-0.2526888549
curobo,48,0.149062559,-1.631521106,1.936103344,-2.42511797,1.085578918,0.2436498702,-0.2526888549
curobo,48,-0.04765849188,1.727119207,0.9491868019,-2.648783922,-0.5901792645,1.693106532,1.966099262
curobo,48,-0.04765849188,1.727119207,0.9491868019,-2.648783922,-0.5901792645,1.693106532,1.966099262
curobo,48,-0.04765849188,1.727119207,0.9491868019,-2.648783922,-0.5901792645,1.693106532,1.966099262
curobo,48,0.1792443991,-1.727489233,1.930108547,-2.399662495,1.036268592,0.1633111686,-0.3642074168
curobo,48,0.1792443991,-1.727489233,1.930108547,-2.399662495,1.036268592,0.1633111686,-0.3642074168
curobo,48,0.1792443991,-1.727489233,1.930108547,-2.399662495,1.036268592,0.1633111686,-0.3642074168
curobo,48,2.834955215,0.7740539908,-0.9214256406,-2.548934221,1.024017334,1.008112192,0.2836262882
curobo,48,-2.758507252,-1.066098213,-2.13439703,-2.691111803,0.04144125059,1.904090405,1.353433132
curobo,48,-2.758507252,-1.066098213,-2.13439703,-2.691111803,0.04144125059,1.904090405,1.353433132
curobo,48,-2.758507252,-1.066098213,-2.13439703,-2.691111803,0.04144125059,1.904090405,1.353433132
curobo,48,-2.758507252,-1.066098213,-2.13439703,-2.691111803,0.04144125059,1.904090405,1.353433132
curobo,48,-2.758507252,-1.066098213,-2.13439703,-2.691111803,0.04144125059,1.904090405,1.353433132
curobo,49,-0.9877355099,-1.099106789,1.235835433,-2.218870163,-2.887470961,0.3696687818,1.563661814
curobo,49,-0.521769166,-0.421756506,0.9966689348,-2.135995865,2.054319382,0.6767715812,0.676956296
curobo,49,-1.276408553,-1.759274364,1.084556222,-2.117809534,-1.87447083,0.8347512484,2.161462307
curobo,49,-2.842608452,0.2047443092,-2.809933662,-2.110601664,1.777444482,0.9388121963,0.5768205523
curobo,49,-2.842608452,0.2047443092,-2.809933662,-2.110601664,1.777444482,0.9388121963,0.5768205523
curobo,49,1.356552601,-0.2393980771,-0.6104790568,-2.104356527,1.619805336,1.133089423,0.5536420941
curobo,49,-1.298940897,0.3989831209,2.158839703,-2.105272293,1.480408788,1.321745753,0.5570113659
curobo,49,-1.08314383,-1.333770275,1.237199426,-2.177343369,-2.401308537,0.482963711,1.893439651
curobo,49,-1.298940897,0.3989831209,2.158839703,-2.105272293,1.480408788,1.321745753,0.5570113659
curobo,49,-1.170682073,-1.544266343,1.182621241,-2.141523361,-2.10217309,0.6420738697,2.065392733
curobo,49,-1.08314383,-1.333770275,1.237199426,-2.177343369,-2.401308537,0.482963711,1.893439651
curobo,49,-1.298940897,0.3989831209,2.158839703,-2.105272293,1.480408788,1.321745753,0.5570113659
curobo,49,-1.298940897,0.3989831209,2.158839703,-2.105272293,1.480408788,1.321745753,0.5570113659
curobo,49,-0.8727816343,0.8595750332,2.016731024,-2.129735708,1.144057751,1.757491589,0.6512690783
curobo,49,-1.298940897,0.3989831209,2.158839703,-2.105272293,1.480408788,1.321745753,0.5570113659
curobo,49,2.398430347,0.634303391,-2.0262959,-2.17137742,2.350156307,0.5040307045,0.8403212428
curobo,49,2.398430347,0.634303391,-2.0262959,-2.17137742,2.350156307,0.5040307045,0.8403212428
curobo,49,1.187727928,-0.2167355269,-0.4646319151,-2.104958296,1.64945209,1.094548345,0.5558549166
curobo,49,2.398430347,0.634303391,-2.0262959,-2.17137742,2.350156307,0.5040307045,0.8403212428
curobo,49,1.187727928,-0.2167355269,-0.4646319151,-2.104958296,1.64945209,1.094548345,0.5558549166
curobo,49,-0.879357636,-0.8595203161,1.177796483,-2.213703632,2.794852018,0.381328851,1.13685298
curobo,49,2.398430347,0.634303391,-2.0262959,-2.17137742,2.350156307,0.5040307045,0.8403212428
curobo,49,1.187727928,-0.2167355269,-0.4646319151,-2.104958296,1.64945209,1.094548345,0.5558549166
curobo,49,2.242459774,0.8998785019,-1.952978969,-2.219060898,2.89150548,0.369249016,1.20486629
curobo,49,0.08534756303,-0.22613056,0.5198976994,-2.11318922,1.815933585,0.8959758878,0.5865706205
curobo,49,1.142539382,-0.2121940702,-0.4249423444,-2.105145931,1.656650901,1.085310459,0.5565457344
curobo,49,0.6750326753,-0.1918019801,-0.006328033749,-2.107607603,1.722760677,1.003002048,0.56564641
curobo,49,-0.3659030795,1.75637722,2.166952133,-2.223692894,0.1162216216,2.312040806,1.299920201
curobo,49,0.422177881,-0.1975031048,0.2214782387,-2.10946393,1.758377552,0.9607621431,0.5725599527
curobo,49,-0.3659030795,1.75637722,2.166952133,-2.223692894,0.1162216216,2.312040806,1.299920201
curobo,49,-0.3659030795,1.75637722,2.166952133,-2.223692894,0.1162216216,2.312040806,1.299920201
curobo,49,0.422177881,-0.1975031048,0.2214782387,-2.10946393,1.758377552,0.9607621431,0.5725599527
curobo,49,0.422177881,-0.1975031048,0.2214782387,-2.10946393,1.758377552,0.9607621431,0.5725599527
curobo,49,-0.5750184655,1.406020164,2.086251736,-2.190481424,0.6203490496,2.175959587,0.9498731494
curobo,49,-0.5750184655,1.406020164,2.086251736,-2.190481424,0.6203490496,2.175959587,0.9498731494
curobo,49,-0.99510324,-1.11669445,1.238485456,-2.216682196,-2.844904661,0.3745397925,1.593686104
curobo,49,-0.99510324,-1.11669445,1.238485456,-2.216682196,-2.844904661,0.3745397925,1.593686104
curobo,49,-2.77685523,0.2004784942,-2.868637085,-2.109970093,1.767063618,0.9507038593,0.5744533539
curobo,49,-2.77685523,0.2004784942,-2.868637085,-2.109970093,1.767063618,0.9507038593,0.5744533539
curobo,49,-0.7072314024,1.157196283,2.044133663,-2.159593344,0.8894500136,2.004274368,0.7816969156
curobo,49,-0.7072314024,1.157196283,2.044133663,-2.159593344,0.8894500136,2.004274368,0.7816969156
curobo,49,-0.7072314024,1.157196283,2.044133663,-2.159593344,0.8894500136,2.004274368,0.7816969156
curobo,49,-1.276408672,-1.759274364,1.084556103,-2.117809296,-1.87447083,0.8347513676,2.161462307
curobo,49,-1.276408672,-1.759274364,1.084556103,-2.117809296,-1.87447083,0.8347513676,2.161462307
curobo,49,-1.276408672,-1.759274364,1.084556103,-2.117809296,-1.87447083,0.8347513676,2.161462307
curobo,49,-1.276408672,-1.759274364,1.084556103,-2.117809296,-1.87447083,0.8347513676,2.161462307
curobo,49,-1.276408672,-1.759274364,1.084556103,-2.117809296,-1.87447083,0.8347513676,2.161462307
curobo,49,-1.276408672,-1.759274364,1.084556103,-2.117809296,-1.87447083,0.8347513676,2.161462307
curobo,49,-0.0498124361,-0.2474099696,0.6359381676,-2.115478277,1.846176505,0.8637441397,0.5952747464
curobo,49,-0.5284875035,-0.4262928069,1.000912428,-2.136622906,2.059837818,0.6726209521,0.6795712709
curobo,50,-1.422665,1.290609121,0.4672941267,-1.736508608,2.773342133,1.120638132,1.252619386
curobo,50,-1.422665,1.290609121,0.4672941267,-1.736508608,2.773342133,1.120638132,1.252619386
curobo,50,-1.422665,1.290609121,0.4672941267,-1.736508608,2.773342133,1.120638132,1.252619386
curobo,50,0.08159017563,1.759274364,-1.015841007,-1.646195054,-1.680740952,1.845659137,2.157731533
curobo,50,0.08159017563,1.759274364,-1.015841007,-1.646195054,-1.680740952,1.845659137,2.157731533
curobo,50,-1.390619159,1.275082707,0.438470751,-1.739058137,2.81526041,1.110159755,1.278197408
curobo,50,-1.390619159,1.275082707,0.438470751,-1.739058137,2.81526041,1.110159755,1.278197408
curobo,50,-1.932166696,1.759274364,0.9693821073,-1.66771841,2.035932779,1.527717233,0.8847241402
curobo,50,-1.932166696,1.759274364,0.9693821073,-1.66771841,2.035932779,1.527717233,0.8847241402
curobo,50,-1.932166696,1.759274364,0.9693821073,-1.66771841,2.035932779,1.527717233,0.8847241402
curobo,50,-1.932166696,1.759274364,0.9693821073,-1.66771841,2.035932779,1.527717233,0.8847241402
curobo,50,-1.932166696,1.759274364,0.9693821073,-1.66771841,2.035932779,1.527717233,0.8847241402
curobo,50,-1.932166696,1.759274364,0.9693821073,-1.66771841,2.035932779,1.527717233,0.8847241402
curobo,50,0.05141320825,1.712649107,-0.9776449203,-1.64776659,-1.731307507,1.798693299,2.152437687
curobo,50,0.05141320825,1.712649107,-0.9776449203,-1.64776659,-1.731307507,1.798693299,2.152437687
curobo,50,-0.3756846488,1.306588054,-0.5009047985,-1.692636847,-2.287823915,1.341421366,1.979703546
curobo,50,-0.03325719386,1.598121524,-0.8747529984,-1.654247999,-1.860756278,1.679754019,2.130177736
curobo,50,-0.03325719386,1.598121524,-0.8747529984,-1.654247999,-1.860756278,1.679754019,2.130177736
curobo,50,-1.606930256,1.406256676,0.6370748878,-1.716500759,2.524429083,1.21052444,1.107675552
curobo,50,-1.606930256,1.406256676,0.6370748878,-1.716500759,2.524429083,1.21052444,1.107675552
curobo,50,1.380907893,-1.544438362,-2.354477644,-1.694332242,2.304107428,1.330985904,0.9941328168
curobo,50,1.380907893,-1.544438362,-2.354477644,-1.694332242,2.304107428,1.330985904,0.9941328168
curobo,50,1.279354692,-1.662544966,-2.248941183,-1.67843914,2.149186373,1.438438535,0.9263374805
curobo,50,1.279354692,-1.662544966,-2.248941183,-1.67843914,2.149186373,1.438438535,0.9263374805
curobo,50,1.279354692,-1.662544966,-2.248941183,-1.67843914,2.149186373,1.438438535,0.9263374805
curobo,50,0.08159013838,1.759274364,-1.015841007,-1.646195054,-1.680740952,1.845659137,2.157731533
curobo,50,0.08159013838,1.759274364,-1.015841007,-1.646195054,-1.680740952,1.845659137,2.157731533
curobo,50,-0.906617403,1.169390321,0.007138730958,-1.742364049,-2.878271103,1.096856356,1.649093986
curobo,50,1.63330245,-1.338448167,-2.596407652,-1.728291392,2.659415722,1.155819297,1.184601188
curobo,50,1.63330245,-1.338448167,-2.596407652,-1.728291392,2.659415722,1.155819297,1.184601188
curobo,50,-0.07528815418,1.549009085,-0.8256499171,-1.658259749,-1.919809818,1.626977682,2.1160357
curobo,50,-0.02380332351,1.609829783,-0.8859639168,-1.653405786,-1.84705627,1.692166686,2.133110285
curobo,50,1.415711641,-1.509240389,-2.389337301,-1.699644923,2.35525012,1.299568295,1.018892288
curobo,50,1.415711641,-1.509240389,-2.389337301,-1.699644923,2.35525012,1.299568295,1.018892288
curobo,50,1.71152091,-1.294375539,-2.66761446,-1.735877872,2.763598919,1.123261809,1.246712446
curobo,50,1.71152091,-1.294375539,-2.66761446,-1.735877872,2.763598919,1.123261809,1.246712446
curobo,50,1.71152091,-1.294375539,-2.66761446,-1.735877872,2.763598919,1.123261809,1.246712446
curobo,50,-0.421497196,1.282544851,-0.4543935955,-1.698002338,-2.339401007,1.309083223,1.95507884
curobo,50,1.211781502,-1.755784988,-2.174859047,-1.668069124,2.039859295,1.52448678,0.8860418797
curobo,50,1.211781502,-1.755784988,-2.174859047,-1.668069124,2.039859295,1.52448678,0.8860418797
curobo,50,1.490421295,-1.441630483,-2.462321758,-1.710517049,2.46241641,1.240500569,1.074016571
curobo,50,1.490421295,-1.441630483,-2.462321758,-1.710517049,2.46241641,1.240500569,1.074016571
curobo,50,1.490421295,-1.441630483,-2.462321758,-1.710517049,2.46241641,1.240500569,1.074016571
curobo,50,0.08159016818,1.759274364,-1.015841126,-1.646195054,-1.680740952,1.845659137,2.157731533
curobo,50,0.08159016818,1.759274364,-1.015841126,-1.646195054,-1.680740952,1.845659137,2.157731533
curobo,50,0.08159016818,1.759274364,-1.015841126,-1.646195054,-1.680740952,1.845659137,2.157731533
curobo,50,-1.918317199,1.738999248,0.9538772702,-1.669793725,2.058897972,1.50895381,0.8925629258
curobo,50,-1.918317199,1.738999248,0.9538772702,-1.669793725,2.058897972,1.50895381,0.8925629258
curobo,50,-1.918317199,1.738999248,0.9538772702,-1.669793725,2.058897972,1.50895381,0.8925629258
curobo,50,-1.918317199,1.738999248,0.9538772702,-1.669793725,2.058897972,1.50895381,0.8925629258
curobo,51,1.536983609,1.11547029,2.607505322,-1.163912058,1.613547683,2.348206043,0.9399188757
curobo,51,1.536983609,1.11547029,2.607505322,-1.163912058,1.613547683,2.348206043,0.9399188757
curobo,51,1.831801414,1.233154297,2.89150548,-1.18260479,1.140608311,2.594101906,0.9941325784
curobo,51,1.831801414,1.233154297,2.89150548,-1.18260479,1.140608311,2.594101906,0.9941325784
curobo,51,-0.8315916657,-1.279974341,0.1004158035,-1.269569516,0.07065159827,2.831682444,1.499434114
curobo,51,-0.8315916657,-1.279974341,0.1004158035,-1.269569516,0.07065159827,2.831682444,1.499434114
curobo,51,-0.8315916657,-1.279974341,0.1004158035,-1.269569516,0.07065159827,2.831682444,1.499434114
curobo,51,-0.8315916657,-1.279974341,0.1004158035,-1.269569516,0.07065159827,2.831682444,1.499434114
curobo,51,-0.8315916657,-1.279974341,0.1004158035,-1.269569516,0.07065159827,2.831682444,1.499434114
curobo,51,-2.064466,0.206696108,-2.207663298,-1.256417394,-2.769618034,1.735865712,1.760038018
curobo,51,-2.591431618,-0.3479292989,-1.069118977,-1.262584209,2.868663311,1.712205052,1.379991293
curobo,51,-2.591431618,-0.3479292989,-1.069118977,-1.262584209,2.868663311,1.712205052,1.379991293
curobo,51,-1.090380311,-1.275748372,-0.06261314452,-1.225507379,0.7113551497,2.743048429,1.148853302
curobo,51,-1.090380311,-1.275748372,-0.06261314452,-1.225507379,0.7113551497,2.743048429,1.148853302
curobo,51,-1.090380311,-1.275748372,-0.06261314452,-1.225507379,0.7113551497,2.743048429,1.148853302
curobo,51,-1.090380311,-1.275748372,-0.06261314452,-1.225507379,0.7113551497,2.743048429,1.148853302
curobo,51,-2.89150548,0.7358927131,-2.203852892,-1.184415102,-2.022644758,2.096042871,2.083842278
curobo,51,-2.89150548,0.7358927131,-2.203852892,-1.184415102,-2.022644758,2.096042871,2.083842278
curobo,51,-2.89150548,0.7358927131,-2.203852892,-1.184415102,-2.022644758,2.096042871,2.083842278
curobo,51,-2.89150548,0.7358927131,-2.203852892,-1.184415102,-2.022644758,2.096042871,2.083842278
curobo,51,-2.89150548,0.7358927131,-2.203852892,-1.184415102,-2.022644758,2.096042871,2.083842278
curobo,51,-1.385261774,-1.209987879,-0.3212935328,-1.173260927,1.270007014,2.534568787,0.9663172364
curobo,51,-1.385261774,-1.209987879,-0.3212935328,-1.173260927,1.270007014,2.534568787,0.9663172364
curobo,51,1.831801414,1.233154178,2.89150548,-1.182604671,1.140608311,2.594101906,0.9941325188
curobo,51,1.831801414,1.233154178,2.89150548,-1.182604671,1.140608311,2.594101906,0.9941325188
curobo,51,1.831801414,1.233154178,2.89150548,-1.182604671,1.140608311,2.594101906,0.9941325188
curobo,51,-2.238805294,0.2649237812,-2.115738153,-1.250022173,-2.686169147,1.761124969,1.806053877
curobo,51,-2.238805294,0.2649237812,-2.115738153,-1.250022173,-2.686169147,1.761124969,1.806053877
curobo,51,-2.137786865,-0.7168060541,-0.974627912,-1.21804738,2.35982728,1.901517868,1.117600918
curobo,51,-2.137786865,-0.7168060541,-0.974627912,-1.21804738,2.35982728,1.901517868,1.117600918
curobo,51,-0.2693950236,-1.105841041,0.4977656603,-1.176440597,-1.221597433,2.557600021,2.10793519
curobo,51,-0.2693950236,-1.105841041,0.4977656603,-1.176440597,-1.221597433,2.557600021,2.10793519
curobo,51,-1.536136389,-1.149477601,-0.467579931,-1.16411078,1.510357618,2.407938004,0.9404653311
curobo,51,-1.536136389,-1.149477601,-0.467579931,-1.16411078,1.510357618,2.407938004,0.9404653311
curobo,51,1.114894867,0.8158636689,2.239440918,-1.202240825,2.210054398,1.983685493,1.05833137
curobo,51,1.114894867,0.8158636689,2.239440918,-1.202240825,2.210054398,1.983685493,1.05833137
curobo,51,-0.4578784704,-1.190494061,0.3361058533,-1.209893584,-0.8583630919,2.70055294,1.997543812
curobo,51,-0.4578784704,-1.190494061,0.3361058533,-1.209893584,-0.8583630919,2.70055294,1.997543812
curobo,51,0.7304844856,0.4754261672,2.065785408,-1.250851393,2.696299076,1.75780642,1.282990336
curobo,51,-1.352838039,-1.220501065,-0.2904403806,-1.176882267,1.21530807,2.560526371,0.9769177437
curobo,51,-1.352838039,-1.220501065,-0.2904403806,-1.176882267,1.21530807,2.560526371,0.9769177437
curobo,51,-1.008544803,-1.282629251,-0.003961440641,-1.244000793,0.5247305036,2.78457427,1.240617514
curobo,51,-1.008544803,-1.282629251,-0.003961440641,-1.244000793,0.5247305036,2.78457427,1.240617514
curobo,51,1.166466951,0.8598777056,2.277722359,-1.195140481,2.139411926,2.025093794,1.034096599
curobo,51,1.166466951,0.8598777056,2.277722359,-1.195140481,2.139411926,2.025093794,1.034096599
curobo,51,1.166466951,0.8598777056,2.277722359,-1.195140481,2.139411926,2.025093794,1.034096599
curobo,51,1.166466951,0.8598777056,2.277722359,-1.195140481,2.139411926,2.025093794,1.034096599
curobo,51,1.831801891,1.233154655,2.891505957,-1.182605267,1.140607595,2.594102383,0.9941325188
curobo,51,-0.4939433932,-1.203735709,0.3079199493,-1.218109369,-0.7811874151,2.723958254,1.965698242
curobo,51,-2.156352758,0.2342427373,-2.155167341,-1.253468275,-2.729485035,1.747419357,1.782370567
curobo,52,0.53703475,1.074427366,0.3473843038,-0.08962416649,-2.772567272,2.339764118,1.3917135
curobo,52,0.04425439239,0.9836497903,1.365998149,-0.83404845,2.830305576,2.021685839,1.234761477
curobo,52,0.04425439239,0.9836497903,1.365998149,-0.83404845,2.830305576,2.021685839,1.234761477
curobo,52,0.6078048348,1.094329119,-1.082185507,-0.09076855332,-1.398077369,2.385223627,1.423329711
curobo,52,0.03612866625,1.059338689,1.512379408,-0.8243355751,2.701881886,2.047424793,1.181966186
curobo,52,0.03612866625,1.059338689,1.512379408,-0.8243355751,2.701881886,2.047424793,1.181966186
curobo,52,0.03612866625,1.059338689,1.512379408,-0.8243355751,2.701881886,2.047424793,1.181966186
curobo,52,0.03612866625,1.059338689,1.512379408,-0.8243355751,2.701881886,2.047424793,1.181966186
curobo,52,0.03612866625,1.059338689,1.512379408,-0.8243355751,2.701881886,2.047424793,1.181966186
curobo,52,0.6068922877,1.092777252,-1.0467242,-0.09078484774,-1.433339477,2.383803129,1.423612714
curobo,52,-2.688051224,-0.6663224697,-2.89150548,-0.8251367807,-2.7113626,2.045269728,1.56192112
curobo,52,0.6068922877,1.092777252,-1.0467242,-0.09078484774,-1.433339477,2.383803129,1.423612714
curobo,52,-2.688051224,-0.6663224697,-2.89150548,-0.8251367807,-2.7113626,2.045269728,1.56192112
curobo,52,0.6068922877,1.092777252,-1.0467242,-0.09078484774,-1.433339477,2.383803129,1.423612714
curobo,52,-2.121371746,-1.262661219,1.105014801,-0.7840898633,-0.8369870782,2.652683258,1.697683811
curobo,52,-2.121371746,-1.262661219,1.105014801,-0.7840898633,-0.8369870782,2.652683258,1.697683811
curobo,52,0.8729673028,0.7366375327,-0.642167449,-0.773070991,-2.19792223,2.203048229,1.723509312
curobo,52,0.8729673028,0.7366375327,-0.642167449,-0.773070991,-2.19792223,2.203048229,1.723509312
curobo,52,0.8729673028,0.7366375327,-0.642167449,-0.773070991,-2.19792223,2.203048229,1.723509312
curobo,52,0.8729673028,0.7366375327,-0.642167449,-0.773070991,-2.19792223,2.203048229,1.723509312
curobo,52,0.4958775342,1.136407852,1.799353838,-0.09043278545,2.118788958,2.356686354,1.331092715
curobo,52,0.4958775342,1.136407852,1.799353838,-0.09043278545,2.118788958,2.356686354,1.331092715
curobo,52,0.4958775342,1.136407852,1.799353838,-0.09043278545,2.118788958,2.356686354,1.331092715
curobo,52,-2.18906188,-0.7961161137,2.264692068,-0.7579419613,-2.033232689,2.263209105,1.754970074
curobo,52,-2.18906188,-0.7961161137,2.264692068,-0.7579419613,-2.033232689,2.263209105,1.754970074
curobo,52,-2.534035206,-1.136898875,1.211546779,-0.08979319781,-0.531763196,2.412614346,1.399021029
curobo,52,-2.534035206,-1.136898875,1.211546779,-0.08979319781,-0.531763196,2.412614346,1.399021029
curobo,52,-2.534035206,-1.136898875,1.211546779,-0.08979319781,-0.531763196,2.412614346,1.399021029
curobo,52,-2.79395318,-0.6880857944,-2.678517818,-0.8339784741,-2.829217672,2.021870613,1.513348699
curobo,52,-2.79395318,-0.6880857944,-2.678517818,-0.8339784741,-2.829217672,2.021870613,1.513348699
curobo,52,-2.79395318,-0.6880857944,-2.678517818,-0.8339784741,-2.829217672,2.021870613,1.513348699
curobo,52,-2.79395318,-0.6880857944,-2.678517818,-0.8339784741,-2.829217672,2.021870613,1.513348699
curobo,52,-2.79395318,-0.6880857944,-2.678517818,-0.8339784741,-2.829217672,2.021870613,1.513348699
curobo,52,0.0472699441,1.16476655,1.712375283,-0.806674242,2.517004251,2.096453905,1.113914847
curobo,52,0.0472699441,1.16476655,1.712375283,-0.806674242,2.517004251,2.096453905,1.113914847
curobo,52,-2.844696522,-1.503299832,-0.5387130976,-0.7381387353,1.636314034,2.407680273,0.9569613934
curobo,52,0.3535332978,1.53188014,2.748441696,-0.7384745479,1.483313441,2.460681677,0.9575228095
curobo,52,0.3535332978,1.53188014,2.748441696,-0.7384745479,1.483313441,2.460681677,0.9575228095
curobo,52,0.3568822742,1.533314943,2.756828547,-0.7386399508,1.474352598,2.463718891,0.9577977061
curobo,52,0.3568822742,1.533314943,2.756828547,-0.7386399508,1.474352598,2.463718891,0.9577977061
curobo,52,0.5301804543,1.077339053,0.4733245671,-0.08953204751,-2.891449928,2.338289738,1.386087894
curobo,52,0.5301804543,1.077339053,0.4733245671,-0.08953204751,-2.891449928,2.338289738,1.386087894
curobo,52,0.8098518848,0.7061825395,-0.4855512083,-0.7833884954,-2.297973156,2.167631149,1.699414611
curobo,52,0.5301804543,1.077339053,0.4733245671,-0.08953204751,-2.891449928,2.338289738,1.386087894
curobo,52,0.5301804543,1.077339053,0.4733245671,-0.08953204751,-2.891449928,2.338289738,1.386087894
curobo,52,0.3568822742,1.533314943,2.756828547,-0.7386399508,1.474352598,2.463718891,0.9577977061
curobo,52,0.3568822742,1.533314943,2.756828547,-0.7386399508,1.474352598,2.463718891,0.9577977061
curobo,52,0.6087305546,1.096080542,-1.121280909,-0.0907490477,-1.359109521,2.386780262,1.422944903
curobo,52,0.6087305546,1.096080542,-1.121280909,-0.0907490477,-1.359109521,2.386780262,1.422944903
curobo,52,0.03836661205,1.109784365,1.607717276,-0.816444397,2.614873886,2.068930864,1.148637176
curobo,53,2.642470598,-0.7939834595,2.409547806,-0.3260143101,-0.2831751704,2.576644182,1.791701794
curobo,53,2.642470598,-0.7939834595,2.409547806,-0.3260143101,-0.2831751704,2.576644182,1.791701794
curobo,53,2.642470598,-0.7939834595,2.409547806,-0.3260143101,-0.2831751704,2.576644182,1.791701794
curobo,53,2.642470598,-0.7939834595,2.409547806,-0.3260143101,-0.2831751704,2.576644182,1.791701794
curobo,53,-0.4218706191,0.8845143914,-1.302061558,-0.3277463019,0.3413200974,2.575158358,1.674363852
curobo,53,-0.5224756598,0.7763611674,-0.6006935835,-0.3307163119,-0.421392709,2.572653055,1.817569375
curobo,53,-0.5224756598,0.7763611674,-0.6006935835,-0.3307163119,-0.421392709,2.572653055,1.817569375
curobo,53,-0.5224756598,0.7763611674,-0.6006935835,-0.3307163119,-0.421392709,2.572653055,1.817569375
curobo,53,2.441337824,-1.255615473,-0.2025951892,-0.5672726035,2.604916811,2.220176697,1.569156528
curobo,53,2.277362823,-0.9781454206,-1.240046024,-0.3312227726,-2.708421946,2.299608231,1.819771767
curobo,53,-0.4489920437,0.8445211649,-1.06794858,-0.3225413859,0.08044397086,2.579637289,1.723343253
curobo,53,-0.4489920437,0.8445211649,-1.06794858,-0.3225413859,0.08044397086,2.579637289,1.723343253
curobo,53,-0.4489920437,0.8445211649,-1.06794858,-0.3225413859,0.08044397086,2.579637289,1.723343253
curobo,53,-1.036759496,0.9559811354,1.79947412,-0.5608062744,-2.564319849,2.229042292,1.917322874
curobo,53,-1.036759496,0.9559811354,1.79947412,-0.5608062744,-2.564319849,2.229042292,1.917322874
curobo,53,2.104707718,-0.9518059492,-1.35416925,-0.5590071678,-2.553378105,2.231491804,1.919779539
curobo,53,2.104707718,-0.9518059492,-1.35416925,-0.5590071678,-2.553378105,2.231491804,1.919779539
curobo,53,-0.4322663248,0.8675889969,-1.205847621,-0.3247773647,0.2334544361,2.577681541,1.694587708
curobo,53,-0.8206498623,1.230274677,2.655532598,-0.6014427543,2.889593363,2.171766043,1.651438951
curobo,53,-0.7902405858,1.241037846,2.727215528,-0.5948913693,2.817933083,2.18124032,1.628532529
curobo,53,-0.7902405858,1.241037846,2.727215528,-0.5948913693,2.817933083,2.18124032,1.628532529
curobo,53,-0.8211150169,1.230082035,2.654422045,-0.6015260816,2.890701532,2.171638966,1.651803017
curobo,53,-0.8211150169,1.230082035,2.654422045,-0.6015260816,2.890701532,2.171638966,1.651803017
curobo,53,-0.8211150169,1.230082035,2.654422045,-0.6015260816,2.890701532,2.171638966,1.651803017
curobo,53,-0.6047844291,0.6482584476,-0.1725385636,-0.4925966859,-0.924524188,2.58572197,1.969866633
curobo,53,-0.6047844291,0.6482584476,-0.1725385636,-0.4925966859,-0.924524188,2.58572197,1.969866633
curobo,53,-0.6047844291,0.6482584476,-0.1725385636,-0.4925966859,-0.924524188,2.58572197,1.969866633
curobo,53,-0.4261443615,0.8772721887,-1.261372447,-0.3263370693,0.2955998182,2.576342344,1.682931066
curobo,53,-0.4261443615,0.8772721887,-1.261372447,-0.3263370693,0.2955998182,2.576342344,1.682931066
curobo,53,-0.4261443615,0.8772721887,-1.261372447,-0.3263370693,0.2955998182,2.576342344,1.682931066
curobo,53,-0.7455067039,1.095061898,2.625741243,-0.3257002234,2.86936903,2.292623997,1.68731463
curobo,53,-0.7455067039,1.095061898,2.625741243,-0.3257002234,2.86936903,2.292623997,1.68731463
curobo,53,-0.7455067039,1.095061898,2.625741243,-0.3257002234,2.86936903,2.292623997,1.68731463
curobo,53,-0.7455067039,1.095061898,2.625741243,-0.3257002234,2.86936903,2.292623997,1.68731463
curobo,53,-0.5310842991,0.7705482841,-0.5551921725,-0.332772404,-0.4686923027,2.570906401,1.82639122
curobo,53,-0.8176102042,1.231497645,2.662760258,-0.6008630991,2.882376432,2.172619343,1.649077535
curobo,53,-0.8176102042,1.231497645,2.662760258,-0.6008630991,2.882376432,2.172619343,1.649077535
curobo,53,-0.4698955715,0.8208200336,-0.9168159962,-0.3225426078,-0.08484043181,2.579593182,1.754441023
curobo,53,-0.4698955715,0.8208200336,-0.9168159962,-0.3225426078,-0.08484043181,2.579593182,1.754441023
curobo,53,-0.4698955715,0.8208200336,-0.9168159962,-0.3225426078,-0.08484043181,2.579593182,1.754441023
curobo,53,2.324265957,-1.231606245,-0.4781640172,-0.6008021235,2.881707907,2.172702312,1.648860455
curobo,53,-0.8201384544,1.230484009,2.656751156,-0.6013484001,2.888376951,2.171907187,1.651039839
curobo,53,-0.8201384544,1.230484009,2.656751156,-0.6013484001,2.888376951,2.171907187,1.651039839
curobo,53,-0.8201384544,1.230484009,2.656751156,-0.6013484001,2.888376951,2.171907187,1.651039839
curobo,53,-0.8201384544,1.230484009,2.656751156,-0.6013484001,2.888376951,2.171907187,1.651039839
curobo,53,-0.8201384544,1.230484009,2.656751156,-0.6013484001,2.888376951,2.171907187,1.651039839
curobo,53,-0.7496823668,1.092448473,2.605091095,-0.3251927197,2.889680386,2.291971207,1.691124916
curobo,53,-0.7496823668,1.092448473,2.605091095,-0.3251927197,2.889680386,2.291971207,1.691124916
curobo,53,-0.7496823668,1.092448473,2.605091095,-0.3251927197,2.889680386,2.291971207,1.691124916
curobo,53,-0.7496823668,1.092448473,2.605091095,-0.3251927197,2.889680386,2.291971207,1.691124916
curobo,54,-2.839220047,0.8054990768,-0.1703738123,-3.041672945,-2.189543009,1.152979136,1.930369616
curobo,54,0.2882958651,1.317890525,0.4911030531,-2.96705699,1.694570541,2.187187672,0.2825751305
curobo,54,-0.4739948809,1.672802925,0.3536098897,-2.991536856,1.264694095,2.977970839,0.3828718066
curobo,54,1.012001038,0.9859721661,0.3706617653,-3.004160404,1.954898953,1.507389426,0.4364403784
curobo,54,-2.445768356,0.8922513127,-0.3203984201,-3.012224913,-2.003980398,1.414601088,2.066515446
curobo,54,-2.445768356,0.8922513127,-0.3203984201,-3.012224913,-2.003980398,1.414601088,2.066515446
curobo,54,-2.445768356,0.8922513127,-0.3203984201,-3.012224913,-2.003980398,1.414601088,2.066515446
curobo,54,-2.445768356,0.8922513127,-0.3203984201,-3.012224913,-2.003980398,1.414601088,2.066515446
curobo,54,-2.445768356,0.8922513127,-0.3203984201,-3.012224913,-2.003980398,1.414601088,2.066515446
curobo,54,-0.518435955,1.683511257,0.3311417401,-3.003642321,1.189852357,3.02020216,0.4342109859
curobo,54,1.427682281,-1.201502442,2.627450466,-2.971816301,-1.738647223,2.055290461,2.236269951
curobo,54,0.4507145286,1.232815027,0.482519716,-2.973246336,1.750371337,2.020682573,0.3075666428
curobo,54,0.4507145286,1.232815027,0.482519716,-2.973246336,1.750371337,2.020682573,0.3075666428
curobo,54,-2.83919549,0.8055028915,-0.1703831106,-3.041671038,-2.189529419,1.152993917,1.930379391
curobo,54,2.228890657,-1.63499105,2.703507423,-2.978043079,-1.354813218,2.904154301,2.21095109
curobo,54,2.228890657,-1.63499105,2.703507423,-2.978043079,-1.354813218,2.904154301,2.21095109
curobo,54,-0.7427181005,1.686654806,-0.3509662449,-3.024988174,-1.059143424,3.069022179,2.009279251
curobo,54,-2.839297771,0.8054866791,-0.1703441441,-3.041679382,-2.189585447,1.152932525,1.930338264
curobo,54,-2.839297771,0.8054866791,-0.1703441441,-3.041679382,-2.189585447,1.152932525,1.930338264
curobo,54,-1.175507188,1.507070899,-0.5032786131,-2.961441517,-1.532162786,2.628298998,2.277966022
curobo,54,-1.175507188,1.507070899,-0.5032786131,-2.961441517,-1.532162786,2.628298998,2.277966022
curobo,54,0.396907419,1.260628939,0.4867217243,-2.971027613,1.731947899,2.075193167,0.2985830307
curobo,54,0.396907419,1.260628939,0.4867217243,-2.971027613,1.731947899,2.075193167,0.2985830307
curobo,54,0.2506872118,1.337933064,0.4913122952,-2.965858459,1.681472898,2.226469278,0.2777597308
curobo,54,0.2506872118,1.337933064,0.4913122952,-2.965858459,1.681472898,2.226469278,0.2777597308
curobo,54,-1.198801875,1.494354844,-0.5070151687,-2.961125851,-1.54328382,2.603209496,2.279225826
curobo,54,1.498953581,0.8525033593,0.2146154642,-3.041318417,2.187186241,1.15557003,0.6059368849
curobo,54,1.498953581,0.8525033593,0.2146154642,-3.041318417,2.187186241,1.15557003,0.6059368849
curobo,54,1.498953581,0.8525033593,0.2146154642,-3.041318417,2.187186241,1.15557003,0.6059368849
curobo,54,1.498953581,0.8525033593,0.2146154642,-3.041318417,2.187186241,1.15557003,0.6059368849
curobo,54,1.498953581,0.8525033593,0.2146154642,-3.041318417,2.187186241,1.15557003,0.6059368849
curobo,54,1.556591034,-1.273416162,2.616002321,-2.967020273,-1.694185257,2.188344955,2.25561595
curobo,54,1.556591034,-1.273416162,2.616002321,-2.967020273,-1.694185257,2.188344955,2.25561595
curobo,54,-2.095939636,1.015642881,-0.4354354739,-2.990552425,-1.870661855,1.694440246,2.159287453
curobo,54,-1.811168194,1.149764776,-0.5000882745,-2.976014137,-1.771835089,1.958263874,2.219227076
curobo,54,-1.811168194,1.149764776,-0.5000882745,-2.976014137,-1.771835089,1.958263874,2.219227076
curobo,54,-1.811168194,1.149764776,-0.5000882745,-2.976014137,-1.771835089,1.958263874,2.219227076
curobo,54,1.467094064,0.8590572476,0.2251652032,-3.038579702,2.169126511,1.175962806,0.592623651
curobo,54,1.467094064,0.8590572476,0.2251652032,-3.038579702,2.169126511,1.175962806,0.592623651
curobo,54,-2.839190483,0.8055038452,-0.1703849733,-3.041670561,-2.189526558,1.152996778,1.930381536
curobo,54,-2.839190483,0.8055038452,-0.1703849733,-3.041670561,-2.189526558,1.152996778,1.930381536
curobo,54,-2.839190483,0.8055038452,-0.1703849733,-3.041670561,-2.189526558,1.152996778,1.930381536
curobo,54,1.483216643,0.8557060361,0.2198195606,-3.039960146,2.178200245,1.16559732,0.5993134379
curobo,54,1.483216643,0.8557060361,0.2198195606,-3.039960146,2.178200245,1.16559732,0.5993134379
curobo,54,1.483216643,0.8557060361,0.2198195606,-3.039960146,2.178200245,1.16559732,0.5993134379
curobo,54,1.483216643,0.8557060361,0.2198195606,-3.039960146,2.178200245,1.16559732,0.5993134379
curobo,54,1.483216643,0.8557060361,0.2198195606,-3.039960146,2.178200245,1.16559732,0.5993134379
curobo,54,2.327603817,-1.67039454,2.744423866,-2.997831106,-1.225455999,3.001803875,2.128649712
curobo,54,2.327603817,-1.67039454,2.744423866,-2.997831106,-1.225455999,3.001803875,2.128649712
curobo,54,2.327603817,-1.67039454,2.744423866,-2.997831106,-1.225455999,3.001803875,2.128649712
curobo,55,1.691235304,0.103519924,0.05685964227,-2.548995733,0.3278748989,3.070688963,1.613920093
curobo,55,1.691235304,0.103519924,0.05685964227,-2.548995733,0.3278748989,3.070688963,1.613920093
curobo,55,1.691235304,0.103519924,0.05685964227,-2.548995733,0.3278748989,3.070688963,1.613920093
curobo,55,1.725043535,0.3449353576,-0.09420334548,-1.964782953,-2.891458988,3.568553686,-1.515585184
curobo,55,2.553278685,0.1598661244,-0.7444414496,-2.500747204,0.7953126431,3.002714157,1.258981705
curobo,55,2.553278685,0.1598661244,-0.7444414496,-2.500747204,0.7953126431,3.002714157,1.258981705
curobo,55,2.553278685,0.1598661244,-0.7444414496,-2.500747204,0.7953126431,3.002714157,1.258981705
curobo,55,-2.031754494,-0.122721687,-2.570404053,-2.559182405,-0.06042608991,3.081186771,1.912671447
curobo,55,-2.031754494,-0.122721687,-2.570404053,-2.559182405,-0.06042608991,3.081186771,1.912671447
curobo,55,1.040498376,0.4427511394,0.8451843858,-2.019691467,2.429647207,3.617840528,-0.6026098728
curobo,55,1.040498376,0.4427511394,0.8451843858,-2.019691467,2.429647207,3.617840528,-0.6026098728
curobo,55,1.040498376,0.4427511394,0.8451843858,-2.019691467,2.429647207,3.617840528,-0.6026098728
curobo,55,1.040498376,0.4427511394,0.8451843858,-2.019691467,2.429647207,3.617840528,-0.6026098728
curobo,55,1.040498376,0.4427511394,0.8451843858,-2.019691467,2.429647207,3.617840528,-0.6026098728
curobo,55,1.040498376,0.4427511394,0.8451843858,-2.019691467,2.429647207,3.617840528,-0.6026098728
curobo,55,0.8001183271,0.1651667804,0.8242148757,-2.544122458,-0.3973228931,3.065296888,2.171759129
curobo,55,0.8001183271,0.1651667804,0.8242148757,-2.544122458,-0.3973228931,3.065296888,2.171759129
curobo,55,1.868710637,0.1056662127,-0.1059788018,-2.54228878,0.4206416309,3.063200712,1.54268384
curobo,55,1.868710637,0.1056662127,-0.1059788018,-2.54228878,0.4206416309,3.063200712,1.54268384
curobo,55,1.868710637,0.1056662127,-0.1059788018,-2.54228878,0.4206416309,3.063200712,1.54268384
curobo,55,1.070294738,0.1261617243,0.6044383645,-2.558627844,-0.09621207416,3.080640316,1.940211296
curobo,55,1.070294738,0.1261617243,0.6044383645,-2.558627844,-0.09621207416,3.080640316,1.940211296
curobo,55,1.178057194,0.1176849455,0.5131658912,-2.559542894,-0.00267741736,3.081540346,1.868228555
curobo,55,1.347115517,0.1090827659,0.3661719263,-2.558057308,0.1225956902,3.080075264,1.77182126
curobo,55,1.347115517,0.1090827659,0.3661719263,-2.558057308,0.1225956902,3.080075264,1.77182126
curobo,55,1.889444828,0.1061390564,-0.1251006722,-2.541423321,0.4312388599,3.062197924,1.534555912
curobo,55,1.889444828,0.1061390564,-0.1251006722,-2.541423321,0.4312388599,3.062197924,1.534555912
curobo,55,2.619235277,0.1726795882,-0.8068945408,-2.49458909,0.8397214413,2.990886927,1.226369858
curobo,55,2.619235277,0.1726795882,-0.8068945408,-2.49458909,0.8397214413,2.990886927,1.226369858
curobo,55,2.619235277,0.1726795882,-0.8068945408,-2.49458909,0.8397214413,2.990886927,1.226369858
curobo,55,0.7942860126,0.1664329171,0.8288532495,-2.543526411,-0.4050410092,3.06461978,2.177682638
curobo,55,0.7942860126,0.1664329171,0.8288532495,-2.543526411,-0.4050410092,3.06461978,2.177682638
curobo,55,-2.336047173,-0.1640099287,-2.321695328,-2.544663906,-0.3901880085,3.06590867,2.166282177
curobo,55,-2.336047173,-0.1640099287,-2.321695328,-2.544663906,-0.3901880085,3.06590867,2.166282177
curobo,55,-2.336047173,-0.1640099287,-2.321695328,-2.544663906,-0.3901880085,3.06590867,2.166282177
curobo,55,1.841940641,0.1051264405,-0.08131755888,-2.543380499,0.4069106877,3.064453125,1.553218603
curobo,55,1.788639784,0.3466715217,-0.1787692457,-1.970758438,-2.812864542,3.572884798,-1.590628743
curobo,55,1.788639784,0.3466715217,-0.1787692457,-1.970758438,-2.812864542,3.572884798,-1.590628743
curobo,55,-0.2021506876,-0.2971918881,2.022076845,-2.454806566,1.110635161,2.879843712,1.040215611
curobo,55,-0.2021506876,-0.2971918881,2.022076845,-2.454806566,1.110635161,2.879843712,1.040215611
curobo,55,1.567698359,0.1039770097,0.169089973,-2.552917004,0.2594326735,3.07484889,1.666542411
curobo,55,1.567698359,0.1039770097,0.169089973,-2.552917004,0.2594326735,3.07484889,1.666542411
curobo,55,1.567698359,0.1039770097,0.169089973,-2.552917004,0.2594326735,3.07484889,1.666542411
curobo,55,1.567698359,0.1039770097,0.169089973,-2.552917004,0.2594326735,3.07484889,1.666542411
curobo,55,-0.6937499642,-0.5214448571,2.10837245,-2.091910601,-2.024139404,3.748729944,-2.284091949
curobo,55,0.3657127321,0.3919222355,1.196920991,-2.45829463,-1.086822033,2.893131733,2.67705965
curobo,55,0.3657127321,0.3919222355,1.196920991,-2.45829463,-1.086822033,2.893131733,2.67705965
curobo,55,0.3657127321,0.3919222355,1.196920991,-2.45829463,-1.086822033,2.893131733,2.67705965
curobo,55,-0.7114316821,-0.5088281631,2.131802797,-2.087845564,-2.04716444,3.737143517,-2.267449856
curobo,55,-0.7114316821,-0.5088281631,2.131802797,-2.087845564,-2.04716444,3.737143517,-2.267449856
curobo,56,-2.534781218,-1.757366896,2.124000549,-1.896274447,1.645537615,2.727906466,1.932767272
curobo,56,-0.5189287663,0.8842987418,-0.1709384024,-1.89923358,-1.697108388,2.659193754,-2.153216124
curobo,56,0.1902871281,1.52171576,-1.072696447,-1.49987638,-2.236238003,3.572593451,-0.8473617435
curobo,56,-1.246522069,1.012080669,0.6018905044,-1.943886042,-2.03200078,2.161715508,-2.320879221
curobo,56,0.4283647835,1.511690736,-0.8547142744,-1.904320955,1.385138631,2.989232302,1.961514831
curobo,56,0.4283647835,1.511690736,-0.8547142744,-1.904320955,1.385138631,2.989232302,1.961514831
curobo,56,0.4283647835,1.511690736,-0.8547142744,-1.904320955,1.385138631,2.989232302,1.961514831
curobo,56,1.689016223,-1.163214445,-2.326502085,-1.966715574,-2.162718058,1.982603788,-2.415406942
curobo,56,1.689016223,-1.163214445,-2.326502085,-1.966715574,-2.162718058,1.982603788,-2.415406942
curobo,56,0.1775544882,1.230003357,-0.8309488893,-2.049231768,-0.4063779414,3.229586363,-2.89150548
curobo,56,0.4345501363,1.519168615,-0.8604351878,-1.903222919,1.39644587,2.980956554,1.957564712
curobo,56,0.4345501363,1.519168615,-0.8604351878,-1.903222919,1.39644587,2.980956554,1.957564712
curobo,56,0.4345501363,1.519168615,-0.8604351878,-1.903222919,1.39644587,2.980956554,1.957564712
curobo,56,0.4345501363,1.519168615,-0.8604351878,-1.903222919,1.39644587,2.980956554,1.957564712
curobo,56,-0.5756238103,0.8776865602,-0.1097918376,-1.901347876,-1.724228263,2.621312618,-2.160768509
curobo,56,0.4531951249,1.542094946,-0.8777182698,-1.900397301,1.428982019,2.955681562,1.947438121
curobo,56,0.4531951249,1.542094946,-0.8777182698,-1.900397301,1.428982019,2.955681562,1.947438121
curobo,56,0.1335750967,1.199047208,-0.8415062428,-2.000141144,-0.7823732495,3.197283268,-2.571579695
curobo,56,0.1335750967,1.199047208,-0.8415062428,-2.000141144,-0.7823732495,3.197283268,-2.571579695
curobo,56,0.1335750967,1.199047208,-0.8415062428,-2.000141144,-0.7823732495,3.197283268,-2.571579695
curobo,56,0.1335750967,1.199047208,-0.8415062428,-2.000141144,-0.7823732495,3.197283268,-2.571579695
curobo,56,0.1335750967,1.199047208,-0.8415062428,-2.000141144,-0.7823732495,3.197283268,-2.571579695
curobo,56,0.1335750967,1.199047208,-0.8415062428,-2.000141144,-0.7823732495,3.197283268,-2.571579695
curobo,56,0.6080252528,1.759274483,-1.01865387,-1.896340489,1.647043586,2.725968122,1.933000565
curobo,56,0.2918656468,1.729650497,-1.295179725,-1.58326304,-1.73372221,3.748732805,-1.149278402
curobo,56,0.2918656468,1.729650497,-1.295179725,-1.58326304,-1.73372221,3.748732805,-1.149278402
curobo,56,-0.0107148746,1.089441895,-0.7255795598,-1.918846607,-1.266762853,3.061763048,-2.224603415
curobo,56,-0.0107148746,1.089441895,-0.7255795598,-1.918846607,-1.266762853,3.061763048,-2.224603415
curobo,56,-0.0107148746,1.089441895,-0.7255795598,-1.918846607,-1.266762853,3.061763048,-2.224603415
curobo,56,0.2128320783,1.25978291,-0.7686053514,-2.065457106,0.1656895727,3.237421513,2.89150548
curobo,56,-1.519270182,1.230939388,0.8825826645,-1.975949168,-2.21549201,1.916823149,-2.456042767
curobo,56,-1.519270182,1.230939388,0.8825826645,-1.975949168,-2.21549201,1.916823149,-2.456042767
curobo,56,-0.8554309011,0.8836109638,0.1893660426,-1.91506815,-1.847557187,2.438880682,-2.210606575
curobo,56,-0.8554309011,0.8836109638,0.1893660426,-1.91506815,-1.847557187,2.438880682,-2.210606575
curobo,56,0.2128320932,1.25978291,-0.7686052918,-2.065457106,0.1656896025,3.237421513,2.89150548
curobo,56,-0.1434760988,1.006108165,-0.5817532539,-1.899092674,-1.446484447,2.941157579,-2.152712584
curobo,56,-0.1434760988,1.006108165,-0.5817532539,-1.899092674,-1.446484447,2.941157579,-2.152712584
curobo,56,-0.1434760988,1.006108165,-0.5817532539,-1.899092674,-1.446484447,2.941157579,-2.152712584
curobo,56,-1.579009295,1.301566958,0.9418913126,-1.985188723,-2.269135237,1.854254246,-2.498436928
curobo,56,-1.579009295,1.301566958,0.9418913126,-1.985188723,-2.269135237,1.854254246,-2.498436928
curobo,56,2.033126831,-0.9476249218,-2.684556723,-1.932075143,-1.961277366,2.266120911,-2.274648666
curobo,56,2.033126831,-0.9476249218,-2.684556723,-1.932075143,-1.961277366,2.266120911,-2.274648666
curobo,56,2.033126831,-0.9476249218,-2.684556723,-1.932075143,-1.961277366,2.266120911,-2.274648666
curobo,56,0.5578363538,1.683190823,-0.9739930034,-1.894688606,1.582995653,2.8043437,1.927156091
curobo,56,0.5578363538,1.683190823,-0.9739930034,-1.894688606,1.582995653,2.8043437,1.927156091
curobo,56,0.5578363538,1.683190823,-0.9739930034,-1.894688606,1.582995653,2.8043437,1.927156091
curobo,56,-0.3107743859,1.199850082,-0.1105383486,-1.583262444,1.733727336,3.748729944,0.9393463731
curobo,56,-0.3107743859,1.199850082,-0.1105383486,-1.583262444,1.733727336,3.748729944,0.9393463731
curobo,56,0.6080249548,1.759274364,-1.01865375,-1.89634037,1.647043586,2.725968361,1.933000326
curobo,56,0.6080249548,1.759274364,-1.01865375,-1.89634037,1.647043586,2.725968361,1.933000326
curobo,57,0.9225409627,-0.5746580958,0.1673313677,-1.570208073,-2.682382345,2.229922295,-1.780665398
curobo,57,-1.445737243,-1.150480986,0.1345169693,-1.569975138,-0.4603770077,3.536535025,-1.778951049
curobo,57,-1.445737243,-1.150480986,0.1345169693,-1.569975138,-0.4603770077,3.536535025,-1.778951049
curobo,57,-1.445737243,-1.150480986,0.1345169693,-1.569975138,-0.4603770077,3.536535025,-1.778951049
curobo,57,-1.209044576,-1.097626448,0.4049649239,-1.597940683,0.2835568786,3.523046017,-2.806320906
curobo,57,-1.209044576,-1.097626448,0.4049649239,-1.597940683,0.2835568786,3.523046017,-2.806320906
curobo,57,-1.209044576,-1.097626448,0.4049649239,-1.597940683,0.2835568786,3.523046017,-2.806320906
curobo,57,-1.209044576,-1.097626448,0.4049649239,-1.597940683,0.2835568786,3.523046017,-2.806320906
curobo,57,2.1147995,1.05218935,-2.848791361,-1.255684018,-2.304343462,3.107671499,-0.3860787451
curobo,57,2.1147995,1.05218935,-2.848791361,-1.255684018,-2.304343462,3.107671499,-0.3860787451
curobo,57,2.1147995,1.05218935,-2.848791361,-1.255684018,-2.304343462,3.107671499,-0.3860787451
curobo,57,1.564476013,-0.5741709471,-0.1318849027,-1.599547029,-2.8719666,2.11973381,-2.050426245
curobo,57,-2.874951124,0.6814529896,-2.738901377,-1.52034533,-2.486528635,2.416368723,-1.475628853
curobo,57,-2.874951124,0.6814529896,-2.738901377,-1.52034533,-2.486528635,2.416368723,-1.475628853
curobo,57,-2.874951124,0.6814529896,-2.738901377,-1.52034533,-2.486528635,2.416368723,-1.475628853
curobo,57,2.841458321,-0.9072285891,-0.5068308711,-1.60165894,2.89150548,2.111841679,-2.75987649
curobo,57,2.841458321,-0.9072285891,-0.5068308711,-1.60165894,2.89150548,2.111841679,-2.75987649
curobo,57,2.841458321,-0.9072285891,-0.5068308711,-1.60165894,2.89150548,2.111841679,-2.75987649
curobo,57,2.841458321,-0.9072285891,-0.5068308711,-1.60165894,2.89150548,2.111841679,-2.75987649
curobo,57,2.841458321,-0.9072285891,-0.5068308711,-1.60165894,2.89150548,2.111841679,-2.75987649
curobo,57,-1.2294029,-1.106711268,0.3804892898,-1.604940891,0.2161288112,3.519953489,-2.713030815
curobo,57,-1.2294029,-1.106711268,0.3804892898,-1.604940891,0.2161288112,3.519953489,-2.713030815
curobo,57,-1.046815872,-1.055031896,0.2866729498,-1.245969772,-2.320711851,3.119878292,-0.348051548
curobo,57,-1.046815872,-1.055031896,0.2866729498,-1.245969772,-2.320711851,3.119878292,-0.348051548
curobo,57,-1.678258777,-1.243205905,0.2178564221,-1.312449813,2.240429878,3.01958704,2.049136162
curobo,57,-1.678258777,-1.243205905,0.2178564221,-1.312449813,2.240429878,3.01958704,2.049136162
curobo,57,-1.678258777,-1.243205905,0.2178564221,-1.312449813,2.240429878,3.01958704,2.049136162
curobo,57,0.6640784144,1.263650894,2.8914814,-1.496385574,2.41799283,2.503611565,2.80081439
curobo,57,-0.3001342118,0.9072284698,2.63476181,-1.601658583,2.89150548,2.111841917,-2.75987649
curobo,57,-0.3001342118,0.9072284698,2.63476181,-1.601658583,2.89150548,2.111841917,-2.75987649
curobo,57,-0.3001342118,0.9072284698,2.63476181,-1.601658583,2.89150548,2.111841917,-2.75987649
curobo,57,1.624116302,-0.5793654919,-0.1594098806,-1.601578116,-2.890729666,2.112143517,-2.076430082
curobo,57,1.624116302,-0.5793654919,-0.1594098806,-1.601578116,-2.890729666,2.112143517,-2.076430082
curobo,57,-2.040148735,-1.302428722,-0.00730514247,-1.415012002,2.266644001,2.773139238,2.445893764
curobo,57,-2.040148735,-1.302428722,-0.00730514247,-1.415012002,2.266644001,2.773139238,2.445893764
curobo,57,1.802809477,1.140023708,-2.89150548,-1.610009909,-0.1488201469,3.517778873,-2.216554642
curobo,57,1.906934261,1.069282055,-2.878716469,-1.122795701,-2.697637796,3.225164175,0.221906051
curobo,57,1.906934261,1.069282055,-2.878716469,-1.122795701,-2.697637796,3.225164175,0.221906051
curobo,57,1.906934261,1.069282055,-2.878716469,-1.122795701,-2.697637796,3.225164175,0.221906051
curobo,57,1.906934261,1.069282055,-2.878716469,-1.122795701,-2.697637796,3.225164175,0.221906051
curobo,57,0.6206332445,-0.6101717949,0.291520685,-1.550569415,-2.594105005,2.303781509,-1.648139954
curobo,57,1.802809477,1.140023589,-2.89150548,-1.610009909,-0.1488200575,3.517779112,-2.216554642
curobo,57,-1.659108281,-1.237345695,0.2297599465,-1.304929852,2.24574995,3.033063412,2.020617008
curobo,57,-1.659108281,-1.237345695,0.2297599465,-1.304929852,2.24574995,3.033063412,2.020617008
curobo,57,-1.659108281,-1.237345695,0.2297599465,-1.304929852,2.24574995,3.033063412,2.020617008
curobo,57,2.841458321,-0.9072284102,-0.5068309307,-1.601658583,2.89150548,2.111841917,-2.759876251
curobo,57,-1.085029006,-1.059763193,0.2757569551,-1.225858092,-2.359679699,3.142897606,-0.2678837776
curobo,57,-1.085029006,-1.059763193,0.2757569551,-1.225858092,-2.359679699,3.142897606,-0.2678837776
curobo,57,-1.085029006,-1.059763193,0.2757569551,-1.225858092,-2.359679699,3.142897606,-0.2678837776
curobo,57,1.6098243,-0.5780357122,-0.1528464407,-1.601101875,-2.886203051,2.113922119,-2.070164919
curobo,58,1.101958275,-1.082384229,0.9849209189,-1.42306602,-0.7043619156,0.5024008751,1.433660507
curobo,58,1.101958275,-1.082384229,0.9849209189,-1.42306602,-0.7043619156,0.5024008751,1.433660507
curobo,58,1.101958275,-1.082384229,0.9849209189,-1.42306602,-0.7043619156,0.5024008751,1.433660507
curobo,58,1.101958275,-1.082384229,0.9849209189,-1.42306602,-0.7043619156,0.5024008751,1.433660507
curobo,58,0.1715011895,-1.7328825,0.1435394585,-1.560241461,-0.1859207898,0.9614009857,0.4571841061
curobo,58,-1.053765416,-1.176073432,-0.8951201439,-1.49520278,0.5352927446,0.7348644733,-0.7037241459
curobo,58,-1.053765416,-1.176073432,-0.8951201439,-1.49520278,0.5352927446,0.7348644733,-0.7037241459
curobo,58,-1.053765416,-1.176073432,-0.8951201439,-1.49520278,0.5352927446,0.7348644733,-0.7037241459
curobo,58,-1.053765416,-1.176073432,-0.8951201439,-1.49520278,0.5352927446,0.7348644733,-0.7037241459
curobo,58,-1.053765416,-1.176073432,-0.8951201439,-1.49520278,0.5352927446,0.7348644733,-0.7037241459
curobo,58,0.06140872836,-1.744213223,0.04785724357,-1.564587593,-0.1274463385,0.9767113924,0.3664633334
curobo,58,0.06140872836,-1.744213223,0.04785724357,-1.564587593,-0.1274463385,0.9767113924,0.3664633334
curobo,58,0.06140872836,-1.744213223,0.04785724357,-1.564587593,-0.1274463385,0.9767113924,0.3664633334
curobo,58,-1.927605152,0.9020701051,-2.036775351,-1.380053401,-0.7557106018,0.3810638785,1.632085681
curobo,58,2.849571943,0.01220306661,0.2160178125,-1.158518195,0.4998287559,0.01063445583,-2.296462536
curobo,58,0.04063322023,-1.745140553,0.02984146774,-1.565223575,-0.1164017841,0.9789510965,0.3494218588
curobo,58,-1.593321443,-0.2820358872,-1.375965834,-1.287104487,0.7573148608,0.1763079911,-1.691497445
curobo,58,-1.593321443,-0.2820358872,-1.375965834,-1.287104487,0.7573148608,0.1763079911,-1.691497445
curobo,58,-1.593321443,-0.2820358872,-1.375965834,-1.287104487,0.7573148608,0.1763079911,-1.691497445
curobo,58,-0.1792381853,-1.731605768,-0.15995498,-1.568409324,0.001637613866,0.9901735187,0.1683024466
curobo,58,-2.81064868,0.0142484745,-0.4128890336,-1.153836489,0.4826184213,0.006493911147,-2.323646784
curobo,58,-2.81064868,0.0142484745,-0.4128890336,-1.153836489,0.4826184213,0.006493911147,-2.323646784
curobo,58,-2.81064868,0.0142484745,-0.4128890336,-1.153836489,0.4826184213,0.006493911147,-2.323646784
curobo,58,-2.81064868,0.0142484745,-0.4128890336,-1.153836489,0.4826184213,0.006493911147,-2.323646784
curobo,58,0.3298238814,-0.01423889771,2.729836702,-1.153846502,0.4826592207,0.006502768025,-2.323583841
curobo,58,0.3298238814,-0.01423889771,2.729836702,-1.153846502,0.4826592207,0.006502768025,-2.323583841
curobo,58,-0.4007571638,-1.673439503,-0.34929353,-1.564732194,0.1250213385,0.9772208929,-0.02110086568
curobo,58,0.9034984112,-1.329490066,0.7937853932,-1.475771904,-0.593000412,0.6694859862,1.160816193
curobo,58,0.9034984112,-1.329490066,0.7937853932,-1.475771904,-0.593000412,0.6694859862,1.160816193
curobo,58,-0.7745630741,-1.45758605,-0.6636632085,-1.538597226,0.3512411714,0.8852513433,-0.3798139989
curobo,58,-0.002855962608,-1.745848894,-0.007827522233,-1.566367388,-0.09324708581,0.9829804301,0.3137687445
curobo,58,-0.3867321014,-1.678526282,-0.3373697102,-1.565189362,0.1170151457,0.9788318872,-0.008749020286
curobo,58,-0.3867321014,-1.678526282,-0.3373697102,-1.565189362,0.1170151457,0.9788318872,-0.008749020286
curobo,58,-0.3867321014,-1.678526282,-0.3373697102,-1.565189362,0.1170151457,0.9788318872,-0.008749020286
curobo,58,-0.3867321014,-1.678526282,-0.3373697102,-1.565189362,0.1170151457,0.9788318872,-0.008749020286
curobo,58,-0.3867321014,-1.678526282,-0.3373697102,-1.565189362,0.1170151457,0.9788318872,-0.008749020286
curobo,58,1.237030864,-0.8600561023,1.131732345,-1.369183421,-0.7635384798,0.3529410958,1.680253983
curobo,58,1.237030864,-0.8600561023,1.131732345,-1.369183421,-0.7635384798,0.3529410958,1.680253983
curobo,58,2.16739893,0.01686803624,0.9060302973,-1.164490819,0.5205748081,0.01606700197,-2.262868404
curobo,58,2.16739893,0.01686803624,0.9060302973,-1.164490819,0.5205748081,0.01606700197,-2.262868404
curobo,58,2.16739893,0.01686803624,0.9060302973,-1.164490819,0.5205748081,0.01606700197,-2.262868404
curobo,58,2.16739893,0.01686803624,0.9060302973,-1.164490819,0.5205748081,0.01606700197,-2.262868404
curobo,58,1.523546576,0.21321401,1.724622726,-1.261036277,0.7312232256,0.1330316365,-1.803740263
curobo,58,0.5370474458,-1.611942172,0.4639399946,-1.532623172,-0.3835340738,0.8643078208,0.7751792669
curobo,58,2.886381626,0.01217572391,0.1788835675,-1.158266306,0.4989232421,0.01040897518,-2.297907352
curobo,58,0.4645757675,-1.646985054,0.4000283182,-1.539927125,-0.3435728252,0.8899178505,0.7088018656
curobo,58,1.142285943,-1.02151823,1.02649498,-1.409110427,-0.7246507406,0.4613592923,1.499703169
curobo,58,1.142285943,-1.02151823,1.02649498,-1.409110427,-0.7246507406,0.4613592923,1.499703169
curobo,58,-0.4467231333,-1.655364871,-0.3883085549,-1.563002467,0.1514783651,0.97112602,-0.06201936305
curobo,58,-0.4467231333,-1.655364871,-0.3883085549,-1.563002467,0.1514783651,0.97112602,-0.06201936305
curobo,59,0.8303652406,-0.8149470091,-2.029323578,-0.7171165943,-1.520303249,0.163685739,-0.1149582043
curobo,59,1.83589673,-0.8965941072,1.814172983,-0.9119563103,-0.2885140777,0.6821347475,-0.7228221297
curobo,59,-1.539072275,1.551592469,-2.46376586,-0.8860435486,0.4638365209,0.625203371,-1.42956543
curobo,59,1.83589673,-0.8965941072,1.814172983,-0.9119563103,-0.2885140777,0.6821347475,-0.7228221297
curobo,59,1.83589673,-0.8965941072,1.814172983,-0.9119563103,-0.2885140777,0.6821347475,-0.7228221297
curobo,59,-1.539072275,1.551592469,-2.46376586,-0.8860435486,0.4638365209,0.625203371,-1.42956543
curobo,59,1.83589673,-0.8965941072,1.814172983,-0.9119563103,-0.2885140777,0.6821347475,-0.7228221297
curobo,59,-1.539072275,1.551592469,-2.46376586,-0.8860435486,0.4638365209,0.625203371,-1.42956543
curobo,59,-2.236465693,0.7306975722,0.8222175837,-0.7307344675,-1.299361587,0.2460048199,-0.1373151839
curobo,59,-2.236465693,0.7306975722,0.8222175837,-0.7307344675,-1.299361587,0.2460048199,-0.1373151839
curobo,59,-2.236465693,0.7306975722,0.8222175837,-0.7307344675,-1.299361587,0.2460048199,-0.1373151839
curobo,59,-2.236465693,0.7306975722,0.8222175837,-0.7307344675,-1.299361587,0.2460048199,-0.1373151839
curobo,59,1.859467626,-1.099747539,1.478421211,-0.9279721975,-0.08099212497,0.7174568772,-0.9199274778
curobo,59,0.8312649131,-0.813567102,-2.033632517,-0.7171916366,-1.516633272,0.1649618596,-0.1150756106
curobo,59,0.8312649131,-0.813567102,-2.033632517,-0.7171916366,-1.516633272,0.1649618596,-0.1150756106
curobo,59,0.8312649131,-0.813567102,-2.033632517,-0.7171916366,-1.516633272,0.1649618596,-0.1150756106
curobo,59,-2.291848898,1.365382075,1.981560469,-0.7601497173,2.055134535,0.005586647429,-1.805775642
curobo,59,-2.291848898,1.365382075,1.981560469,-0.7601497173,2.055134535,0.005586647429,-1.805775642
curobo,59,-1.29153192,1.163020611,-1.75799644,-0.9293102622,-0.01722953096,0.7204134464,-0.9818041325
curobo,59,-1.29153192,1.163020611,-1.75799644,-0.9293102622,-0.01722953096,0.7204134464,-0.9818041325
curobo,59,-1.29153192,1.163020611,-1.75799644,-0.9293102622,-0.01722953096,0.7204134464,-0.9818041325
curobo,59,0.7834647298,-0.9134115577,-1.746920586,-0.7261437774,-1.793290019,0.07627188414,-0.1296026111
curobo,59,0.7834647298,-0.9134115577,-1.746920586,-0.7261437774,-1.793290019,0.07627188414,-0.1296026111
curobo,59,0.7834647298,-0.9134115577,-1.746920586,-0.7261437774,-1.793290019,0.07627188414,-0.1296026111
curobo,59,1.721666574,-0.7355929613,2.191374779,-0.8829668164,-0.4812141359,0.6184537411,-0.5529881716
curobo,59,1.721666574,-0.7355929613,2.191374779,-0.8829668164,-0.4812141359,0.6184537411,-0.5529881716
curobo,59,0.7834647298,-0.9134115577,-1.746920586,-0.7261437774,-1.793290019,0.07627188414,-0.1296026111
curobo,59,0.8914333582,-0.7427018285,-2.273825169,-0.7276846766,-1.330816984,0.2335691601,-0.1321691275
curobo,59,0.8914333582,-0.7427018285,-2.273825169,-0.7276846766,-1.330816984,0.2335691601,-0.1321691275
curobo,59,0.8184485435,-0.8345317245,-1.969325066,-0.7166239023,-1.57275784,0.1457529664,-0.11417564
curobo,59,0.8184485435,-0.8345317245,-1.969325066,-0.7166239023,-1.57275784,0.1457529664,-0.11417564
curobo,59,0.8184485435,-0.8345317245,-1.969325066,-0.7166239023,-1.57275784,0.1457529664,-0.11417564
curobo,59,0.8184485435,-0.8345317245,-1.969325066,-0.7166239023,-1.57275784,0.1457529664,-0.11417564
curobo,59,1.687128544,-0.709769547,2.275830269,-0.8759385347,-0.5193915963,0.6030407548,-0.5216642022
curobo,59,0.8782917261,-0.7553725243,-2.227609396,-0.7248663902,-1.363892317,0.2207594365,-0.1274864823
curobo,59,-1.489124179,0.6885603666,-0.7862707973,-0.869263649,-0.5540748239,0.5884025693,-0.4940130711
curobo,59,1.687128544,-0.709769547,2.275830269,-0.8759385347,-0.5193915963,0.6030407548,-0.5216642022
curobo,59,1.687128544,-0.709769547,2.275830269,-0.8759385347,-0.5193915963,0.6030407548,-0.5216642022
curobo,59,1.828738689,-1.241354585,1.26619935,-0.9285128117,0.06345964968,0.7186512351,-1.060186028
curobo,59,1.713892102,-1.447340965,0.9203400016,-0.9103168249,0.3021267951,0.6785257459,-1.286806941
curobo,59,1.713892102,-1.447340965,0.9203400016,-0.9103168249,0.3021267951,0.6785257459,-1.286806941
curobo,59,1.713892102,-1.447340965,0.9203400016,-0.9103168249,0.3021267951,0.6785257459,-1.286806941
curobo,59,1.828738689,-1.241354585,1.26619935,-0.9285128117,0.06345964968,0.7186512351,-1.060186028
curobo,59,0.8635725975,-1.384703398,-1.112666249,-0.7480641007,1.979554653,0.02463281341,-1.828962326
curobo,59,0.8635725975,-1.384703398,-1.112666249,-0.7480641007,1.979554653,0.02463281341,-1.828962326
curobo,59,0.8635725975,-1.384703398,-1.112666249,-0.7480641007,1.979554653,0.02463281341,-1.828962326
curobo,59,-1.324764132,0.8531218171,-1.241531968,-0.9059408903,-0.3360442519,0.6688991785,-0.6793822646
curobo,59,-1.324764132,0.8531218171,-1.241531968,-0.9059408903,-0.3360442519,0.6688991785,-0.6793822646
curobo,59,-2.271089077,0.7634906173,0.9427128434,-0.7232747674,-1.385064006,0.2127004415,-0.1248725653
curobo,59,-2.071989059,0.6433097124,0.3893444836,-0.7669261694,-1.047874093,0.3544308245,-0.2049843967
curobo,60,1.081315994,-0.926702857,-0.4318380356,-0.2834495902,0.2939682901,0.7605311275,-1.317417145
curobo,60,1.146310806,-1.14465487,-0.07881388068,-0.6526978016,-0.05163767561,0.933842957,-1.244863153
curobo,60,1.146310806,-1.14465487,-0.07881388068,-0.6526978016,-0.05163767561,0.933842957,-1.244863153
curobo,60,1.146310806,-1.14465487,-0.07881388068,-0.6526978016,-0.05163767561,0.933842957,-1.244863153
curobo,60,1.109351516,-1.141033888,-0.1444554329,-0.6530730724,0.01674526744,0.9344590306,-1.272601843
curobo,60,1.211856961,-0.9435057044,0.1046871543,-0.2828251719,-0.2556088269,0.7617655396,-1.220873356
curobo,60,1.211856961,-0.9435057044,0.1046871543,-0.2828251719,-0.2556088269,0.7617655396,-1.220873356
curobo,60,1.211856961,-0.9435057044,0.1046871543,-0.2828251719,-0.2556088269,0.7617655396,-1.220873356
curobo,60,-2.09232235,1.129018664,2.888554096,-0.6504787207,0.129893288,0.9301974773,-1.318210244
curobo,60,1.251760125,-1.139572501,0.1102456376,-0.6435903907,-0.2486209273,0.9189042449,-1.167128444
curobo,60,1.179667592,-1.145522356,-0.01965331845,-0.6511060596,-0.1132647321,0.9312303066,-1.220040798
curobo,60,1.251760125,-1.139572501,0.1102456376,-0.6435903907,-0.2486209273,0.9189042449,-1.167128444
curobo,60,1.251760125,-1.139572501,0.1102456376,-0.6435903907,-0.2486209273,0.9189042449,-1.167128444
curobo,60,1.179667592,-1.145522356,-0.01965331845,-0.6511060596,-0.1132647321,0.9312303066,-1.220040798
curobo,60,1.251760125,-1.139572501,0.1102456376,-0.6435903907,-0.2486209273,0.9189042449,-1.167128444
curobo,60,1.179667592,-1.145522356,-0.01965331845,-0.6511060596,-0.1132647321,0.9312303066,-1.220040798
curobo,60,1.251760125,-1.139572501,0.1102456376,-0.6435903907,-0.2486209273,0.9189042449,-1.167128444
curobo,60,1.104341626,-0.9327479601,-0.3347507715,-0.2820123434,0.1946529746,0.7633717656,-1.3000741
curobo,60,1.074819922,-1.135078311,-0.2064310163,-0.6520797014,0.08132137358,0.932826817,-1.298737168
curobo,60,1.074819922,-1.135078311,-0.2064310163,-0.6520797014,0.08132137358,0.932826817,-1.298737168
curobo,60,1.182145953,-0.94329983,-0.01538646594,-0.2814087868,-0.1324418485,0.7645615339,-1.242461443
curobo,60,1.182145953,-0.94329983,-0.01538646594,-0.2814087868,-0.1324418485,0.7645615339,-1.242461443
curobo,60,1.182145953,-0.94329983,-0.01538646594,-0.2814087868,-0.1324418485,0.7645615339,-1.242461443
curobo,60,1.182145953,-0.94329983,-0.01538646594,-0.2814087868,-0.1324418485,0.7645615339,-1.242461443
curobo,60,-1.771941066,1.104666233,-2.799782515,-0.6181502938,-0.4904746413,0.87740165,-1.083276153
curobo,60,-1.771941066,1.104666233,-2.799782515,-0.6181502938,-0.4904746413,0.87740165,-1.083276153
curobo,60,1.27055943,-0.9376574159,0.3419823945,-0.2882216871,-0.4994245172,0.7509468198,-1.178976417
curobo,60,1.27055943,-0.9376574159,0.3419823945,-0.2882216871,-0.4994245172,0.7509468198,-1.178976417
curobo,60,-2.093450069,1.128718019,2.886477709,-0.650390923,0.1320574582,0.9300529957,-1.319072247
curobo,60,-2.093450069,1.128718019,2.886477709,-0.650390923,0.1320574582,0.9300529957,-1.319072247
curobo,60,1.265759587,-1.137141228,0.1361229867,-0.6414661407,-0.2756022215,0.9154247046,-1.156980395
curobo,60,1.265759587,-1.137141228,0.1361229867,-0.6414661407,-0.2756022215,0.9154247046,-1.156980395
curobo,60,1.265759587,-1.137141228,0.1361229867,-0.6414661407,-0.2756022215,0.9154247046,-1.156980395
curobo,60,1.175315619,-1.145539045,-0.02738480456,-0.6513831019,-0.1052105948,0.9316824675,-1.223267436
curobo,60,1.175315619,-1.145539045,-0.02738480456,-0.6513831019,-0.1052105948,0.9316824675,-1.223267436
curobo,60,1.285837173,-1.132895231,0.1737963259,-0.6380215883,-0.3148986101,0.9097911716,-1.142506123
curobo,60,1.126253128,-1.143038392,-0.1143870503,-0.6530832052,-0.01458007563,0.9344765544,-1.259886503
curobo,60,1.126253128,-1.143038392,-0.1143870503,-0.6530832052,-0.01458007563,0.9344765544,-1.259886503
curobo,60,1.126253128,-1.143038392,-0.1143870503,-0.6530832052,-0.01458007563,0.9344765544,-1.259886503
curobo,60,1.272274137,-1.135862947,0.1482686698,-0.6404010653,-0.288269043,0.9136810899,-1.152273536
curobo,60,1.160621762,-1.145304918,-0.05345200747,-0.6521598697,-0.07805676013,0.9329600334,-1.234188437
curobo,60,1.081699014,-1.136466265,-0.1940069497,-0.6523825526,0.06837500632,0.9333252907,-1.293513775
curobo,60,1.081699014,-1.136466265,-0.1940069497,-0.6523825526,0.06837500632,0.9333252907,-1.293513775
curobo,60,1.081699014,-1.136466265,-0.1940069497,-0.6523825526,0.06837500632,0.9333252907,-1.293513775
curobo,60,1.081699014,-1.136466265,-0.1940069497,-0.6523825526,0.06837500632,0.9333252907,-1.293513775
curobo,60,1.081699014,-1.136466265,-0.1940069497,-0.6523825526,0.06837500632,0.9333252907,-1.293513775
curobo,60,1.081699014,-1.136466265,-0.1940069497,-0.6523825526,0.06837500632,0.9333252907,-1.293513775
curobo,60,1.010311484,-1.116925001,-0.326022625,-0.6465380192,0.2059633285,0.9237328768,-1.34812963
curobo,60,1.010311484,-1.116925001,-0.326022625,-0.6465380192,0.2059633285,0.9237328768,-1.34812963
curobo,60,1.010311484,-1.116925001,-0.326022625,-0.6465380192,0.2059633285,0.9237328768,-1.34812963
curobo,61,-0.7942259908,0.3927164674,-0.4081265628,-2.888481617,2.079527617,0.9955641031,-1.187877059
curobo,61,0.6060816646,-0.8385142088,-2.125784159,-2.839191437,1.629685998,1.860946059,-1.396173954
curobo,61,0.6060816646,-0.8385142088,-2.125784159,-2.839191437,1.629685998,1.860946059,-1.396173954
curobo,61,0.6060816646,-0.8385142088,-2.125784159,-2.839191437,1.629685998,1.860946059,-1.396173954
curobo,61,0.6060816646,-0.8385142088,-2.125784159,-2.839191437,1.629685998,1.860946059,-1.396173954
curobo,61,0.6060816646,-0.8385142088,-2.125784159,-2.839191437,1.629685998,1.860946059,-1.396173954
curobo,61,-0.2259240597,0.5694602728,-0.8272314072,-2.927238941,2.365104675,0.7547578216,-0.992842257
curobo,61,-0.2259240597,0.5694602728,-0.8272314072,-2.927238941,2.365104675,0.7547578216,-0.992842257
curobo,61,-0.2259240597,0.5694602728,-0.8272314072,-2.927238941,2.365104675,0.7547578216,-0.992842257
curobo,61,-0.2259240597,0.5694602728,-0.8272314072,-2.927238941,2.365104675,0.7547578216,-0.992842257
curobo,61,0.1710338444,-1.564660549,-2.054171562,-2.867427111,1.211877704,2.617970705,-1.280352354
curobo,61,0.1710338444,-1.564660549,-2.054171562,-2.867427111,1.211877704,2.617970705,-1.280352354
curobo,61,0.06605120748,-1.730369449,-2.110245228,-2.899506092,0.9847095013,2.785744667,-1.136455178
curobo,61,-2.489298582,0.7853918672,0.9900298119,-2.840099573,1.653196812,1.802872777,-1.392558813
curobo,61,-2.489298582,0.7853918672,0.9900298119,-2.840099573,1.653196812,1.802872777,-1.392558813
curobo,61,-2.489298582,0.7853918672,0.9900298119,-2.840099573,1.653196812,1.802872777,-1.392558813
curobo,61,0.8310261369,-0.6263116002,-2.268337965,-2.844772339,1.72753787,1.621961355,-1.373853207
curobo,61,0.8310261369,-0.6263116002,-2.268337965,-2.844772339,1.72753787,1.621961355,-1.373853207
curobo,61,0.8310261369,-0.6263116002,-2.268337965,-2.844772339,1.72753787,1.621961355,-1.373853207
curobo,61,0.25416556,-1.413824201,-2.035632372,-2.852039099,1.337140918,2.463619232,-1.344404817
curobo,61,-2.81396842,1.27635324,1.107228041,-2.844103098,1.422639132,2.322014093,-1.376542687
curobo,61,-2.81396842,1.27635324,1.107228041,-2.844103098,1.422639132,2.322014093,-1.376542687
curobo,61,-2.622538328,-1.208515406,2.365051031,-2.929614544,-2.384649038,0.7436868548,0.06704632193
curobo,61,-2.622538328,-1.208515406,2.365051031,-2.929614544,-2.384649038,0.7436868548,0.06704632193
curobo,61,2.413266897,-0.4035278261,2.678733349,-2.891345024,2.099525928,0.9726167917,-1.174751997
curobo,61,2.413266897,-0.4035278261,2.678733349,-2.891345024,2.099525928,0.9726167917,-1.174751997
curobo,61,2.413266897,-0.4035278261,2.678733349,-2.891345024,2.099525928,0.9726167917,-1.174751997
curobo,61,-1.183769107,0.3617118001,-0.07323434204,-2.875149727,1.985842824,1.119307876,-1.247175217
curobo,61,-1.183769107,0.3617118001,-0.07323434204,-2.875149727,1.985842824,1.119307876,-1.247175217
curobo,61,-1.183769107,0.3617118001,-0.07323434204,-2.875149727,1.985842824,1.119307876,-1.247175217
curobo,61,-1.183769107,0.3617118001,-0.07323434204,-2.875149727,1.985842824,1.119307876,-1.247175217
curobo,61,-1.875891566,0.4326791763,0.5285987258,-2.856903315,1.847237349,1.359028339,-1.324423552
curobo,61,-1.875891566,0.4326791763,0.5285987258,-2.856903315,1.847237349,1.359028339,-1.324423552
curobo,61,-1.875891566,0.4326791763,0.5285987258,-2.856903315,1.847237349,1.359028339,-1.324423552
curobo,61,-1.875891566,0.4326791763,0.5285987258,-2.856903315,1.847237349,1.359028339,-1.324423552
curobo,61,0.1618341953,-1.580535293,-2.057485104,-2.869637012,1.195566177,2.634147167,-1.270936251
curobo,61,0.1618341953,-1.580535293,-2.057485104,-2.869637012,1.195566177,2.634147167,-1.270936251
curobo,61,0.4853194952,-1.004641771,-2.070574999,-2.838288784,1.556385398,2.03856945,-1.399761558
curobo,61,0.4853194952,-1.004641771,-2.070574999,-2.838288784,1.556385398,2.03856945,-1.399761558
curobo,61,0.4853194952,-1.004641771,-2.070574999,-2.838288784,1.556385398,2.03856945,-1.399761558
curobo,61,0.4853194952,-1.004641771,-2.070574999,-2.838288784,1.556385398,2.03856945,-1.399761558
curobo,61,0.4853194952,-1.004641771,-2.070574999,-2.838288784,1.556385398,2.03856945,-1.399761558
curobo,61,0.4853194952,-1.004641771,-2.070574999,-2.838288784,1.556385398,2.03856945,-1.399761558
curobo,61,0.1471319199,-1.605441093,-2.063355923,-2.873399734,1.168278098,2.659493923,-1.254762173
curobo,61,0.1471319199,-1.605441093,-2.063355923,-2.873399734,1.168278098,2.659493923,-1.254762173
curobo,61,0.101917617,0.7972379923,-0.9134028554,-2.970583916,2.864259243,0.5925408006,-0.6459333897
curobo,61,0.101917617,0.7972379923,-0.9134028554,-2.970583916,2.864259243,0.5925408006,-0.6459333897
curobo,61,0.101917617,0.7972379923,-0.9134028554,-2.970583916,2.864259243,0.5925408006,-0.6459333897
curobo,61,0.101917617,0.7972379923,-0.9134028554,-2.970583916,2.864259243,0.5925408006,-0.6459333897
curobo,61,2.161441088,-0.3714758754,2.89150548,-2.881515503,2.030830383,1.056383252,-1.219208956
curobo,62,-1.679878592,1.649904847,-0.9732131958,-2.296873331,-1.919434428,2.05443716,0.5587402582
curobo,62,-1.588741899,-1.759251237,-2.188909531,-2.309430838,1.996738911,1.913408637,-1.342196226
curobo,62,-1.588741899,-1.759251237,-2.188909531,-2.309430838,1.996738911,1.913408637,-1.342196226
curobo,62,-1.588741899,-1.759251237,-2.188909531,-2.309430838,1.996738911,1.913408637,-1.342196226
curobo,62,1.532391429,-1.759274364,2.142059565,-2.288336515,-1.862896919,2.163397789,0.592656076
curobo,62,1.532391429,-1.759274364,2.142059565,-2.288336515,-1.862896919,2.163397789,0.592656076
curobo,62,1.532391429,-1.759274364,2.142059565,-2.288336515,-1.862896919,2.163397789,0.592656076
curobo,62,1.532391429,-1.759274364,2.142059565,-2.288336515,-1.862896919,2.163397789,0.592656076
curobo,62,-1.609201193,1.759274364,-0.9995331168,-2.288336515,-1.862896919,2.163397789,0.592656076
curobo,62,-1.609201193,1.759274364,-0.9995331168,-2.288336515,-1.862896919,2.163397789,0.592656076
curobo,62,-2.36658597,0.9609110951,-0.5576528907,-2.380163193,-2.434468746,1.357214212,0.1675708592
curobo,62,-2.36658597,0.9609110951,-0.5576528907,-2.380163193,-2.434468746,1.357214212,0.1675708592
curobo,62,1.49621892,-1.702752113,2.15485549,-2.292624235,-1.891872168,2.107073545,0.5757055283
curobo,62,1.49621892,-1.702752113,2.15485549,-2.292624235,-1.891872168,2.107073545,0.5757055283
curobo,62,1.49621892,-1.702752113,2.15485549,-2.292624235,-1.891872168,2.107073545,0.5757055283
curobo,62,1.49621892,-1.702752113,2.15485549,-2.292624235,-1.891872168,2.107073545,0.5757055283
curobo,62,1.49621892,-1.702752113,2.15485549,-2.292624235,-1.891872168,2.107073545,0.5757055283
curobo,62,-1.609201312,1.759274364,-0.9995330572,-2.288336515,-1.862896919,2.163397789,0.592656076
curobo,62,-1.609201312,1.759274364,-0.9995330572,-2.288336515,-1.862896919,2.163397789,0.592656076
curobo,62,-1.609201312,1.759274364,-0.9995330572,-2.288336515,-1.862896919,2.163397789,0.592656076
curobo,62,-1.609201312,1.759274364,-0.9995331168,-2.288336515,-1.862896919,2.163397789,0.5926559567
curobo,62,-1.609201312,1.759274364,-0.9995331168,-2.288336515,-1.862896919,2.163397789,0.5926559567
curobo,62,1.55283463,1.759274364,0.9526870847,-2.309428692,1.996725917,1.913431168,-1.342205286
curobo,62,1.55283463,1.759274364,0.9526870847,-2.309428692,1.996725917,1.913431168,-1.342205286
curobo,62,1.55283463,1.759274364,0.9526870847,-2.309428692,1.996725917,1.913431168,-1.342205286
curobo,62,-2.073446512,1.169358134,-0.7571171522,-2.347752094,-2.223431826,1.573553085,0.337785542
curobo,62,-2.073446512,1.169358134,-0.7571171522,-2.347752094,-2.223431826,1.573553085,0.337785542
curobo,62,1.552834511,1.759274364,0.9526870847,-2.309428692,1.996725917,1.913431287,-1.342205167
curobo,62,1.552834511,1.759274364,0.9526870847,-2.309428692,1.996725917,1.913431287,-1.342205167
curobo,62,1.532391191,-1.759274364,2.142059565,-2.288336277,-1.862896919,2.163397789,0.5926559567
curobo,62,-1.609201431,1.759274364,-0.9995331168,-2.288336277,-1.862896919,2.163397789,0.5926559567
curobo,62,-1.609201431,1.759274364,-0.9995331168,-2.288336277,-1.862896919,2.163397789,0.5926559567
curobo,62,-1.609201431,1.759274364,-0.9995331168,-2.288336277,-1.862896919,2.163397789,0.5926559567
curobo,62,-1.609201431,1.759274364,-0.9995331168,-2.288336277,-1.862896919,2.163397789,0.5926559567
curobo,62,0.377320677,-0.8161272407,2.871903181,-2.411922216,-2.707498312,1.188636184,-0.05774093419
curobo,62,0.377320677,-0.8161272407,2.871903181,-2.411922216,-2.707498312,1.188636184,-0.05774093419
curobo,62,-2.325259209,0.9840279818,-0.5867563486,-2.376044512,-2.405418873,1.381932974,0.1913289577
curobo,62,-2.325259209,0.9840279818,-0.5867563486,-2.376044512,-2.405418873,1.381932974,0.1913289577
curobo,62,-2.325259209,0.9840279818,-0.5867563486,-2.376044512,-2.405418873,1.381932974,0.1913289577
curobo,62,-2.325259209,0.9840279818,-0.5867563486,-2.376044512,-2.405418873,1.381932974,0.1913289577
curobo,62,1.532391191,-1.759274364,2.142059565,-2.288336277,-1.862897038,2.163397789,0.5926559567
curobo,62,1.532391191,-1.759274364,2.142059565,-2.288336277,-1.862897038,2.163397789,0.5926559567
curobo,62,1.532391191,-1.759274364,2.142059565,-2.288336277,-1.862897038,2.163397789,0.5926559567
curobo,62,1.532391191,-1.759274364,2.142059565,-2.288336277,-1.862897038,2.163397789,0.5926559567
curobo,62,0.8282305002,-0.991024375,2.546504021,-2.374830246,-2.397018671,1.389359713,0.1981852502
curobo,62,-1.378761053,-1.473870158,-2.262369871,-2.339353561,2.173089504,1.638913274,-1.211832285
curobo,62,1.552834511,1.759274364,0.9526870847,-2.309428692,1.996725917,1.913431287,-1.342205286
curobo,62,1.552834511,1.759274364,0.9526870847,-2.309428692,1.996725917,1.913431287,-1.342205286
curobo,62,1.552834511,1.759274364,0.9526870847,-2.309428692,1.996725917,1.913431287,-1.342205286
curobo,62,1.552834511,1.759274364,0.9526870847,-2.309428692,1.996725917,1.913431287,-1.342205286
curobo,63,-0.6456881762,1.759073615,-1.595959783,-1.944471717,-2.297971725,1.70099318,-0.2440495193
curobo,63,-0.6456881762,1.759073615,-1.595959783,-1.944471717,-2.297971725,1.70099318,-0.2440495193
curobo,63,1.517222762,-0.4325735867,2.89150548,-1.990233541,2.658688068,1.442008734,-1.285692692
curobo,63,1.517222762,-0.4325735867,2.89150548,-1.990233541,2.658688068,1.442008734,-1.285692692
curobo,63,1.517222762,-0.4325735867,2.89150548,-1.990233541,2.658688068,1.442008734,-1.285692692
curobo,63,2.007477283,-0.5644826293,2.358029366,-2.008532524,2.89150548,1.356216788,-1.101019979
curobo,63,-0.6532512307,1.454865336,-1.457876444,-1.974919081,-2.522204399,1.520848274,-0.4077606797
curobo,63,-0.6532512307,1.454865336,-1.457876444,-1.974919081,-2.522204399,1.520848274,-0.4077606797
curobo,63,-0.6811345816,1.259055853,-1.371326566,-1.992652416,-2.68320632,1.430170298,-0.532163322
curobo,63,-0.6811345816,1.259055853,-1.371326566,-1.992652416,-2.68320632,1.430170298,-0.532163322
curobo,63,-0.6811345816,1.259055853,-1.371326566,-1.992652416,-2.68320632,1.430170298,-0.532163322
curobo,63,-0.6811345816,1.259055853,-1.371326566,-1.992652416,-2.68320632,1.430170298,-0.532163322
curobo,63,1.517222643,-0.4325736761,2.89150548,-1.990233302,2.658688068,1.442008853,-1.285692573
curobo,63,1.596377969,-0.4420701265,2.806162357,-1.993114591,2.688022375,1.427925467,-1.262718797
curobo,63,1.596377969,-0.4420701265,2.806162357,-1.993114591,2.688022375,1.427925467,-1.262718797
curobo,63,2.471263409,-1.32005477,1.742849708,-1.987424612,-2.631474972,1.455959916,-0.4917572141
curobo,63,2.471263409,-1.32005477,1.742849708,-1.987424612,-2.631474972,1.455959916,-0.4917572141
curobo,63,0.211273998,-1.759274364,-1.384536505,-1.870950222,1.461270094,2.690695047,-1.851580024
curobo,63,0.211273998,-1.759274364,-1.384536505,-1.870950222,1.461270094,2.690695047,-1.851580024
curobo,63,0.211273998,-1.759274364,-1.384536505,-1.870950222,1.461270094,2.690695047,-1.851580024
curobo,63,0.211273998,-1.759274364,-1.384536505,-1.870950222,1.461270094,2.690695047,-1.851580024
curobo,63,0.2035216242,-1.713470817,-1.413332462,-1.869466662,1.502200961,2.650764227,-1.856818676
curobo,63,0.2035216242,-1.713470817,-1.413332462,-1.869466662,1.502200961,2.650764227,-1.856818676
curobo,63,2.477403402,-1.361018658,1.724750519,-1.983745337,-2.597548962,1.474568963,-0.4654637873
curobo,63,2.477403402,-1.361018658,1.724750519,-1.983745337,-2.597548962,1.474568963,-0.4654637873
curobo,63,0.5351019502,-0.6046046019,-2.296703339,-1.942014933,2.281125069,1.717150807,-1.566255927
curobo,63,0.5351019502,-0.6046046019,-2.296703339,-1.942014933,2.281125069,1.717150807,-1.566255927
curobo,63,0.5351019502,-0.6046046019,-2.296703339,-1.942014933,2.281125069,1.717150807,-1.566255927
curobo,63,-1.306947112,0.494194001,-0.5935639143,-2.001963377,2.791163206,1.386039972,-1.181189656
curobo,63,-1.306947112,0.494194001,-0.5935639143,-2.001963377,2.791163206,1.386039972,-1.181189656
curobo,63,-1.306947112,0.494194001,-0.5935639143,-2.001963377,2.791163206,1.386039972,-1.181189656
curobo,63,-0.6446806788,1.734046698,-1.583881259,-1.947002769,-2.315432549,1.684632421,-0.2562342286
curobo,63,-0.6446806788,1.734046698,-1.583881259,-1.947002769,-2.315432549,1.684632421,-0.2562342286
curobo,63,-0.7437132597,1.029326916,-1.256843328,-2.008532524,-2.89150548,1.356216669,-0.6976413131
curobo,63,-0.7437132597,1.029326916,-1.256843328,-2.008532524,-2.89150548,1.356216669,-0.6976413131
curobo,63,-0.643765986,1.69792366,-1.566764712,-1.950661421,-2.340907335,1.661470652,-0.2742122412
curobo,63,2.398198605,-1.03020072,1.884258747,-2.008486509,-2.890672207,1.35642159,-0.696972847
curobo,63,-0.6445648074,1.730559945,-1.582213283,-1.947355747,-2.317877054,1.682373166,-0.2579492927
curobo,63,-0.6445648074,1.730559945,-1.582213283,-1.947355747,-2.317877054,1.682373166,-0.2579492927
curobo,63,-0.6452721953,1.749648571,-1.591388464,-1.945424438,-2.304529905,1.694801927,-0.2486124486
curobo,63,2.007477283,-0.5644827485,2.358029366,-2.008532524,2.89150548,1.356216669,-1.101019979
curobo,63,-0.6452721953,1.749648571,-1.591388464,-1.945424438,-2.304529905,1.694801927,-0.2486124486
curobo,63,-0.6452721953,1.749648571,-1.591388464,-1.945424438,-2.304529905,1.694801927,-0.2486124486
curobo,63,2.007477283,-0.5644827485,2.358029366,-2.008532524,2.89150548,1.356216669,-1.101019979
curobo,63,-1.134115458,0.5644827485,-0.7835631371,-2.008532524,2.89150548,1.356216669,-1.101020098
curobo,63,-1.134115458,0.5644827485,-0.7835631371,-2.008532524,2.89150548,1.356216669,-1.101020098
curobo,63,-1.134115458,0.5644827485,-0.7835631371,-2.008532524,2.89150548,1.356216669,-1.101020098
curobo,63,-1.134115458,0.5644827485,-0.7835631371,-2.008532524,2.89150548,1.356216669,-1.101020098
curobo,63,0.2248377353,-1.072073698,-1.806016088,-1.894527435,1.946353912,2.104702473,-1.765256405
curobo,63,-0.6445358396,1.729651093,-1.581779122,-1.947447419,-2.318514824,1.681785226,-0.2583971322
curobo,64,0.8779479265,-1.343752146,1.157164454,-1.633400083,-0.1768156141,2.794836521,-0.601388514
curobo,64,0.8779479265,-1.343752146,1.157164454,-1.633400083,-0.1768156141,2.794836521,-0.601388514
curobo,64,0.8779479265,-1.343752146,1.157164454,-1.633400083,-0.1768156141,2.794836521,-0.601388514
curobo,64,1.025101304,-0.6954539418,1.57881093,-1.533722401,-1.339178681,2.384299278,-0.0433857888
curobo,64,-2.146006107,0.5295938253,-1.389545202,-1.527608633,-1.525725842,2.243311882,-0.02338314243
curobo,64,-2.244982481,1.298621178,-1.964036822,-1.628082395,-0.2949104607,2.784203053,-0.5256808996
curobo,64,0.9257113338,-1.220713615,1.214985251,-1.614690065,-0.4843951762,2.755129814,-0.4084239304
curobo,64,0.9257113338,-1.220713615,1.214985251,-1.614690065,-0.4843951762,2.755129814,-0.4084239304
curobo,64,0.9257113338,-1.220713615,1.214985251,-1.614690065,-0.4843951762,2.755129814,-0.4084239304
curobo,64,0.9257113338,-1.220713615,1.214985251,-1.614690065,-0.4843951762,2.755129814,-0.4084239304
curobo,64,0.8139343262,-0.3270888627,2.111994743,-1.530952811,-1.743906379,2.059989691,-0.03425462544
curobo,64,0.8139343262,-0.3270888627,2.111994743,-1.530952811,-1.743906379,2.059989691,-0.03425462544
curobo,64,0.8139343262,-0.3270888627,2.111994743,-1.530952811,-1.743906379,2.059989691,-0.03425462544
curobo,64,2.356259584,0.2803091407,0.903681457,-1.563290834,-2.15723753,1.714711428,-0.1495382935
curobo,64,2.058117628,0.5349496603,1.40148735,-1.592597723,-2.428727865,1.532932758,-0.2784332335
curobo,64,2.058117628,0.5349496603,1.40148735,-1.592597723,-2.428727865,1.532932758,-0.2784332335
curobo,64,-2.706739187,0.221458599,-0.535167098,-1.538732886,-1.88352263,1.939076543,-0.06020973995
curobo,64,-2.706739187,0.221458599,-0.535167098,-1.538732886,-1.88352263,1.939076543,-0.06020973995
curobo,64,0.644300878,-0.2619591653,2.346609116,-1.534836531,-1.822421908,1.99192214,-0.04709236696
curobo,64,0.644300878,-0.2619591653,2.346609116,-1.534836531,-1.822421908,1.99192214,-0.04709236696
curobo,64,0.644300878,-0.2619591653,2.346609116,-1.534836531,-1.822421908,1.99192214,-0.04709236696
curobo,64,0.644300878,-0.2619591653,2.346609116,-1.534836531,-1.822421908,1.99192214,-0.04709236696
curobo,64,0.9256870747,-1.220783114,1.214950085,-1.614703774,-0.4842351377,2.755161047,-0.4085199833
curobo,64,0.9256870747,-1.220783114,1.214950085,-1.614703774,-0.4842351377,2.755161047,-0.4085199833
curobo,64,0.9256870747,-1.220783114,1.214950085,-1.614703774,-0.4842351377,2.755161047,-0.4085199833
curobo,64,0.9256870747,-1.220783114,1.214950085,-1.614703774,-0.4842351377,2.755161047,-0.4085199833
curobo,64,-0.7333189845,-1.759274364,-0.8544837832,-1.593055129,2.433054209,1.530468822,-1.152347088
curobo,64,-0.7333189845,-1.759274364,-0.8544837832,-1.593055129,2.433054209,1.530468822,-1.152347088
curobo,64,-2.157945633,1.025630713,-1.814311504,-1.575131655,-0.8739492297,2.640895367,-0.1978568584
curobo,64,-0.9799067974,-0.3851220906,-1.954916954,-1.575867057,-2.274389267,1.630029917,-0.2010050267
curobo,64,-0.9799067974,-0.3851220906,-1.954916954,-1.575867057,-2.274389267,1.630029917,-0.2010050267
curobo,64,-0.9799067974,-0.3851220906,-1.954916954,-1.575867057,-2.274389267,1.630029917,-0.2010050267
curobo,64,-1.111114025,-0.6467529535,-1.633070469,-1.604323268,-2.543609858,1.472500324,-0.3418669701
curobo,64,-0.8468555808,-1.614345789,-1.003012061,-1.611633778,2.621957541,1.4373492,-1.04566884
curobo,64,-2.268198729,1.35425961,-1.989117026,-1.634290695,-0.1485892832,2.79657197,-0.6196722388
curobo,64,-0.2437452972,-0.1980944574,-2.890571594,-1.549407244,-2.015937567,1.827011824,-0.09751497209
curobo,64,-0.2437452972,-0.1980944574,-2.890571594,-1.549407244,-2.015937567,1.827011824,-0.09751497209
curobo,64,-0.2437452972,-0.1980944574,-2.890571594,-1.549407244,-2.015937567,1.827011824,-0.09751497209
curobo,64,-0.2437452972,-0.1980944574,-2.890571594,-1.549407244,-2.015937567,1.827011824,-0.09751497209
curobo,64,-1.112508178,-0.6575284004,-1.624079585,-1.60540545,-2.554785967,1.467182755,-0.3482606709
curobo,64,-1.112508178,-0.6575284004,-1.624079585,-1.60540545,-2.554785967,1.467182755,-0.3482606709
curobo,64,-1.112508178,-0.6575284004,-1.624079585,-1.60540545,-2.554785967,1.467182755,-0.3482606709
curobo,64,-2.312660456,0.3355780244,-1.052492976,-1.530572534,-1.734364271,2.068236351,-0.03300981596
curobo,64,-2.312660456,0.3355780244,-1.052492976,-1.530572534,-1.734364271,2.068236351,-0.03300981596
curobo,64,-2.89150548,0.2030557692,-0.3171356022,-1.541704535,-1.924124002,1.904245973,-0.07038823515
curobo,64,-2.89150548,0.2030557692,-0.3171356022,-1.541704535,-1.924124002,1.904245973,-0.07038823515
curobo,64,-2.89150548,0.2030557692,-0.3171356022,-1.541704535,-1.924124002,1.904245973,-0.07038823515
curobo,64,-2.89150548,0.2030557692,-0.3171356022,-1.541704535,-1.924124002,1.904245973,-0.07038823515
curobo,64,-0.2442940921,-0.1981199086,-2.88993907,-1.549417138,-2.016041994,1.826925397,-0.09754878283
curobo,64,-0.2442940921,-0.1981199086,-2.88993907,-1.549417138,-2.016041994,1.826925397,-0.09754878283
curobo,65,1.23417294,-1.647340894,1.204137802,-1.149786949,-0.9887521267,2.323829412,0.1547497064
curobo,65,-0.03888205439,-1.17102325,-1.931868315,-1.189523458,2.618529558,1.516521335,-0.5052551031
curobo,65,-0.03888205439,-1.17102325,-1.931868315,-1.189523458,2.618529558,1.516521335,-0.5052551031
curobo,65,-0.003786840476,-1.759274364,-1.118386149,-1.126281738,1.764846563,1.926692128,-0.7398244143
curobo,65,-0.003786840476,-1.759274364,-1.118386149,-1.126281738,1.764846563,1.926692128,-0.7398244143
curobo,65,-0.03888205439,-1.17102325,-1.931868315,-1.189523458,2.618529558,1.516521335,-0.5052551031
curobo,65,-0.003786840476,-1.759274364,-1.118386149,-1.126281738,1.764846563,1.926692128,-0.7398244143
curobo,65,-1.956485987,1.759274364,-2.100111246,-1.169181108,-0.7646308541,2.405548811,0.08506620675
curobo,65,-1.956485987,1.759274364,-2.100111246,-1.169181108,-0.7646308541,2.405548811,0.08506620675
curobo,65,-2.718991756,0.7948716283,0.3070852757,-1.206133842,-2.89150548,1.452129006,-0.1345704943
curobo,65,-1.982837915,1.014486313,-0.9732243419,-1.138930082,-2.008759499,1.789912105,0.1886560023
curobo,65,-1.982837915,1.014486313,-0.9732243419,-1.138930082,-2.008759499,1.789912105,0.1886560023
curobo,65,-1.982837915,1.014486313,-0.9732243419,-1.138930082,-2.008759499,1.789912105,0.1886560023
curobo,65,-1.982837915,1.014486313,-0.9732243419,-1.138930082,-2.008759499,1.789912105,0.1886560023
curobo,65,-0.07890373468,-1.500426769,-1.496471405,-1.149632692,2.150942802,1.714462638,-0.6702505946
curobo,65,-0.07890373468,-1.500426769,-1.496471405,-1.149632692,2.150942802,1.714462638,-0.6702505946
curobo,65,-2.506397963,0.7759708762,-0.02024699189,-1.193811417,-2.676683187,1.499215722,-0.03504056111
curobo,65,-2.506397963,0.7759708762,-0.02024699189,-1.193811417,-2.676683187,1.499215722,-0.03504056111
curobo,65,-2.506397963,0.7759708762,-0.02024699189,-1.193811417,-2.676683187,1.499215722,-0.03504056111
curobo,65,1.130950332,-0.9809229374,2.23892498,-1.143047214,-2.066516638,1.758703947,0.1761457026
curobo,65,-1.87752223,1.254706621,-1.38216579,-1.12332356,-1.632277966,2.001838207,0.2328524888
curobo,65,1.25214529,-1.204565525,1.836078167,-1.124660254,-1.708592534,1.958658099,0.2292470783
curobo,65,1.25214529,-1.204565525,1.836078167,-1.124660254,-1.708592534,1.958658099,0.2292470783
curobo,65,-1.958700299,1.048951507,-1.040688515,-1.135234118,-1.951669812,1.821352839,0.1995628029
curobo,65,-1.958700299,1.048951507,-1.040688515,-1.135234118,-1.951669812,1.821352839,0.1995628029
curobo,65,-0.02929267287,-1.147170424,-1.966073871,-1.192202449,2.654316187,1.50565052,-0.4897843599
curobo,65,-0.02929267287,-1.147170424,-1.966073871,-1.192202449,2.654316187,1.50565052,-0.4897843599
curobo,65,-0.003786812071,-1.759274364,-1.118386149,-1.126281738,1.764846683,1.926692128,-0.7398244739
curobo,65,0.01926670969,-1.056061268,-2.10671854,-1.201477408,2.796988487,1.469495058,-0.4252330363
curobo,65,0.01926670969,-1.056061268,-2.10671854,-1.201477408,2.796988487,1.469495058,-0.4252330363
curobo,65,-2.718991756,0.7948716283,0.3070852458,-1.206133842,-2.89150548,1.452129006,-0.1345704198
curobo,65,-2.718991756,0.7948716283,0.3070852458,-1.206133842,-2.89150548,1.452129006,-0.1345704198
curobo,65,-2.718991756,0.7948716283,0.3070852458,-1.206133842,-2.89150548,1.452129006,-0.1345704198
curobo,65,-0.08077742159,-1.363087773,-1.675467134,-1.16618681,2.34318924,1.621908307,-0.6117895842
curobo,65,-0.08077742159,-1.363087773,-1.675467134,-1.16618681,2.34318924,1.621908307,-0.6117895842
curobo,65,0.946570456,-0.8464479446,2.613710165,-1.166327238,-2.344771862,1.621203065,0.09625280648
curobo,65,0.946570456,-0.8464479446,2.613710165,-1.166327238,-2.344771862,1.621203065,0.09625280648
curobo,65,0.946570456,-0.8464479446,2.613710165,-1.166327238,-2.344771862,1.621203065,0.09625280648
curobo,65,1.208826184,-1.711308956,1.112342834,-1.160351157,-0.8645044565,2.371535778,0.1185265407
curobo,65,1.208826184,-1.711308956,1.112342834,-1.160351157,-0.8645044565,2.371535778,0.1185265407
curobo,65,1.208826184,-1.711308956,1.112342834,-1.160351157,-0.8645044565,2.371535778,0.1185265407
curobo,65,-0.05701837689,-1.619812727,-1.332563519,-1.136997104,1.979666352,1.805869341,-0.7093936801
curobo,65,-0.05701837689,-1.619812727,-1.332563519,-1.136997104,1.979666352,1.805869341,-0.7093936801
curobo,65,-0.05701837689,-1.619812727,-1.332563519,-1.136997104,1.979666352,1.805869341,-0.7093936801
curobo,65,1.275806427,-1.437002659,1.497478843,-1.127244115,-1.349806666,2.155517817,0.2221852392
curobo,65,1.275806427,-1.437002659,1.497478843,-1.127244115,-1.349806666,2.155517817,0.2221852392
curobo,65,1.270247936,-1.494744658,1.417163372,-1.131480932,-1.256015062,2.20296073,0.2103436738
curobo,65,1.270247936,-1.494744658,1.417163372,-1.131480932,-1.256015062,2.20296073,0.2103436738
curobo,65,-2.707279205,0.7924390435,0.2889047563,-1.205600023,-2.879127026,1.454096556,-0.1286281794
curobo,65,-0.05834567547,-1.614776731,-1.339752436,-1.137478709,1.987056732,1.801802397,-0.7079713345
curobo,66,-1.284028888,0.2895003259,-1.033361673,-0.7169442773,2.423875093,1.935973167,0.07875200361
curobo,66,-1.284028888,0.2895003259,-1.033361673,-0.7169442773,2.423875093,1.935973167,0.07875200361
curobo,66,-2.04815793,0.5551404953,1.044784069,-0.1779396534,0.9769071937,2.217376709,0.2323036641
curobo,66,-1.383589983,0.2582352459,-0.8420194387,-0.7080595493,2.332172394,1.961683035,0.05864367634
curobo,66,-1.383589983,0.2582352459,-0.8420194387,-0.7080595493,2.332172394,1.961683035,0.05864367634
curobo,66,-1.315938115,0.2776888311,-0.9687082767,-0.7137797475,2.391204357,1.94495225,0.07130809128
curobo,66,-1.315938115,0.2776888311,-0.9687082767,-0.7137797475,2.391204357,1.94495225,0.07130809128
curobo,66,-1.315938115,0.2776888311,-0.9687082767,-0.7137797475,2.391204357,1.94495225,0.07130809128
curobo,66,-1.315938115,0.2776888311,-0.9687082767,-0.7137797475,2.391204357,1.94495225,0.07130809128
curobo,66,-1.315938115,0.2776888311,-0.9687082767,-0.7137797475,2.391204357,1.94495225,0.07130809128
curobo,66,-1.315938115,0.2776888311,-0.9687082767,-0.7137797475,2.391204357,1.94495225,0.07130809128
curobo,66,1.79562366,-0.2682589591,2.230574369,-0.711099565,2.363567829,1.952708125,0.06525216997
curobo,66,1.79562366,-0.2682589591,2.230574369,-0.711099565,2.363567829,1.952708125,0.06525216997
curobo,66,1.79562366,-0.2682589591,2.230574369,-0.711099565,2.363567829,1.952708125,0.06525216997
curobo,66,1.139027357,-0.6917914748,-0.7214185596,-0.1752728969,-0.5066812038,2.240735292,0.3431148529
curobo,66,1.139027357,-0.6917914748,-0.7214185596,-0.1752728969,-0.5066812038,2.240735292,0.3431148529
curobo,66,1.139027357,-0.6917914748,-0.7214185596,-0.1752728969,-0.5066812038,2.240735292,0.3431148529
curobo,66,-2.027270555,0.6727345586,2.205867767,-0.1743206382,-0.2605524659,2.247261763,0.3239853084
curobo,66,-2.027270555,0.6727345586,2.205867767,-0.1743206382,-0.2605524659,2.247261763,0.3239853084
curobo,66,1.884298205,-0.7419053316,1.054981112,-0.753389895,-2.882334709,1.842182517,0.3932631016
curobo,66,-1.302713633,0.2823310792,-0.995025754,-0.7150476575,2.404274225,1.941334367,0.07424890995
curobo,66,0.5616526008,-0.678737998,-1.106751204,-0.7375537753,0.4924758375,2.475343466,0.1380736232
curobo,66,0.8255438209,-0.9157038331,-0.6698760986,-0.7436605692,-0.4148317277,2.486748219,0.4437363148
curobo,66,1.207964897,-1.017854333,-0.08482203633,-0.6668820977,-1.371203303,2.260035753,0.6170874834
curobo,66,1.207964897,-1.017854333,-0.08482203633,-0.6668820977,-1.371203303,2.260035753,0.6170874834
curobo,66,1.207964897,-1.017854333,-0.08482203633,-0.6668820977,-1.371203303,2.260035753,0.6170874834
curobo,66,-1.994995713,0.6964518428,2.478473186,-0.1756117791,-0.5740299225,2.238238573,0.3480275571
curobo,66,-1.994995713,0.6964518428,2.478473186,-0.1756117791,-0.5740299225,2.238238573,0.3480275571
curobo,66,-1.994995713,0.6964518428,2.478473186,-0.1756117791,-0.5740299225,2.238238573,0.3480275571
curobo,66,-1.933433294,0.7206230164,2.890231609,-0.1783476025,-1.05089128,2.212548971,0.3763897121
curobo,66,-1.933433294,0.7206230164,2.890231609,-0.1783476025,-1.05089128,2.212548971,0.3763897121
curobo,66,-1.933433294,0.7206230164,2.890231609,-0.1783476025,-1.05089128,2.212548971,0.3763897121
curobo,66,1.114658356,-1.009402871,-0.2404701561,-0.6787102222,-1.149791718,2.324419975,0.5997630358
curobo,66,1.114658356,-1.009402871,-0.2404701561,-0.6787102222,-1.149791718,2.324419975,0.5997630358
curobo,66,1.340206861,-0.5302270055,2.519228935,-0.1764044315,2.425488234,2.11151886,0.2474235892
curobo,66,1.340206861,-0.5302270055,2.519228935,-0.1764044315,2.425488234,2.11151886,0.2474235892
curobo,66,1.340206861,-0.5302270055,2.519228935,-0.1764044315,2.425488234,2.11151886,0.2474235892
curobo,66,-2.000951529,0.692822814,2.432817459,-0.1753423363,-0.52127707,2.240219116,0.3441933095
curobo,66,-2.000951529,0.692822814,2.432817459,-0.1753423363,-0.52127707,2.240219116,0.3441933095
curobo,66,1.159890175,-0.703602314,-0.5662513971,-0.1762312502,-0.6861548424,2.233427763,0.3557984233
curobo,66,1.159890175,-0.703602314,-0.5662513971,-0.1762312502,-0.6861548424,2.233427763,0.3557984233
curobo,66,-2.005149603,0.6900889277,2.399626493,-0.1751578003,-0.4829767048,2.241541386,0.3413465619
curobo,66,-2.005149603,0.6900889277,2.399626493,-0.1751578003,-0.4829767048,2.241541386,0.3413465619
curobo,66,-2.005149603,0.6900889277,2.399626493,-0.1751578003,-0.4829767048,2.241541386,0.3413465619
curobo,66,0.5009709001,-0.5193088055,-1.426967025,-0.6939662099,0.9599641562,2.375703096,0.03097227216
curobo,66,0.5298560262,-0.6203964353,-1.214037061,-0.7216136456,0.6691532731,2.443323135,0.09037991613
curobo,66,0.5298560262,-0.6203964353,-1.214037061,-0.7216136456,0.6691532731,2.443323135,0.09037991613
curobo,66,-1.689457893,0.2170697451,-0.3464891315,-0.6904381514,2.141416311,2.019059896,0.02470293455
curobo,66,-1.689457893,0.2170697451,-0.3464891315,-0.6904381514,2.141416311,2.019059896,0.02470293455
curobo,66,-1.745374918,0.2142902315,-0.2616591752,-0.6879574656,2.112179279,2.028163671,0.02043963782
curobo,67,-1.989291787,-0.06692370772,-0.1762715578,-0.6722448468,0.02215287648,2.861747742,0.8504653573
curobo,67,0.5923628807,-0.6343141794,-0.2286652625,-0.6410777569,-2.684349537,2.304886818,1.049186468
curobo,67,0.5923628807,-0.6343141794,-0.2286652625,-0.6410777569,-2.684349537,2.304886818,1.049186468
curobo,67,0.5923628807,-0.6343141794,-0.2286652625,-0.6410777569,-2.684349537,2.304886818,1.049186468
curobo,67,0.5923628807,-0.6343141794,-0.2286652625,-0.6410777569,-2.684349537,2.304886818,1.049186468
curobo,67,-2.061900139,0.1604680866,-0.2702881694,-0.2628698945,0.2186894268,2.673599005,0.8221424222
curobo,67,-2.061900139,0.1604680866,-0.2702881694,-0.2628698945,0.2186894268,2.673599005,0.8221424222
curobo,67,0.75488168,-0.659650743,-0.1129279956,-0.6622819901,-2.888872862,2.269158363,0.9701799154
curobo,67,-2.178032875,-0.06545592844,-0.01324994862,-0.6715291142,0.07029503584,2.861033678,0.8291085362
curobo,67,-2.178032875,-0.06545592844,-0.01324994862,-0.6715291142,0.07029503584,2.861033678,0.8291085362
curobo,67,0.6377860308,-0.6430387497,-0.1950614005,-0.6481778026,-2.743155003,2.292930126,1.02782011
curobo,67,0.6377860308,-0.6430387497,-0.1950614005,-0.6481778026,-2.743155003,2.292930126,1.02782011
curobo,67,0.6377860308,-0.6430387497,-0.1950614005,-0.6481778026,-2.743155003,2.292930126,1.02782011
curobo,67,0.6377860308,-0.6430387497,-0.1950614005,-0.6481778026,-2.743155003,2.292930126,1.02782011
curobo,67,-2.326237202,-0.0655438602,0.1150189936,-0.6704756021,0.1073997244,2.859978676,0.8127481341
curobo,67,1.334522724,-0.6237380505,0.2763486207,-0.642241478,2.693603992,2.30292654,0.6747257113
curobo,67,1.334522724,-0.6237380505,0.2763486207,-0.642241478,2.693603992,2.30292654,0.6747257113
curobo,67,1.334522724,-0.6237380505,0.2763486207,-0.642241478,2.693603992,2.30292654,0.6747257113
curobo,67,1.334522724,-0.6237380505,0.2763486207,-0.642241478,2.693603992,2.30292654,0.6747257113
curobo,67,1.334522724,-0.6237380505,0.2763486207,-0.642241478,2.693603992,2.30292654,0.6747257113
curobo,67,-2.009760141,-0.06667625904,-0.1586450189,-0.6722024679,0.02748139389,2.861705542,0.8480971456
curobo,67,-2.009760141,-0.06667625904,-0.1586450189,-0.6722024679,0.02748139389,2.861705542,0.8480971456
curobo,67,-2.009760141,-0.06667625904,-0.1586450189,-0.6722024679,0.02748139389,2.861705542,0.8480971456
curobo,67,-2.218931198,-0.06537232548,0.02215592749,-0.6712811589,0.08054158092,2.860785961,0.8245793581
curobo,67,-2.350996971,-0.06566349417,0.1364217401,-0.6702556014,0.1136216,2.859758615,0.8100171685
curobo,67,-2.350996971,-0.06566349417,0.1364217401,-0.6702556014,0.1136216,2.859758615,0.8100171685
curobo,67,0.7499995828,-0.6591264606,-0.1162493527,-0.6618205905,-2.882930756,2.269943237,0.972642839
curobo,67,0.7499995828,-0.6591264606,-0.1162493527,-0.6618205905,-2.882930756,2.269943237,0.972642839
curobo,67,0.6416427493,-0.6437217593,-0.1922593862,-0.6487424374,-2.748080492,2.291983604,1.025977135
curobo,67,0.6416427493,-0.6437217593,-0.1922593862,-0.6487424374,-2.748080492,2.291983604,1.025977135
curobo,67,0.7510765791,-0.6592426896,-0.1155161262,-0.6619221568,-2.884242296,2.269768953,0.972099781
curobo,67,0.7510765791,-0.6592426896,-0.1155161262,-0.6619221568,-2.884242296,2.269768953,0.972099781
curobo,67,0.7517118454,-0.6593111157,-0.1150839105,-0.6619821787,-2.885015488,2.269666672,0.9717794657
curobo,67,-2.304204941,-0.06546456367,0.09596300125,-0.6706637144,0.1018765643,2.860165358,0.8151755929
curobo,67,1.071655035,-0.1602205336,2.886905432,-0.2627733648,0.2095291167,2.673752069,0.8237317204
curobo,67,1.224753499,-0.6456769705,0.1975655109,-0.6575385928,2.833214283,2.277163029,0.7277297974
curobo,67,1.224753499,-0.6456769705,0.1975655109,-0.6575385928,2.833214283,2.277163029,0.7277297974
curobo,67,-2.222659826,-0.06536971778,0.02538394369,-0.671258688,0.0814749077,2.860762596,0.8241670132
curobo,67,-2.222659826,-0.06536971778,0.02538394369,-0.671258688,0.0814749077,2.860762596,0.8241670132
curobo,67,-2.222659826,-0.06536971778,0.02538394369,-0.671258688,0.0814749077,2.860762596,0.8241670132
curobo,67,0.7401124239,-0.6580151916,-0.1230003461,-0.6608433127,-2.870864868,2.271591902,0.9776164889
curobo,67,-2.130294323,-0.06565828621,-0.05455995351,-0.6717785001,0.05828370154,2.86128211,0.8344266415
curobo,67,-2.291463375,0.1597685367,0.1709739119,-0.2617196739,-0.03809066117,2.67540288,0.8669850826
curobo,67,-2.291463375,0.1597685367,0.1709739119,-0.2617196739,-0.03809066117,2.67540288,0.8669850826
curobo,67,0.5626900792,-0.6279053688,-0.251293987,-0.6359568834,-2.645038843,2.31351614,1.062767148
curobo,67,0.5626900792,-0.6279053688,-0.251293987,-0.6359568834,-2.645038843,2.31351614,1.062767148
curobo,67,0.5626900792,-0.6279053688,-0.251293987,-0.6359568834,-2.645038843,2.31351614,1.062767148
curobo,67,1.177561641,-0.6528642774,0.1652446389,-0.6624594331,2.891158342,2.268859863,0.7514002919
curobo,67,0.7528948784,-0.6594408751,-0.114278242,-0.6620986462,-2.88645649,2.269474268,0.971183002
curobo,67,0.7528948784,-0.6594408751,-0.114278242,-0.6620986462,-2.88645649,2.269474268,0.971183002
curobo,68,-2.834224701,-1.74753654,-1.194778442,-2.839127541,0.1086698696,2.958336592,1.271185517
curobo,68,-2.834224701,-1.74753654,-1.194778442,-2.839127541,0.1086698696,2.958336592,1.271185517
curobo,68,-2.834224701,-1.74753654,-1.194778442,-2.839127541,0.1086698696,2.958336592,1.271185517
curobo,68,-1.002403855,0.5895010233,2.89150548,-2.708200455,1.740381718,1.647083402,0.4242212772
curobo,68,-1.002403855,0.5895010233,2.89150548,-2.708200455,1.740381718,1.647083402,0.4242212772
curobo,68,-1.002403855,0.5895010233,2.89150548,-2.708200455,1.740381718,1.647083402,0.4242212772
curobo,68,-1.002403855,0.5895010233,2.89150548,-2.708200455,1.740381718,1.647083402,0.4242212772
curobo,68,0.3953716159,-1.732322097,1.333464622,-2.814373732,-2.599830627,0.6969608068,1.735634565
curobo,68,0.3116939962,1.759274364,1.933172822,-2.839958906,0.05027419329,2.959503651,1.312786222
curobo,68,0.3116939962,1.759274364,1.933172822,-2.839958906,0.05027419329,2.959503651,1.312786222
curobo,68,0.3116939962,1.759274364,1.933172822,-2.839958906,0.05027419329,2.959503651,1.312786222
curobo,68,0.3116939962,1.759274364,1.933172822,-2.839958906,0.05027419329,2.959503651,1.312786222
curobo,68,0.3116939962,1.759274364,1.933172822,-2.839958906,0.05027419329,2.959503651,1.312786222
curobo,68,-2.563608408,-1.578457355,-1.258676052,-2.276076078,-2.89150548,3.592306137,-2.056239367
curobo,68,-2.563608408,-1.578457355,-1.258676052,-2.276076078,-2.89150548,3.592306137,-2.056239367
curobo,68,-2.563608408,-1.578457355,-1.258676052,-2.276076078,-2.89150548,3.592306137,-2.056239367
curobo,68,-2.698948145,1.581889272,-1.869618773,-2.832903862,-2.855915785,0.6330416203,1.552279115
curobo,68,-2.698948145,1.581889272,-1.869618773,-2.832903862,-2.855915785,0.6330416203,1.552279115
curobo,68,0.3116937876,1.759274364,1.933172822,-2.839958906,0.05027442798,2.959503412,1.312786102
curobo,68,0.3116937876,1.759274364,1.933172822,-2.839958906,0.05027442798,2.959503412,1.312786102
curobo,68,-0.6570000648,0.6723796129,2.612576246,-2.702818632,1.652386546,1.844929457,0.4028477073
curobo,68,-2.084515095,0.7530292869,-2.487439871,-2.748871803,2.075130701,1.068161726,0.595975697
curobo,68,-0.6570000648,0.6723796129,2.612576246,-2.702818632,1.652386546,1.844929457,0.4028477073
curobo,68,-0.6570000648,0.6723796129,2.612576246,-2.702818632,1.652386546,1.844929457,0.4028477073
curobo,68,-2.829898834,-1.759274364,-1.2084198,-2.839958906,0.05027435347,2.959503412,1.312786102
curobo,68,-2.829898834,-1.759274364,-1.2084198,-2.839958906,0.05027435347,2.959503412,1.312786102
curobo,68,0.5482341647,-1.318885803,1.111470819,-2.834526777,2.8899014,0.6279575229,1.169179082
curobo,68,-2.697380066,1.577293634,-1.87193501,-2.833339453,-2.864633322,0.6316699982,1.546050906
curobo,68,-2.697380066,1.577293634,-1.87193501,-2.833339453,-2.864633322,0.6316699982,1.546050906
curobo,68,-2.697380066,1.577293634,-1.87193501,-2.833339453,-2.864633322,0.6316699982,1.546050906
curobo,68,0.5482341647,-1.318885803,1.111470819,-2.834526777,2.8899014,0.6279575229,1.169179082
curobo,68,-2.697380066,1.577293634,-1.87193501,-2.833339453,-2.864633322,0.6316699982,1.546050906
curobo,68,0.5482341647,-1.318885803,1.111470819,-2.834526777,2.8899014,0.6279575229,1.169179082
curobo,68,1.450812221,-0.6109201908,0.33046785,-2.72654438,1.912009358,1.307403684,0.4991520345
curobo,68,1.450812221,-0.6109201908,0.33046785,-2.72654438,1.912009358,1.307403684,0.4991520345
curobo,68,0.2943377495,1.71188128,1.98595047,-2.833283186,0.2780975699,2.949860811,1.150319457
curobo,68,-1.595234156,0.5936869979,-2.89150548,-2.723053217,1.884093165,1.356743693,0.4846159518
curobo,68,0.3116877079,1.759257793,1.933192253,-2.839958191,0.0503573902,2.959502459,1.312726974
curobo,68,0.3116877079,1.759257793,1.933192253,-2.839958191,0.0503573902,2.959502459,1.312726974
curobo,68,0.3116877079,1.759257793,1.933192253,-2.839958191,0.0503573902,2.959502459,1.312726974
curobo,68,0.1662288606,1.431147695,2.131416082,-2.753324986,1.035149813,2.74805069,0.6162465215
curobo,68,0.1662288606,1.431147695,2.131416082,-2.753324986,1.035149813,2.74805069,0.6162465215
curobo,68,-2.829911947,-1.759239912,-1.208379507,-2.839957476,0.05044767261,2.959501028,1.312662601
curobo,68,-2.829911947,-1.759239912,-1.208379507,-2.839957476,0.05044767261,2.959501028,1.312662601
curobo,68,-2.829911947,-1.759239912,-1.208379507,-2.839957476,0.05044767261,2.959501028,1.312662601
curobo,68,-0.3130533099,0.8559215665,2.365368605,-2.701561689,1.529441357,2.116648197,0.3978904486
curobo,68,1.673804283,-0.5784803033,0.1423131973,-2.71903491,1.850239515,1.419891953,0.4680554271
curobo,68,1.673804283,-0.5784803033,0.1423131973,-2.71903491,1.850239515,1.419891953,0.4680554271
curobo,68,-0.3130533099,0.8559215665,2.365368605,-2.701561689,1.529441357,2.116648197,0.3978904486
curobo,68,0.311693877,1.759274364,1.933172822,-2.839958906,0.05027458817,2.959503412,1.312785864
curobo,69,2.047927618,0.5916363597,0.6698096991,-2.310476542,0.881247282,3.226287842,1.401331902
curobo,69,2.047927618,0.5916363597,0.6698096991,-2.310476542,0.881247282,3.226287842,1.401331902
curobo,69,2.192097187,0.7075201273,0.2918095887,-1.852400899,-2.584125519,3.452852488,-1.528478622
curobo,69,2.192097187,0.7075201273,0.2918095887,-1.852400899,-2.584125519,3.452852488,-1.528478622
curobo,69,2.192097187,0.7075201273,0.2918095887,-1.852400899,-2.584125519,3.452852488,-1.528478622
curobo,69,0.8164681196,-1.424928188,1.809954643,-2.285211086,2.119421005,1.8332901,1.284176946
curobo,69,0.8164681196,-1.424928188,1.809954643,-2.285211086,2.119421005,1.8332901,1.284176946
curobo,69,0.8164681196,-1.424928188,1.809954643,-2.285211086,2.119421005,1.8332901,1.284176946
curobo,69,0.8164681196,-1.424928188,1.809954643,-2.285211086,2.119421005,1.8332901,1.284176946
curobo,69,0.8164681196,-1.424928188,1.809954643,-2.285211086,2.119421005,1.8332901,1.284176946
curobo,69,0.8164681196,-1.424928188,1.809954643,-2.285211086,2.119421005,1.8332901,1.284176946
curobo,69,2.859996557,0.4894820452,-0.1418626606,-2.210252523,1.565335751,2.864993811,0.9835855961
curobo,69,2.859996557,0.4894820452,-0.1418626606,-2.210252523,1.565335751,2.864993811,0.9835855961
curobo,69,2.882962942,0.4911622405,-0.1659313887,-2.210241079,1.571886897,2.855407,0.9835426807
curobo,69,1.977960467,0.6055266261,0.672321856,-2.372626066,0.4244363606,3.258026361,1.793141246
curobo,69,-1.176860332,-0.6073812842,-2.490252018,-2.386514664,0.2336071879,3.262735605,1.957184792
curobo,69,-1.176860332,-0.6073812842,-2.490252018,-2.386514664,0.2336071879,3.262735605,1.957184792
curobo,69,-2.250911474,1.759274364,-1.409967303,-2.317499161,2.301687717,1.58752501,1.436346889
curobo,69,2.890197754,0.4917465448,-0.1735152006,-2.210244656,1.573934436,2.852372885,0.9835558534
curobo,69,2.890197754,0.4917465448,-0.1735152006,-2.210244656,1.573934436,2.852372885,0.9835558534
curobo,69,1.818125486,0.8999424577,1.010746717,-1.985927224,1.892813563,3.560908794,0.1826873869
curobo,69,1.818125486,0.8999424577,1.010746717,-1.985927224,1.892813563,3.560908794,0.1826873869
curobo,69,1.818125486,0.8999424577,1.010746717,-1.985927224,1.892813563,3.560908794,0.1826873869
curobo,69,2.561847448,0.4905685782,0.1700221002,-2.214487314,1.46654129,2.98740983,0.9994168878
curobo,69,2.561847448,0.4905685782,0.1700221002,-2.214487314,1.46654129,2.98740983,0.9994168878
curobo,69,2.561847448,0.4905685782,0.1700221002,-2.214487314,1.46654129,2.98740983,0.9994168878
curobo,69,0.8771542311,-1.689340353,1.744612217,-2.310565948,2.260863781,1.635957599,1.401769757
curobo,69,0.8771542311,-1.689340353,1.744612217,-2.310565948,2.260863781,1.635957599,1.401769757
curobo,69,0.8771542311,-1.689340353,1.744612217,-2.310565948,2.260863781,1.635957599,1.401769757
curobo,69,0.8771542311,-1.689340353,1.744612217,-2.310565948,2.260863781,1.635957599,1.401769757
curobo,69,-0.9386449456,-0.5497580171,-2.602609396,-2.24838686,1.222436905,3.148853779,1.130232692
curobo,69,-0.9386449456,-0.5497580171,-2.602609396,-2.24838686,1.222436905,3.148853779,1.130232692
curobo,69,0.216201067,-0.6007198691,2.474659681,-2.217331409,1.706776857,2.621905565,1.010103464
curobo,69,0.8906811476,-1.759274364,1.731625319,-2.317499161,2.301687717,1.587524891,1.436346769
curobo,69,0.8906811476,-1.759274364,1.731625319,-2.317499161,2.301687717,1.587524891,1.436346769
curobo,69,0.8906811476,-1.759274364,1.731625319,-2.317499161,2.301687717,1.587524891,1.436346769
curobo,69,0.8906811476,-1.759274364,1.731625319,-2.317499161,2.301687717,1.587524891,1.436346769
curobo,69,0.8906811476,-1.759274364,1.731625319,-2.317499161,2.301687717,1.587524891,1.436346769
curobo,69,0.8906811476,-1.759274364,1.731625319,-2.317499161,2.301687717,1.587524891,1.436346769
curobo,69,0.8906811476,-1.759274364,1.731625319,-2.317499161,2.301687717,1.587524891,1.436346769
curobo,69,0.8906811476,-1.759274364,1.731625319,-2.317499161,2.301687717,1.587524891,1.436346769
curobo,69,0.8906811476,-1.759274364,1.731625319,-2.317499161,2.301687717,1.587524891,1.436346769
curobo,69,-2.341226578,1.367117405,-1.313361287,-2.279892683,2.090687752,1.879177809,1.26091218
curobo,69,-1.182255507,-0.6084335446,-2.5052495,-2.390902758,0.1237739027,3.264103889,2.051422834
curobo,69,-1.160175085,-0.6050485969,-2.466099024,-2.368878603,0.4630421102,3.256646872,1.75990653
curobo,69,-2.454110146,1.065695405,-1.183814287,-2.253597736,1.948328376,2.13411355,1.151128054
curobo,69,-2.454110146,1.065695405,-1.183814287,-2.253597736,1.948328376,2.13411355,1.151128054
curobo,69,-2.454110146,1.065695405,-1.183814287,-2.253597736,1.948328376,2.13411355,1.151128054
curobo,69,1.903773904,0.6477431059,0.5342853665,-2.31952858,-0.827708602,3.232441187,2.868352652
curobo,69,2.891484499,0.4918533862,-0.1748641133,-2.210245371,1.574297905,2.85183239,0.9835594296
curobo,70,1.431492448,0.3469346166,-0.8271121979,-1.835496187,1.238185525,3.748729944,1.637915015
curobo,70,1.431492448,0.3469346166,-0.8271121979,-1.835496187,1.238185525,3.748729944,1.637915015
curobo,70,1.431492448,0.3469346166,-0.8271121979,-1.835496187,1.238185525,3.748729944,1.637915015
curobo,70,-1.025631905,-0.1839842498,1.397902369,-1.900800586,-1.944663882,2.784193516,-1.645668149
curobo,70,-1.025631905,-0.1839842498,1.397902369,-1.900800586,-1.944663882,2.784193516,-1.645668149
curobo,70,-1.025631905,-0.1839842498,1.397902369,-1.900800586,-1.944663882,2.784193516,-1.645668149
curobo,70,-1.025631905,-0.1839842498,1.397902369,-1.900800586,-1.944663882,2.784193516,-1.645668149
curobo,70,-1.025631905,-0.1839842498,1.397902369,-1.900800586,-1.944663882,2.784193516,-1.645668149
curobo,70,1.579920173,-0.06381174177,-1.07884717,-1.933485866,-2.015478134,2.59064579,-1.772025108
curobo,70,1.859185576,0.7700418234,-1.604134083,-2.098210812,0.3583478928,3.42743063,2.89150548
curobo,70,-0.9884960651,-0.1549466252,1.377066016,-1.905085206,-1.952374578,2.760077,-1.661981583
curobo,70,-0.1145714745,-0.03270163015,0.5762848258,-1.923731804,-1.991617322,2.650383234,-1.733810782
curobo,70,-1.328811407,-0.9162995219,1.299673915,-2.043988466,-0.7210997343,3.44447422,-2.2698524
curobo,70,-1.328811407,-0.9162995219,1.299673915,-2.043988466,-0.7210997343,3.44447422,-2.2698524
curobo,70,1.859185815,0.7700417638,-1.604134202,-2.098210812,0.3583479822,3.427430391,2.89150548
curobo,70,1.859185815,0.7700417638,-1.604134202,-2.098210812,0.3583479822,3.427430391,2.89150548
curobo,70,1.780224562,0.6077723503,-1.345930457,-1.94192183,1.103816032,3.511270046,2.041259527
curobo,70,-1.460950613,-1.131873727,1.169879317,-1.881316543,-1.224974632,3.61071682,-1.572190762
curobo,70,-1.460950613,-1.131873727,1.169879317,-1.881316543,-1.224974632,3.61071682,-1.572190762
curobo,70,-1.460950613,-1.131873727,1.169879317,-1.881316543,-1.224974632,3.61071682,-1.572190762
curobo,70,-1.460950613,-1.131873727,1.169879317,-1.881316543,-1.224974632,3.61071682,-1.572190762
curobo,70,-1.460950613,-1.131873727,1.169879317,-1.881316543,-1.224974632,3.61071682,-1.572190762
curobo,70,2.326289654,-1.186904669,-1.233637094,-2.063685656,-2.52692008,1.804963112,-2.385565758
curobo,70,2.326289654,-1.186904669,-1.233637094,-2.063685656,-2.52692008,1.804963112,-2.385565758
curobo,70,2.344978571,-1.239072204,-1.220909476,-2.068954229,-2.558714151,1.777208686,-2.419640779
curobo,70,-1.198263288,-0.4528580606,1.412678838,-1.853981018,-1.899301887,3.008950233,-1.470479846
curobo,70,-1.198263288,-0.4528580606,1.412678838,-1.853981018,-1.899301887,3.008950233,-1.470479846
curobo,70,-1.400033116,-0.814576447,1.573526382,-1.57749331,2.890883923,3.318559647,0.3764609098
curobo,70,-1.400033116,-0.814576447,1.573526382,-1.57749331,2.890883923,3.318559647,0.3764609098
curobo,70,-1.400033116,-0.814576447,1.573526382,-1.57749331,2.890883923,3.318559647,0.3764609098
curobo,70,-1.400033116,-0.814576447,1.573526382,-1.57749331,2.890883923,3.318559647,0.3764609098
curobo,70,-1.400033116,-0.814576447,1.573526382,-1.57749331,2.890883923,3.318559647,0.3764609098
curobo,70,-1.282407522,-0.7700402141,1.537461758,-2.098209143,0.3583600819,3.42743063,2.891492844
curobo,70,-0.603888154,-0.05449885502,1.049776912,-1.919763327,-1.982535839,2.674287319,-1.718397617
curobo,70,-1.400022864,-0.8145857453,1.573600888,-1.577530265,2.890411139,3.318551302,0.3769512475
curobo,70,-1.336326718,-0.6479597092,1.740887284,-1.974040151,1.006138921,3.482140779,2.173280716
curobo,70,-1.336326718,-0.6479597092,1.740887284,-1.974040151,1.006138921,3.482140779,2.173280716
curobo,70,-1.336326718,-0.6479597092,1.740887284,-1.974040151,1.006138921,3.482140779,2.173280716
curobo,70,-1.486448646,-1.759274364,1.133825183,-1.9438169,2.042987585,2.526213408,2.0488379
curobo,70,-1.869635463,0.040735811,2.356193066,-1.929906249,-2.006474495,2.612714767,-1.757943153
curobo,70,2.891466141,0.03600117192,-2.432761908,-1.922979474,-1.989866853,2.654934645,-1.730883241
curobo,70,-1.311243534,-0.8892059326,1.332260966,-2.075513124,-0.5406885743,3.433748245,-2.464566946
curobo,70,-1.311243534,-0.8892059326,1.332260966,-2.075513124,-0.5406885743,3.433748245,-2.464566946
curobo,70,-1.311243534,-0.8892059326,1.332260966,-2.075513124,-0.5406885743,3.433748245,-2.464566946
curobo,70,-1.486448526,-1.759274364,1.133825183,-1.943817019,2.042987585,2.526213408,2.0488379
curobo,70,-1.269800425,0.1521167159,1.818676114,-1.945155501,-2.046711445,2.517802477,-1.818444848
curobo,70,-1.269800425,0.1521167159,1.818676114,-1.945155501,-2.046711445,2.517802477,-1.818444848
curobo,70,1.089658141,-0.03465850279,-0.6078830361,-1.928722501,-2.003559351,2.619977474,-1.753301859
curobo,70,-1.666160226,-0.3629825115,2.25846076,-1.840439439,1.240530252,3.730977058,1.656171799
curobo,70,-1.376628041,-0.7889994383,1.403705359,-1.644616604,-2.436074495,3.29963851,-0.624681592
curobo,71,-2.874286652,1.279934764,-0.5213491321,-1.490755796,-1.675848722,0.06400506198,-1.629163384
curobo,71,-2.443684578,1.759274364,-1.153145194,-1.538194418,-1.132375002,0.6033853292,-1.789173841
curobo,71,-2.443684578,1.759274364,-1.153145194,-1.538194418,-1.132375002,0.6033853292,-1.789173841
curobo,71,-2.443684578,1.759274364,-1.153145194,-1.538194418,-1.132375002,0.6033853292,-1.789173841
curobo,71,0.6979079843,-1.759274364,1.988447428,-1.53819418,-1.132375121,0.6033853292,-1.789173841
curobo,71,0.6979079843,-1.759274364,1.988447428,-1.53819418,-1.132375121,0.6033853292,-1.789173841
curobo,71,2.089829206,1.363694072,0.8473778367,-1.552544117,1.059706807,0.6895830631,2.507175207
curobo,71,2.089829206,1.363694072,0.8473778367,-1.552544117,1.059706807,0.6895830631,2.507175207
curobo,71,-1.267236114,-1.69071281,-1.971296191,-1.603080392,0.8078392744,0.9637492299,2.713962793
curobo,71,-1.267236114,-1.69071281,-1.971296191,-1.603080392,0.8078392744,0.9637492299,2.713962793
curobo,71,-1.267236114,-1.69071281,-1.971296191,-1.603080392,0.8078392744,0.9637492299,2.713962793
curobo,71,-1.267236114,-1.69071281,-1.971296191,-1.603080392,0.8078392744,0.9637492299,2.713962793
curobo,71,2.89150548,1.101761341,-0.2026424259,-1.49729383,1.750649333,0.02138090506,2.315921307
curobo,71,2.89150548,1.101761341,-0.2026424259,-1.49729383,1.750649333,0.02138090506,2.315921307
curobo,71,-0.6069941521,-1.111014843,-2.883103371,-1.496016145,1.403169036,0.292875737,2.311779261
curobo,71,0.6915709376,-1.746354938,1.999510646,-1.536385417,-1.141787887,0.5921462774,-1.782728672
curobo,71,0.6915709376,-1.746354938,1.999510646,-1.536385417,-1.141787887,0.5921462774,-1.782728672
curobo,71,0.6915709376,-1.746354938,1.999510646,-1.536385417,-1.141787887,0.5921462774,-1.782728672
curobo,71,0.6979086995,-1.759275079,1.988446832,-1.538194776,-1.132374287,0.6033861637,-1.78917408
curobo,71,-2.889574051,1.271310091,-0.501165688,-1.492488265,-1.699564695,0.04959991202,-1.634720445
curobo,71,-2.889574051,1.271310091,-0.501165688,-1.492488265,-1.699564695,0.04959991202,-1.634720445
curobo,71,0.4696213603,-1.433248639,2.341973782,-1.49450469,-1.418722272,0.2768676579,-1.641211987
curobo,71,0.4696213603,-1.433248639,2.341973782,-1.49450469,-1.418722272,0.2768676579,-1.641211987
curobo,71,0.4696213603,-1.433248639,2.341973782,-1.49450469,-1.418722272,0.2768676579,-1.641211987
curobo,71,0.4696213603,-1.433248639,2.341973782,-1.49450469,-1.418722272,0.2768676579,-1.641211987
curobo,71,0.4696213603,-1.433248639,2.341973782,-1.49450469,-1.418722272,0.2768676579,-1.641211987
curobo,71,0.5138610005,-1.479768038,2.27809453,-1.499961495,-1.367460132,0.3307206035,-1.658914566
curobo,71,0.6979081631,-1.759274364,1.988447428,-1.538194537,-1.132374883,0.6033855081,-1.789173603
curobo,71,0.6979081631,-1.759274364,1.988447428,-1.538194537,-1.132374883,0.6033855081,-1.789173603
curobo,71,0.1824567616,-1.235534072,2.7300179,-1.50673604,-1.825792313,-0.01373001654,-1.681170225
curobo,71,0.1824567616,-1.235534072,2.7300179,-1.50673604,-1.825792313,-0.01373001654,-1.681170225
curobo,71,0.1824567616,-1.235534072,2.7300179,-1.50673604,-1.825792313,-0.01373001654,-1.681170225
curobo,71,0.307744652,-1.30438149,2.566226721,-1.487945795,-1.617636681,0.103063494,-1.620189428
curobo,71,0.307744652,-1.30438149,2.566226721,-1.487945795,-1.617636681,0.103063494,-1.620189428
curobo,71,-2.881877661,1.275612712,-0.5113092661,-1.491564989,-1.687488437,0.05682855472,-1.631756425
curobo,71,0.6979083419,-1.759274364,1.988447428,-1.538194656,-1.132374883,0.6033855081,-1.789173722
curobo,71,1.844994545,1.759274364,1.221045136,-1.61227417,0.7591996789,1.009816408,2.756975174
curobo,71,0.363112092,-1.342279792,2.490971327,-1.487447023,-1.545432568,0.1590506881,-1.618600011
curobo,71,0.363112092,-1.342279792,2.490971327,-1.487447023,-1.545432568,0.1590506881,-1.618600011
curobo,71,0.363112092,-1.342279792,2.490971327,-1.487447023,-1.545432568,0.1590506881,-1.618600011
curobo,71,0.363112092,-1.342279792,2.490971327,-1.487447023,-1.545432568,0.1590506881,-1.618600011
curobo,71,0.363112092,-1.342279792,2.490971327,-1.487447023,-1.545432568,0.1590506881,-1.618600011
curobo,71,0.363112092,-1.342279792,2.490971327,-1.487447023,-1.545432568,0.1590506881,-1.618600011
curobo,71,-2.731986761,1.378740668,-0.7149324417,-1.489386559,-1.488920689,0.2086593807,-1.624783635
curobo,71,0.6979081035,-1.759274364,1.988447428,-1.538194418,-1.132375002,0.6033854485,-1.789173722
curobo,71,-2.797577381,1.328577399,-0.6245031357,-1.487240076,-1.5695858,0.1393862218,-1.617941022
curobo,71,-2.797577381,1.328577399,-0.6245031357,-1.487240076,-1.5695858,0.1393862218,-1.617941022
curobo,71,-2.797577381,1.328577399,-0.6245031357,-1.487240076,-1.5695858,0.1393862218,-1.617941022
curobo,71,-2.797577381,1.328577399,-0.6245031357,-1.487240076,-1.5695858,0.1393862218,-1.617941022
curobo,71,-2.797577381,1.328577399,-0.6245031357,-1.487240076,-1.5695858,0.1393862218,-1.617941022
curobo,72,-0.6099935174,-1.66082263,0.2114780694,-1.046612382,-2.060218811,0.3981580436,-2.611461163
curobo,72,-0.6099935174,-1.66082263,0.2114780694,-1.046612382,-2.060218811,0.3981580436,-2.611461163
curobo,72,-0.793137908,-1.665998936,-0.08957645297,-1.022884488,-1.70085454,0.5459709167,-2.547842741
curobo,72,-0.793137908,-1.665998936,-0.08957645297,-1.022884488,-1.70085454,0.5459709167,-2.547842741
curobo,72,-0.02505869977,-1.197499514,1.100650311,-1.047378302,2.068095446,0.3953808844,2.591683626
curobo,72,-0.1470640153,-0.5262348056,2.324542999,-1.064088702,0.9159314632,0.9609809518,2.642751932
curobo,72,0.03632394597,-0.7467524409,1.802553058,-1.032064199,1.255870342,0.7751032114,2.549460411
curobo,72,0.02632975951,-1.063018799,1.297920346,-1.026011348,1.781623006,0.5093150139,2.533768415
curobo,72,0.02632975951,-1.063018799,1.297920346,-1.026011348,1.781623006,0.5093150139,2.533768415
curobo,72,0.02632975951,-1.063018799,1.297920346,-1.026011348,1.781623006,0.5093150139,2.533768415
curobo,72,0.04067027569,-1.005967498,1.383323669,-1.022195101,1.675240755,0.5579758286,2.524134636
curobo,72,0.04757424444,-0.9681513309,1.44065249,-1.021100163,1.608405113,0.5901169181,2.521405458
curobo,72,0.04757424444,-0.9681513309,1.44065249,-1.021100163,1.608405113,0.5901169181,2.521405458
curobo,72,1.8511765,1.364616513,2.135736465,-1.075458884,-0.8169592619,1.011879325,-2.703308344
curobo,72,1.8511765,1.364616513,2.135736465,-1.075458884,-0.8169592619,1.011879325,-2.703308344
curobo,72,-1.036806345,-0.4550047219,-2.583529472,-1.119882822,0.3962364793,1.182543993,2.89150548
curobo,72,-1.036806345,-0.4550047219,-2.583529472,-1.119882822,0.3962364793,1.182543993,2.89150548
curobo,72,1.843776107,1.353914857,2.119059801,-1.07736814,-0.8005550504,1.020037293,-2.710159302
curobo,72,2.787695408,0.4484664798,-0.4574888647,-1.082404613,0.7573086023,1.041098118,2.706835032
curobo,72,2.787695408,0.4484664798,-0.4574888647,-1.082404613,0.7573086023,1.041098118,2.706835032
curobo,72,2.787695408,0.4484664798,-0.4574888647,-1.082404613,0.7573086023,1.041098118,2.706835032
curobo,72,-0.03804859519,-0.6135485768,2.077195168,-1.049087763,1.056186557,0.8853242993,2.596647263
curobo,72,2.7744174,0.4454475641,-0.4364946187,-1.08335042,0.7491714358,1.044984102,2.710440159
curobo,72,2.7744174,0.4454475641,-0.4364946187,-1.08335042,0.7491714358,1.044984102,2.710440159
curobo,72,-0.07870813459,-0.5739038587,2.178982973,-1.055456281,0.9945420623,0.9189469218,2.615634441
curobo,72,-0.07870813459,-0.5739038587,2.178982973,-1.055456281,0.9945420623,0.9189469218,2.615634441
curobo,72,0.03910522163,-1.013216972,1.372405767,-1.022530317,1.688367248,0.5518012047,2.524971962
curobo,72,-0.5480861664,-1.648386002,0.3077587485,-1.061365604,-2.201320171,0.3515925705,-2.655995607
curobo,72,-0.5480861664,-1.648386002,0.3077587485,-1.061365604,-2.201320171,0.3515925705,-2.655995607
curobo,72,-0.5480861664,-1.648386002,0.3077587485,-1.061365604,-2.201320171,0.3515925705,-2.655995607
curobo,72,-0.5480861664,-1.648386002,0.3077587485,-1.061365604,-2.201320171,0.3515925705,-2.655995607
curobo,72,1.736793399,1.133590937,1.821847677,-1.110526681,-0.5000414252,1.149265409,-2.855813503
curobo,72,1.736793399,1.133590937,1.821847677,-1.110526681,-0.5000414252,1.149265409,-2.855813503
curobo,72,-1.419525623,-1.081419587,-1.383062124,-1.116561294,-0.4351603389,1.170859575,-2.89150548
curobo,72,-1.419525623,-1.081419587,-1.383062124,-1.116561294,-0.4351603389,1.170859575,-2.89150548
curobo,72,-1.419525623,-1.081419587,-1.383062124,-1.116561294,-0.4351603389,1.170859575,-2.89150548
curobo,72,0.02060181834,-0.7046393752,1.881610751,-1.036731601,1.192947865,0.8098104,2.561927319
curobo,72,0.02060181834,-0.7046393752,1.881610751,-1.036731601,1.192947865,0.8098104,2.561927319
curobo,72,0.02060181834,-0.7046393752,1.881610751,-1.036731601,1.192947865,0.8098104,2.561927319
curobo,72,-0.3358475864,-0.4528563321,2.655299187,-1.081088185,0.7686295509,1.035650492,2.701868057
curobo,72,-0.3358475864,-0.4528563321,2.655299187,-1.081088185,0.7686295509,1.035650492,2.701868057
curobo,72,-1.419525743,-1.081419468,-1.383062243,-1.116561413,-0.4351603985,1.170859575,-2.89150548
curobo,72,-1.4195261,-1.081419349,-1.383062243,-1.116562009,-0.4351601005,1.170859933,-2.89150548
curobo,72,0.02115279995,-1.080104351,1.272550344,-1.027711153,1.814976692,0.4947301447,2.538123608
curobo,72,0.02115279995,-1.080104351,1.272550344,-1.027711153,1.814976692,0.4947301447,2.538123608
curobo,72,-1.4195261,-1.081419349,-1.383062243,-1.116562009,-0.4351601005,1.170859933,-2.89150548
curobo,72,0.01239703596,-1.106438756,1.233614326,-1.03087604,1.867914796,0.472270757,2.546338558
curobo,72,0.01239703596,-1.106438756,1.233614326,-1.03087604,1.867914796,0.472270757,2.546338558
curobo,72,-1.419526339,-1.081417441,-1.383064747,-1.11656189,-0.4351578355,1.170860529,-2.89150691
curobo,72,-1.419526339,-1.081417441,-1.383064747,-1.11656189,-0.4351578355,1.170860529,-2.89150691
curobo,73,0.615929842,0.7371598482,2.857459068,-0.6527500749,-0.0133118704,1.203924656,-2.689397097
curobo,73,0.615929842,0.7371598482,2.857459068,-0.6527500749,-0.0133118704,1.203924656,-2.689397097
curobo,73,-2.273917198,-0.7572730184,-0.03843750432,-0.6325030923,-0.4159006178,1.167029023,-2.567802191
curobo,73,-2.430242062,-0.7515496016,-0.1928660572,-0.6494407058,-0.1645660251,1.197932363,-2.641448736
curobo,73,-2.643780708,-0.707752943,-0.3991446793,-0.6489028335,0.1774191409,1.196961045,-2.749863386
curobo,73,-2.643780708,-0.707752943,-0.3991446793,-0.6489028335,0.1774191409,1.196961045,-2.749863386
curobo,73,-2.169184685,-0.7484163642,0.07373666763,-0.6139658093,-0.5930890441,1.132553339,-2.524030209
curobo,73,-2.169184685,-0.7484163642,0.07373666763,-0.6139658093,-0.5930890441,1.132553339,-2.524030209
curobo,73,-2.169184685,-0.7484163642,0.07373666763,-0.6139658093,-0.5930890441,1.132553339,-2.524030209
curobo,73,-2.22307992,-0.7542759776,0.01480886247,-0.6241628528,-0.5006122589,1.151621103,-2.545865536
curobo,73,-2.22307992,-0.7542759776,0.01480886247,-0.6241628528,-0.5006122589,1.151621103,-2.545865536
curobo,73,-2.22307992,-0.7542759776,0.01480886247,-0.6241628528,-0.5006122589,1.151621103,-2.545865536
curobo,73,-2.22307992,-0.7542759776,0.01480886247,-0.6241628528,-0.5006122589,1.151621103,-2.545865536
curobo,73,0.2801131606,0.6163809896,2.499736309,-0.6170966029,0.5655992627,1.138439536,-2.857036829
curobo,73,0.6161639094,0.7372049689,2.857683182,-0.6527483463,-0.01368412096,1.203922272,-2.689277887
curobo,73,0.5666431189,0.72647506,2.810043097,-0.6522401571,0.06547921896,1.20300281,-2.714586973
curobo,73,0.5666431189,0.72647506,2.810043097,-0.6522401571,0.06547921896,1.20300281,-2.714586973
curobo,73,0.5666431189,0.72647506,2.810043097,-0.6522401571,0.06547921896,1.20300281,-2.714586973
curobo,73,0.9200865626,0.2463612407,-0.1765820682,-0.2854604423,2.713886738,0.7893542647,-2.75236845
curobo,73,0.9200865626,0.2463612407,-0.1765820682,-0.2854604423,2.713886738,0.7893542647,-2.75236845
curobo,73,-2.181655645,-0.7500191331,0.05984460935,-0.6164388061,-0.5714076757,1.137209296,-2.528941631
curobo,73,-2.198196173,-0.7519202232,0.04166402668,-0.6196254492,-0.5429222584,1.143163681,-2.535587788
curobo,73,-2.198196173,-0.7519202232,0.04166402668,-0.6196254492,-0.5429222584,1.143163681,-2.535587788
curobo,73,-2.198196173,-0.7519202232,0.04166402668,-0.6196254492,-0.5429222584,1.143163681,-2.535587788
curobo,73,-2.559004545,-0.7301779389,-0.3161485791,-0.6525760889,0.03989557549,1.203607917,-2.706420898
curobo,73,0.9515960217,0.2489154041,-0.2535508573,-0.2845133543,2.765583992,0.7873790264,-2.745453835
curobo,73,0.9515960217,0.2489154041,-0.2535508573,-0.2845133543,2.765583992,0.7873790264,-2.745453835
curobo,73,-2.352022886,-0.7572005987,-0.116918616,-0.6426805854,-0.2891241312,1.185649276,-2.603606701
curobo,73,-2.352022886,-0.7572005987,-0.116918616,-0.6426805854,-0.2891241312,1.185649276,-2.603606701
curobo,73,0.8503926992,0.2426766157,-0.0105371736,-0.2878079414,2.604569912,0.7944057584,-2.766693354
curobo,73,-2.57037735,-0.7275602818,-0.3271263838,-0.6523520947,0.05813289434,1.203206182,-2.712244511
curobo,73,-2.57037735,-0.7275602818,-0.3271263838,-0.6523520947,0.05813289434,1.203206182,-2.712244511
curobo,73,-2.57037735,-0.7275602818,-0.3271263838,-0.6523520947,0.05813289434,1.203206182,-2.712244511
curobo,73,0.3592348397,0.6557574272,2.595650911,-0.6325260401,0.4157288074,1.167060733,-2.819468498
curobo,73,0.3592348397,0.6557574272,2.595650911,-0.6325260401,0.4157288074,1.167060733,-2.819468498
curobo,73,0.3592348397,0.6557574272,2.595650911,-0.6325260401,0.4157288074,1.167060733,-2.819468498
curobo,73,-2.523267031,-0.7376211882,-0.2818407118,-0.6527338028,-0.0171225667,1.203897834,-2.688177586
curobo,73,-2.523267031,-0.7376211882,-0.2818407118,-0.6527338028,-0.0171225667,1.203897834,-2.688177586
curobo,73,-2.375879288,-0.5523321033,-0.2741256356,-0.2816895545,-0.1390340775,1.034216881,-2.67431283
curobo,73,-2.375879288,-0.5523321033,-0.2741256356,-0.2816895545,-0.1390340775,1.034216881,-2.67431283
curobo,73,-2.728278875,-0.6784400344,-0.4862835407,-0.6404879689,0.3199613988,1.181654572,-2.79270792
curobo,73,-2.327361822,-0.7578289509,-0.09249697626,-0.6398258209,-0.3288066983,1.180443645,-2.592057943
curobo,73,-2.327361822,-0.7578289509,-0.09249697626,-0.6398258209,-0.3288066983,1.180443645,-2.592057943
curobo,73,-2.594197035,-0.7216923237,-0.3502448201,-0.6516207457,0.09650985897,1.201879621,-2.724454641
curobo,73,0.5965576768,0.7332284451,2.838884115,-0.6527363062,0.01756015979,1.203896403,-2.699277878
curobo,73,0.5965576768,0.7332284451,2.838884115,-0.6527363062,0.01756015979,1.203896403,-2.699277878
curobo,73,0.5965576768,0.7332284451,2.838884115,-0.6527363062,0.01756015979,1.203896403,-2.699277878
curobo,73,-1.9489218,-0.694422543,0.3547180295,-0.5622618794,-1.01790905,1.027802944,-2.455176592
curobo,73,-2.086937428,-0.7339963317,0.1699754,-0.5960668325,-0.7413413525,1.098254323,-2.494059563
curobo,73,-2.086937428,-0.7339963317,0.1699754,-0.5960668325,-0.7413413525,1.098254323,-2.494059563
curobo,74,-1.551287293,-1.358831763,1.956412196,-0.2082345933,1.005328417,1.053981662,-2.61236763
curobo,74,-1.981383085,-1.144838452,-2.276665926,-0.6811175346,-0.7921637297,1.212061644,-2.30397296
curobo,74,-1.986447573,-1.15149188,-2.254771233,-0.6792419553,-0.8113338947,1.206804276,-2.300263643
curobo,74,1.094204664,1.284975529,1.282396078,-0.6478995681,-1.175152659,1.100183964,-2.249088287
curobo,74,1.094204664,1.284975529,1.282396078,-0.6478995681,-1.175152659,1.100183964,-2.249088287
curobo,74,1.094204664,1.284975529,1.282396078,-0.6478995681,-1.175152659,1.100183964,-2.249088287
curobo,74,1.094204664,1.284975529,1.282396078,-0.6478995681,-1.175152659,1.100183964,-2.249088287
curobo,74,1.098145366,1.492714167,1.858108163,-0.6370795965,-1.75520885,0.9274843335,-2.23504591
curobo,74,1.098145366,1.492714167,1.858108163,-0.6370795965,-1.75520885,0.9274843335,-2.23504591
curobo,74,1.098145366,1.492714167,1.858108163,-0.6370795965,-1.75520885,0.9274843335,-2.23504591
curobo,74,1.098145366,1.492714167,1.858108163,-0.6370795965,-1.75520885,0.9274843335,-2.23504591
curobo,74,-2.057846546,-1.377411842,-1.603608131,-0.6358804703,-1.426057816,1.024422526,-2.233580828
curobo,74,1.147603869,1.162065983,0.920948863,-0.6763138175,-0.8414222598,1.198444009,-2.294649363
curobo,74,1.147603869,1.162065983,0.920948863,-0.6763138175,-0.8414222598,1.198444009,-2.294649363
curobo,74,1.147603869,1.162065983,0.920948863,-0.6763138175,-0.8414222598,1.198444009,-2.294649363
curobo,74,1.601305723,1.393805027,-1.50018537,-0.2103630304,1.312441111,1.027183175,-2.625302553
curobo,74,1.601305723,1.393805027,-1.50018537,-0.2103630304,1.312441111,1.027183175,-2.625302553
curobo,74,1.083820939,1.386988997,1.564373732,-0.6352357268,-1.452581167,1.016472459,-2.232800961
curobo,74,1.130647421,1.189487219,1.006282687,-0.6690319777,-0.9177613258,1.176717639,-2.281543493
curobo,74,1.130647421,1.189487219,1.006282687,-0.6690319777,-0.9177613258,1.176717639,-2.281543493
curobo,74,1.123190999,1.203657866,1.048947453,-0.6654568911,-0.9565149546,1.165454745,-2.275512457
curobo,74,-1.410100698,-1.691321373,0.6762586236,-0.664811492,2.177958012,0.8122897744,-2.785866976
curobo,74,-1.410100698,-1.691321373,0.6762586236,-0.664811492,2.177958012,0.8122897744,-2.785866976
curobo,74,1.673572063,1.048879027,-0.5013806224,-0.7239903808,0.2829007208,1.318950653,-2.623337984
curobo,74,1.251128554,1.063219666,0.5509508252,-0.706178546,-0.5283532739,1.276924968,-2.365186691
curobo,74,1.251128554,1.063219666,0.5509508252,-0.706178546,-0.5283532739,1.276924968,-2.365186691
curobo,74,1.251128554,1.063219666,0.5509508252,-0.706178546,-0.5283532739,1.276924968,-2.365186691
curobo,74,1.458394289,1.290953755,0.1083401665,-0.2024104744,-0.2112093866,1.094597697,-2.510345221
curobo,74,1.458394289,1.290953755,0.1083401665,-0.2024104744,-0.2112093866,1.094597697,-2.510345221
curobo,74,1.458394289,1.290953755,0.1083401665,-0.2024104744,-0.2112093866,1.094597697,-2.510345221
curobo,74,-2.057736397,-1.388801217,-1.572223544,-0.6351308823,-1.457613349,1.014966249,-2.232669592
curobo,74,-2.057736397,-1.388801217,-1.572223544,-0.6351308823,-1.457613349,1.014966249,-2.232669592
curobo,74,-2.057736397,-1.388801217,-1.572223544,-0.6351308823,-1.457613349,1.014966249,-2.232669592
curobo,74,-2.057736397,-1.388801217,-1.572223544,-0.6351308823,-1.457613349,1.014966249,-2.232669592
curobo,74,-2.057736397,-1.388801217,-1.572223544,-0.6351308823,-1.457613349,1.014966249,-2.232669592
curobo,74,1.277343273,1.048226118,0.4759828746,-0.7112522721,-0.4681802094,1.289167047,-2.381630898
curobo,74,1.277343273,1.048226118,0.4759828746,-0.7112522721,-0.4681802094,1.289167047,-2.381630898
curobo,74,-1.279562235,-1.423004389,1.501768112,-0.6399958134,1.313523889,1.058325171,-2.821632147
curobo,74,-1.279562235,-1.423004389,1.501768112,-0.6399958134,1.313523889,1.058325171,-2.821632147
curobo,74,-1.279562235,-1.423004389,1.501768112,-0.6399958134,1.313523889,1.058325171,-2.821632147
curobo,74,1.09393239,1.286164403,1.285717368,-0.6476846933,-1.178339839,1.099220514,-2.248795748
curobo,74,1.09393239,1.286164403,1.285717368,-0.6476846933,-1.178339839,1.099220514,-2.248795748
curobo,74,1.09393239,1.286164403,1.285717368,-0.6476846933,-1.178339839,1.099220514,-2.248795748
curobo,74,1.761322498,1.112693787,-0.7667765021,-0.7085636258,0.5005968213,1.28271234,-2.687648773
curobo,74,1.761322498,1.112693787,-0.7667765021,-0.7085636258,0.5005968213,1.28271234,-2.687648773
curobo,74,1.761322498,1.112693787,-0.7667765021,-0.7085636258,0.5005968213,1.28271234,-2.687648773
curobo,74,1.083783746,1.372824311,1.525348067,-0.6362327337,-1.413396358,1.028223991,-2.234009266
curobo,74,-1.715247393,-1.503492475,-0.3939580023,-0.2027656883,-2.84149766,0.9172951579,-2.502168894
curobo,74,-1.715247393,-1.503492475,-0.3939580023,-0.2027656883,-2.84149766,0.9172951579,-2.502168894
curobo,74,-1.715247393,-1.503492475,-0.3939580023,-0.2027656883,-2.84149766,0.9172951579,-2.502168894
curobo,75,0.3967128098,-1.64731729,2.12010622,-2.366657972,-2.536704779,3.587600708,-0.4412695169
curobo,75,0.3967128098,-1.64731729,2.12010622,-2.366657972,-2.536704779,3.587600708,-0.4412695169
curobo,75,0.295594275,-1.06205821,2.108621359,-2.793473244,-1.031653166,2.822726011,-2.203912735
curobo,75,0.295594275,-1.06205821,2.108621359,-2.793473244,-1.031653166,2.822726011,-2.203912735
curobo,75,0.295594275,-1.06205821,2.108621359,-2.793473244,-1.031653166,2.822726011,-2.203912735
curobo,75,0.295594275,-1.06205821,2.108621359,-2.793473244,-1.031653166,2.822726011,-2.203912735
curobo,75,1.489495039,0.5210920572,0.5358477831,-2.749195576,-1.77480042,1.649573922,-2.014111519
curobo,75,1.489495039,0.5210920572,0.5358477831,-2.749195576,-1.77480042,1.649573922,-2.014111519
curobo,75,1.489495039,0.5210920572,0.5358477831,-2.749195576,-1.77480042,1.649573922,-2.014111519
curobo,75,1.489495039,0.5210920572,0.5358477831,-2.749195576,-1.77480042,1.649573922,-2.014111519
curobo,75,-1.323773623,-0.4582527876,-2.89150548,-2.743655205,-1.709873915,1.79934454,-1.99189949
curobo,75,1.197648644,0.6415179372,0.7725914121,-2.758466005,-1.858349323,1.47183466,-2.051897526
curobo,75,-1.323773623,-0.4582528174,-2.89150548,-2.743655205,-1.709873915,1.79934454,-1.99189949
curobo,75,-1.323773623,-0.4582528174,-2.89150548,-2.743655205,-1.709873915,1.79934454,-1.99189949
curobo,75,-1.323773623,-0.4582528174,-2.89150548,-2.743655205,-1.709873915,1.79934454,-1.99189949
curobo,75,0.455362618,-1.730150938,2.065449238,-2.407590389,-2.30115962,3.640656471,-0.6782239676
curobo,75,0.455362618,-1.730150938,2.065449238,-2.407590389,-2.30115962,3.640656471,-0.6782239676
curobo,75,-2.101559877,-0.7480760217,-2.256048679,-2.76725626,-1.926365614,1.343673468,-2.088537455
curobo,75,-2.101559877,-0.7480760217,-2.256048679,-2.76725626,-1.926365614,1.343673468,-2.088537455
curobo,75,-2.101559877,-0.7480760217,-2.256048679,-2.76725626,-1.926365614,1.343673468,-2.088537455
curobo,75,-2.101559877,-0.7480760217,-2.256048679,-2.76725626,-1.926365614,1.343673468,-2.088537455
curobo,75,-2.101559877,-0.7480760217,-2.256048679,-2.76725626,-1.926365614,1.343673468,-2.088537455
curobo,75,1.398776293,0.5502585769,0.6119738817,-2.751446009,-1.796934009,1.600547433,-2.023210287
curobo,75,1.398776293,0.5502585769,0.6119738817,-2.751446009,-1.796934009,1.600547433,-2.023210287
curobo,75,0.4744606912,-1.759274364,2.052503109,-2.420302868,-2.234909773,3.662462473,-0.7417003512
curobo,75,0.4744606912,-1.759274364,2.052503109,-2.420302868,-2.234909773,3.662462473,-0.7417003512
curobo,75,0.4744606912,-1.759274364,2.052503109,-2.420302868,-2.234909773,3.662462473,-0.7417003512
curobo,75,-2.667132139,1.759274364,-1.089089513,-2.420302629,-2.23491025,3.662462473,-0.7416998744
curobo,75,-2.667132139,1.759274364,-1.089089513,-2.420302629,-2.23491025,3.662462473,-0.7416998744
curobo,75,-2.667132139,1.759274364,-1.089089513,-2.420302629,-2.23491025,3.662462473,-0.7416998744
curobo,75,0.2155950814,-1.435608506,2.392418146,-2.328880787,2.853168249,3.553486109,0.5141099691
curobo,75,0.2155950814,-1.435608506,2.392418146,-2.328880787,2.853168249,3.553486109,0.5141099691
curobo,75,0.2155950814,-1.435608506,2.392418146,-2.328880787,2.853168249,3.553486109,0.5141099691
curobo,75,-0.07841229439,-1.210093975,2.680013418,-2.456422806,2.050010204,3.748729944,1.31383574
curobo,75,-0.07841229439,-1.210093975,2.680013418,-2.456422806,2.050010204,3.748729944,1.31383574
curobo,75,-0.07841229439,-1.210093975,2.680013418,-2.456422806,2.050010204,3.748729944,1.31383574
curobo,75,-2.891505957,1.00515151,-1.021820903,-2.780140162,-1.123400211,2.765105724,-2.143944025
curobo,75,0.8143953085,0.9762715101,1.007934451,-2.789996386,-2.086073875,1.103973627,-2.187977791
curobo,75,0.8143953085,0.9762715101,1.007934451,-2.789996386,-2.086073875,1.103973627,-2.187977791
curobo,75,-0.7632731795,-0.4596182406,2.89150548,-2.739038467,-1.61539495,2.022976637,-1.973579764
curobo,75,-0.7632731795,-0.4596182406,2.89150548,-2.739038467,-1.61539495,2.022976637,-1.973579764
curobo,75,-0.5117136836,-0.5039941072,2.670273542,-2.738497496,-1.565782905,2.136607409,-1.97144413
curobo,75,2.115973949,0.4437358677,-0.01584046893,-2.740655184,-1.659929633,1.917806745,-1.979976535
curobo,75,2.115973949,0.4437358677,-0.01584046893,-2.740655184,-1.659929633,1.917806745,-1.979976535
curobo,75,2.115973949,0.4437358677,-0.01584046893,-2.740655184,-1.659929633,1.917806745,-1.979976535
curobo,75,-0.05226344615,-0.7083358765,2.295202017,-2.745011806,-1.413800478,2.435581923,-1.997314692
curobo,75,-0.05226344615,-0.7083358765,2.295202017,-2.745011806,-1.413800478,2.435581923,-1.997314692
curobo,75,-0.05226344615,-0.7083358765,2.295202017,-2.745011806,-1.413800478,2.435581923,-1.997314692
curobo,75,-0.05226344615,-0.7083358765,2.295202017,-2.745011806,-1.413800478,2.435581923,-1.997314692
curobo,75,-0.05226344615,-0.7083358765,2.295202017,-2.745011806,-1.413800478,2.435581923,-1.997314692
curobo,76,-0.5438323021,0.177464053,0.2556637526,-2.284353971,-1.594215155,1.246305823,-1.780351281
curobo,76,-0.5438323021,0.177464053,0.2556637526,-2.284353971,-1.594215155,1.246305823,-1.780351281
curobo,76,-0.5438323021,0.177464053,0.2556637526,-2.284353971,-1.594215155,1.246305823,-1.780351281
curobo,76,1.045230746,1.615637183,-1.588199615,-2.40294385,-0.2693383992,2.43073082,-2.454489708
curobo,76,1.045230746,1.615637183,-1.588199615,-2.40294385,-0.2693383992,2.43073082,-2.454489708
curobo,76,1.045230746,1.615637183,-1.588199615,-2.40294385,-0.2693383992,2.43073082,-2.454489708
curobo,76,1.045230746,1.615637183,-1.588199615,-2.40294385,-0.2693383992,2.43073082,-2.454489708
curobo,76,-2.413072348,-0.3448966742,2.053981304,-2.288928986,-1.407092452,1.541432858,-1.797702789
curobo,76,-2.413072348,-0.3448966742,2.053981304,-2.288928986,-1.407092452,1.541432858,-1.797702789
curobo,76,-2.413072348,-0.3448966742,2.053981304,-2.288928986,-1.407092452,1.541432858,-1.797702789
curobo,76,1.536508322,-0.8468325138,-1.678502202,-2.334386587,-2.17787385,0.597481668,-1.987024307
curobo,76,1.536508322,-0.8468325138,-1.678502202,-2.334386587,-2.17787385,0.597481668,-1.987024307
curobo,76,1.536508322,-0.8468325138,-1.678502202,-2.334386587,-2.17787385,0.597481668,-1.987024307
curobo,76,0.9482802153,0.6254466176,-1.3681494,-2.302732706,-1.23362875,1.795404196,-1.851620913
curobo,76,0.9896281362,0.769005537,-1.437885284,-2.312927246,-1.139206529,1.915316939,-1.893197417
curobo,76,0.9896281362,0.769005537,-1.437885284,-2.312927246,-1.139206529,1.915316939,-1.893197417
curobo,76,1.03430295,1.138252616,-1.544835567,-2.349254131,-0.8455819488,2.193627119,-2.058845043
curobo,76,1.03430295,1.138252616,-1.544835567,-2.349254131,-0.8455819488,2.193627119,-2.058845043
curobo,76,0.9136378765,0.5473356843,-1.317371845,-2.298093796,-1.282492518,1.727768421,-1.833219647
curobo,76,-1.290913224,0.325702399,1.05079174,-2.288665533,-1.729710579,1.046088099,-1.796696305
curobo,76,1.466463685,-1.467447877,-1.665738225,-2.403871059,2.89150548,0.367294699,-2.82862258
curobo,76,-1.290913224,0.325702399,1.05079174,-2.288665533,-1.729710579,1.046088099,-1.796696305
curobo,76,1.466463685,-1.467447877,-1.665738225,-2.403871059,2.89150548,0.367294699,-2.82862258
curobo,76,-1.290913224,0.325702399,1.05079174,-2.288665533,-1.729710579,1.046088099,-1.796696305
curobo,76,1.463833809,-1.505641818,-1.670300603,-2.39910388,2.803595781,0.3780641556,-2.89150548
curobo,76,1.463833809,-1.505641818,-1.670300603,-2.39910388,2.803595781,0.3780641556,-2.89150548
curobo,76,1.463833809,-1.505641818,-1.670300603,-2.39910388,2.803595781,0.3780641556,-2.89150548
curobo,76,-0.4942269325,0.1754341871,0.2041679174,-2.284316063,-1.589152575,1.254167438,-1.780209422
curobo,76,-0.4942269325,0.1754341871,0.2041679174,-2.284316063,-1.589152575,1.254167438,-1.780209422
curobo,76,-0.4942269325,0.1754341871,0.2041679174,-2.284316063,-1.589152575,1.254167438,-1.780209422
curobo,76,0.5081567764,0.2519327402,-0.8436119556,-2.286065817,-1.469641805,1.443002582,-1.786815882
curobo,76,0.5081567764,0.2519327402,-0.8436119556,-2.286065817,-1.469641805,1.443002582,-1.786815882
curobo,76,-1.514245033,0.5558332801,1.323955297,-2.302023411,-1.900819063,0.8338925838,-1.848788261
curobo,76,-1.514245033,0.5558332801,1.323955297,-2.302023411,-1.900819063,0.8338925838,-1.848788261
curobo,76,-1.514245033,0.5558332801,1.323955297,-2.302023411,-1.900819063,0.8338925838,-1.848788261
curobo,76,1.04492569,1.521443248,-1.587267756,-2.394613266,-0.4045073092,2.401504278,-2.358124018
curobo,76,-2.202775955,-0.6014485955,1.787813067,-2.301240444,-1.248783946,1.774811268,-1.845668793
curobo,76,-2.202775955,-0.6014485955,1.787813067,-2.301240444,-1.248783946,1.774811268,-1.845668793
curobo,76,-1.528064489,0.5844983459,1.34337604,-2.304361105,-1.924014926,0.8091704249,-1.858154655
curobo,76,-2.202775955,-0.6014485955,1.787813067,-2.301240444,-1.248783946,1.774811268,-1.845668793
curobo,76,0.06035105512,0.1839082986,-0.3711810708,-2.284494877,-1.534176111,1.340545535,-1.780883431
curobo,76,0.06035105512,0.1839082986,-0.3711810708,-2.284494877,-1.534176111,1.340545535,-1.780883431
curobo,76,0.06035105512,0.1839082986,-0.3711810708,-2.284494877,-1.534176111,1.340545535,-1.780883431
curobo,76,2.529819489,-0.1810779124,-2.815315723,-2.284422636,-1.601394057,1.235192418,-1.780611753
curobo,76,1.04449296,1.753557444,-1.58513248,-2.409409523,-0.05797186494,2.452028036,-2.606610775
curobo,76,1.04449296,1.753557444,-1.58513248,-2.409409523,-0.05797186494,2.452028036,-2.606610775
curobo,76,1.044431448,1.759274364,-1.584946871,-2.409499884,-0.0490170829,2.452317715,-2.613073349
curobo,76,1.561058044,-0.7362687588,-1.718749285,-2.319714308,-2.05986762,0.6832317114,-1.921851754
curobo,76,1.561058044,-0.7362687588,-1.718749285,-2.319714308,-2.05986762,0.6832317114,-1.921851754
curobo,76,1.561058044,-0.7362687588,-1.718749285,-2.319714308,-2.05986762,0.6832317114,-1.921851754
curobo,77,1.30520153,-0.5593298674,0.4067066908,-1.916957855,2.89150548,0.437723428,-2.179466009
curobo,77,0.2678966522,-1.119832754,0.7252182364,-1.824107766,-1.88454318,0.8647398353,-1.31243968
curobo,77,1.30520153,-0.5593298674,0.4067066908,-1.916957855,2.89150548,0.437723428,-2.179466009
curobo,77,1.30520153,-0.5593298674,0.4067066908,-1.916957855,2.89150548,0.437723428,-2.179466009
curobo,77,0.2678966522,-1.119832754,0.7252182364,-1.824107766,-1.88454318,0.8647398353,-1.31243968
curobo,77,1.408645749,-0.5368275046,0.3371727467,-1.910210848,2.771949291,0.4542417228,-2.258032322
curobo,77,1.408645749,-0.5368275046,0.3371727467,-1.910210848,2.771949291,0.4542417228,-2.258032322
curobo,77,-0.8305463195,0.5050243735,2.891503811,-1.842612267,2.088921547,0.713916719,-2.640137911
curobo,77,-0.8305463195,0.5050243735,2.891503811,-1.842612267,2.088921547,0.713916719,-2.640137911
curobo,77,-0.8305463195,0.5050243735,2.891503811,-1.842612267,2.088921547,0.713916719,-2.640137911
curobo,77,-0.8305463195,0.5050243735,2.891503811,-1.842612267,2.088921547,0.713916719,-2.640137911
curobo,77,-2.626653433,0.9321158528,-2.380088329,-1.854940534,-2.203873396,0.6458769441,-1.434879065
curobo,77,-2.626653433,0.9321158528,-2.380088329,-1.854940534,-2.203873396,0.6458769441,-1.434879065
curobo,77,-2.626653433,0.9321158528,-2.380088329,-1.854940534,-2.203873396,0.6458769441,-1.434879065
curobo,77,-2.626653433,0.9321158528,-2.380088329,-1.854940534,-2.203873396,0.6458769441,-1.434879065
curobo,77,-1.087238431,-1.666468143,-0.04879740626,-1.89155221,-0.5962128043,2.006033182,-1.622664452
curobo,77,-0.2570486367,-1.47233963,0.469465822,-1.817471147,-1.360687971,1.389913797,-1.288500905
curobo,77,-0.676297307,-1.626914978,0.203181684,-1.848758459,-0.9944247603,1.746786714,-1.408547521
curobo,77,2.89150548,-0.6337449551,-0.538798213,-1.815894961,1.748834729,0.9857360125,-2.740584373
curobo,77,2.89150548,-0.6337449551,-0.538798213,-1.815894961,1.748834729,0.9857360125,-2.740584373
curobo,77,-2.89150548,-0.8684222102,-0.6446165442,-1.815184355,1.409107566,1.337929487,-2.743088961
curobo,77,-2.89150548,-0.8684222102,-0.6446165442,-1.815184355,1.409107566,1.337929487,-2.743088961
curobo,77,-2.89150548,-0.8684222102,-0.6446165442,-1.815184355,1.409107566,1.337929487,-2.743088961
curobo,77,-2.89150548,-0.8684222102,-0.6446165442,-1.815184355,1.409107566,1.337929487,-2.743088961
curobo,77,-2.89150548,-0.8684222102,-0.6446165442,-1.815184355,1.409107566,1.337929487,-2.743088961
curobo,77,0.6094727516,1.09363091,2.527426481,-1.836862445,1.109974384,1.644182086,-2.662906647
curobo,77,-1.072636247,-1.666811943,-0.04043075442,-1.890042663,-0.6117443442,1.998687863,-1.613279581
curobo,77,-1.072636247,-1.666811943,-0.04043075442,-1.890042663,-0.6117443442,1.998687863,-1.613279581
curobo,77,-1.072636247,-1.666811943,-0.04043075442,-1.890042663,-0.6117443442,1.998687863,-1.613279581
curobo,77,-1.582210779,-1.583511114,-0.2949337661,-1.922816992,0.001541873673,2.139632463,-2.012789011
curobo,77,-1.582210779,-1.583511114,-0.2949337661,-1.922816992,0.001541873673,2.139632463,-2.012789011
curobo,77,-1.072636247,-1.666811943,-0.04043075442,-1.890042663,-0.6117443442,1.998687863,-1.613279581
curobo,77,2.53827405,1.608694196,-2.89150548,-1.841951728,-1.059088469,1.690761089,-1.380709171
curobo,77,2.53827405,1.608694196,-2.89150548,-1.841951728,-1.059088469,1.690761089,-1.380709171
curobo,77,2.53827405,1.608694196,-2.89150548,-1.841951728,-1.059088469,1.690761089,-1.380709171
curobo,77,0.5321336985,-0.9197756648,0.7610177398,-1.857646585,-2.228342295,0.6328741312,-1.446752787
curobo,77,0.8997434378,-0.7006795406,0.6551269889,-1.912114382,-2.801748991,0.4494799078,-1.784893751
curobo,77,0.8997434378,-0.7006795406,0.6551269889,-1.912114382,-2.801748991,0.4494799078,-1.784893751
curobo,77,0.5321336985,-0.9197756648,0.7610177398,-1.857646585,-2.228342295,0.6328741312,-1.446752787
curobo,77,0.5321336985,-0.9197756648,0.7610177398,-1.857646585,-2.228342295,0.6328741312,-1.446752787
curobo,77,0.4644719064,-0.9691243768,0.7605395913,-1.847318411,-2.133728743,0.6860027313,-1.402562737
curobo,77,0.4644719064,-0.9691243768,0.7605395913,-1.847318411,-2.133728743,0.6860027313,-1.402562737
curobo,77,-1.614702463,0.516675055,-2.884265661,-1.901074648,2.650694609,0.4783086479,-2.335692406
curobo,77,2.89150548,1.468734622,-2.66789794,-1.817149758,-1.366848946,1.383321643,-1.287359118
curobo,77,2.89150548,1.468734622,-2.66789794,-1.817149758,-1.366848946,1.383321643,-1.287359118
curobo,77,2.89150548,1.468734622,-2.66789794,-1.817149758,-1.366848946,1.383321643,-1.287359118
curobo,77,0.9556463361,-0.6754335165,0.6257725954,-1.916957736,-2.89150548,0.4377236068,-1.844033241
curobo,77,0.9556463361,-0.6754335165,0.6257725954,-1.916957736,-2.89150548,0.4377236068,-1.844033241
curobo,77,0.9556463361,-0.6754335165,0.6257725954,-1.916957736,-2.89150548,0.4377236068,-1.844033241
curobo,77,2.821602821,-0.6106268764,-0.5115262866,-1.81803751,1.791386008,0.9461327791,-2.732981682
curobo,78,-0.2464457005,-0.9716513753,-0.9675200582,-1.396522403,-2.338925123,1.02578032,-0.9201693535
curobo,78,-0.2464457005,-0.9716513753,-0.9675200582,-1.396522403,-2.338925123,1.02578032,-0.9201693535
curobo,78,-0.7072358727,-0.282961756,-1.390775561,-1.355759025,-1.388813376,1.614723682,-0.7740148306
curobo,78,-0.3325453401,-0.8571300507,-1.046931386,-1.380362272,-2.153161526,1.115994096,-0.856363833
curobo,78,-0.3325453401,-0.8571300507,-1.046931386,-1.380362272,-2.153161526,1.115994096,-0.856363833
curobo,78,-0.3325453401,-0.8571300507,-1.046931386,-1.380362272,-2.153161526,1.115994096,-0.856363833
curobo,78,-0.3325453401,-0.8571300507,-1.046931386,-1.380362272,-2.153161526,1.115994096,-0.856363833
curobo,78,-1.146484852,0.6851495504,-1.930334091,-1.441485643,-0.03135482967,2.151222706,-1.290557981
curobo,78,-1.146484852,0.6851495504,-1.930334091,-1.441485643,-0.03135482967,2.151222706,-1.290557981
curobo,78,0.2591716051,0.01366960257,-2.669805527,-1.377211809,-1.027035952,1.846912384,-0.8449723125
curobo,78,1.93764174,0.03033555299,1.970702767,-1.37376678,-1.071024895,1.821128488,-0.8328344822
curobo,78,1.93764174,0.03033555299,1.970702767,-1.37376678,-1.071024895,1.821128488,-0.8328344822
curobo,78,1.93764174,0.03033555299,1.970702767,-1.37376678,-1.071024895,1.821128488,-0.8328344822
curobo,78,-2.815303087,-0.01322084386,0.4057070613,-1.377108574,-1.028323293,1.846169949,-0.844604075
curobo,78,0.003860942787,-1.246987343,-0.759126842,-1.436341405,-2.89150548,0.8678513765,-1.175206423
curobo,78,1.687159896,-1.13547492,0.9476063848,-1.402741671,0.7324990034,1.995312691,-1.666739225
curobo,78,-0.3736350536,-0.7991225719,-1.086109042,-1.373394608,-2.065685272,1.164353609,-0.8315438032
curobo,78,0.1370762438,0.01474453695,-2.549809217,-1.377421021,-1.024430394,1.84841311,-0.8457195163
curobo,78,0.1370762438,0.01474453695,-2.549809217,-1.377421021,-1.024430394,1.84841311,-0.8457195163
curobo,78,0.1370762438,0.01474453695,-2.549809217,-1.377421021,-1.024430394,1.84841311,-0.8457195163
curobo,78,0.1370762438,0.01474453695,-2.549809217,-1.377421021,-1.024430394,1.84841311,-0.8457195163
curobo,78,0.1370762438,0.01474453695,-2.549809217,-1.377421021,-1.024430394,1.84841311,-0.8457195163
curobo,78,2.200796604,0.07260739803,1.753605247,-1.3696841,-1.126468778,1.787482619,-0.8188561797
curobo,78,2.200796604,0.07260739803,1.753605247,-1.3696841,-1.126468778,1.787482619,-0.8188561797
curobo,78,1.918123484,-0.8118975163,1.153739452,-1.438806891,0.1810039133,2.142010212,-1.403266907
curobo,78,1.918123484,-0.8118975163,1.153739452,-1.438806891,0.1810039133,2.142010212,-1.403266907
curobo,78,1.918123484,-0.8118975163,1.153739452,-1.438806891,0.1810039133,2.142010212,-1.403266907
curobo,78,-2.273066521,-0.01208304986,-0.1294507086,-1.376410484,-1.037083864,1.841097116,-0.8421195745
curobo,78,-2.273066521,-0.01208304986,-0.1294507086,-1.376410484,-1.037083864,1.841097116,-0.8421195745
curobo,78,-1.142206907,0.6778985858,-1.927253366,-1.441408873,-0.04335632175,2.15096283,-1.284165859
curobo,78,1.864783645,0.02613078803,2.038699865,-1.374220371,-1.065098405,1.824650407,-0.8344166279
curobo,78,-0.6272259355,0.05716038495,-1.834207773,-1.382481575,-0.9631236196,1.882824659,-0.8641966581
curobo,78,-0.6272259355,0.05716038495,-1.834207773,-1.382481575,-0.9631236196,1.882824659,-0.8641966581
curobo,78,-0.6272259355,0.05716038495,-1.834207773,-1.382481575,-0.9631236196,1.882824659,-0.8641966581
curobo,78,-0.6272259355,0.05716038495,-1.834207773,-1.382481575,-0.9631236196,1.882824659,-0.8641966581
curobo,78,-1.199128032,0.7726570964,-1.969184399,-1.440450907,0.1148308739,2.14768672,-1.368345499
curobo,78,1.900866866,-0.8391932249,1.140188336,-1.437241435,0.2271864414,2.136539936,-1.427426457
curobo,78,0.4737378359,0.01251545269,-2.881250143,-1.376902103,-1.030905366,1.844678164,-0.8438681364
curobo,78,0.4737378359,0.01251545269,-2.881250143,-1.376902103,-1.030905366,1.844678164,-0.8438681364
curobo,78,1.580182195,0.01749323867,2.312357664,-1.375259519,-1.051702738,1.832557082,-0.8380537033
curobo,78,1.580182195,0.01749323867,2.312357664,-1.375259519,-1.051702738,1.832557082,-0.8380537033
curobo,78,-0.4803936779,-0.6393900514,-1.190151453,-1.359326363,-1.841562152,1.302646041,-0.7851205468
curobo,78,-0.4803936779,-0.6393900514,-1.190151453,-1.359326363,-1.841562152,1.302646041,-0.7851205468
curobo,78,-0.4803936779,-0.6393900514,-1.190151453,-1.359326363,-1.841562152,1.302646041,-0.7851205468
curobo,78,-0.4803936779,-0.6393900514,-1.190151453,-1.359326363,-1.841562152,1.302646041,-0.7851205468
curobo,78,-1.15944314,0.706992805,-1.939727664,-1.441566706,0.004914905876,2.151500225,-1.309885144
curobo,78,-1.15944314,0.706992805,-1.939727664,-1.441566706,0.004914905876,2.151500225,-1.309885144
curobo,78,-0.241439119,0.02196403407,-2.181468248,-1.378445506,-1.011758924,1.855667949,-0.8493987918
curobo,78,-0.241439119,0.02196403407,-2.181468248,-1.378445506,-1.011758924,1.855667949,-0.8493987918
curobo,78,1.697833657,-1.122624636,0.9582614899,-1.404684067,0.7103489041,2.00460124,-1.657658935
curobo,79,-2.313659668,0.8242174983,-2.868163824,-0.9287474155,-1.899570942,1.837260485,-0.3290422559
curobo,79,-2.313659668,0.8242174983,-2.868163824,-0.9287474155,-1.899570942,1.837260485,-0.3290422559
curobo,79,-2.313659668,0.8242174983,-2.868163824,-0.9287474155,-1.899570942,1.837260485,-0.3290422559
curobo,79,-2.313659668,0.8242174983,-2.868163824,-0.9287474155,-1.899570942,1.837260485,-0.3290422559
curobo,79,-2.313659668,0.8242174983,-2.868163824,-0.9287474155,-1.899570942,1.837260485,-0.3290422559
curobo,79,1.003560185,-0.7853580117,0.3834773302,-0.9435717463,-2.135762453,1.73555851,-0.3669246137
curobo,79,-2.33976388,0.8289192319,-2.885714531,-0.9270641804,-1.863715291,1.853192806,-0.3250318468
curobo,79,0.8753231764,-0.8149517775,0.304582268,-0.9321971536,-1.964161277,1.808798313,-0.3374298513
curobo,79,-2.249615192,-0.2580092549,-0.3095628917,-0.9295659661,1.915799737,1.830076933,-1.084738493
curobo,79,2.145195007,-0.4046581089,0.5934430361,-0.9976300001,2.882478714,1.514435053,-0.8141761422
curobo,79,2.145195007,-0.4046581089,0.5934430361,-0.9976300001,2.882478714,1.514435053,-0.8141761422
curobo,79,2.145195007,-0.4046581089,0.5934430361,-0.9976300001,2.882478714,1.514435053,-0.8141761422
curobo,79,-1.667702317,-0.3337831795,-0.5367376208,-0.9203711748,1.576943636,1.981428862,-1.106147289
curobo,79,1.325368762,-0.6869300604,0.536901772,-0.9766317606,-2.546224833,1.587737083,-0.4775160849
curobo,79,-2.333114862,-0.2523850203,-0.2673697174,-0.9316797853,1.955067992,1.812783241,-1.079588294
curobo,79,-2.333114862,-0.2523850203,-0.2673697174,-0.9316797853,1.955067992,1.812783241,-1.079588294
curobo,79,0.8153170943,0.2528040111,2.870707989,-0.9315031767,1.951907039,1.814170361,-1.080023527
curobo,79,1.328359962,-0.6858928204,0.5379876494,-0.9769181609,-2.549897194,1.586665869,-0.4787341356
curobo,79,1.328359962,-0.6858928204,0.5379876494,-0.9769181609,-2.549897194,1.586665869,-0.4787341356
curobo,79,0.7822912335,0.2508504391,2.887772083,-0.9323651195,1.967086077,1.807518482,-1.077902317
curobo,79,0.7822912335,0.2508504391,2.887772083,-0.9323651195,1.967086077,1.807518482,-1.077902317
curobo,79,0.2461575568,-0.8574267626,-0.1357056648,-0.9403188229,-1.050881624,2.197955132,-0.3581751883
curobo,79,0.2461575568,-0.8574267626,-0.1357056648,-0.9403188229,-1.050881624,2.197955132,-0.3581751883
curobo,79,0.2461575568,-0.8574267626,-0.1357056648,-0.9403188229,-1.050881624,2.197955132,-0.3581751883
curobo,79,0.2461575568,-0.8574267626,-0.1357056648,-0.9403188229,-1.050881624,2.197955132,-0.3581751883
curobo,79,0.2461575568,-0.8574267626,-0.1357056648,-0.9403188229,-1.050881624,2.197955132,-0.3581751883
curobo,79,0.2461575568,-0.8574267626,-0.1357056648,-0.9403188229,-1.050881624,2.197955132,-0.3581751883
curobo,79,2.779703379,-0.2814411521,0.3671436012,-0.9707269073,2.472169161,1.610446095,-0.9620097876
curobo,79,-1.562289834,-0.3557122052,-0.5600308776,-0.9207997322,1.497290969,2.016527176,-1.105181932
curobo,79,-1.562289834,-0.3557122052,-0.5600308776,-0.9207997322,1.497290969,2.016527176,-1.105181932
curobo,79,0.1223610193,-0.8453009725,-0.2124659866,-0.9553402066,-0.8558808565,2.264280081,-0.4010719359
curobo,79,0.2021566331,-0.8538551331,-0.1639333218,-0.9453408718,-0.982200563,2.222439528,-0.3717961013
curobo,79,0.04373446479,-0.8343169093,-0.2565222979,-0.9658233523,-0.7291423082,2.301622391,-0.4357045889
curobo,79,0.04373446479,-0.8343169093,-0.2565222979,-0.9658233523,-0.7291423082,2.301622391,-0.4357045889
curobo,79,0.04373446479,-0.8343169093,-0.2565222979,-0.9658233523,-0.7291423082,2.301622391,-0.4357045889
curobo,79,0.9533580542,-0.7977042794,0.3536144197,-0.9388206601,-2.069130182,1.763488531,-0.3542364538
curobo,79,-0.1212524995,-0.8033944964,-0.3356698155,-0.9867682457,-0.456128329,2.363974571,-0.526052773
curobo,79,-0.1212524995,-0.8033944964,-0.3356698155,-0.9867682457,-0.456128329,2.363974571,-0.526052773
curobo,79,0.7800750732,0.2507255673,2.888925076,-0.9324236512,1.968097091,1.807076097,-1.077757955
curobo,79,0.7800750732,0.2507255673,2.888925076,-0.9324236512,1.968097091,1.807076097,-1.077757955
curobo,79,0.7800750732,0.2507255673,2.888925076,-0.9324236512,1.968097091,1.807076097,-1.077757955
curobo,79,1.578403234,-0.5952325463,0.6052849293,-0.995982945,-2.845607519,1.519840837,-0.5869514942
curobo,79,1.578403234,-0.5952325463,0.6052849293,-0.995982945,-2.845607519,1.519840837,-0.5869514942
curobo,79,-0.7765972614,-0.5994489789,-0.524699986,-0.9746477604,0.6206252575,2.329514265,-0.9465110302
curobo,79,-0.7765972614,-0.5994489789,-0.524699986,-0.9746477604,0.6206252575,2.329514265,-0.9465110302
curobo,79,-0.7765972614,-0.5994489789,-0.524699986,-0.9746477604,0.6206252575,2.329514265,-0.9465110302
curobo,79,0.7783180475,0.2506267726,2.889839888,-0.932469666,1.968898296,1.80672586,-1.077643394
curobo,79,0.7783180475,0.2506267726,2.889839888,-0.932469666,1.968898296,1.80672586,-1.077643394
curobo,79,0.7783180475,0.2506267726,2.889839888,-0.932469666,1.968898296,1.80672586,-1.077643394
curobo,79,0.7783180475,0.2506267726,2.889839888,-0.932469666,1.968898296,1.80672586,-1.077643394
curobo,80,-1.003839135,0.9536056519,2.56562829,-0.62593925,2.884393215,2.200749636,-0.3069255948
curobo,80,-1.003839135,0.9536056519,2.56562829,-0.62593925,2.884393215,2.200749636,-0.3069255948
curobo,80,2.391438961,-0.862190187,-0.1612573862,-0.3209654093,2.335271835,2.37783432,-0.3521849513
curobo,80,2.391438961,-0.862190187,-0.1612573862,-0.3209654093,2.335271835,2.37783432,-0.3521849513
curobo,80,2.391438961,-0.862190187,-0.1612573862,-0.3209654093,2.335271835,2.37783432,-0.3521849513
curobo,80,1.901824951,-0.7458568811,-1.125624776,-0.6179915667,-2.796617508,2.21318531,-0.08450800925
curobo,80,1.901824951,-0.7458568811,-1.125624776,-0.6179915667,-2.796617508,2.21318531,-0.08450800925
curobo,80,2.134882212,-0.9522964954,-0.5810753107,-0.6263877749,2.890228033,2.200039864,-0.3048501313
curobo,80,2.158928871,-0.9626492858,-0.538538754,-0.6223276854,2.841613293,2.206413746,-0.3219060302
curobo,80,2.158928871,-0.9626492858,-0.538538754,-0.6223276854,2.841613293,2.206413746,-0.3219060302
curobo,80,-1.00164628,0.9545918107,2.569525003,-0.6255896091,2.879943132,2.201301336,-0.3085033596
curobo,80,-1.00164628,0.9545918107,2.569525003,-0.6255896091,2.879943132,2.201301336,-0.3085033596
curobo,80,2.137153387,-0.95333606,-0.5770289898,-0.6260373592,2.885609627,2.200598717,-0.3064939082
curobo,80,-0.492901206,0.5738993287,-1.052130461,-0.3002978563,-0.2677402496,2.604814053,-0.1625378579
curobo,80,-0.8694315553,0.8078197241,2.509016037,-0.3011772037,2.831099987,2.343961954,-0.266802758
curobo,80,-0.8694315553,0.8078197241,2.509016037,-0.3011772037,2.831099987,2.343961954,-0.266802758
curobo,80,2.141938925,-0.9554792047,-0.5685300827,-0.6252689958,2.875902891,2.201809168,-0.3099323213
curobo,80,2.141938925,-0.9554792047,-0.5685300827,-0.6252689958,2.875902891,2.201809168,-0.3099323213
curobo,80,2.141938925,-0.9554792047,-0.5685300827,-0.6252689958,2.875902891,2.201809168,-0.3099323213
curobo,80,-1.215960741,0.7840149999,2.104830503,-0.626226604,-2.888171673,2.200289965,-0.116104953
curobo,80,-1.215960741,0.7840149999,2.104830503,-0.626226604,-2.888171673,2.200289965,-0.116104953
curobo,80,2.140608788,-0.9548877478,-0.5708911419,-0.6254832149,2.878599405,2.20146966,-0.308978945
curobo,80,-1.002385736,0.9542627335,2.568214655,-0.625711441,2.881440878,2.201113224,-0.3079733551
curobo,80,-1.002385736,0.9542627335,2.568214655,-0.625711441,2.881440878,2.201113224,-0.3079733551
curobo,80,2.141808748,-0.9554203153,-0.5687624216,-0.6252884269,2.876167774,2.201776266,-0.3098386228
curobo,80,2.141808748,-0.9554203153,-0.5687624216,-0.6252884269,2.876167774,2.201776266,-0.3098386228
curobo,80,-0.1436484605,0.6085226536,-1.610227466,-0.6353436708,0.07570820302,2.760462523,-0.2397786528
curobo,80,-0.1436484605,0.6085226536,-1.610227466,-0.6353436708,0.07570820302,2.760462523,-0.2397786528
curobo,80,2.147454023,-0.9578795433,-0.5587676764,-0.6243480444,2.864746571,2.203252554,-0.3138578236
curobo,80,2.147454023,-0.9578795433,-0.5587676764,-0.6243480444,2.864746571,2.203252554,-0.3138578236
curobo,80,2.147454023,-0.9578795433,-0.5587676764,-0.6243480444,2.864746571,2.203252554,-0.3138578236
curobo,80,2.147454023,-0.9578795433,-0.5587676764,-0.6243480444,2.864746571,2.203252554,-0.3138578236
curobo,80,2.147454023,-0.9578795433,-0.5587676764,-0.6243480444,2.864746571,2.203252554,-0.3138578236
curobo,80,-0.165777117,0.6739405394,-1.74655807,-0.6202186942,0.3226215839,2.744450569,-0.3296583295
curobo,80,-0.165777117,0.6739405394,-1.74655807,-0.6202186942,0.3226215839,2.744450569,-0.3296583295
curobo,80,-1.000519276,0.9550948739,2.571526527,-0.625408709,2.877657413,2.201587915,-0.3093123138
curobo,80,-1.000519276,0.9550948739,2.571526527,-0.625408709,2.877657413,2.201587915,-0.3093123138
curobo,80,-0.9996953607,0.9554595351,2.572987318,-0.6252738237,2.875988483,2.201799154,-0.3099018931
curobo,80,-1.0001899,0.9552406669,2.572110415,-0.6253546476,2.876990318,2.201672316,-0.3095479012
curobo,80,-1.0001899,0.9552406669,2.572110415,-0.6253546476,2.876990318,2.201672316,-0.3095479012
curobo,80,-1.0001899,0.9552406669,2.572110415,-0.6253546476,2.876990318,2.201672316,-0.3095479012
curobo,80,2.140351057,-0.9547730684,-0.5713484883,-0.6255252957,2.879122019,2.201403856,-0.3087942004
curobo,80,-1.004227877,0.9534329772,2.564941406,-0.6260056496,2.885179043,2.20065093,-0.3066471517
curobo,80,-1.004227877,0.9534329772,2.564941406,-0.6260056496,2.885179043,2.20065093,-0.3066471517
curobo,80,-1.004227877,0.9534329772,2.564941406,-0.6260056496,2.885179043,2.20065093,-0.3066471517
curobo,80,-1.000166893,0.9552531838,2.572153807,-0.6253544092,2.876941442,2.201676846,-0.3095656633
curobo,80,-1.000166893,0.9552531838,2.572153807,-0.6253544092,2.876941442,2.201676846,-0.3095656633
curobo,80,-1.000166893,0.9552531838,2.572153807,-0.6253544092,2.876941442,2.201676846,-0.3095656633
curobo,80,2.141206026,-0.955155015,-0.5698293447,-0.6253890395,2.877387285,2.201621056,-0.3094079196
curobo,80,2.288763523,-0.817930758,-0.5596084595,-0.3030774891,2.755326271,2.347145557,-0.2803028524
curobo,81,1.500519395,1.602004051,2.851218224,-0.1378081888,0.6302441955,3.004221439,-0.01172833983
curobo,81,1.703617334,1.115478277,-0.32558465,-0.7807202339,-2.889665604,2.620116711,0.3862403929
curobo,81,1.465264797,1.481621027,0.8879959583,-0.1371575594,2.583115578,2.900827646,0.000692020345
curobo,81,1.465264797,1.481621027,0.8879959583,-0.1371575594,2.583115578,2.900827646,0.000692020345
curobo,81,1.465264797,1.481621027,0.8879959583,-0.1371575594,2.583115578,2.900827646,0.000692020345
curobo,81,-1.590207934,-1.597768188,0.2121964842,-0.134571746,0.01280739345,3.012576342,0.103422612
curobo,81,-1.986917257,-1.291590691,-2.182265997,-0.7663846016,2.804498672,2.643222094,-0.2634691894
curobo,81,-1.986917257,-1.291590691,-2.182265997,-0.7663846016,2.804498672,2.643222094,-0.2634691894
curobo,81,-1.986917257,-1.291590691,-2.182265997,-0.7663846016,2.804498672,2.643222094,-0.2634691894
curobo,81,1.7044909,1.115791321,-0.3275481462,-0.7805879712,-2.88877511,2.62032938,0.3871922195
curobo,81,1.7044909,1.115791321,-0.3275481462,-0.7805879712,-2.88877511,2.62032938,0.3871922195
curobo,81,-1.185601711,-1.386674881,1.9632442,-0.671764791,-2.433772087,2.78640914,0.7858901024
curobo,81,-1.185601711,-1.386674881,1.9632442,-0.671764791,-2.433772087,2.78640914,0.7858901024
curobo,81,-1.185601711,-1.386674881,1.9632442,-0.671764791,-2.433772087,2.78640914,0.7858901024
curobo,81,-1.185601711,-1.386674881,1.9632442,-0.671764791,-2.433772087,2.78640914,0.7858901024
curobo,81,-1.31358397,-1.184503675,2.509709597,-0.7541394234,-2.744414091,2.662639618,0.5351144671
curobo,81,-1.31358397,-1.184503675,2.509709597,-0.7541394234,-2.744414091,2.662639618,0.5351144671
curobo,81,-1.524615884,-1.568494797,0.9336345792,-0.1402160376,-0.8668331504,2.996493816,0.2610284388
curobo,81,1.490260363,1.600821137,2.744831324,-0.139066413,0.7573738098,3.00039959,-0.03261481225
curobo,81,1.490260363,1.600821137,2.744831324,-0.139066413,0.7573738098,3.00039959,-0.03261481225
curobo,81,1.204188704,1.227444053,0.7931878567,-0.7807680368,2.889993429,2.620038986,-0.17406407
curobo,81,1.204188704,1.227444053,0.7931878567,-0.7807680368,2.889993429,2.620038986,-0.17406407
curobo,81,1.204188704,1.227444053,0.7931878567,-0.7807680368,2.889993429,2.620038986,-0.17406407
curobo,81,-1.193766952,-1.356935501,2.035168648,-0.6850997806,-2.479750633,2.767072678,0.7561026216
curobo,81,-1.193766952,-1.356935501,2.035168648,-0.6850997806,-2.479750633,2.767072678,0.7561026216
curobo,81,-1.193766952,-1.356935501,2.035168648,-0.6850997806,-2.479750633,2.767072678,0.7561026216
curobo,81,-1.193766952,-1.356935501,2.035168648,-0.6850997806,-2.479750633,2.767072678,0.7561026216
curobo,81,-1.177830577,-1.439540029,1.834924579,-0.6466748118,-2.347029448,2.822317362,0.834528625
curobo,81,-1.177830577,-1.439540029,1.834924579,-0.6466748118,-2.347029448,2.822317362,0.834528625
curobo,81,-1.177830577,-1.439540029,1.834924579,-0.6466748118,-2.347029448,2.822317362,0.834528625
curobo,81,1.570317626,1.452783942,-0.3206655085,-0.1363349855,-2.68531251,2.897549629,0.1928229034
curobo,81,1.570317626,1.452783942,-0.3206655085,-0.1363349855,-2.68531251,2.897549629,0.1928229034
curobo,81,-1.196460485,-1.34891963,2.054673195,-0.6886050701,-2.491912127,2.761953115,0.7477629781
curobo,81,-1.196460485,-1.34891963,2.054673195,-0.6886050701,-2.491912127,2.761953115,0.7477629781
curobo,81,-1.309094667,-1.1881845,2.497096062,-0.7527589202,-2.738093853,2.664812565,0.5412388444
curobo,81,-1.309094667,-1.1881845,2.497096062,-0.7527589202,-2.738093853,2.664812565,0.5412388444
curobo,81,-1.309094667,-1.1881845,2.497096062,-0.7527589202,-2.738093853,2.664812565,0.5412388444
curobo,81,-1.541360617,-1.46311307,2.473496437,-0.1390113533,-2.38957715,2.908716202,0.2435928434
curobo,81,-2.027013302,-1.629351616,-1.420202494,-0.6447241902,2.340200186,2.825089693,-0.6261151433
curobo,81,1.109471917,1.392115712,1.186294794,-0.7391138077,2.679261446,2.686077833,-0.3846871257
curobo,81,1.109471917,1.392115712,1.186294794,-0.7391138077,2.679261446,2.686077833,-0.3846871257
curobo,81,1.109471917,1.392115712,1.186294794,-0.7391138077,2.679261446,2.686077833,-0.3846871257
curobo,81,1.109471917,1.392115712,1.186294794,-0.7391138077,2.679261446,2.686077833,-0.3846871257
curobo,81,1.704848289,1.11591804,-0.3283507228,-0.7805369496,-2.88841176,2.620414972,0.3875819147
curobo,81,-1.197529674,-1.34590745,2.062024117,-0.6899111867,-2.496461391,2.76003933,0.744592309
curobo,81,-1.197529674,-1.34590745,2.062024117,-0.6899111867,-2.496461391,2.76003933,0.744592309
curobo,81,-1.197529674,-1.34590745,2.062024117,-0.6899111867,-2.496461391,2.76003933,0.744592309
curobo,81,-1.197529674,-1.34590745,2.062024117,-0.6899111867,-2.496461391,2.76003933,0.744592309
curobo,81,-1.197529674,-1.34590745,2.062024117,-0.6899111867,-2.496461391,2.76003933,0.744592309
curobo,81,1.703742981,1.11552453,-0.3258678317,-0.7806988955,-2.889536619,2.62014842,0.3863772154
curobo,82,1.22452414,-0.4895228148,0.1211537421,-2.973508835,0.1533167958,3.320798874,1.617723703
curobo,82,1.22452414,-0.4895228148,0.1211537421,-2.973508835,0.1533167958,3.320798874,1.617723703
curobo,82,-2.853243828,1.118041277,-1.990925908,-2.801399946,1.782681108,2.446027756,0.5893294215
curobo,82,-2.853243828,1.118041277,-1.990925908,-2.801399946,1.782681108,2.446027756,0.5893294215
curobo,82,-2.853243828,1.118041277,-1.990925908,-2.801399946,1.782681108,2.446027756,0.5893294215
curobo,82,-2.853243828,1.118041277,-1.990925908,-2.801399946,1.782681108,2.446027756,0.5893294215
curobo,82,-2.853243828,1.118041277,-1.990925908,-2.801399946,1.782681108,2.446027756,0.5893294215
curobo,82,-2.853243828,1.118041277,-1.990925908,-2.801399946,1.782681108,2.446027756,0.5893294215
curobo,82,0.05794635415,-1.759274364,1.258206606,-2.845639706,1.968555212,1.842949033,0.7735102177
curobo,82,2.026757956,-0.4243726134,-0.3825909793,-2.747021437,1.483601332,3.565743923,0.3722412884
curobo,82,2.026757956,-0.4243726134,-0.3825909793,-2.747021437,1.483601332,3.565743923,0.3722412884
curobo,82,2.026757956,-0.4243726134,-0.3825909793,-2.747021437,1.483601332,3.565743923,0.3722412884
curobo,82,0.05794644356,-1.759274364,1.258206606,-2.845639706,1.968555212,1.842949152,0.7735102773
curobo,82,0.05794633552,-1.759274364,1.258206487,-2.845639706,1.968555093,1.842949033,0.7735102177
curobo,82,0.05794644356,-1.759274364,1.258206606,-2.845639706,1.968555212,1.842949152,0.7735102773
curobo,82,0.05794644356,-1.759274364,1.258206606,-2.845639706,1.968555212,1.842949152,0.7735102773
curobo,82,1.070324063,-0.3608259261,0.06564487517,-2.516203165,-2.563243389,3.321866751,-2.103031158
curobo,82,1.070324063,-0.3608259261,0.06564487517,-2.516203165,-2.563243389,3.321866751,-2.103031158
curobo,82,-2.499821901,0.6496312618,-2.257351637,-2.769548416,1.677393913,2.935806751,0.4616272748
curobo,82,-2.499821901,0.6496312618,-2.257351637,-2.769548416,1.677393913,2.935806751,0.4616272748
curobo,82,-2.499821901,0.6496312618,-2.257351637,-2.769548416,1.677393913,2.935806751,0.4616272748
curobo,82,0.0579463765,-1.759274364,1.258206606,-2.845639706,1.968555212,1.842949033,0.7735102773
curobo,82,0.0579463765,-1.759274364,1.258206606,-2.845639706,1.968555212,1.842949033,0.7735102773
curobo,82,0.0579463765,-1.759274364,1.258206606,-2.845639706,1.968555212,1.842949033,0.7735102773
curobo,82,0.05794638395,-1.759274364,1.258206606,-2.845639706,1.968555212,1.842949033,0.7735102773
curobo,82,0.05794641003,-1.759274364,1.258206606,-2.845639706,1.968555212,1.842949033,0.7735102177
curobo,82,0.05794641003,-1.759274364,1.258206606,-2.845639706,1.968555212,1.842949033,0.7735102177
curobo,82,1.359921217,-0.4492349625,0.1836320758,-2.889878273,0.951202333,3.330515862,0.9751987457
curobo,82,2.016636133,-0.4228425622,-0.3733029962,-2.747405767,1.483971834,3.561714888,0.3737632334
curobo,82,2.016636133,-0.4228425622,-0.3733029962,-2.747405767,1.483971834,3.561714888,0.3737632334
curobo,82,0.05794633552,-1.759274364,1.258206606,-2.845639706,1.968555212,1.842949033,0.7735101581
curobo,82,0.05794633552,-1.759274364,1.258206606,-2.845639706,1.968555212,1.842949033,0.7735101581
curobo,82,0.05794633552,-1.759274364,1.258206606,-2.845639706,1.968555212,1.842949033,0.7735101581
curobo,82,0.2397775054,-1.227901697,1.179419994,-2.808463812,1.810177326,2.339018583,0.6180561781
curobo,82,0.2397775054,-1.227901697,1.179419994,-2.808463812,1.810177326,2.339018583,0.6180561781
curobo,82,0.2397775054,-1.227901697,1.179419994,-2.808463812,1.810177326,2.339018583,0.6180561781
curobo,82,0.2397775054,-1.227901697,1.179419994,-2.808463812,1.810177326,2.339018583,0.6180561781
curobo,82,0.2397775054,-1.227901697,1.179419994,-2.808463812,1.810177326,2.339018583,0.6180561781
curobo,82,0.9647208452,-0.4814810455,0.6001139879,-2.75017333,1.655660391,3.154896498,0.3847337663
curobo,82,0.9647208452,-0.4814810455,0.6001139879,-2.75017333,1.655660391,3.154896498,0.3847337663
curobo,82,-0.9001728296,1.007174134,2.064407587,-2.799537182,-1.775593996,2.474717379,2.886196613
curobo,82,1.283513546,-0.3762200177,0.2710989118,-2.621017933,2.081130743,3.311303616,-0.147933796
curobo,82,1.283513546,-0.3762200177,0.2710989118,-2.621017933,2.081130743,3.311303616,-0.147933796
curobo,82,1.283513546,-0.3762200177,0.2710989118,-2.621017933,2.081130743,3.311303616,-0.147933796
curobo,82,0.05794647709,-1.759274364,1.258206606,-2.845639706,1.968555212,1.842949152,0.7735102773
curobo,82,1.283513546,-0.3762200177,0.2710989118,-2.621017933,2.081130743,3.311303616,-0.147933796
curobo,82,0.05794647709,-1.759274364,1.258206606,-2.845639706,1.968555212,1.842949152,0.7735102773
curobo,82,0.05794647709,-1.759274364,1.258206606,-2.845639706,1.968555212,1.842949152,0.7735102773
curobo,82,1.283513546,-0.3762200177,0.2710989118,-2.621017933,2.081130743,3.311303616,-0.147933796
curobo,82,0.05794639513,-1.759274364,1.258206606,-2.845639706,1.968555212,1.842949033,0.7735101581
curobo,83,-0.06274383515,0.06856480986,-0.9962983131,-2.542443514,1.634457469,2.362356424,1.801910043
curobo,83,-0.06274383515,0.06856480986,-0.9962983131,-2.542443514,1.634457469,2.362356424,1.801910043
curobo,83,0.6464555264,-0.3251449466,-1.665868282,-2.545886278,1.44634521,2.701931238,1.815336108
curobo,83,2.341823816,-0.03885329515,2.887288094,-2.54177618,1.614329457,2.404917479,1.799317002
curobo,83,2.341823816,-0.03885329515,2.887288094,-2.54177618,1.614329457,2.404917479,1.799317002
curobo,83,0.5208630562,-0.9830134511,-1.846663952,-2.64939642,-0.709869504,3.102419138,-2.891480684
curobo,83,0.5208630562,-0.9830134511,-1.846663952,-2.64939642,-0.709869504,3.102419138,-2.891480684
curobo,83,-2.631616116,1.044191122,1.274433732,-2.617523193,-0.9331533313,3.056415081,-2.720679522
curobo,83,-2.631616116,1.044191122,1.274433732,-2.617523193,-0.9331533313,3.056415081,-2.720679522
curobo,83,0.7322279215,-1.158494353,-1.609391689,-2.229168177,2.24612236,3.563831091,0.6051012278
curobo,83,0.374199599,-1.585510135,-1.802557945,-2.541777372,-1.527216077,2.573302984,-2.397085428
curobo,83,0.374199599,-1.585510135,-1.802557945,-2.541777372,-1.527216077,2.573302984,-2.397085428
curobo,83,0.374199599,-1.585510135,-1.802557945,-2.541777372,-1.527216077,2.573302984,-2.397085428
curobo,83,0.374199599,-1.585510135,-1.802557945,-2.541777372,-1.527216077,2.573302984,-2.397085428
curobo,83,0.5297700167,-0.8951692581,-1.731952429,-2.696661234,-0.06254995614,3.145243168,2.890878677
curobo,83,0.4471563995,1.163387656,-1.592972517,-2.601500988,2.106529236,1.416257739,2.047735453
curobo,83,0.4471563995,1.163387656,-1.592972517,-2.601500988,2.106529236,1.416257739,2.047735453
curobo,83,0.3360204697,-1.753514051,-1.784891486,-2.541605711,-1.607493281,2.419103384,-2.396418333
curobo,83,-0.443310082,0.04585451633,-0.6124928594,-2.541982174,1.621380568,2.390138626,1.80011642
curobo,83,-0.443310082,0.04585451633,-0.6124928594,-2.541982174,1.621380568,2.390138626,1.80011642
curobo,83,0.3360204697,-1.753514051,-1.784891486,-2.541605711,-1.607493281,2.419103384,-2.396418333
curobo,83,-0.443310082,0.04585451633,-0.6124928594,-2.541982174,1.621380568,2.390138626,1.80011642
curobo,83,-0.443310082,0.04585451633,-0.6124928594,-2.541982174,1.621380568,2.390138626,1.80011642
curobo,83,-0.443310082,0.04585451633,-0.6124928594,-2.541982174,1.621380568,2.390138626,1.80011642
curobo,83,0.4343926609,0.5863952637,-1.54381454,-2.56141448,1.84239912,1.896734715,1.877001166
curobo,83,0.4343926609,0.5863952637,-1.54381454,-2.56141448,1.84239912,1.896734715,1.877001166
curobo,83,0.4343926609,0.5863952637,-1.54381454,-2.56141448,1.84239912,1.896734715,1.877001166
curobo,83,0.4343926609,0.5863952637,-1.54381454,-2.56141448,1.84239912,1.896734715,1.877001166
curobo,83,0.4343926609,0.5863952637,-1.54381454,-2.56141448,1.84239912,1.896734715,1.877001166
curobo,83,0.720338881,-1.401041627,-1.500207067,-2.306255579,1.83843863,3.748729944,0.9346565008
curobo,83,-1.690782309,0.04697017744,0.6406714916,-2.541415691,1.597953677,2.438652039,1.797917366
curobo,83,-1.690782309,0.04697017744,0.6406714916,-2.541415691,1.597953677,2.438652039,1.797917366
curobo,83,-1.690782309,0.04697017744,0.6406714916,-2.541415691,1.597953677,2.438652039,1.797917366
curobo,83,-1.690782309,0.04697017744,0.6406714916,-2.541415691,1.597953677,2.438652039,1.797917366
curobo,83,-1.690782309,0.04697017744,0.6406714916,-2.541415691,1.597953677,2.438652039,1.797917366
curobo,83,0.7784653306,-0.989783287,-1.800613046,-2.13741827,2.889959097,3.493301153,-0.03841688111
curobo,83,0.7784653306,-0.989783287,-1.800613046,-2.13741827,2.889959097,3.493301153,-0.03841688111
curobo,83,0.7784653306,-0.989783287,-1.800613046,-2.13741827,2.889959097,3.493301153,-0.03841688111
curobo,83,0.7784653306,-0.989783287,-1.800613046,-2.13741827,2.889959097,3.493301153,-0.03841688111
curobo,83,0.7784653306,-0.989783287,-1.800613046,-2.13741827,2.889959097,3.493301153,-0.03841688111
curobo,83,0.4592273533,-1.244660616,-1.853732824,-2.563877106,-1.280814052,2.884299278,-2.484730244
curobo,83,-2.499255896,0.3379353583,1.48110199,-2.546502352,1.438172579,2.713374138,1.817747951
curobo,83,-2.499255896,0.3379353583,1.48110199,-2.546502352,1.438172579,2.713374138,1.817747951
curobo,83,-2.499255896,0.3379353583,1.48110199,-2.546502352,1.438172579,2.713374138,1.817747951
curobo,83,0.3378834724,-1.745191932,-1.785616875,-2.541525126,-1.603788018,2.426730394,-2.396106243
curobo,83,0.4411673844,-1.313219666,-1.842721462,-2.555408239,-1.347475886,2.822492361,-2.450684309
curobo,83,0.4411673844,-1.313219666,-1.842721462,-2.555408239,-1.347475886,2.822492361,-2.450684309
curobo,83,0.4411673844,-1.313219666,-1.842721462,-2.555408239,-1.347475886,2.822492361,-2.450684309
curobo,83,0.4411673844,-1.313219666,-1.842721462,-2.555408239,-1.347475886,2.822492361,-2.450684309
curobo,83,0.4411673844,-1.313219666,-1.842721462,-2.555408239,-1.347475886,2.822492361,-2.450684309
curobo,84,2.89150548,1.751801252,0.9889525771,-1.680441141,1.361890912,0.7993610501,0.3652812541
curobo,84,-1.917838216,1.207190037,-0.3283469379,-1.677141666,-1.725808978,0.4545756578,2.105215073
curobo,84,-1.917838216,1.207190037,-0.3283469379,-1.677141666,-1.725808978,0.4545756578,2.105215073
curobo,84,-1.917838216,1.207190037,-0.3283469379,-1.677141666,-1.725808978,0.4545756578,2.105215073
curobo,84,-1.917838216,1.207190037,-0.3283469379,-1.677141666,-1.725808978,0.4545756578,2.105215073
curobo,84,1.851429701,-1.733697414,2.105097055,-1.713491201,-1.049972773,1.135399103,1.972974896
curobo,84,1.851429701,-1.733697414,2.105097055,-1.713491201,-1.049972773,1.135399103,1.972974896
curobo,84,1.851429701,-1.733697414,2.105097055,-1.713491201,-1.049972773,1.135399103,1.972974896
curobo,84,1.851429701,-1.733697414,2.105097055,-1.713491201,-1.049972773,1.135399103,1.972974896
curobo,84,1.828341842,-1.697788,2.131203651,-1.709432364,-1.081113696,1.103108168,1.988714814
curobo,84,1.828341842,-1.697788,2.131203651,-1.709432364,-1.081113696,1.103108168,1.988714814
curobo,84,0.3849413097,-1.234496713,-2.810642004,-1.760222673,2.434085608,0.132171005,0.695815444
curobo,84,-1.613651276,1.367609143,-0.6686589122,-1.677010536,-1.418286085,0.7394466996,2.105661631
curobo,84,0.03840085119,-1.434659719,-2.474694967,-1.678728938,1.753563285,0.4334045053,0.359406203
curobo,84,0.03840085119,-1.434659719,-2.474694967,-1.678728938,1.753563285,0.4334045053,0.359406203
curobo,84,0.03840085119,-1.434659719,-2.474694967,-1.678728938,1.753563285,0.4334045053,0.359406203
curobo,84,0.03840085119,-1.434659719,-2.474694967,-1.678728938,1.753563285,0.4334045053,0.359406203
curobo,84,0.03840085119,-1.434659719,-2.474694967,-1.678728938,1.753563285,0.4334045053,0.359406203
curobo,84,-0.005071451887,-1.471183062,-2.427170992,-1.675545812,1.692100048,0.4813893437,0.3485685885
curobo,84,-0.005071451887,-1.471183062,-2.427170992,-1.675545812,1.692100048,0.4813893437,0.3485685885
curobo,84,2.89150548,1.751801252,0.9889525771,-1.680441141,1.361890912,0.7993610501,0.3652811944
curobo,84,2.89150548,1.751801252,0.9889525771,-1.680441141,1.361890912,0.7993610501,0.3652811944
curobo,84,2.89150548,1.751801252,0.9889525771,-1.680441141,1.361890912,0.7993610501,0.3652811944
curobo,84,-2.89150548,1.29672277,0.4478463233,-1.715667367,2.108015537,0.2312601209,0.494787395
curobo,84,-2.89150548,1.29672277,0.4478463233,-1.715667367,2.108015537,0.2312601209,0.494787395
curobo,84,2.890851498,1.752756715,0.9896925092,-1.680503726,1.360990286,0.80032897,0.3654969335
curobo,84,2.890851498,1.752756715,0.9896925092,-1.680503726,1.360990286,0.80032897,0.3654969335
curobo,84,-0.2055826783,-1.689711571,-2.202976227,-1.676795483,1.42246747,0.7350673079,0.3528119326
curobo,84,1.817795038,-1.681988835,2.143154621,-1.707660913,-1.09497261,1.088563919,1.99549377
curobo,84,0.1764604747,-1.338167667,-2.620714664,-1.69838953,1.970250964,0.2957014441,0.4290272593
curobo,84,0.1764604747,-1.338167667,-2.620714664,-1.69838953,1.970250964,0.2957014441,0.4290272593
curobo,84,0.1764604747,-1.338167667,-2.620714664,-1.69838953,1.970250964,0.2957014441,0.4290272593
curobo,84,0.1764604747,-1.338167667,-2.620714664,-1.69838953,1.970250964,0.2957014441,0.4290272593
curobo,84,-0.05525003374,-1.51764977,-2.371704578,-1.673470378,1.623392344,0.5397105217,0.3415620029
curobo,84,-0.05525003374,-1.51764977,-2.371704578,-1.673470378,1.623392344,0.5397105217,0.3415620029
curobo,84,-1.545150876,1.424165487,-0.7464301586,-1.681391716,-1.348572016,0.8137042522,2.090645313
curobo,84,-1.545150876,1.424165487,-0.7464301586,-1.681391716,-1.348572016,0.8137042522,2.090645313
curobo,84,-2.140146017,1.158326387,-0.09065360576,-1.702048302,-2.001285076,0.2797520757,2.016646385
curobo,84,-2.140146017,1.158326387,-0.09065360576,-1.702048302,-2.001285076,0.2797520757,2.016646385
curobo,84,-0.1502625942,-1.620080113,-2.265385389,-1.673952341,1.496458769,0.6593844295,0.3431858122
curobo,84,-0.1502625942,-1.620080113,-2.265385389,-1.673952341,1.496458769,0.6593844295,0.3431858122
curobo,84,-0.1502625942,-1.620080113,-2.265385389,-1.673952341,1.496458769,0.6593844295,0.3431858122
curobo,84,-0.1502625942,-1.620080113,-2.265385389,-1.673952341,1.496458769,0.6593844295,0.3431858122
curobo,84,-0.1502625942,-1.620080113,-2.265385389,-1.673952341,1.496458769,0.6593844295,0.3431858122
curobo,84,-1.274409652,1.759274364,-1.054255009,-1.716406345,-1.028048992,1.157776117,1.961489201
curobo,84,2.886413574,1.759274364,0.9947142601,-1.68093574,1.354869127,0.8069152832,0.3669854403
curobo,84,-1.738834023,1.285667181,-0.5274040103,-1.673126698,-1.542440891,0.6143860221,2.118798256
curobo,84,-1.569349289,1.403133869,-0.7189263105,-1.679657698,-1.373462439,0.7869526744,2.096614361
curobo,84,-1.569349289,1.403133869,-0.7189263105,-1.679657698,-1.373462439,0.7869526744,2.096614361
curobo,84,-1.274409294,1.759274364,-1.054255009,-1.716406703,-1.028048873,1.157776237,1.961489201
curobo,85,1.442443013,-0.9229176641,0.9992990494,-1.325612307,-1.068614125,1.145729065,1.469317555
curobo,85,1.442443013,-0.9229176641,0.9992990494,-1.325612307,-1.068614125,1.145729065,1.469317555
curobo,85,1.442443013,-0.9229176641,0.9992990494,-1.325612307,-1.068614125,1.145729065,1.469317555
curobo,85,-0.004827252124,-1.49253273,-0.3201038539,-1.360960603,0.7339892983,1.355703592,0.4718633294
curobo,85,-0.004827252124,-1.49253273,-0.3201038539,-1.360960603,0.7339892983,1.355703592,0.4718633294
curobo,85,0.3958108127,-1.554186463,0.05362696573,-1.39990294,0.2889776528,1.530342937,0.7208659649
curobo,85,0.3958108127,-1.554186463,0.05362696573,-1.39990294,0.2889776528,1.530342937,0.7208659649
curobo,85,0.8671941161,-1.427984834,0.4625153244,-1.40141511,-0.2609853446,1.536415219,1.065476775
curobo,85,-0.8721689582,-0.595911324,-1.333033442,-1.352933288,2.33382988,0.4123788178,0.4369297922
curobo,85,-0.9881979227,-0.3672725856,-1.4268682,-1.401965499,2.89150548,0.303194046,0.7447566986
curobo,85,-0.9881979227,-0.3672725856,-1.4268682,-1.401965499,2.89150548,0.303194046,0.7447566986
curobo,85,-0.7645719647,-0.7899129391,-1.201068401,-1.315962315,1.963516116,0.5623564124,0.3022170663
curobo,85,-0.7645719647,-0.7899129391,-1.201068401,-1.315962315,1.963516116,0.5623564124,0.3022170663
curobo,85,-0.7645719647,-0.7899129391,-1.201068401,-1.315962315,1.963516116,0.5623564124,0.3022170663
curobo,85,-0.7645719647,-0.7899129391,-1.201068401,-1.315962315,1.963516116,0.5623564124,0.3022170663
curobo,85,1.672187209,-0.5739482045,1.266738772,-1.299610376,-1.508752942,0.8346302509,1.551770926
curobo,85,1.41456461,-0.9586466551,0.9699121118,-1.330083489,-1.022759199,1.177149653,1.453849316
curobo,85,1.41456461,-0.9586466551,0.9699121118,-1.330083489,-1.022759199,1.177149653,1.453849316
curobo,85,-0.6168892384,-1.012493968,-1.005606294,-1.299297214,1.604490995,0.7705373764,0.2508203685
curobo,85,-0.6168892384,-1.012493968,-1.005606294,-1.299297214,1.604490995,0.7705373764,0.2508203685
curobo,85,-0.03688605502,-1.480448365,-0.3518304825,-1.356983185,0.7706664801,1.335349321,0.4542081356
curobo,85,-0.03688605502,-1.480448365,-0.3518304825,-1.356983185,0.7706664801,1.335349321,0.4542081356
curobo,85,-0.09603744,-1.455052614,-0.4112643301,-1.349473119,0.8394096494,1.2951684,0.4226712883
curobo,85,-0.09603744,-1.455052614,-0.4112643301,-1.349473119,0.8394096494,1.2951684,0.4226712883
curobo,85,-0.09603744,-1.455052614,-0.4112643301,-1.349473119,0.8394096494,1.2951684,0.4226712883
curobo,85,-0.09603744,-1.455052614,-0.4112643301,-1.349473119,0.8394096494,1.2951684,0.4226712883
curobo,85,2.153394938,0.3672725856,1.714724183,-1.40196538,2.89150548,0.303194046,0.7447566986
curobo,85,2.153394938,0.3672725856,1.714724183,-1.40196538,2.89150548,0.303194046,0.7447566986
curobo,85,2.153394938,0.3672725856,1.714724183,-1.40196538,2.89150548,0.303194046,0.7447566986
curobo,85,2.153394938,0.3672725856,1.714724183,-1.40196538,2.89150548,0.303194046,0.7447566986
curobo,85,2.153394938,0.3672725856,1.714724183,-1.40196538,2.89150548,0.303194046,0.7447566986
curobo,85,1.202215552,-1.189941883,0.7608058453,-1.364328384,-0.7025927305,1.372489214,1.316109776
curobo,85,0.1966911852,-0.004520593677,-2.891129017,-1.364135981,-2.437194824,0.3822728992,1.317013979
curobo,85,0.1966911852,-0.004520593677,-2.891129017,-1.364135981,-2.437194824,0.3822728992,1.317013979
curobo,85,-1.432700634,0.5078947544,-1.826725364,-1.299236536,-1.59554255,0.7764048576,1.552875638
curobo,85,-1.432700634,0.5078947544,-1.826725364,-1.299236536,-1.59554255,0.7764048576,1.552875638
curobo,85,-0.105572015,-1.450572014,-0.4209587574,-1.348247528,0.8506417871,1.288366795,0.4177206159
curobo,85,2.154086351,0.3686934412,1.715112805,-1.401772022,2.887628555,0.3035342991,0.7423657179
curobo,85,2.154086351,0.3686934412,1.715112805,-1.401772022,2.887628555,0.3035342991,0.7423657179
curobo,85,2.154086351,0.3686934412,1.715112805,-1.401772022,2.887628555,0.3035342991,0.7423657179
curobo,85,-2.52101469,1.521345496,-2.891195059,-1.408141136,0.03425358608,1.562907338,0.880073607
curobo,85,-2.52101469,1.521345496,-2.891195059,-1.408141136,0.03425358608,1.562907338,0.880073607
curobo,85,-2.52101469,1.521345496,-2.891195059,-1.408141136,0.03425358608,1.562907338,0.880073607
curobo,85,-2.52101469,1.521345496,-2.891195059,-1.408141136,0.03425358608,1.562907338,0.880073607
curobo,85,-2.52101469,1.521345496,-2.891195059,-1.408141136,0.03425358608,1.562907338,0.880073607
curobo,85,-0.9033186436,-0.5360527039,-1.3644979,-1.367162466,2.465769529,0.3748006821,0.5009614825
curobo,85,-0.9033186436,-0.5360527039,-1.3644979,-1.367162466,2.465769529,0.3748006821,0.5009614825
curobo,85,-0.9033186436,-0.5360527039,-1.3644979,-1.367162466,2.465769529,0.3748006821,0.5009614825
curobo,85,-0.9033186436,-0.5360527039,-1.3644979,-1.367162466,2.465769529,0.3748006821,0.5009614825
curobo,85,0.8452393413,-1.438893557,0.4435923994,-1.402744651,-0.2338500768,1.541718006,1.048726201
curobo,86,-1.191660166,-1.554014325,2.557302713,-0.9379392862,-1.923058867,0.6728875041,1.640190721
curobo,86,-2.014334917,-1.662819862,-2.320771933,-0.9504802823,2.094415903,0.610702455,0.7757957578
curobo,86,1.810183287,1.478455544,-0.3089773059,-0.9665520787,-2.271947384,0.5543903708,1.561905622
curobo,86,2.075319767,1.671820283,-0.8871592879,-0.9266628623,-1.581173062,0.8153679967,1.666698337
curobo,86,2.075319767,1.671820283,-0.8871592879,-0.9266628623,-1.581173062,0.8153679967,1.666698337
curobo,86,2.075319767,1.671820283,-0.8871592879,-0.9266628623,-1.581173062,0.8153679967,1.666698337
curobo,86,1.968703985,1.567969084,-0.625498116,-0.9351294637,-1.87464416,0.6916996241,1.646985292
curobo,86,1.968703985,1.567969084,-0.625498116,-0.9351294637,-1.87464416,0.6916996241,1.646985292
curobo,86,1.058845282,1.759274364,1.015607476,-0.9335949421,1.845076084,0.7034356594,0.7332639098
curobo,86,1.058845282,1.759274364,1.015607476,-0.9335949421,1.845076084,0.7034356594,0.7332639098
curobo,86,1.058845282,1.759274364,1.015607357,-0.9335948825,1.845076203,0.7034355402,0.733264029
curobo,86,1.058845282,1.759274364,1.015607357,-0.9335948825,1.845076203,0.7034355402,0.733264029
curobo,86,1.058845282,1.759274364,1.015607357,-0.9335948825,1.845076203,0.7034355402,0.733264029
curobo,86,1.058845282,1.759274364,1.015607357,-0.9335948825,1.845076203,0.7034355402,0.733264029
curobo,86,1.362013221,1.484990954,0.37038517,-1.013908982,2.815735579,0.4428726137,1.03393662
curobo,86,1.362013221,1.484990954,0.37038517,-1.013908982,2.815735579,0.4428726137,1.03393662
curobo,86,1.362013221,1.484990954,0.37038517,-1.013908982,2.815735579,0.4428726137,1.03393662
curobo,86,1.265222669,1.538347363,0.5301174521,-0.9914364219,2.529988766,0.4893434644,0.9109712243
curobo,86,-1.268898368,-1.506672263,2.715667963,-0.952418685,-2.117365599,0.6029345393,1.602869511
curobo,86,1.846185327,1.49370122,-0.3752156198,-0.9582220316,-2.183021307,0.5814961195,1.586665988
curobo,86,1.846185327,1.49370122,-0.3752156198,-0.9582220316,-2.183021307,0.5814961195,1.586665988
curobo,86,1.38229537,1.476570129,0.3396852016,-1.017167687,2.874499559,0.4367907941,1.06151998
curobo,86,1.38229537,1.476570129,0.3396852016,-1.017167687,2.874499559,0.4367907941,1.06151998
curobo,86,1.38229537,1.476570129,0.3396852016,-1.017167687,2.874499559,0.4367907941,1.06151998
curobo,86,1.16961813,1.616909504,0.7206437588,-0.9629577398,2.234128952,0.5656391978,0.8110791445
curobo,86,1.16961813,1.616909504,0.7206437588,-0.9629577398,2.234128952,0.5656391978,0.8110791445
curobo,86,1.16961813,1.616909504,0.7206437588,-0.9629577398,2.234128952,0.5656391978,0.8110791445
curobo,86,1.16961813,1.616909504,0.7206437588,-0.9629577398,2.234128952,0.5656391978,0.8110791445
curobo,86,1.16961813,1.616909504,0.7206437588,-0.9629577398,2.234128952,0.5656391978,0.8110791445
curobo,86,1.16961813,1.616909504,0.7206437588,-0.9629577398,2.234128952,0.5656391978,0.8110791445
curobo,86,1.266661286,1.537380457,0.527540803,-0.9918364286,2.534311771,0.4884352982,0.9126604795
curobo,86,-1.957703352,-1.603185534,-2.452175856,-0.9672942758,2.279678345,0.5521426201,0.8243022561
curobo,86,-1.957703352,-1.603185534,-2.452175856,-0.9672942758,2.279678345,0.5521426201,0.8243022561
curobo,86,-1.957703352,-1.603185534,-2.452175856,-0.9672942758,2.279678345,0.5521426201,0.8243022561
curobo,86,-1.790578961,-1.489935398,-2.754232883,-1.011901855,2.783716202,0.4466906786,1.01917398
curobo,86,1.901285887,1.522449374,-0.4826050699,-0.9465809464,-2.046123028,0.6274955869,1.618412733
curobo,86,1.901285887,1.522449374,-0.4826050699,-0.9465809464,-2.046123028,0.6274955869,1.618412733
curobo,86,1.095225692,1.703794122,0.9057642817,-0.9418613315,1.982513785,0.6505077481,0.7534306049
curobo,86,1.164618969,1.621910572,0.7318605185,-0.9614469409,2.218014479,0.570558846,0.8066008091
curobo,86,-1.011149168,-1.750094295,2.090301037,-0.9292100668,-1.405493736,0.895324707,1.660883188
curobo,86,-1.011149168,-1.750094295,2.090301037,-0.9292100668,-1.405493736,0.895324707,1.660883188
curobo,86,1.067690253,1.744714022,0.9872837663,-0.935413003,1.879814148,0.6896662116,0.7375972867
curobo,86,1.067690253,1.744714022,0.9872837663,-0.935413003,1.879814148,0.6896662116,0.7375972867
curobo,86,1.125643253,1.664741993,0.8248904347,-0.9500246644,2.088927031,0.6125807166,0.7745752335
curobo,86,1.125643253,1.664741993,0.8248904347,-0.9500246644,2.088927031,0.6125807166,0.7745752335
curobo,86,1.125643253,1.664741993,0.8248904347,-0.9500246644,2.088927031,0.6125807166,0.7745752335
curobo,86,1.30493021,1.513678074,0.4614813924,-1.001851559,2.648375511,0.466724813,0.9593016505
curobo,86,-1.005713463,-1.759274364,2.072294474,-0.9298253655,-1.386498809,0.9041375518,1.659464002
curobo,86,-1.136427999,-1.59832406,2.432438612,-0.9306704998,-1.778476834,0.7305186391,1.657504678
curobo,86,-1.136427999,-1.59832406,2.432438612,-0.9306704998,-1.778476834,0.7305186391,1.657504678
curobo,87,2.838927507,-0.8447923064,-0.5525271893,-0.6374270916,0.1303617805,1.209748507,1.687463522
curobo,87,-0.1659923792,0.682130456,2.39978075,-0.2958107889,0.2242798954,1.053854942,1.695453882
curobo,87,-0.3027534485,0.8447511196,2.58893013,-0.6374248862,0.1305442601,1.209739923,1.687407732
curobo,87,-0.3027534485,0.8447511196,2.58893013,-0.6374248862,0.1305442601,1.209739923,1.687407732
curobo,87,-0.3027534485,0.8447511196,2.58893013,-0.6374248862,0.1305442601,1.209739923,1.687407732
curobo,87,-0.3027534485,0.8447511196,2.58893013,-0.6374248862,0.1305442601,1.209739923,1.687407732
curobo,87,-0.3027534485,0.8447511196,2.58893013,-0.6374248862,0.1305442601,1.209739923,1.687407732
curobo,87,-0.3027534485,0.8447511196,2.58893013,-0.6374248862,0.1305442601,1.209739923,1.687407732
curobo,87,-0.1229493767,0.9048966765,2.852544308,-0.6332380772,-0.2252155989,1.20243144,1.796486378
curobo,87,-0.1229493767,0.9048966765,2.852544308,-0.6332380772,-0.2252155989,1.20243144,1.796486378
curobo,87,-0.1229493767,0.9048966765,2.852544308,-0.6332380772,-0.2252155989,1.20243144,1.796486378
curobo,87,-0.1229493767,0.9048966765,2.852544308,-0.6332380772,-0.2252155989,1.20243144,1.796486378
curobo,87,-0.1229493767,0.9048966765,2.852544308,-0.6332380772,-0.2252155989,1.20243144,1.796486378
curobo,87,-0.1762486547,0.8926381469,2.776655674,-0.6376746893,-0.1226461828,1.210177779,1.765621662
curobo,87,-0.1762486547,0.8926381469,2.776655674,-0.6376746893,-0.1226461828,1.210177779,1.765621662
curobo,87,0.193610996,0.2417755723,-0.3039710522,-0.5950005054,2.510540247,0.6956415176,1.555800557
curobo,87,2.851913691,-0.8510411978,-0.5322659016,-0.6382308006,0.1032254919,1.211142898,1.695775151
curobo,87,2.881946802,-0.8642498255,-0.4865459502,-0.6393585205,0.04174629971,1.213109136,1.714762807
curobo,87,2.870673895,-0.8594888449,-0.5035415888,-0.6390497684,0.06463431567,1.212570906,1.707674623
curobo,87,-0.1566857398,0.8976512551,2.804567337,-0.6363349557,-0.1604039073,1.207840204,1.777111292
curobo,87,-0.1566857398,0.8976512551,2.804567337,-0.6363349557,-0.1604039073,1.207840204,1.777111292
curobo,87,-0.1566857398,0.8976512551,2.804567337,-0.6363349557,-0.1604039073,1.207840204,1.777111292
curobo,87,2.796506882,-0.8219563365,-0.6214134097,-0.6334163547,0.2219669968,1.202743649,1.659915328
curobo,87,0.3360983431,0.5059363246,-1.240067959,-0.2978094518,-2.78963542,0.7961750627,1.778091192
curobo,87,0.3360983431,0.5059363246,-1.240067959,-0.2978094518,-2.78963542,0.7961750627,1.778091192
curobo,87,-0.3171915412,0.8374032378,2.565984726,-0.6363001466,0.1611774266,1.207784295,1.678097844
curobo,87,-0.3171915412,0.8374032378,2.565984726,-0.6363001466,0.1611774266,1.207784295,1.678097844
curobo,87,-0.3171915412,0.8374032378,2.565984726,-0.6363001466,0.1611774266,1.207784295,1.678097844
curobo,87,-0.3171915412,0.8374032378,2.565984726,-0.6363001466,0.1611774266,1.207784295,1.678097844
curobo,87,-0.3171915412,0.8374032378,2.565984726,-0.6363001466,0.1611774266,1.207784295,1.678097844
curobo,87,-0.2149027735,0.6534627676,2.206809998,-0.2997370958,0.4423913956,1.045212746,1.664747715
curobo,87,-0.2149027735,0.6534627676,2.206809998,-0.2997370958,0.4423913956,1.045212746,1.664747715
curobo,87,-0.2149027735,0.6534627676,2.206809998,-0.2997370958,0.4423913956,1.045212746,1.664747715
curobo,87,-0.3870856166,0.7951863408,2.44628644,-0.6270701885,0.318744719,1.191658497,1.632045865
curobo,87,-0.3870856166,0.7951863408,2.44628644,-0.6270701885,0.318744719,1.191658497,1.632045865
curobo,87,0.06984139234,0.401994586,-0.138266474,-0.3044479191,2.528978586,0.8084689975,1.641748548
curobo,87,0.06984139234,0.401994586,-0.138266474,-0.3044479191,2.528978586,0.8084689975,1.641748548
curobo,87,2.865875006,-0.8573906422,-0.5108344555,-0.6388765574,0.07444387674,1.212269664,1.704642773
curobo,87,-0.09708032757,0.7122886777,2.645750046,-0.2945145071,-0.05722092837,1.056637049,1.735980868
curobo,87,-0.09708032757,0.7122886777,2.645750046,-0.2945145071,-0.05722092837,1.056637049,1.735980868
curobo,87,2.794193506,-0.8205948472,-0.6253166795,-0.6331294775,0.2271208316,1.202245235,1.658395171
curobo,87,2.794193506,-0.8205948472,-0.6253166795,-0.6331294775,0.2271208316,1.202245235,1.658395171
curobo,87,2.794193506,-0.8205948472,-0.6253166795,-0.6331294775,0.2271208316,1.202245235,1.658395171
curobo,87,2.794193506,-0.8205948472,-0.6253166795,-0.6331294775,0.2271208316,1.202245235,1.658395171
curobo,87,-0.2417398691,0.8713422418,2.681696415,-0.6395748258,0.005792555865,1.21348691,1.725922465
curobo,87,0.08080068976,0.4033801258,-0.1727049798,-0.3036086261,2.556024551,0.8068677187,1.645325899
curobo,87,0.08080068976,0.4033801258,-0.1727049798,-0.3036086261,2.556024551,0.8068677187,1.645325899
curobo,87,-0.1243141666,0.9046356082,2.850602865,-0.6333791018,-0.2225963771,1.202682137,1.795713186
curobo,87,-0.1950073242,0.8872619271,2.749753952,-0.6386379004,-0.08623903245,1.211851954,1.75443995
curobo,87,-0.1195082515,0.9055332541,2.857434511,-0.6328606009,-0.2318137288,1.201781392,1.798428655
curobo,88,0.2755538225,0.3146608472,-0.08731361479,-0.08225656301,0.8375482559,1.241202116,2.264519215
curobo,88,0.2755538225,0.3146608472,-0.08731361479,-0.08225656301,0.8375482559,1.241202116,2.264519215
curobo,88,2.541115522,-0.6241314411,-0.6870427132,-0.8044173121,-0.8537119031,1.44973886,2.547422409
curobo,88,2.541115522,-0.6241314411,-0.6870427132,-0.8044173121,-0.8537119031,1.44973886,2.547422409
curobo,88,2.541115522,-0.6241314411,-0.6870427132,-0.8044173121,-0.8537119031,1.44973886,2.547422409
curobo,88,2.541115522,-0.6241314411,-0.6870427132,-0.8044173121,-0.8537119031,1.44973886,2.547422409
curobo,88,-1.489248037,-0.3655061126,0.8945706487,-0.7697923183,1.574290872,1.194140553,1.960420728
curobo,88,-1.489248037,-0.3655061126,0.8945706487,-0.7697923183,1.574290872,1.194140553,1.960420728
curobo,88,1.61448884,-0.2300762385,-0.8576750755,-0.8479011655,0.2258375585,1.590772629,2.211372375
curobo,88,1.61448884,-0.2300762385,-0.8576750755,-0.8479011655,0.2258375585,1.590772629,2.211372375
curobo,88,2.29119277,-0.5091670156,-0.8238275051,-0.8330593705,-0.4934097528,1.547441363,2.45592618
curobo,88,2.311130285,-0.5187492967,-0.8151941895,-0.8310918212,-0.5208240747,1.541410327,2.464015961
curobo,88,2.311130285,-0.5187492967,-0.8151941895,-0.8310918212,-0.5208240747,1.541410327,2.464015961
curobo,88,2.311130285,-0.5187492967,-0.8151941895,-0.8310918212,-0.5208240747,1.541410327,2.464015961
curobo,88,-1.452768803,0.2519238889,2.26272583,-0.8497322202,0.1705935895,1.595885158,2.230426073
curobo,88,-1.452768803,0.2519238889,2.26272583,-0.8497322202,0.1705935895,1.595885158,2.230426073
curobo,88,1.297999978,-0.1637125015,-0.7127675414,-0.8389992118,0.4037115872,1.565217257,2.152651787
curobo,88,1.297999978,-0.1637125015,-0.7127675414,-0.8389992118,0.4037115872,1.565217257,2.152651787
curobo,88,1.297999978,-0.1637125015,-0.7127675414,-0.8389992118,0.4037115872,1.565217257,2.152651787
curobo,88,0.3937211335,0.3551924229,-1.538853645,-0.08236209303,2.176802158,1.195085883,2.261720419
curobo,88,0.6629981399,-0.1103110984,-0.2717752159,-0.8248978257,0.6025627851,1.521888971,2.093898535
curobo,88,2.881323338,-0.7465119958,-0.4159781933,-0.7722315192,-1.39352119,1.260296941,2.616196156
curobo,88,2.881323338,-0.7465119958,-0.4159781933,-0.7722315192,-1.39352119,1.260296941,2.616196156
curobo,88,2.881323338,-0.7465119958,-0.4159781933,-0.7722315192,-1.39352119,1.260296941,2.616196156
curobo,88,2.881323338,-0.7465119958,-0.4159781933,-0.7722315192,-1.39352119,1.260296941,2.616196156
curobo,88,-1.085171103,-0.2213355005,0.9138897061,-0.7823083401,1.161434889,1.344773054,1.984051585
curobo,88,2.62933588,0.1304984242,-2.513481617,-0.8023685813,0.8790800571,1.44162643,2.028474331
curobo,88,1.237080216,-0.1549874246,-0.6769063473,-0.8373736739,0.4295617044,1.560412049,2.144547224
curobo,88,0.9271480441,-0.1241646707,-0.4693678617,-0.8300737143,0.5346984267,1.538256764,2.112972975
curobo,88,0.9271480441,-0.1241646707,-0.4693678617,-0.8300737143,0.5346984267,1.538256764,2.112972975
curobo,88,-0.8136295676,0.5268095732,2.33400631,-0.8293699026,-0.5441664457,1.536066055,2.470772743
curobo,88,-0.8136295676,0.5268095732,2.33400631,-0.8293699026,-0.5441664457,1.536066055,2.470772743
curobo,88,2.741179228,0.122151196,-2.590986252,-0.8051283956,0.8449559808,1.452509165,2.035408974
curobo,88,2.741179228,0.122151196,-2.590986252,-0.8051283956,0.8449559808,1.452509165,2.035408974
curobo,88,2.741179228,0.122151196,-2.590986252,-0.8051283956,0.8449559808,1.452509165,2.035408974
curobo,88,2.741179228,0.122151196,-2.590986252,-0.8051283956,0.8449559808,1.452509165,2.035408974
curobo,88,-1.878036261,-0.5533736348,0.6872175932,-0.7954401374,2.173990726,0.9909374714,2.01205039
curobo,88,-1.878036261,-0.5533736348,0.6872175932,-0.7954401374,2.173990726,0.9909374714,2.01205039
curobo,88,-1.878036261,-0.5533736348,0.6872175932,-0.7954401374,2.173990726,0.9909374714,2.01205039
curobo,88,-1.898027301,0.1558653116,2.460772276,-0.8375424743,0.4269114435,1.560916185,2.145372391
curobo,88,0.2942580283,0.4054387212,-2.8191998,-0.08193483949,-2.716910839,1.182668209,2.304865122
curobo,88,0.2942580283,0.4054387212,-2.8191998,-0.08193483949,-2.716910839,1.182668209,2.304865122
curobo,88,0.2942580283,0.4054387212,-2.8191998,-0.08193483949,-2.716910839,1.182668209,2.304865122
curobo,88,1.837709188,-0.3036980331,-0.903423667,-0.8520612717,0.04155733064,1.60232842,2.275779724
curobo,88,1.837709188,-0.3036980331,-0.903423667,-0.8520612717,0.04155733064,1.60232842,2.275779724
curobo,88,1.837709188,-0.3036980331,-0.903423667,-0.8520612717,0.04155733064,1.60232842,2.275779724
curobo,88,1.837709188,-0.3036980331,-0.903423667,-0.8520612717,0.04155733064,1.60232842,2.275779724
curobo,88,0.2441473454,-0.1030369699,0.05720270798,-0.8175882101,0.6935587525,1.49767375,2.07010293
curobo,88,0.2441473454,-0.1030369699,0.05720270798,-0.8175882101,0.6935587525,1.49767375,2.07010293
curobo,88,0.2441473454,-0.1030369699,0.05720270798,-0.8175882101,0.6935587525,1.49767375,2.07010293
curobo,89,-2.302616596,-1.489069462,-0.8285672665,-2.426081657,-0.7076939344,0.42749089,-2.164124489
curobo,89,-2.302616596,-1.489069462,-0.8285672665,-2.426081657,-0.7076939344,0.42749089,-2.164124489
curobo,89,-2.029232264,-1.759274364,-0.8340810537,-2.341211319,-0.4156810045,0.2257449478,-1.565366149
curobo,89,-2.029232264,-1.759274364,-0.8340810537,-2.341211319,-0.4156810045,0.2257449478,-1.565366149
curobo,89,-2.029232264,-1.759274364,-0.8340810537,-2.341211319,-0.4156810045,0.2257449478,-1.565366149
curobo,89,-1.682312846,1.120968461,-2.384985685,-2.671388626,-0.09548993409,1.607254863,2.359831572
curobo,89,1.112360477,1.759274364,2.307511568,-2.341211319,-0.4156809449,0.2257449627,-1.56536603
curobo,89,-2.029232264,-1.759274364,-0.8340810537,-2.341211319,-0.4156807959,0.2257449031,-1.565365911
curobo,89,0.9281920195,-1.759274364,0.9741460681,-2.645291805,0.4068108201,1.480406165,1.713202596
curobo,89,0.9281920195,-1.759274364,0.9741460681,-2.645291805,0.4068108201,1.480406165,1.713202596
curobo,89,0.9281920195,-1.759274364,0.9741460681,-2.645291805,0.4068108201,1.480406165,1.713202596
curobo,89,0.9281919599,-1.759274602,0.9741462469,-2.645291805,0.4068110287,1.480406046,1.713202477
curobo,89,0.9281919599,-1.759274602,0.9741462469,-2.645291805,0.4068110287,1.480406046,1.713202477
curobo,89,0.9281919599,-1.759274602,0.9741462469,-2.645291805,0.4068110287,1.480406046,1.713202477
curobo,89,0.9281919599,-1.759274364,0.9741459489,-2.645291805,0.4068106711,1.480406165,1.713202477
curobo,89,0.9281919599,-1.759274364,0.9741459489,-2.645291805,0.4068106711,1.480406165,1.713202477
curobo,89,2.223001003,-0.7779117823,0.1857412457,-2.631628513,-0.490598619,1.410333037,2.89150548
curobo,89,2.223001003,-0.7779117823,0.1857412457,-2.631628513,-0.490598619,1.410333037,2.89150548
curobo,89,0.1410676539,0.9395151138,2.556353807,-2.550373316,-0.7480171919,0.9686327577,-2.857204914
curobo,89,1.112360477,1.759274364,2.307511568,-2.341211319,-0.4156807065,0.2257448882,-1.565365791
curobo,89,1.112360477,1.759274364,2.307511568,-2.341211319,-0.4156807065,0.2257448882,-1.565365791
curobo,89,1.112360477,1.759274364,2.307511568,-2.341211319,-0.4156807065,0.2257448882,-1.565365791
curobo,89,1.112360477,1.759274364,2.307511568,-2.341211319,-0.4156807065,0.2257448882,-1.565365791
curobo,89,1.112360477,1.759274364,2.307511568,-2.341211319,-0.4156807065,0.2257448882,-1.565365791
curobo,89,-2.89150548,-0.9992489815,-0.6464398503,-2.537516594,-0.7650678754,0.9002032876,-2.784548759
curobo,89,-2.89150548,-0.9992489815,-0.6464398503,-2.537516594,-0.7650678754,0.9002032876,-2.784548759
curobo,89,-2.89150548,-0.9992489815,-0.6464398503,-2.537516594,-0.7650678754,0.9002032876,-2.784548759
curobo,89,-2.89150548,-0.9992489815,-0.6464398503,-2.537516594,-0.7650678754,0.9002032876,-2.784548759
curobo,89,-2.874872208,-1.009274721,-0.6551909447,-2.535409451,-0.7673553228,0.8891633749,-2.772763968
curobo,89,-2.874872208,-1.009274721,-0.6551909447,-2.535409451,-0.7673553228,0.8891633749,-2.772763968
curobo,89,-2.874872208,-1.009274721,-0.6551909447,-2.535409451,-0.7673553228,0.8891633749,-2.772763968
curobo,89,-2.874872208,-1.009274721,-0.6551909447,-2.535409451,-0.7673553228,0.8891633749,-2.772763968
curobo,89,-2.874872208,-1.009274721,-0.6551909447,-2.535409451,-0.7673553228,0.8891633749,-2.772763968
curobo,89,0.9281920195,-1.759274364,0.9741461873,-2.645291805,0.4068108499,1.480406284,1.713202596
curobo,89,0.9281920195,-1.759274364,0.9741461873,-2.645291805,0.4068108499,1.480406284,1.713202596
curobo,89,0.9281919003,-1.759274364,0.9741460681,-2.645291805,0.4068107903,1.480406284,1.713202477
curobo,89,-2.029232264,-1.759274364,-0.8340811133,-2.341211319,-0.4156805575,0.2257448882,-1.565365672
curobo,89,-2.029232264,-1.759274364,-0.8340811133,-2.341211319,-0.4156805575,0.2257448882,-1.565365672
curobo,89,-1.873943925,1.312454104,-2.26987195,-2.671952009,0.07467720658,1.609882951,2.147693157
curobo,89,-1.873943925,1.312454104,-2.26987195,-2.671952009,0.07467720658,1.609882951,2.147693157
curobo,89,-1.873943925,1.312454104,-2.26987195,-2.671952009,0.07467720658,1.609882951,2.147693157
curobo,89,-1.873943925,1.312454104,-2.26987195,-2.671952009,0.07467720658,1.609882951,2.147693157
curobo,89,0.9575222135,-1.718498468,0.9726935029,-2.648909092,0.3804916441,1.498561144,1.750149369
curobo,89,0.9575222135,-1.718498468,0.9726935029,-2.648909092,0.3804916441,1.498561144,1.750149369
curobo,89,-2.030903578,-1.757637858,-0.8340528011,-2.341729879,-0.4185136557,0.2266669422,-1.57022047
curobo,89,-2.030903578,-1.757637858,-0.8340528011,-2.341729879,-0.4185136557,0.2266669422,-1.57022047
curobo,89,-2.030903578,-1.757637858,-0.8340528011,-2.341729879,-0.4185136557,0.2266669422,-1.57022047
curobo,89,-2.030903578,-1.757637858,-0.8340528011,-2.341729879,-0.4185136557,0.2266669422,-1.57022047
curobo,89,2.025720596,-0.8193260431,0.3397724628,-2.643502235,-0.4190753996,1.471360683,2.78576088
curobo,89,0.9281918406,-1.759274364,0.9741461277,-2.645291805,0.4068109095,1.480406284,1.713202477
curobo,90,1.606449485,-1.729993701,-1.421880007,-2.169527769,-0.05153685436,1.861680984,-2.583972216
curobo,90,1.611110449,-1.759274364,-1.414464593,-2.169121981,-0.07889259607,1.859917641,-2.560919046
curobo,90,1.611110449,-1.759274364,-1.414464593,-2.169121981,-0.07889259607,1.859917641,-2.560919046
curobo,90,-1.571876764,1.376345515,1.638480544,-2.16140008,0.2732592523,1.825594306,-2.857439995
curobo,90,2.584833622,-0.2080183774,-2.891247272,-2.046608686,1.146151543,1.072680712,2.744847775
curobo,90,2.584833622,-0.2080183774,-2.891247272,-2.046608686,1.146151543,1.072680712,2.744847775
curobo,90,2.584833622,-0.2080183774,-2.891247272,-2.046608686,1.146151543,1.072680712,2.744847775
curobo,90,1.722552061,-0.4862144589,-1.90772593,-2.081181526,0.9330081344,1.362444639,2.89150548
curobo,90,-2.41939187,-0.4672882259,1.949757934,-2.015742779,1.386267066,0.6983065605,2.626895905
curobo,90,0.8710119128,1.144849777,-1.638793468,-2.043519974,1.975341797,0.1088734046,2.73258853
curobo,90,0.8710119128,1.144849777,-1.638793468,-2.043519974,1.975341797,0.1088734046,2.73258853
curobo,90,0.8710119128,1.144849777,-1.638793468,-2.043519974,1.975341797,0.1088734046,2.73258853
curobo,90,0.8710119128,1.144849777,-1.638793468,-2.043519974,1.975341797,0.1088734046,2.73258853
curobo,90,1.722551942,-0.4862146974,-1.907725811,-2.081181526,0.9330078959,1.362444639,2.89150548
curobo,90,-2.276383877,-1.499603868,1.606928706,-2.116735935,-2.438970566,-0.01372999977,-2.042356491
curobo,90,-2.276383877,-1.499603868,1.606928706,-2.116735935,-2.438970566,-0.01372999977,-2.042356491
curobo,90,-2.276383877,-1.499603868,1.606928706,-2.116735935,-2.438970566,-0.01372999977,-2.042356491
curobo,90,-0.8998677731,0.2424288541,0.6210560799,-2.05365777,1.101445913,1.138639927,2.77327013
curobo,90,-2.293032646,-1.759274364,1.532068729,-2.023597956,-1.83019352,0.1907622963,-1.627671003
curobo,90,-2.293032646,-1.759274364,1.532068729,-2.023597956,-1.83019352,0.1907622963,-1.627671003
curobo,90,-2.293032646,-1.759274364,1.532068729,-2.023597956,-1.83019352,0.1907622963,-1.627671003
curobo,90,-2.293032646,-1.759274364,1.532068729,-2.023597956,-1.83019352,0.1907622963,-1.627671003
curobo,90,1.567337155,-1.330091596,-1.513899684,-2.158735991,0.3138681352,1.813415527,-2.89150548
curobo,90,1.567337155,-1.330091596,-1.513899684,-2.158735991,0.3138681352,1.813415527,-2.89150548
curobo,90,1.567337155,-1.330091596,-1.513899684,-2.158735991,0.3138681352,1.813415527,-2.89150548
curobo,90,1.764003873,-0.4404804111,-1.964102626,-2.07644105,0.9619505405,1.327089548,2.870177746
curobo,90,1.764003873,-0.4404804111,-1.964102626,-2.07644105,0.9619505405,1.327089548,2.870177746
curobo,90,1.764003873,-0.4404804111,-1.964102626,-2.07644105,0.9619505405,1.327089548,2.870177746
curobo,90,0.8717045784,1.045451641,-1.596983075,-2.023442745,1.828876495,0.1916622221,2.655454159
curobo,90,0.8717045784,1.045451641,-1.596983075,-2.023442745,1.828876495,0.1916622221,2.655454159
curobo,90,0.8717045784,1.045451641,-1.596983075,-2.023442745,1.828876495,0.1916622221,2.655454159
curobo,90,0.8606140018,1.552152157,-1.535179138,-2.08527112,-2.233709097,0.02323585935,-1.881924152
curobo,90,0.8581460118,1.590388894,-1.543291092,-2.067439079,-2.124889612,0.05232744291,-1.80249989
curobo,90,0.8581460118,1.590388894,-1.543291092,-2.067439079,-2.124889612,0.05232744291,-1.80249989
curobo,90,-1.574255586,1.330091596,1.627692938,-2.158735991,0.313868165,1.813415289,-2.89150548
curobo,90,1.572162151,-1.415525436,-1.494162798,-2.163402081,0.2383946925,1.834631085,-2.828156233
curobo,90,0.8522814512,1.699806809,-1.582895041,-2.034195662,-1.911766768,0.1408031732,-1.6678828
curobo,90,0.8522814512,1.699806809,-1.582895041,-2.034195662,-1.911766768,0.1408031732,-1.6678828
curobo,90,0.8522814512,1.699806809,-1.582895041,-2.034195662,-1.911766768,0.1408031732,-1.6678828
curobo,90,0.8522814512,1.699806809,-1.582895041,-2.034195662,-1.911766768,0.1408031732,-1.6678828
curobo,90,-2.291791916,-1.740891695,1.540544152,-2.026460648,-1.85369575,0.1752222776,-1.638427138
curobo,90,-1.407719016,0.4725399613,1.218137026,-2.079768419,0.9416518807,1.352027535,2.885099649
curobo,90,-1.407719016,0.4725399613,1.218137026,-2.079768419,0.9416518807,1.352027535,2.885099649
curobo,90,-2.429763317,-0.4555971622,1.965050578,-2.01638341,1.379306316,0.7090444565,2.629251719
curobo,90,1.742408156,-0.4628616571,-1.935136795,-2.078766346,0.9477726221,1.344577909,2.880582094
curobo,90,-2.291404486,-1.7348634,1.543279648,-2.027474642,-1.861710548,0.1701434553,-1.642255902
curobo,90,0.8703932166,1.19244051,-1.655338049,-2.058442354,2.069840908,0.07054811716,2.792942762
curobo,90,0.8703932166,1.19244051,-1.655338049,-2.058442354,2.069840908,0.07054811716,2.792942762
curobo,90,0.8703932166,1.19244051,-1.655338049,-2.058442354,2.069840908,0.07054811716,2.792942762
curobo,90,0.8537690639,1.672488689,-1.571570039,-2.040544271,-1.955588937,0.118206203,-1.692519426
curobo,91,-2.891415119,-0.2792435586,0.3403932154,-1.710687637,0.9852520227,1.982301116,-2.572004318
curobo,91,-2.891415119,-0.2792435586,0.3403932154,-1.710687637,0.9852520227,1.982301116,-2.572004318
curobo,91,-2.891415119,-0.2792435586,0.3403932154,-1.710687637,0.9852520227,1.982301116,-2.572004318
curobo,91,-2.891415119,-0.2792435586,0.3403932154,-1.710687637,0.9852520227,1.982301116,-2.572004318
curobo,91,1.538107753,-1.351385593,0.6475753188,-1.750751972,2.567869902,0.8024445772,-2.374089003
curobo,91,1.581474185,-1.317017794,0.668915987,-1.743839622,2.491634846,0.8302595019,-2.415300369
curobo,91,1.581474185,-1.317017794,0.668915987,-1.743839622,2.491634846,0.8302595019,-2.415300369
curobo,91,0.7426512241,-1.721629977,0.1763597131,-1.730704308,-2.356930971,0.8893933892,-1.578219056
curobo,91,0.3661335111,0.2703719735,-2.890635967,-1.714100838,0.9502635002,2.005723476,-2.557939291
curobo,91,-0.633274436,-1.075833321,-0.9218667746,-1.733664036,-0.7550067306,2.119184971,-1.592720866
curobo,91,-0.4353290796,-1.283920407,-0.8125149608,-1.703608036,-1.060658932,1.928723454,-1.461742163
curobo,91,-1.808102489,-0.3160332143,-0.5064256191,-1.745602489,0.6310106516,2.176108122,-2.405212164
curobo,91,-1.808102489,-0.3160332143,-0.5064256191,-1.745602489,0.6310106516,2.176108122,-2.405212164
curobo,91,-1.808102489,-0.3160332143,-0.5064256191,-1.745602489,0.6310106516,2.176108122,-2.405212164
curobo,91,-1.808102489,-0.3160332143,-0.5064256191,-1.745602489,0.6310106516,2.176108122,-2.405212164
curobo,91,-1.808102489,-0.3160332143,-0.5064256191,-1.745602489,0.6310106516,2.176108122,-2.405212164
curobo,91,-1.808102489,-0.3160332143,-0.5064256191,-1.745602489,0.6310106516,2.176108122,-2.405212164
curobo,91,-0.8470407724,-0.8421806693,-0.9683067799,-1.765807033,-0.3757874072,2.258325577,-1.801230669
curobo,91,-0.8470407724,-0.8421806693,-0.9683067799,-1.765807033,-0.3757874072,2.258325577,-1.801230669
curobo,91,-0.8470407724,-0.8421806693,-0.9683067799,-1.765807033,-0.3757874072,2.258325577,-1.801230669
curobo,91,-0.8470407724,-0.8421806693,-0.9683067799,-1.765807033,-0.3757874072,2.258325577,-1.801230669
curobo,91,-0.8470407724,-0.8421806693,-0.9683067799,-1.765807033,-0.3757874072,2.258325577,-1.801230669
curobo,91,-0.8470407724,-0.8421806693,-0.9683067799,-1.765807033,-0.3757874072,2.258325577,-1.801230669
curobo,91,-0.8470407724,-0.8421806693,-0.9683067799,-1.765807033,-0.3757874072,2.258325577,-1.801230669
curobo,91,0.6656181812,-1.730865002,0.1153032035,-1.721126437,-2.261814356,0.9391658902,-1.534072757
curobo,91,0.6656181812,-1.730865002,0.1153032035,-1.721126437,-2.261814356,0.9391658902,-1.534072757
curobo,91,-1.344296098,-0.4603476822,-0.8120468855,-1.768629074,0.3285349309,2.268683672,-2.232503176
curobo,91,-1.344296098,-0.4603476822,-0.8120468855,-1.768629074,0.3285349309,2.268683672,-2.232503176
curobo,91,-2.301404953,1.703305721,-2.89150548,-1.743397951,-2.486931324,0.8321066499,-1.644085646
curobo,91,-2.301404953,1.703305721,-2.89150548,-1.743397951,-2.486931324,0.8321066499,-1.644085646
curobo,91,-2.301404953,1.703305721,-2.89150548,-1.743397951,-2.486931324,0.8321066499,-1.644085646
curobo,91,-0.07008027285,-1.567687631,-0.5229665041,-1.678030968,-1.498799682,1.55159843,-1.369464517
curobo,91,-2.301336527,1.703290343,-2.891455412,-1.743406892,-2.487026691,0.8320690989,-1.644135952
curobo,91,-2.301336527,1.703290343,-2.891455412,-1.743406892,-2.487026691,0.8320690989,-1.644135952
curobo,91,-2.301336527,1.703290343,-2.891455412,-1.743406892,-2.487026691,0.8320690989,-1.644135952
curobo,91,-2.301336527,1.703290343,-2.891455412,-1.743406892,-2.487026691,0.8320690989,-1.644135952
curobo,91,2.43171525,0.9908776283,2.193475485,-1.746371865,-0.6226411462,2.179537296,-1.661151528
curobo,91,2.43171525,0.9908776283,2.193475485,-1.746371865,-0.6226411462,2.179537296,-1.661151528
curobo,91,2.43171525,0.9908776283,2.193475485,-1.746371865,-0.6226411462,2.179537296,-1.661151528
curobo,91,-0.8388440013,-0.8507652283,-0.9680733085,-1.764856339,-0.390579164,2.254781246,-1.792491913
curobo,91,-0.8388440013,-0.8507652283,-0.9680733085,-1.764856339,-0.390579164,2.254781246,-1.792491913
curobo,91,-0.8388440013,-0.8507652283,-0.9680733085,-1.764856339,-0.390579164,2.254781246,-1.792491913
curobo,91,-0.8388440013,-0.8507652283,-0.9680733085,-1.764856339,-0.390579164,2.254781246,-1.792491913
curobo,91,0.1210970357,0.2933437526,-2.704200506,-1.706778169,1.026312113,1.953644633,-2.587702036
curobo,91,-0.7971760035,-0.8951374888,-0.9649983048,-1.759543419,-0.465993166,2.234431505,-1.748532653
curobo,91,-1.128602743,-0.5898600817,-0.9132342339,-1.777496815,0.08219243586,2.299727917,-2.081919909
curobo,91,-1.128602743,-0.5898600817,-0.9132342339,-1.777496815,0.08219243586,2.299727917,-2.081919909
curobo,91,-0.7971760035,-0.8951374888,-0.9649983048,-1.759543419,-0.465993166,2.234431505,-1.748532653
curobo,91,2.331525803,0.8812890649,2.175302744,-1.761268377,-0.4426465631,2.241142511,-1.762028813
curobo,91,2.331525803,0.8812890649,2.175302744,-1.761268377,-0.4426465631,2.241142511,-1.762028813
curobo,92,-2.467711449,-1.550057411,-1.942611456,-1.357389927,0.7073891163,2.652621508,-1.927715421
curobo,92,-2.467711449,-1.550057411,-1.942611456,-1.357389927,0.7073891163,2.652621508,-1.927715421
curobo,92,-2.467711449,-1.550057411,-1.942611456,-1.357389927,0.7073891163,2.652621508,-1.927715421
curobo,92,1.884967208,1.247890472,-0.7604286671,-1.364886999,2.510652781,1.634379268,-1.891005039
curobo,92,1.884967208,1.247890472,-0.7604286671,-1.364886999,2.510652781,1.634379268,-1.891005039
curobo,92,1.884967208,1.247890472,-0.7604286671,-1.364886999,2.510652781,1.634379268,-1.891005039
curobo,92,0.8137241602,1.324586987,0.9036477804,-1.313232183,1.172165155,2.466390848,-2.096343756
curobo,92,1.705936313,1.133746982,-0.4882142246,-1.341878891,2.281605005,1.753550172,-1.994280934
curobo,92,0.6390869617,1.639389753,1.284615278,-1.376199007,0.5057961941,2.701911211,-1.826850533
curobo,92,0.6390869617,1.639389753,1.284615278,-1.376199007,0.5057961941,2.701911211,-1.826850533
curobo,92,0.6127972007,1.72895956,1.358302355,-1.391188622,0.2913927138,2.735261679,-1.707920432
curobo,92,0.7252357602,1.449414134,1.083617568,-1.335791349,0.920386374,2.580182791,-2.017845869
curobo,92,0.7252357602,1.449414134,1.083617568,-1.335791349,0.920386374,2.580182791,-2.017845869
curobo,92,0.6057289839,1.759274125,1.381241679,-1.394729972,0.2166223079,2.742537737,-1.664561749
curobo,92,0.6057289839,1.759274125,1.381241679,-1.394729972,0.2166223079,2.742537737,-1.664561749
curobo,92,0.6057289839,1.759274125,1.381241679,-1.394729972,0.2166223079,2.742537737,-1.664561749
curobo,92,0.6057289839,1.759274125,1.381241679,-1.394729972,0.2166223079,2.742537737,-1.664561749
curobo,92,0.6057286263,1.759274364,1.381241798,-1.39473033,0.2166215777,2.742537737,-1.664561272
curobo,92,0.6057286263,1.759274364,1.381241798,-1.39473033,0.2166215777,2.742537737,-1.664561272
curobo,92,0.6057286263,1.759274364,1.381241798,-1.39473033,0.2166215777,2.742537737,-1.664561272
curobo,92,0.9913529158,1.172948837,0.587048769,-1.297861338,1.494380355,2.279150009,-2.143821001
curobo,92,1.803272009,1.186793804,-0.6340631247,-1.353846312,2.399003029,1.688720584,-1.943903446
curobo,92,1.803272009,1.186793804,-0.6340631247,-1.353846312,2.399003029,1.688720584,-1.943903446
curobo,92,1.803272009,1.186793804,-0.6340631247,-1.353846312,2.399003029,1.688720584,-1.943903446
curobo,92,0.9283733964,1.2159096,0.6942185163,-1.300441861,1.39664948,2.340297461,-2.136127234
curobo,92,0.6057286263,1.759274364,1.381241798,-1.39473033,0.2166217715,2.742537737,-1.664561629
curobo,92,0.6057286263,1.759274364,1.381241798,-1.39473033,0.2166217715,2.742537737,-1.664561629
curobo,92,0.6057286263,1.759274364,1.381241798,-1.39473033,0.2166217715,2.742537737,-1.664561629
curobo,92,1.823598981,1.200409055,-0.6650822163,-1.356512189,2.425440073,1.675174117,-1.931789398
curobo,92,1.823598981,1.200409055,-0.6650822163,-1.356512189,2.425440073,1.675174117,-1.931789398
curobo,92,1.823598981,1.200409055,-0.6650822163,-1.356512189,2.425440073,1.675174117,-1.931789398
curobo,92,1.823598981,1.200409055,-0.6650822163,-1.356512189,2.425440073,1.675174117,-1.931789398
curobo,92,1.823598981,1.200409055,-0.6650822163,-1.356512189,2.425440073,1.675174117,-1.931789398
curobo,92,1.187633872,1.090352058,0.2752941549,-1.300289631,1.740722775,2.11339736,-2.136582136
curobo,92,1.187633872,1.090352058,0.2752941549,-1.300289631,1.740722775,2.11339736,-2.136582136
curobo,92,1.187633872,1.090352058,0.2752941549,-1.300289631,1.740722775,2.11339736,-2.136582136
curobo,92,2.048551321,1.441463232,-1.038003325,-1.388422251,2.802235603,1.53125751,-1.735307813
curobo,92,0.6057289839,1.759274364,1.381241798,-1.394729853,0.2166215926,2.742537737,-1.664561272
curobo,92,0.6057288051,1.759274364,1.381241798,-1.394730091,0.2166219354,2.742537737,-1.664561749
curobo,92,0.6057288051,1.759274364,1.381241798,-1.394730091,0.2166219354,2.742537737,-1.664561749
curobo,92,0.8322727084,1.303698659,0.8682194352,-1.310192823,1.214164972,2.444478273,-2.106062174
curobo,92,0.8322727084,1.303698659,0.8682194352,-1.310192823,1.214164972,2.444478273,-2.106062174
curobo,92,0.8322727084,1.303698659,0.8682194352,-1.310192823,1.214164972,2.444478273,-2.106062174
curobo,92,0.605728507,1.759274364,1.381241798,-1.394730568,0.2166217417,2.742537975,-1.66456151
curobo,92,0.605728507,1.759274364,1.381241798,-1.394730568,0.2166217417,2.742537975,-1.66456151
curobo,92,0.605728507,1.759274364,1.381241798,-1.394730568,0.2166217417,2.742537975,-1.66456151
curobo,92,-2.519553661,-1.694166541,-1.810722709,-1.386066675,0.3759837747,2.724354506,-1.755953908
curobo,92,-1.157921076,-1.34975028,2.219648123,-1.379122615,2.671414137,1.570233345,-1.807790637
curobo,92,1.310189009,1.06887877,0.0911218226,-1.306565762,1.871327996,2.022309065,-2.117436171
curobo,92,1.310189009,1.06887877,0.0911218226,-1.306565762,1.871327996,2.022309065,-2.117436171
curobo,93,1.969887137,0.7865312696,0.1310239732,-1.012690187,0.3011502922,3.117574215,-1.281687498
curobo,93,1.969887137,0.7865312696,0.1310239732,-1.012690187,0.3011502922,3.117574215,-1.281687498
curobo,93,-1.47524941,-0.8844429851,-2.57158637,-0.9476004243,-0.7932350039,3.050094604,-0.5200369954
curobo,93,-0.6911246181,-1.709482193,0.8133770823,-0.9997736812,2.714324236,2.272581577,-1.370772481
curobo,93,1.973439574,0.7864860296,0.1264143586,-1.011655688,0.3128230572,3.116715193,-1.290129781
curobo,93,1.974141479,0.78647995,0.1254999787,-1.011447191,0.3151191771,3.116541862,-1.291785955
curobo,93,1.974141479,0.78647995,0.1254999787,-1.011447191,0.3151191771,3.116541862,-1.291785955
curobo,93,1.974141479,0.78647995,0.1254999787,-1.011447191,0.3151191771,3.116541862,-1.291785955
curobo,93,1.974141479,0.78647995,0.1254999787,-1.011447191,0.3151191771,3.116541862,-1.291785955
curobo,93,1.838133335,0.8044003844,0.2916255295,-1.021571755,-0.1745930016,3.124740601,-0.923194468
curobo,93,1.838133335,0.8044003844,0.2916255295,-1.021571755,-0.1745930016,3.124740601,-0.923194468
curobo,93,1.838133335,0.8044003844,0.2916255295,-1.021571755,-0.1745930016,3.124740601,-0.923194468
curobo,93,1.469936967,1.113119721,1.182420015,-0.8725903034,-1.52014935,2.826758623,-0.3247773051
curobo,93,1.469936967,1.113119721,1.182420015,-0.8725903034,-1.52014935,2.826758623,-0.3247773051
curobo,93,1.889878631,0.7932704091,0.2290458381,-1.02613306,0.01990532689,3.128284454,-1.070891619
curobo,93,1.889878631,0.7932704091,0.2290458381,-1.02613306,0.01990532689,3.128284454,-1.070891619
curobo,93,1.889878631,0.7932704091,0.2290458381,-1.02613306,0.01990532689,3.128284454,-1.070891619
curobo,93,-0.5385732651,-1.273941875,1.571333647,-0.9141204357,2.123646736,2.542835712,-1.688823462
curobo,93,-0.5385732651,-1.273941875,1.571333647,-0.9141204357,2.123646736,2.542835712,-1.688823462
curobo,93,-0.5385732651,-1.273941875,1.571333647,-0.9141204357,2.123646736,2.542835712,-1.688823462
curobo,93,1.844503164,0.8027150631,0.2837046683,-1.022752643,-0.1504703462,3.125666618,-0.9413352013
curobo,93,1.511136174,1.038180709,1.003039956,-0.8801971078,-1.338083863,2.896146774,-0.3412046731
curobo,93,1.51394999,1.033998013,0.99247545,-0.8809714317,-1.326893568,2.900129557,-0.3429095149
curobo,93,1.511136174,1.038180709,1.003039956,-0.8801971078,-1.338083863,2.896146774,-0.3412046731
curobo,93,1.51394999,1.033998013,0.99247545,-0.8809714317,-1.326893568,2.900129557,-0.3429095149
curobo,93,1.51394999,1.033998013,0.99247545,-0.8809714317,-1.326893568,2.900129557,-0.3429095149
curobo,93,1.46708262,1.119676828,1.197290659,-0.8724021912,-1.534677148,2.820854902,-0.3243772089
curobo,93,1.46708262,1.119676828,1.197290659,-0.8724021912,-1.534677148,2.820854902,-0.3243772089
curobo,93,1.46708262,1.119676828,1.197290659,-0.8724021912,-1.534677148,2.820854902,-0.3243772089
curobo,93,2.195733309,0.8165073395,-0.2306226641,-0.9282927513,0.9193822145,3.021896362,-1.65007937
curobo,93,2.195733309,0.8165073395,-0.2306226641,-0.9282927513,0.9193822145,3.021896362,-1.65007937
curobo,93,2.195733309,0.8165073395,-0.2306226641,-0.9282927513,0.9193822145,3.021896362,-1.65007937
curobo,93,1.99725759,0.7866734862,0.09470932931,-1.004064679,0.3891397417,3.11025095,-1.344370008
curobo,93,1.707619548,0.8589178324,0.4885379076,-0.9693189859,-0.6519085169,3.076275826,-0.5971733928
curobo,93,1.99725759,0.7866734862,0.09470932931,-1.004064679,0.3891397417,3.11025095,-1.344370008
curobo,93,1.707619548,0.8589178324,0.4885379076,-0.9693189859,-0.6519085169,3.076275826,-0.5971733928
curobo,93,1.707619548,0.8589178324,0.4885379076,-0.9693189859,-0.6519085169,3.076275826,-0.5971733928
curobo,93,1.99725759,0.7866734862,0.09470932931,-1.004064679,0.3891397417,3.11025095,-1.344370008
curobo,93,1.99725759,0.7866734862,0.09470932931,-1.004064679,0.3891397417,3.11025095,-1.344370008
curobo,93,-1.276950479,-0.7979748845,-2.8824265,-1.025349617,-0.07438208908,3.127681732,-0.9989859462
curobo,93,-1.276950479,-0.7979748845,-2.8824265,-1.025349617,-0.07438208908,3.127681732,-0.9989859462
curobo,93,-0.6657927632,-0.9740810394,2.237848759,-0.8722110987,1.575290561,2.804068089,-1.787430644
curobo,93,-0.5378524065,-1.28933084,1.544150949,-0.9171774983,2.145625591,2.531518698,-1.680738688
curobo,93,-0.5378524065,-1.28933084,1.544150949,-0.9171774983,2.145625591,2.531518698,-1.680738688
curobo,93,2.600487232,1.245170593,-1.51843214,-0.908485651,2.081685781,2.56440115,-1.703367352
curobo,93,2.600487232,1.245170593,-1.51843214,-0.908485651,2.081685781,2.56440115,-1.703367352
curobo,93,2.600487232,1.245170593,-1.51843214,-0.908485651,2.081685781,2.56440115,-1.703367352
curobo,93,-1.706077218,-1.22261858,-1.725198865,-0.8765258193,-1.741295218,2.731253862,-0.3332009912
curobo,93,-1.706077218,-1.22261858,-1.725198865,-0.8765258193,-1.741295218,2.731253862,-0.3332009912
curobo,93,1.45336616,1.155529022,1.276512146,-0.8724464774,-1.610894203,2.789012432,-0.3244742155
curobo,94,-1.715135932,-0.4284514189,0.5945288539,-0.6993368268,2.88352108,2.779126644,-0.9681785107
curobo,94,-1.715135932,-0.4284514189,0.5945288539,-0.6993368268,2.88352108,2.779126644,-0.9681785107
curobo,94,0.408354491,0.3906002343,-2.635550976,-0.203982994,-2.865917444,2.982171059,-0.4195769727
curobo,94,0.408354491,0.3906002343,-2.635550976,-0.203982994,-2.865917444,2.982171059,-0.4195769727
curobo,94,0.408354491,0.3906002343,-2.635550976,-0.203982994,-2.865917444,2.982171059,-0.4195769727
curobo,94,0.408354491,0.3906002343,-2.635550976,-0.203982994,-2.865917444,2.982171059,-0.4195769727
curobo,94,2.032650471,-0.3529625237,-0.793345809,-0.7327305079,-0.02494671196,3.401647329,-0.5066097975
curobo,94,-2.735040188,-0.3911030889,0.5021184087,-0.2040699571,-2.862066746,2.982275724,-0.417760253
curobo,94,2.047220469,-0.3574350476,-0.7515643239,-0.7317892313,0.04988221452,3.401438713,-0.6313673854
curobo,94,2.047220469,-0.3574350476,-0.7515643239,-0.7317892313,0.04988221452,3.401438713,-0.6313673854
curobo,94,-2.702991009,-0.6836125851,0.24595128,-0.7008962035,-2.889583349,2.777245045,-0.1376031935
curobo,94,-2.702991009,-0.6836125851,0.24595128,-0.7008962035,-2.889583349,2.777245045,-0.1376031935
curobo,94,-2.699633837,-0.6832650304,0.2477065921,-0.7013853788,-2.891510963,2.776654243,-0.1405826509
curobo,94,-2.699633837,-0.6832650304,0.2477065921,-0.7013853788,-2.891510963,2.776654243,-0.1405826509
curobo,94,-2.699633837,-0.6832650304,0.2477065921,-0.7013853788,-2.891510963,2.776654243,-0.1405826509
curobo,94,-1.07932663,0.3597075343,2.422000408,-0.7265728116,0.1130582243,3.400258303,-0.7360095382
curobo,94,-1.07932663,0.3597075343,2.422000408,-0.7265728116,0.1130582243,3.400258303,-0.7360095382
curobo,94,-1.07932663,0.3597075343,2.422000408,-0.7265728116,0.1130582243,3.400258303,-0.7360095382
curobo,94,0.3165397942,0.4141329229,-2.830684423,-0.2099081874,-2.674192429,2.989261389,-0.327839613
curobo,94,0.3165397942,0.4141329229,-2.830684423,-0.2099081874,-2.674192429,2.989261389,-0.327839613
curobo,94,1.40991509,0.4340222776,-2.550075531,-0.7013815045,2.89150548,2.776656866,-0.9558625221
curobo,94,1.40991509,0.4340222776,-2.550075531,-0.7013815045,2.89150548,2.776656866,-0.9558625221
curobo,94,1.40991509,0.4340222776,-2.550075531,-0.7013815045,2.89150548,2.776656866,-0.9558625221
curobo,94,1.40991509,0.4340222776,-2.550075531,-0.7013815045,2.89150548,2.776656866,-0.9558625221
curobo,94,1.40991509,0.4340222776,-2.550075531,-0.7013815045,2.89150548,2.776656866,-0.9558625221
curobo,94,1.40991509,0.4340222776,-2.550075531,-0.7013815045,2.89150548,2.776656866,-0.9558625221
curobo,94,2.096669912,-0.3588654697,-0.6646626592,-0.7034471035,0.2417992204,3.394634247,-0.9430098534
curobo,94,-2.849738836,-0.6931510568,0.1646175534,-0.6749256849,-2.802132368,2.80772686,-0.007604483049
curobo,94,-2.849738836,-0.6931510568,0.1646175534,-0.6749256849,-2.802132368,2.80772686,-0.007604483049
curobo,94,-2.775489092,-0.4019469619,0.4150329232,-0.2063193023,-2.77652812,2.985000372,-0.3771750331
curobo,94,-2.775489092,-0.4019469619,0.4150329232,-0.2063193023,-2.77652812,2.985000372,-0.3771750331
curobo,94,-2.775489092,-0.4019469619,0.4150329232,-0.2063193023,-2.77652812,2.985000372,-0.3771750331
curobo,94,-2.775489092,-0.4019469619,0.4150329232,-0.2063193023,-2.77652812,2.985000372,-0.3771750331
curobo,94,-2.699766636,-0.683280766,0.2476363629,-0.701369524,-2.891435146,2.776676178,-0.1404632181
curobo,94,-1.110124588,0.3524423242,2.34395957,-0.7325239778,-0.03223464638,3.401602507,-0.4944615662
curobo,94,-1.731676102,-0.4340254366,0.5915130377,-0.701386869,2.891507864,2.776654243,-0.9558618665
curobo,94,-1.731676102,-0.4340254366,0.5915130377,-0.701386869,2.891507864,2.776654243,-0.9558618665
curobo,94,-1.670035958,-0.4132397771,0.602229476,-0.6934477687,2.861791134,2.786172628,-1.001309037
curobo,94,-1.662193179,-0.4105919302,0.6034933925,-0.6923756003,2.858016253,2.787443876,-1.007001758
curobo,94,-1.662193179,-0.4105919302,0.6034933925,-0.6923756003,2.858016253,2.787443876,-1.007001758
curobo,94,-1.662193179,-0.4105919302,0.6034933925,-0.6923756003,2.858016253,2.787443876,-1.007001758
curobo,94,2.118372917,-0.3535419703,-0.6380941272,-0.6798436046,0.3246435523,3.388194561,-1.067625403
curobo,94,2.118372917,-0.3535419703,-0.6380941272,-0.6798436046,0.3246435523,3.388194561,-1.067625403
curobo,94,-2.699631691,-0.6832643747,0.2477079034,-0.7013850808,-2.891511917,2.776654243,-0.1405848563
curobo,94,-2.699631691,-0.6832643747,0.2477079034,-0.7013850808,-2.891511917,2.776654243,-0.1405848563
curobo,94,-2.802572727,-0.4087578654,0.3577625751,-0.2081721276,-2.720250368,2.987203598,-0.3501620293
curobo,94,-2.802572727,-0.4087578654,0.3577625751,-0.2081721276,-2.720250368,2.987203598,-0.3501620293
curobo,94,-2.699643135,-0.6832658052,0.247701779,-0.7013838291,-2.89150548,2.776655912,-0.1405744106
curobo,94,-2.699643135,-0.6832658052,0.247701779,-0.7013838291,-2.89150548,2.776655912,-0.1405744106
curobo,94,-2.699643135,-0.6832658052,0.247701779,-0.7013838291,-2.89150548,2.776655912,-0.1405744106
curobo,95,-0.5703933835,-1.653685212,1.964294791,-3.041642189,2.704585791,3.293422461,-0.8869213462
curobo,95,-0.5703914762,-1.653553367,1.964724302,-3.041767359,2.703833818,3.29342556,-0.8857406378
curobo,95,-0.5703961253,-1.675535083,1.889945507,-3.023241997,2.832285881,3.293070078,-1.088599086
curobo,95,-0.5703961253,-1.675535083,1.889945507,-3.023241997,2.832285881,3.293070078,-1.088599086
curobo,95,-0.5703847408,-1.676119804,1.887875438,-3.02282095,2.835784197,3.29306531,-1.094151616
curobo,95,-0.5703847408,-1.676119804,1.887875438,-3.02282095,2.835784197,3.29306531,-1.094151616
curobo,95,2.571197033,1.675544858,-1.251682758,-3.023234844,2.832345724,3.293070316,-1.088694334
curobo,95,2.571197033,1.675544858,-1.251682758,-3.023234844,2.832345724,3.293070316,-1.088694334
curobo,95,2.571197033,1.675544858,-1.251682758,-3.023234844,2.832345724,3.293070316,-1.088694334
curobo,95,2.571197033,1.675544858,-1.251682758,-3.023234844,2.832345724,3.293070316,-1.088694334
curobo,95,-0.5703911781,-1.653548002,1.964742541,-3.041772604,2.703802586,3.293426037,-0.8856912255
curobo,95,-0.5703911781,-1.653548002,1.964742541,-3.041772604,2.703802586,3.293426037,-0.8856912255
curobo,95,-0.5703911781,-1.653548002,1.964742541,-3.041772604,2.703802586,3.293426037,-0.8856912255
curobo,95,-0.5704323053,-1.656194448,1.956078172,-3.039288759,2.718930721,3.293361425,-0.9094641209
curobo,95,-0.5704323053,-1.656194448,1.956078172,-3.039288759,2.718930721,3.293361425,-0.9094641209
curobo,95,-0.5704323053,-1.656194448,1.956078172,-3.039288759,2.718930721,3.293361425,-0.9094641209
curobo,95,-0.5703829527,-1.676194668,1.88760972,-3.022767305,2.836232901,3.293064833,-1.094864011
curobo,95,-0.5703912377,-1.65354991,1.964735627,-3.041770697,2.70381403,3.293425798,-0.8857096434
curobo,95,-0.5703912377,-1.65354991,1.964735627,-3.041770697,2.70381403,3.293425798,-0.8857096434
curobo,95,2.57119894,1.653696299,-1.177334428,-3.04163146,2.70464921,3.293422222,-0.8870213032
curobo,95,2.57119894,1.653696299,-1.177334428,-3.04163146,2.70464921,3.293422222,-0.8870213032
curobo,95,2.571201324,1.65355587,-1.176876664,-3.041764975,2.703848362,3.29342556,-0.885763526
curobo,95,2.571201324,1.65355587,-1.176876664,-3.041764975,2.703848362,3.29342556,-0.885763526
curobo,95,2.571201324,1.65355587,-1.176876664,-3.041764975,2.703848362,3.29342556,-0.885763526
curobo,95,2.57116437,1.655905008,-1.184562325,-3.039557219,2.717271805,3.29336834,-0.9068554044
curobo,95,2.57116437,1.655905008,-1.184562325,-3.039557219,2.717271805,3.29336834,-0.9068554044
curobo,95,2.57116437,1.655905008,-1.184562325,-3.039557219,2.717271805,3.29336834,-0.9068554044
curobo,95,2.57116437,1.655905008,-1.184562325,-3.039557219,2.717271805,3.29336834,-0.9068554044
curobo,95,2.571196556,1.675545335,-1.251682997,-3.023234606,2.832346439,3.293069839,-1.088695168
curobo,95,2.571196556,1.675532699,-1.251639128,-3.023243666,2.832272291,3.293070316,-1.08857739
curobo,95,2.571196556,1.675532699,-1.251639128,-3.023243666,2.832272291,3.293070316,-1.08857739
curobo,95,2.571196556,1.675532699,-1.251639128,-3.023243666,2.832272291,3.293070316,-1.08857739
curobo,95,2.571196556,1.675532699,-1.251639128,-3.023243666,2.832272291,3.293070316,-1.08857739
curobo,95,2.571196556,1.675532699,-1.251639128,-3.023243666,2.832272291,3.293070316,-1.08857739
curobo,95,2.571196556,1.675532699,-1.251639128,-3.023243666,2.832272291,3.293070316,-1.08857739
curobo,95,-0.5703933835,-1.653665423,1.964359999,-3.041661024,2.704471827,3.293422699,-0.8867422342
curobo,95,-0.5703933835,-1.653665423,1.964359999,-3.041661024,2.704471827,3.293422699,-0.8867422342
curobo,95,-0.5703933835,-1.653665423,1.964359999,-3.041661024,2.704471827,3.293422699,-0.8867422342
curobo,95,-0.5703961849,-1.675533295,1.889951587,-3.023243189,2.832275629,3.293070316,-1.088582873
curobo,95,2.571178436,1.654959321,-1.181459665,-3.040440083,2.711859465,3.293390751,-0.8983481526
curobo,95,-0.5703960657,-1.67553544,1.889943957,-3.023241758,2.832288265,3.293070078,-1.08860302
curobo,95,-0.5703960657,-1.67553544,1.889943957,-3.023241758,2.832288265,3.293070078,-1.08860302
curobo,95,-0.5703960657,-1.67553544,1.889943957,-3.023241758,2.832288265,3.293070078,-1.08860302
curobo,95,-0.5703960657,-1.67553544,1.889943957,-3.023241758,2.832288265,3.293070078,-1.08860302
curobo,95,-0.570389688,-1.675862074,1.88878727,-3.023005962,2.834242821,3.293067455,-1.091705322
curobo,95,-0.570389688,-1.675862074,1.88878727,-3.023005962,2.834242821,3.293067455,-1.091705322
curobo,95,-0.570389688,-1.675862074,1.88878727,-3.023005962,2.834242821,3.293067455,-1.091705322
curobo,95,-0.570389688,-1.675862074,1.88878727,-3.023005962,2.834242821,3.293067455,-1.091705322
curobo,95,-0.570389688,-1.675862074,1.88878727,-3.023005962,2.834242821,3.293067455,-1.091705322
curobo,95,-0.570389688,-1.675862074,1.88878727,-3.023005962,2.834242821,3.293067455,-1.091705322
curobo,96,0.03439752758,-1.048445582,-0.2628391683,-3.064447403,-0.2935878634,2.947642326,-2.89150548
curobo,96,0.03439752758,-1.048445582,-0.2628391683,-3.064447403,-0.2935878634,2.947642326,-2.89150548
curobo,96,-0.5913829207,-1.148679376,0.546857059,-2.955142975,1.277627826,2.5608778,2.358098507
curobo,96,-0.5913829207,-1.148679376,0.546857059,-2.955142975,1.277627826,2.5608778,2.358098507
curobo,96,-2.455335855,1.458538651,2.285433769,-2.938985109,-1.434134007,2.315585852,-2.177648783
curobo,96,-2.455335855,1.458538651,2.285433769,-2.938985109,-1.434134007,2.315585852,-2.177648783
curobo,96,-2.455335855,1.458538651,2.285433769,-2.938985109,-1.434134007,2.315585852,-2.177648783
curobo,96,-0.7221498489,-1.224851131,0.6273104548,-2.944543362,1.370621681,2.428794622,2.314465523
curobo,96,-0.129757911,-1.031276345,0.1095050275,-3.046296835,0.5569104552,2.919596195,2.829911232
curobo,96,-0.6173380613,-0.6885247827,0.06563594192,-2.659569979,-2.105484009,3.700406313,-1.087675571
curobo,96,1.838888407,1.759274364,-2.313943148,-2.93808341,1.694760084,1.693028569,2.288346291
curobo,96,1.838888407,1.759274364,-2.313943148,-2.93808341,1.694760084,1.693028569,2.288346291
curobo,96,-0.2042484283,-1.032327533,0.2149150223,-3.02358675,0.7732433677,2.874526978,2.682765961
curobo,96,0.1725455523,-0.7099153399,-0.1944366693,-2.53366375,2.89150548,3.526129246,0.3479914963
curobo,96,0.1725455076,-0.7099153399,-0.1944366395,-2.53366375,2.89150548,3.526129246,0.3479915559
curobo,96,0.1725455076,-0.7099153399,-0.1944366395,-2.53366375,2.89150548,3.526129246,0.3479915559
curobo,96,0.1725455523,-0.7099153399,-0.1944366693,-2.53366375,2.89150548,3.526129246,0.3479914963
curobo,96,0.1725455076,-0.7099153399,-0.1944366395,-2.53366375,2.89150548,3.526129246,0.3479915559
curobo,96,-0.1244498715,-1.031514883,0.1006293595,-3.047982454,0.5377477407,2.92245698,2.842840433
curobo,96,-0.1244498715,-1.031514883,0.1006293595,-3.047982454,0.5377477407,2.92245698,2.842840433
curobo,96,-0.1244498715,-1.031514883,0.1006293595,-3.047982454,0.5377477407,2.92245698,2.842840433
curobo,96,0.3977379799,-0.757306695,-0.2372728586,-2.591188908,2.450381756,3.579511881,0.8472552896
curobo,96,0.3977379799,-0.757306695,-0.2372728586,-2.591188908,2.450381756,3.579511881,0.8472552896
curobo,96,-1.079557419,-1.523498535,0.7849372029,-2.933736086,1.575522065,1.997624278,2.270947218
curobo,96,-2.569308281,1.339838266,2.337388515,-2.947125673,-1.345824122,2.46774745,-2.210676908
curobo,96,-2.569308281,1.339838266,2.337388515,-2.947125673,-1.345824122,2.46774745,-2.210676908
curobo,96,-2.569308281,1.339838266,2.337388515,-2.947125673,-1.345824122,2.46774745,-2.210676908
curobo,96,-2.569308281,1.339838266,2.337388515,-2.947125673,-1.345824122,2.46774745,-2.210676908
curobo,96,0.1900014281,-0.7129192948,-0.196267724,-2.536605835,2.854337692,3.52829051,0.3909693062
curobo,96,0.1900014281,-0.7129192948,-0.196267724,-2.536605835,2.854337692,3.52829051,0.3909693062
curobo,96,-1.302704573,-1.759274364,0.8276497126,-2.938083172,1.694760442,1.69302845,2.288346291
curobo,96,-1.302704573,-1.759274364,0.8276497126,-2.938083172,1.694760442,1.69302845,2.288346291
curobo,96,-1.302704573,-1.759274364,0.8276497126,-2.938083172,1.694760442,1.69302845,2.288346291
curobo,96,0.1725456268,-0.7099152803,-0.1944367439,-2.53366375,2.89150548,3.526129246,0.3479914665
curobo,96,-0.1055175662,-0.6792547107,-0.1628655642,-2.540851593,-2.807603359,3.531496525,-0.3305324912
curobo,96,-0.1055175662,-0.6792547107,-0.1628655642,-2.540851593,-2.807603359,3.531496525,-0.3305324912
curobo,96,0.5538911819,-0.7995313406,-0.2967651486,-2.636716604,2.216062784,3.64854002,1.094136119
curobo,96,0.5538911819,-0.7995313406,-0.2967651486,-2.636716604,2.216062784,3.64854002,1.094136119
curobo,96,0.5538911819,-0.7995313406,-0.2967651486,-2.636716604,2.216062784,3.64854002,1.094136119
curobo,96,0.5538911819,-0.7995313406,-0.2967651486,-2.636716604,2.216062784,3.64854002,1.094136119
curobo,96,-0.06307706237,-0.6819269061,-0.170312658,-2.533665895,-2.891472816,3.526131153,-0.2337049842
curobo,96,-0.06307706237,-0.6819269061,-0.170312658,-2.533665895,-2.891472816,3.526131153,-0.2337049842
curobo,96,-0.06307706237,-0.6819269061,-0.170312658,-2.533665895,-2.891472816,3.526131153,-0.2337049842
curobo,96,-0.366890341,-1.060519695,0.3789133132,-2.985893726,1.055428743,2.756608009,2.492057562
curobo,96,-0.366890341,-1.060519695,0.3789133132,-2.985893726,1.055428743,2.756608009,2.492057562
curobo,96,-0.366890341,-1.060519695,0.3789133132,-2.985893726,1.055428743,2.756608009,2.492057562
curobo,96,-0.7146936059,-0.6990150809,0.1292103231,-2.675567627,-2.027151823,3.748729944,-1.159082294
curobo,96,-0.7146936059,-0.6990150809,0.1292103231,-2.675567627,-2.027151823,3.748729944,-1.159082294
curobo,96,-0.7146936059,-0.6990150809,0.1292103231,-2.675567627,-2.027151823,3.748729944,-1.159082294
curobo,96,-0.7146936059,-0.6990150809,0.1292103231,-2.675567627,-2.027151823,3.748729944,-1.159082294
curobo,97,-0.07189428061,0.3162010312,-0.6467871666,-2.4936831,-1.486259222,0.6520634294,-0.2888127565
curobo,97,-0.07189428061,0.3162010312,-0.6467871666,-2.4936831,-1.486259222,0.6520634294,-0.2888127565
curobo,97,-0.07189428061,0.3162010312,-0.6467871666,-2.4936831,-1.486259222,0.6520634294,-0.2888127565
curobo,97,-0.07189428061,0.3162010312,-0.6467871666,-2.4936831,-1.486259222,0.6520634294,-0.2888127565
curobo,97,0.2266239971,0.4265207946,-0.9490503669,-2.498391867,-1.426204801,0.7882668972,-0.3071240783
curobo,97,0.2266239971,0.4265207946,-0.9490503669,-2.498391867,-1.426204801,0.7882668972,-0.3071240783
curobo,97,0.2266239971,0.4265207946,-0.9490503669,-2.498391867,-1.426204801,0.7882668972,-0.3071240783
curobo,97,0.2266239971,0.4265207946,-0.9490503669,-2.498391867,-1.426204801,0.7882668972,-0.3071240783
curobo,97,0.3681951761,0.5308317542,-1.09285593,-2.503352165,-1.380058765,0.8964989781,-0.3265666664
curobo,97,-1.385994077,0.3234613836,0.6785134077,-2.495232105,-1.678384542,0.3077297807,-0.2948211432
curobo,97,-1.385994077,0.3234613836,0.6785134077,-2.495232105,-1.678384542,0.3077297807,-0.2948211432
curobo,97,-1.385994077,0.3234613836,0.6785134077,-2.495232105,-1.678384542,0.3077297807,-0.2948211432
curobo,97,-1.385994077,0.3234613836,0.6785134077,-2.495232105,-1.678384542,0.3077297807,-0.2948211432
curobo,97,-1.385994077,0.3234613836,0.6785134077,-2.495232105,-1.678384542,0.3077297807,-0.2948211432
curobo,97,2.88948822,-0.2834295928,2.676771402,-2.492364645,-1.512053132,0.5965451598,-0.283709079
curobo,97,2.88948822,-0.2834295928,2.676771402,-2.492364645,-1.512053132,0.5965451598,-0.283709079
curobo,97,-0.05398860574,0.3204602599,-0.6648836732,-2.493855953,-1.483412266,0.6583222151,-0.2894824147
curobo,97,0.7535868287,1.626844168,-1.422907114,-2.586238146,-0.8608680964,1.822544813,-0.6910257936
curobo,97,0.7535868287,1.626844168,-1.422907114,-2.586238146,-0.8608680964,1.822544813,-0.6910257936
curobo,97,0.3586276472,0.5218963027,-1.083133459,-2.502907515,-1.383842587,0.8875850439,-0.3248172104
curobo,97,0.3586276472,0.5218963027,-1.083133459,-2.502907515,-1.383842587,0.8875850439,-0.3248172104
curobo,97,0.3586276472,0.5218963027,-1.083133459,-2.502907515,-1.383842587,0.8875850439,-0.3248172104
curobo,97,0.3586276472,0.5218963027,-1.083133459,-2.502907515,-1.383842587,0.8875850439,-0.3248172104
curobo,97,0.7773077488,1.759274364,-1.419251442,-2.600074768,-0.76831007,1.912795544,-0.7652221918
curobo,97,0.7773077488,1.759274364,-1.419251442,-2.600074768,-0.76831007,1.912795544,-0.7652221918
curobo,97,0.7773077488,1.759274364,-1.419251442,-2.600074768,-0.76831007,1.912795544,-0.7652221918
curobo,97,0.7773077488,1.759274364,-1.419251442,-2.600074768,-0.76831007,1.912795544,-0.7652221918
curobo,97,-0.6609830856,0.2545757592,-0.05258882418,-2.491142273,-1.561563611,0.4970644116,-0.278986752
curobo,97,-0.6609830856,0.2545757592,-0.05258882418,-2.491142273,-1.561563611,0.4970644116,-0.278986752
curobo,97,-2.364284992,-1.759274364,1.72234118,-2.600074768,-0.7683101296,1.912795544,-0.7652221918
curobo,97,-2.364284992,-1.759274364,1.72234118,-2.600074768,-0.7683101296,1.912795544,-0.7652221918
curobo,97,-2.364284992,-1.759274364,1.72234118,-2.600074768,-0.7683101296,1.912795544,-0.7652221918
curobo,97,-2.364284992,-1.759274364,1.72234118,-2.600074768,-0.7683101296,1.912795544,-0.7652221918
curobo,97,0.7681571245,1.708931327,-1.421538591,-2.594748497,-0.8048481345,1.879337072,-0.7358730435
curobo,97,-2.426750183,-1.409135342,1.72784853,-2.565086603,-0.9913699627,1.660816431,-0.5879183412
curobo,97,-2.426750183,-1.409135342,1.72784853,-2.565086603,-0.9913699627,1.660816431,-0.5879183412
curobo,97,-2.426750183,-1.409135342,1.72784853,-2.565086603,-0.9913699627,1.660816431,-0.5879183412
curobo,97,-2.426750183,-1.409135342,1.72784853,-2.565086603,-0.9913699627,1.660816431,-0.5879183412
curobo,97,0.6454696059,-1.65861392,-1.893960238,-2.50099802,1.400770664,0.8477501869,-2.443137646
curobo,97,0.6454696059,-1.65861392,-1.893960238,-2.50099802,1.400770664,0.8477501869,-2.443137646
curobo,97,0.6454696059,-1.65861392,-1.893960238,-2.50099802,1.400770664,0.8477501869,-2.443137646
curobo,97,0.6454696059,-1.65861392,-1.893960238,-2.50099802,1.400770664,0.8477501869,-2.443137646
curobo,97,0.7773076296,1.759274364,-1.419251561,-2.600074768,-0.76831007,1.912795544,-0.7652221918
curobo,97,0.7773076296,1.759274364,-1.419251561,-2.600074768,-0.76831007,1.912795544,-0.7652221918
curobo,97,0.7773076296,1.759274364,-1.419251561,-2.600074768,-0.76831007,1.912795544,-0.7652221918
curobo,97,0.7773076296,1.759274364,-1.419251561,-2.600074768,-0.76831007,1.912795544,-0.7652221918
curobo,97,-1.790581942,0.5128395557,1.079571128,-2.527872086,-1.930190682,0.09070313722,-0.4254120588
curobo,97,-1.790581942,0.5128395557,1.079571128,-2.527872086,-1.930190682,0.09070313722,-0.4254120588
curobo,97,-1.790581942,0.5128395557,1.079571128,-2.527872086,-1.930190682,0.09070313722,-0.4254120588
curobo,97,-0.7872443199,0.2549314499,0.07465095818,-2.491124153,-1.576746464,0.468703717,-0.2789165974
curobo,98,-1.486663699,0.6383197904,-2.351438522,-2.251015425,-0.6057325602,1.578755736,-0.783121109
curobo,98,0.6574734449,0.6311190128,2.34352684,-2.142961264,-1.147807479,0.8202114701,-0.2547470927
curobo,98,0.6574734449,0.6311190128,2.34352684,-2.142961264,-1.147807479,0.8202114701,-0.2547470927
curobo,98,0.6574734449,0.6311190128,2.34352684,-2.142961264,-1.147807479,0.8202114701,-0.2547470927
curobo,98,-1.486663699,0.6383197904,-2.351438522,-2.251015425,-0.6057325602,1.578755736,-0.783121109
curobo,98,-1.486663699,0.6383197904,-2.351438522,-2.251015425,-0.6057325602,1.578755736,-0.783121109
curobo,98,-1.486663699,0.6383197904,-2.351438522,-2.251015425,-0.6057325602,1.578755736,-0.783121109
curobo,98,0.7859098315,-1.710340738,0.9600296021,-2.274810076,0.4114135206,1.702747345,-1.7333709
curobo,98,-1.247681737,0.5204399824,-2.511287928,-2.234112501,-0.7137717605,1.481790304,-0.6798267961
curobo,98,-1.247681737,0.5204399824,-2.511287928,-2.234112501,-0.7137717605,1.481790304,-0.6798267961
curobo,98,-1.247681737,0.5204399824,-2.511287928,-2.234112501,-0.7137717605,1.481790304,-0.6798267961
curobo,98,1.709519029,1.758441806,2.133383036,-2.060951471,1.458277464,0.07141128927,-2.758435726
curobo,98,1.709519029,1.758441806,2.133383036,-2.060951471,1.458277464,0.07141128927,-2.758435726
curobo,98,1.709519029,1.758441806,2.133383036,-2.060951471,1.458277464,0.07141128927,-2.758435726
curobo,98,-1.147767663,0.4863457978,-2.584067822,-2.228265047,-0.7478226423,1.446436167,-0.6470765471
curobo,98,-0.1322297305,0.4026924372,2.89150548,-2.18541193,-0.9653719664,1.157599807,-0.4354608357
curobo,98,-1.147767663,0.4863457978,-2.584067822,-2.228265047,-0.7478226423,1.446436167,-0.6470765471
curobo,98,-0.1247436106,0.4033861756,2.885568142,-2.185112953,-0.9667460322,1.155397415,-0.4341108203
curobo,98,-0.1247436106,0.4033861756,2.885568142,-2.185112953,-0.9667460322,1.155397415,-0.4341108203
curobo,98,-2.300566673,-0.7567204833,-0.8756063581,-2.126881838,-1.211844921,0.6806842685,-0.19063963
curobo,98,-2.300566673,-0.7567204833,-0.8756063581,-2.126881838,-1.211844921,0.6806842685,-0.19063963
curobo,98,-2.300566673,-0.7567204833,-0.8756063581,-2.126881838,-1.211844921,0.6806842685,-0.19063963
curobo,98,-1.467230082,0.6263870597,-2.36349082,-2.249464273,-0.6163743734,1.57017374,-0.7729868889
curobo,98,-1.467230082,0.6263870597,-2.36349082,-2.249464273,-0.6163743734,1.57017374,-0.7729868889
curobo,98,2.89150548,-0.3942714036,-0.1559207439,-2.190029383,-0.9439573884,1.191274762,-0.4564785063
curobo,98,2.89150548,-0.3942714036,-0.1559207439,-2.190029383,-0.9439573884,1.191274762,-0.4564785063
curobo,98,2.89150548,-0.3942714036,-0.1559207439,-2.190029383,-0.9439573884,1.191274762,-0.4564785063
curobo,98,2.665857553,-0.3905023336,0.02657605708,-2.198640347,-0.9029407501,1.252422094,-0.4966196418
curobo,98,-0.1322297156,0.4026925564,2.89150548,-2.18541193,-0.9653719664,1.157599688,-0.4354608953
curobo,98,-0.1322297156,0.4026925564,2.89150548,-2.18541193,-0.9653719664,1.157599688,-0.4354608953
curobo,98,-0.1322297156,0.4026925564,2.89150548,-2.18541193,-0.9653719664,1.157599688,-0.4354608953
curobo,98,-0.1322297156,0.4026925564,2.89150548,-2.18541193,-0.9653719664,1.157599688,-0.4354608953
curobo,98,-0.1322297156,0.4026925564,2.89150548,-2.18541193,-0.9653719664,1.157599688,-0.4354608953
curobo,98,0.5487660766,0.5738420486,2.402946234,-2.150939465,-1.115163565,0.8872458339,-0.2872965336
curobo,98,-1.468662262,0.6272500157,-2.362596035,-2.249577522,-0.6156036854,1.570802212,-0.7737209797
curobo,98,-1.468662262,0.6272500157,-2.362596035,-2.249577522,-0.6156036854,1.570802212,-0.7737209797
curobo,98,2.193066359,-0.4373384416,0.4055725932,-2.218140364,-0.8037367463,1.382956982,-0.5930851102
curobo,98,2.193066359,-0.4373384416,0.4055725932,-2.218140364,-0.8037367463,1.382956982,-0.5930851102
curobo,98,0.8242566586,0.7436187267,2.271653652,-2.128499985,-1.205496907,0.6949705482,-0.1970090717
curobo,98,0.8242566586,0.7436187267,2.271653652,-2.128499985,-1.205496907,0.6949705482,-0.1970090717
curobo,98,-1.439010978,-1.747058868,-1.015374899,-2.059726715,1.462731361,0.05991885811,-2.762922764
curobo,98,0.8242566586,0.7436187267,2.271653652,-2.128499985,-1.205496907,0.6949705482,-0.1970090717
curobo,98,-0.1322297752,0.402692467,2.89150548,-2.18541193,-0.9653719664,1.157599807,-0.4354608655
curobo,98,-0.7522337437,0.4079189301,-2.89150548,-2.209539413,-0.8487027287,1.326737046,-0.5494686365
curobo,98,-0.7522337437,0.4079189301,-2.89150548,-2.209539413,-0.8487027287,1.326737046,-0.5494686365
curobo,98,-0.7522337437,0.4079189301,-2.89150548,-2.209539413,-0.8487027287,1.326737046,-0.5494686365
curobo,98,-0.7522337437,0.4079189301,-2.89150548,-2.209539413,-0.8487027287,1.326737046,-0.5494686365
curobo,98,1.148971558,-1.162716389,1.005350351,-2.293755054,-0.1189660579,1.791816711,-1.239684582
curobo,98,1.452075481,1.38301897,2.310944319,-2.051873922,-1.491375685,-0.01373000257,0.09144512564
curobo,98,1.452075481,1.38301897,2.310944319,-2.051873922,-1.491375685,-0.01373000257,0.09144512564
curobo,99,-2.25006175,-1.554022312,2.250052929,-1.712764025,-0.6631401181,0.8819569945,0.03872824088
curobo,99,-2.25006175,-1.554022312,2.250052929,-1.712764025,-0.6631401181,0.8819569945,0.03872824088
curobo,99,-2.25006175,-1.554022312,2.250052929,-1.712764025,-0.6631401181,0.8819569945,0.03872824088
curobo,99,-0.02681402676,1.16253686,0.08034768701,-1.537584305,-0.96598351,0.2256472111,0.809415102
curobo,99,-0.02681402676,1.16253686,0.08034768701,-1.537584305,-0.96598351,0.2256472111,0.809415102
curobo,99,-0.02681402676,1.16253686,0.08034768701,-1.537584305,-0.96598351,0.2256472111,0.809415102
curobo,99,-0.02681402676,1.16253686,0.08034768701,-1.537584305,-0.96598351,0.2256472111,0.809415102
curobo,99,0.8765756488,1.536706805,-0.8768844604,-1.709868312,-0.6736308932,0.8694012165,0.05458194762
curobo,99,-0.3200983107,1.255958319,0.406537056,-1.426646471,-0.8318661451,0.01631612517,1.253068805
curobo,99,-0.3200983107,1.255958319,0.406537056,-1.426646471,-0.8318661451,0.01631612517,1.253068805
curobo,99,0.3469661772,1.190225482,-0.3272722065,-1.614242554,-0.9111106396,0.4738965333,0.5007744431
curobo,99,0.3469661772,1.190225482,-0.3272722065,-1.614242554,-0.9111106396,0.4738965333,0.5007744431
curobo,99,0.3469661772,1.190225482,-0.3272722065,-1.614242554,-0.9111106396,0.4738965333,0.5007744431
curobo,99,0.3469661772,1.190225482,-0.3272722065,-1.614242554,-0.9111106396,0.4738965333,0.5007744431
curobo,99,0.7559010983,1.415311933,-0.7560707927,-1.687033415,-0.7485018969,0.7707735896,0.1728629619
curobo,99,0.7559010983,1.415311933,-0.7560707927,-1.687033415,-0.7485018969,0.7707735896,0.1728629619
curobo,99,0.7559010983,1.415311933,-0.7560707927,-1.687033415,-0.7485018969,0.7707735896,0.1728629619
curobo,99,-2.106997728,-1.748324633,2.115063667,-1.740896821,-0.5463808179,1.003711581,-0.129696086
curobo,99,-0.3592416346,1.27927947,0.4470177293,-1.400044203,-0.764457047,-0.0137300007,1.368104935
curobo,99,-0.3592416346,1.27927947,0.4470177293,-1.400044203,-0.764457047,-0.0137300007,1.368104935
curobo,99,-0.04761885479,1.165423393,0.1034659669,-1.532214046,-0.9652037621,0.2115649283,0.8305097818
curobo,99,-0.04761885479,1.165423393,0.1034659669,-1.532214046,-0.9652037621,0.2115649283,0.8305097818
curobo,99,-0.04761885479,1.165423393,0.1034659669,-1.532214046,-0.9652037621,0.2115649283,0.8305097818
curobo,99,-0.04761885479,1.165423393,0.1034659669,-1.532214046,-0.9652037621,0.2115649283,0.8305097818
curobo,99,2.382636786,-1.490814328,-2.513014078,-1.456148148,0.8908522129,0.05713364109,-2.804623365
curobo,99,0.2246839404,1.16474998,-0.1954642534,-1.591750503,-0.9398311973,0.3924386501,0.5935408473
curobo,99,-1.065180898,1.759274364,0.9286878109,-1.580147147,0.9506073594,0.3530388772,-2.313674927
curobo,99,-1.065180898,1.759274364,0.9286878109,-1.580147147,0.9506073594,0.3530388772,-2.313674927
curobo,99,1.041618347,1.759274364,-1.03284955,-1.742279053,-0.5398046374,1.009662151,-0.1388361901
curobo,99,-0.2378917485,1.21686697,0.3162719905,-1.468980432,-0.9113966823,0.07780534774,1.079823971
curobo,99,-0.2378917485,1.21686697,0.3162719905,-1.468980432,-0.9113966823,0.07780534774,1.079823971
curobo,99,-0.2378917485,1.21686697,0.3162719905,-1.468980432,-0.9113966823,0.07780534774,1.079823971
curobo,99,-2.719627142,-1.214240551,2.734190464,-1.627550721,-0.8893374205,0.5249048471,0.4445007145
curobo,99,0.7433270216,1.404402137,-0.743266046,-1.684709549,-0.7554054856,0.7608045936,0.1843309551
curobo,99,0.7433270216,1.404402137,-0.743266046,-1.684709549,-0.7554054856,0.7608045936,0.1843309551
curobo,99,-0.8035943508,1.518642306,0.6710124016,-1.478700638,0.9248614907,0.09478547424,-2.714265823
curobo,99,0.99235636,1.685331345,-0.9878254533,-1.732557178,-0.5841725469,0.9677202106,-0.07654850185
curobo,99,0.99235636,1.685331345,-0.9878254533,-1.732557178,-0.5841725469,0.9677202106,-0.07654850185
curobo,99,0.02244909108,1.157637119,0.02579198591,-1.549573898,-0.9655247927,0.258711338,0.7622014284
curobo,99,0.02244909108,1.157637119,0.02579198591,-1.549573898,-0.9655247927,0.258711338,0.7622014284
curobo,99,0.02244909108,1.157637119,0.02579198591,-1.549573898,-0.9655247927,0.258711338,0.7622014284
curobo,99,0.5728824139,1.284163475,-0.5668630004,-1.654054165,-0.8355122209,0.6315279603,0.3283089101
curobo,99,0.5728824139,1.284163475,-0.5668630004,-1.654054165,-0.8355122209,0.6315279603,0.3283089101
curobo,99,0.4258979857,1.215685844,-0.4115884304,-1.628243089,-0.8881083131,0.5276098251,0.4415394068
curobo,99,1.041618228,1.759274364,-1.032849431,-1.742278934,-0.5398046374,1.009662032,-0.1388361156
curobo,99,1.041618228,1.759274364,-1.032849431,-1.742278934,-0.5398046374,1.009662032,-0.1388361156
curobo,99,1.041618228,1.759274364,-1.032849431,-1.742278934,-0.5398046374,1.009662032,-0.1388361156
curobo,99,-2.413910866,-1.39125061,2.414306164,-1.68183279,-0.7637834549,0.7484858036,0.1984075457
curobo,99,-2.413910866,-1.39125061,2.414306164,-1.68183279,-0.7637834549,0.7484858036,0.1984075457
curobo,99,2.39598012,-1.483182907,-2.525392532,-1.44888103,0.877837956,0.04625236988,-2.834151506
