solver,pose_id,q1,q2,q3,q4,q5,q6,q7
groundtruth,0,0.3169605306,-1.06899498,-2.794018996,-2.210791226,-0.1706264089,2.529747792,0.5699225335
groundtruth,0,1.169618622,-1.03058088,2.897078544,-2.14845665,0.9033888134,2.273323956,-0.1398403376
groundtruth,0,2.102610079,-1.724818313,2.180201713,-2.101807782,1.748183689,1.324573063,-0.3331297895
groundtruth,0,-2.894706558,1.093924257,0.3889062381,-2.206139884,-0.2815973303,2.515619727,0.6464825537
groundtruth,0,2.89285083,1.393576459,0.6941894267,-2.1387386,-0.9869656134,2.212220998,1.086774484
groundtruth,0,-2.804656772,1.062571709,0.3357786067,-2.21169839,-0.1389959493,2.532431654,0.5479904985
groundtruth,0,0.4004839241,-1.044054974,-2.843568125,-2.213372436,-0.03895367409,2.537268386,0.478434119
groundtruth,0,2.543895897,1.762799978,0.8932462577,-2.102229413,-1.385484821,1.800439291,1.234243226
groundtruth,0,-2.126607224,1.002520283,-0.1226337481,-2.165519132,0.7553765815,2.362059348,-0.05414750437
groundtruth,0,2.081067749,-1.695069574,2.192580678,-2.100623066,1.723369657,1.356083812,-0.3375356487
groundtruth,0,2.595480813,1.700042128,0.8679154727,-2.105589933,-1.329606286,1.869411417,1.221593501
groundtruth,0,2.624090678,1.666279262,0.8530116356,-2.107803742,-1.298279384,1.906712007,1.213189984
groundtruth,0,2.595425395,1.700108705,0.86794308,-2.105584893,-1.329666792,1.869338144,1.221608034
groundtruth,0,2.1295611,-1.762799978,2.165506685,-2.103569582,1.780050783,1.284905911,-0.3265493233
groundtruth,0,-1.667872373,1.141342288,-0.4919846293,-2.11944905,1.165020291,2.052616748,-0.2651767666
groundtruth,0,1.953568294,-1.532780768,2.27484565,-2.096975379,1.586544038,1.534885587,-0.349013307
groundtruth,0,2.129573645,-1.762799978,2.165500127,-2.103570329,1.780065796,1.284887265,-0.3265459055
groundtruth,0,-1.082198844,1.665764219,-0.9360500044,-2.099621839,1.698981708,1.387483237,-0.3412439372
groundtruth,0,0.2743954661,-1.083682646,-2.768927212,-2.20825364,-0.2380879572,2.522126256,0.6165497762
groundtruth,0,0.3070022785,-1.072307402,-2.788147243,-2.210272758,-0.1864140774,2.528200145,0.5808531237
groundtruth,0,1.246393045,-1.051053526,2.835230859,-2.140447008,0.9721365462,2.22366715,-0.1765243482
groundtruth,0,2.837121317,1.443206992,0.7289269425,-2.13106357,-1.054683515,2.156332441,1.119951902
groundtruth,0,-1.646719674,1.152295925,-0.5093015424,-2.117725683,1.182562464,2.034668765,-0.271963459
groundtruth,0,1.286076243,-1.063481934,2.803021602,-2.136468114,1.006746075,2.196483359,-0.1940898214
groundtruth,0,2.696576542,1.584556561,0.8130021067,-2.11446556,-1.217633893,1.997582185,1.187458213
groundtruth,0,2.009273214,-1.600572978,2.237255584,-2.097998276,1.644642307,1.458717242,-0.3472354165
groundtruth,0,-2.059211183,1.012684576,-0.1752314569,-2.157964008,0.8216963821,2.325215295,-0.09354828009
groundtruth,0,-0.2154249559,-1.365625706,-2.468358048,-2.143543545,-0.9454702525,2.243602723,1.06520926
groundtruth,0,-2.888265713,1.091456538,0.3850854354,-2.206705275,-0.2714327233,2.517384341,0.6395083337
groundtruth,0,-2.897300005,1.094923086,0.3904330171,-2.205974656,-0.285747977,2.515144391,0.649333675
groundtruth,0,-0.355647143,-1.491988817,-2.381320369,-2.124512941,-1.115208781,2.101401196,1.147233439
groundtruth,0,2.543886043,1.762799978,0.8932529095,-2.102236101,-1.385493882,1.800409817,1.234246477
groundtruth,0,2.897046304,1.38999103,0.6915572672,-2.139333236,-0.9817759417,2.216246024,1.084124649
groundtruth,0,-1.469354036,1.264562341,-0.6531852966,-2.105505634,1.330680941,1.868066516,-0.319229937
groundtruth,0,-1.027145295,1.741392154,-0.9679534192,-2.102544513,1.762058763,1.307198854,-0.3303887806
groundtruth,0,1.300499274,-1.068327171,2.791283084,-2.135049529,1.019195783,2.186337206,-0.2002475779
groundtruth,0,2.129574888,-1.762799978,2.165499471,-2.103570418,1.780067288,1.284885429,-0.3265455739
groundtruth,0,0.1405904711,-1.13914767,-2.689536654,-2.195421862,-0.4474724572,2.480893351,0.7591184033
groundtruth,0,0.357962229,-1.056128917,-2.81825903,-2.212454211,-0.1057753408,2.534651207,0.5249202364
groundtruth,0,2.650511538,1.635828967,0.8387630994,-2.11007712,-1.269106316,1.940485319,1.204560854
groundtruth,0,1.929071011,-1.504356545,2.292145991,-2.09718892,1.562945366,1.567732652,-0.3501959151
groundtruth,0,-0.1405492472,-1.307333949,-2.51567196,-2.154767247,-0.848652691,2.308588131,1.012197291
groundtruth,0,0.3567585817,-1.05649007,-2.817550824,-2.212415155,-0.1076993301,2.534545264,0.526266016
groundtruth,0,1.442662846,-1.126106718,2.675038126,-2.122025095,1.139209041,2.078297647,-0.2547232673
groundtruth,0,-0.214216149,-1.364634968,-2.469120088,-2.143720777,-0.943949719,2.244713312,1.064402487
groundtruth,0,-1.459238813,1.272151085,-0.6612559975,-2.104969934,1.339294566,1.857680568,-0.3213701935
groundtruth,0,2.844129486,1.436766973,0.7245875916,-2.131999695,-1.046275517,2.163587727,1.115977809
groundtruth,0,-0.5976820864,-1.762799978,-2.248357991,-2.102223086,-1.385477002,1.800468966,1.234230984
groundtruth,0,-0.04538220502,-1.241857708,-2.575543315,-2.169388403,-0.7204311401,2.379700823,0.93546731
groundtruth,0,-0.02086322881,-1.226471819,-2.590839669,-2.173109462,-0.6860137353,2.395930114,0.9141278252
groundtruth,1,1.633431341,0.9337445227,2.081866989,-1.629936428,-1.350554808,1.852129057,1.756169065
groundtruth,1,2.765870083,-0.1248529599,0.1543580151,-1.723402937,-0.01713769793,2.412034225,1.139556367
groundtruth,1,0.0652844039,-1.749111716,0.1970946228,-1.707530126,2.70989996,0.9232976178,0.8722634324
groundtruth,1,0.2671424368,-1.687273655,0.3587377129,-1.684279226,2.435514125,1.023360551,0.7252132068
groundtruth,1,-0.6693903746,0.1362837407,-2.71699609,-1.72321592,0.04886942987,2.411460389,1.099428768
groundtruth,1,2.549870261,-0.1320510919,0.3535455209,-1.723347397,0.03025229547,2.411863953,1.11074291
groundtruth,1,0.9280398251,-1.164731861,0.9338789027,-1.624785007,1.555932791,1.672682317,0.4847488428
groundtruth,1,-0.497846506,-1.741368037,-0.2256802684,-1.71088634,-2.760120673,0.9105475701,1.357232339
groundtruth,1,-1.872481426,0.6935508817,-1.98457601,-1.65609376,0.9953684476,2.116202173,0.5981444248
groundtruth,1,1.194296444,-0.7988627482,1.12487742,-1.644556641,1.126365615,2.027888693,0.5538556324
groundtruth,1,1.326812639,-0.6167579803,1.171881034,-1.665760919,0.8949479596,2.175806312,0.6381305588
groundtruth,1,1.29573625,-0.657480568,1.165019924,-1.660519784,0.9487910657,2.144738758,0.6160840171
groundtruth,1,1.704855918,-0.2895317547,1.061440763,-1.710122025,0.3933748352,2.369005525,0.8941797494
groundtruth,1,-2.320437831,1.289206691,-2.300177981,-1.626810101,1.708756062,1.536048105,0.4915476699
groundtruth,1,0.8743318062,-1.229320804,0.8879038398,-1.625182493,1.633886026,1.602822843,0.4861142873
groundtruth,1,0.8721014427,-1.231994211,0.8859374553,-1.625448273,1.637805711,1.5999585,0.4851393194
groundtruth,1,-1.768705263,-0.5776057012,-1.172113254,-1.663397711,-0.9192556498,2.162040327,1.630256202
groundtruth,1,-0.7808095368,-1.635441444,-0.4504925286,-1.67771127,-2.367828423,1.056276228,1.56586449
groundtruth,1,2.223026173,-0.1578738765,0.6487347458,-1.722171858,0.1188290289,2.408241154,1.056996431
groundtruth,1,0.2109062788,0.1336172593,2.753697036,-1.721661736,-0.1413265485,2.406659084,1.214880065
groundtruth,1,0.8174048992,-1.293274665,0.8381100361,-1.626967819,1.713959814,1.531439104,0.492073746
groundtruth,1,1.490981636,-0.4352812925,1.163099004,-1.690884653,0.6348430974,2.296822282,0.7615331722
groundtruth,1,-2.01643459,0.898129942,-2.057147336,-1.635833052,1.244770524,1.938505996,0.5224856359
groundtruth,1,0.2206543255,-1.704826491,0.3206589032,-1.690095179,2.497488477,0.9961319706,0.7566160112
groundtruth,1,-1.438163698,0.2902261296,-2.079245876,-1.71004004,0.3946203016,2.368726473,0.893463454
groundtruth,1,1.373932391,-0.5584459105,1.177042911,-1.67362639,0.8152298468,2.218004191,0.6731552451
groundtruth,1,1.633474929,-0.3283558966,1.103625245,-1.705396408,0.4613815489,2.352461828,0.8554670318
groundtruth,1,2.848941035,-0.1236383058,0.07739342385,-1.723324815,-0.03434945241,2.411793395,1.150020244
groundtruth,1,-2.831703081,-0.1397061484,-0.4780472945,-1.720994684,-0.1656180981,2.404578916,1.229529333
groundtruth,1,-2.441549559,-0.1872265484,-0.820509846,-1.715930793,-0.2927529753,2.38841588,1.305413415
groundtruth,1,-0.6127740894,0.1331024909,-2.768749866,-1.723318531,0.03519167854,2.411775398,1.107740584
groundtruth,1,-2.081652619,0.9903997813,-2.102468396,-1.629876514,1.352342824,1.850621108,0.5018362873
groundtruth,1,0.3712164652,0.1444016521,2.608133612,-1.720500615,-0.1817830901,2.403031041,1.239258145
groundtruth,1,0.4772928511,-1.580399169,0.5369572887,-1.657564222,2.161769173,1.177035127,0.6040152379
groundtruth,1,0.1862737736,0.1323560539,2.776248262,-1.721799468,-0.1355580399,2.407077756,1.211390981
groundtruth,1,-1.649221763,-0.7345247647,-1.139686087,-1.645296371,-1.117210271,2.034426918,1.701631198
groundtruth,1,1.748710402,-0.2695095602,1.032627608,-1.712419587,0.3570784026,2.376739184,0.9150597616
groundtruth,1,-2.074825759,-0.3111601046,-1.089016425,-1.700396194,-0.525749846,2.334140494,1.438568579
groundtruth,1,0.7940676167,-1.31812496,0.817491116,-1.628061594,1.746126076,1.503074393,0.4957534283
groundtruth,1,-1.012427562,0.1703285931,-2.41078014,-1.721394064,0.1513448264,2.405825126,1.037347804
groundtruth,1,-0.7578493851,0.1424957835,-2.636660089,-1.723322806,0.07292685249,2.411702434,1.084280391
groundtruth,1,0.5239551758,0.1600018453,2.472204052,-1.71914278,-0.2280477914,2.398643737,1.266598931
groundtruth,1,1.778538469,1.128318684,2.19228738,-1.624754762,-1.574734269,1.655843426,1.773594858
groundtruth,1,-1.992709207,0.8640889394,-2.042272895,-1.638565473,1.204578373,1.969784691,0.5321567245
groundtruth,1,0.4669947658,-1.586752369,0.5280188575,-1.658810903,2.175030956,1.168335832,0.6091134019
groundtruth,1,-1.645769073,0.4309847563,-1.979842843,-1.691568833,0.6281050506,2.299541766,0.7649302688
groundtruth,1,2.848350005,-0.1236436653,0.07794182177,-1.723324511,-0.03422683326,2.411793748,1.149945081
groundtruth,1,1.27261331,-0.688752455,1.158177944,-1.656669864,0.9892285176,2.120051473,0.6004467844
groundtruth,1,0.5545887246,0.163830303,2.445385273,-1.718468767,-0.2373204864,2.396594958,1.272521791
groundtruth,1,2.297260157,-0.1499276662,0.5827444555,-1.7226092,0.09590500416,2.409592919,1.070880965
groundtruth,2,0.8750989594,1.148993098,0.1486458965,-1.244367058,-0.4017884324,2.529984485,1.983660509
groundtruth,2,-1.577596462,-1.414714148,2.257133581,-1.187796907,1.079512873,2.31732584,1.328017472
groundtruth,2,1.385834246,1.251661858,-0.5540806762,-1.225253439,0.6487775649,2.474964007,1.470221294
groundtruth,2,1.189140563,1.164516921,-0.2680903581,-1.253491625,0.227275986,2.55310039,1.665599873
groundtruth,2,-1.423122415,-1.762799978,1.744872623,-1.168317352,1.666800799,2.001787046,1.270428097
groundtruth,2,1.423606563,1.277652356,-0.6160862546,-1.217679747,0.7341095949,2.449862241,1.436422024
groundtruth,2,1.317478098,1.213050606,-0.4488903347,-1.237536646,0.4987727256,2.511505601,1.535066758
groundtruth,2,-1.803096762,-1.223854767,2.661202464,-1.234006826,0.5443760873,2.50142868,1.514686764
groundtruth,2,0.3458108224,1.550799111,1.126147926,-1.167492984,-1.5585006,2.065517168,2.295593332
groundtruth,2,1.422054613,1.276509454,-0.6134734025,-1.21800207,0.7305599382,2.45096957,1.437777698
groundtruth,2,1.443608267,1.292955497,-0.65028847,-1.213512985,0.7802160133,2.435008268,1.419209523
groundtruth,2,-2.377724815,-1.176497957,-2.834935932,-1.228047096,-0.6169092396,2.48355668,2.080304202
groundtruth,2,-1.8561081,-1.198235515,2.73946297,-1.242465852,0.4299723495,2.524887334,1.56703863
groundtruth,2,-1.970153541,-1.159947061,2.897300005,-1.254815657,0.1906006915,2.556316403,1.68411249
groundtruth,2,0.2787809987,1.762382584,1.419051681,-1.17548362,-1.871341578,1.879891346,2.272996811
groundtruth,2,-2.710779313,-1.412222879,-2.241156244,-1.173347653,-1.31472051,2.201585026,2.279175229
groundtruth,2,1.307869647,1.20840044,-0.4347036383,-1.239079302,0.4780464708,2.515791715,1.544504571
groundtruth,2,1.095259666,1.145540757,-0.1434527154,-1.257962035,0.03357415269,2.563819117,1.763910461
groundtruth,2,-1.477142433,-1.585128922,1.989800326,-1.170283373,1.394648034,2.158449525,1.275909836
groundtruth,2,-1.671982815,-1.314637425,2.445197399,-1.207972919,0.8413274872,2.413935301,1.397613883
groundtruth,2,0.396892403,1.459770664,0.9825565127,-1.170002192,-1.403920898,2.153340712,2.288628869
groundtruth,2,-1.706324143,-1.286438227,2.505688802,-1.21525926,0.7609064797,2.441338247,1.426325184
groundtruth,2,0.990442793,1.139002242,-0.006050387552,-1.255293404,-0.1756499023,2.557465603,1.872039888
groundtruth,2,1.049625703,1.140859164,-0.08366892633,-1.257719907,-0.05756921045,2.563238117,1.811558413
groundtruth,2,-1.928296333,-1.171535566,2.840647663,-1.251339018,0.2775171651,2.547790043,1.640559124
groundtruth,2,0.4579426142,1.379182733,0.8396333105,-1.176848927,-1.24911886,2.23629066,2.270271931
groundtruth,2,1.180341955,1.162185887,-0.2562283648,-1.25417761,0.2090262372,2.554771155,1.674794088
groundtruth,2,0.9511878106,1.140375731,0.04589751723,-1.252420276,-0.2531505749,2.55048697,1.911106306
groundtruth,2,-1.435263789,-1.707813063,1.818590255,-1.167500141,1.586304901,2.049284822,1.268167955
groundtruth,2,0.9556218604,1.140116136,0.0400016318,-1.252792724,-0.2444278746,2.551399557,1.906744072
groundtruth,2,0.5711202556,1.275604886,0.6179340081,-1.194250144,-0.998559471,2.352667514,2.214808701
groundtruth,2,-2.348135237,-1.167405442,-2.878023613,-1.232607401,-0.5594068844,2.497289796,2.055329721
groundtruth,2,-1.757675308,-1.250444531,2.590582475,-1.225596407,0.6445708585,2.476099551,1.471890131
groundtruth,2,-2.860987343,-1.752246935,-1.735797291,-1.174770657,-1.857241358,1.888258559,2.275060635
groundtruth,2,0.5145535096,1.321680356,0.7235840895,-1.184903722,-1.119055408,2.299184488,2.24486373
groundtruth,2,0.7524493028,1.180434778,0.3235835565,-1.226102862,-0.638984279,2.477645148,2.089485403
groundtruth,2,0.5592906069,1.284426419,0.6393051535,-1.19225298,-1.023216202,2.342174544,2.221497965
groundtruth,2,0.997774269,1.138969668,-0.0156986817,-1.255734079,-0.1611078944,2.558498328,1.864643805
groundtruth,2,-1.424206344,-1.757256334,1.752221087,-1.168259699,1.659904842,2.006278855,1.269693239
groundtruth,2,1.189066348,1.16449486,-0.2680108381,-1.253514814,0.2270245211,2.55313148,1.665801297
groundtruth,2,1.096954892,1.145772139,-0.1456552423,-1.25785006,0.03751456094,2.563512307,1.763500828
groundtruth,2,-1.550482234,-1.451837801,2.194528783,-1.182335924,1.156293605,2.28176562,1.309947535
groundtruth,2,1.370145389,1.241893489,-0.5292070241,-1.228253668,0.6139017402,2.484323981,1.484714951
groundtruth,2,1.705323348,1.703927917,-1.317741652,-1.167488027,1.580515227,2.052673634,1.268130564
groundtruth,2,1.486801696,1.330178419,-0.7280075879,-1.204284182,0.8825472871,2.398879907,1.383889673
groundtruth,2,0.3613623964,1.51988008,1.079050462,-1.167838389,-1.507938181,2.09473722,2.294635777
groundtruth,2,0.5971405454,1.257507109,0.5720447805,-1.198775325,-0.9450833979,2.37462102,2.199409241
groundtruth,2,1.556010892,1.404559201,-0.8668579003,-1.189544988,1.057904272,2.327016682,1.333284548
groundtruth,2,0.5069972652,1.328646661,0.7384079753,-1.183703173,-1.135692863,2.291367737,2.248483031
groundtruth,2,0.7704005878,1.174388254,0.2970490774,-1.229069177,-0.604283064,2.486813743,2.074959916
groundtruth,3,0.4207526306,0.7114121107,-0.9160312628,-0.7290013489,-1.314471475,2.63017894,2.830410351
groundtruth,3,-0.3559506684,0.692899343,0.8932027006,-0.7898228102,-2.445045309,2.233375819,2.697358338
groundtruth,3,-0.2601017216,1.418422384,2.483160416,-0.7964358199,2.501318185,2.215261181,2.093132672
groundtruth,3,0.147637041,1.485088247,-2.894626156,-0.7223754073,1.635855695,2.524375442,1.929181566
groundtruth,3,0.1890943654,0.611726301,-0.3159379652,-0.7252776397,-1.747035653,2.4853723,2.836621371
groundtruth,3,-0.341574236,1.351716543,2.29434841,-0.8154726069,2.677099325,2.165154435,2.162929952
groundtruth,3,0.4855381668,1.245023944,-2.042792027,-0.8148576793,0.4714955744,2.831186075,2.159926107
groundtruth,3,-0.3906466059,0.7198290707,0.9901998579,-0.7969982998,-2.506326887,2.213696242,2.675618397
groundtruth,3,-0.4272928113,1.242269068,2.060466066,-0.833074294,2.897500038,2.120997689,2.263874103
groundtruth,3,0.5513724363,1.106054115,-1.823828673,-0.8401329799,-0.04132730802,2.86481397,2.406174184
groundtruth,3,0.4852139518,1.245441247,-2.043593805,-0.8146397607,0.4731546858,2.830929358,2.159234017
groundtruth,3,-2.790338334,-1.384765065,0.7527927472,-0.7503120834,1.045045492,2.709244737,1.9783431
groundtruth,3,-0.3106063797,1.380264826,2.368239587,-0.8083697004,2.608043338,2.18351562,2.134209448
groundtruth,3,0.5112107315,1.203405203,-1.970729206,-0.8284695397,0.3139843244,2.849912788,2.230502467
groundtruth,3,-2.578744985,-1.048257741,1.403753892,-0.8332037299,-0.2417113988,2.856069827,2.505670965
groundtruth,3,-2.578192679,-1.043661789,1.410837837,-0.8323057461,-0.2572703026,2.85488993,2.513169812
groundtruth,3,-0.5031437164,0.9415925858,1.523460862,-0.8330744989,-2.897500038,2.120997183,2.506714403
groundtruth,3,-0.1435022613,1.476097177,2.736644165,-0.7688013363,2.267274913,2.294973577,2.018793249
groundtruth,3,2.742974781,-1.285267516,-0.9958408001,-0.8277141769,2.817092236,2.134017798,2.225894447
groundtruth,3,0.5640821156,1.036684361,-1.719870374,-0.8307775065,-0.2807706716,2.852936135,2.524404171
groundtruth,3,-2.818416138,-1.404764043,0.6813914864,-0.7415141784,1.138593511,2.682877257,1.962287702
groundtruth,3,0.5592583909,1.07172045,-1.773340055,-0.8371190411,-0.1614254108,2.861051327,2.466347763
groundtruth,3,0.3409934821,0.6624778916,-0.6867847975,-0.7224868265,-1.495713334,2.571865377,2.841131714
groundtruth,3,0.5172865188,1.192114448,-1.95253811,-0.8313855925,0.2717893538,2.853707078,2.25046355
groundtruth,3,2.87144383,-0.646594796,-2.461550347,-0.7746714849,-2.317478826,2.277041439,2.73773758
groundtruth,3,2.763932865,-1.31219867,-0.9386722459,-0.8233837964,2.763041359,2.145127107,2.200756892
groundtruth,3,-2.768775937,-1.367664274,0.8077477311,-0.7583073109,0.967684494,2.72964959,1.99553889
groundtruth,3,-2.619078039,-1.181727558,1.205383019,-0.8336854683,0.23320427,2.856689768,2.269037472
groundtruth,3,0.5220419774,0.8279305966,-1.296742364,-0.7613093148,-0.940437324,2.736646364,2.768646438
groundtruth,3,0.4970216615,1.227427092,-2.011249702,-0.821104459,0.4045264231,2.840007514,2.189099251
groundtruth,3,-0.3317559128,1.361253211,2.318153334,-0.8132501426,2.654811495,2.170871,2.153488712
groundtruth,3,0.5197813538,0.8238793007,-1.285882467,-0.7599193322,-0.9529186097,2.733454374,2.771613013
groundtruth,3,0.3837158102,1.358434654,-2.306042536,-0.7627494757,0.927447725,2.739922817,2.005121015
groundtruth,3,-0.3505351898,1.34258669,2.272266402,-0.8174759069,2.69780639,2.160029937,2.171844396
groundtruth,3,0.5128786117,0.8121822224,-1.253796231,-0.7560119781,-0.9890613487,2.724070853,2.779867788
groundtruth,3,-2.5937457,-1.118269932,1.299969543,-0.8404246457,0.002091067251,2.865113528,2.384236748
groundtruth,3,0.4820826494,1.249931584,-2.051963646,-0.8128760485,0.4903836416,2.828423165,2.151978102
groundtruth,3,-2.576084623,-0.9898485222,1.498578381,-0.8182803526,-0.435303249,2.836096378,2.595056301
groundtruth,3,-0.3119352624,0.6662793659,0.7803315097,-0.7816677435,-2.376449619,2.256469749,2.719905075
groundtruth,3,0.02049856682,0.5943380726,0.05110131191,-0.7383228496,-1.964426303,2.406449819,2.814189355
groundtruth,3,-2.57668273,-0.9772379037,1.520628696,-0.8143341574,-0.4760007088,2.830512475,2.612555261
groundtruth,3,-0.06908800076,0.5984292496,0.2400746248,-0.7476662907,-2.070295809,2.367268118,2.796632696
groundtruth,3,-2.778060208,-0.674185745,2.393486959,-0.7234885879,-1.449587059,2.587057934,2.83953024
groundtruth,3,-2.606979,-1.154880352,1.246202319,-0.8381112258,0.1344145933,2.862280203,2.317664225
groundtruth,3,-0.3756576528,0.7074059398,0.9471858731,-0.7938070112,-2.478856701,2.222392918,2.68554799
groundtruth,3,0.4620127836,1.276827942,-2.104955365,-0.8016506323,0.5945420062,2.811617824,2.11022309
groundtruth,3,-2.673037325,-1.268422056,1.053762879,-0.8053012574,0.5617848818,2.817219731,2.122939218
groundtruth,3,0.3300064848,0.6572043096,-0.6575974034,-0.7222546824,-1.517193955,2.564731186,2.841665896
groundtruth,3,-0.3402986317,1.352978555,2.297456987,-0.8151810451,2.674185523,2.1658919,2.161687821
groundtruth,3,-0.3513307891,1.341755819,2.270288426,-0.8176528037,2.69966288,2.159579402,2.172649984
groundtruth,4,0.7316740781,0.1038743907,2.400978471,-0.5889122107,0.4609083451,3.250282197,2.637180695
groundtruth,4,0.3598443541,-0.3161540734,0.9480281358,-0.3419194975,2.294037564,2.906324017,2.643981218
groundtruth,4,-2.482708833,-0.02146455936,-0.8339470406,-0.4737880525,0.7492487353,3.183413016,2.52294812
groundtruth,4,-2.034474934,-0.1891690927,-1.12708406,-0.6043428089,-0.4115617332,3.258106145,-2.812860731
groundtruth,4,-0.9441688195,-0.4798531987,-0.4389303404,-0.383036117,-2.262649287,2.906615638,-2.713720936
groundtruth,4,-1.235805353,-0.2538243962,-1.512633648,-0.3241491439,-0.795748308,3.107552985,-2.827497519
groundtruth,4,-0.9720145769,-0.5037207129,-0.4095378572,-0.4261481114,-2.304826252,2.893214152,-2.673988358
groundtruth,4,2.169654624,0.5043822247,2.733429659,-0.4271674482,-2.306689624,2.892703215,-2.673551188
groundtruth,4,-0.9205103081,-0.4725594794,-0.4366945196,-0.3665532342,-2.263698426,2.908251491,-2.737429915
groundtruth,4,-1.784001035,-0.2165922534,-1.280841392,-0.5219972224,-0.6407079151,3.212987388,-2.683887891
groundtruth,4,-2.349242303,-0.1482874292,-0.7811808772,-0.6544614016,0.1884432571,3.281408155,2.874408742
groundtruth,4,-1.987855196,-0.19349285,-1.162332782,-0.5896868939,-0.4588218834,3.250676195,-2.77836108
groundtruth,4,2.190843921,0.542630313,2.811592196,-0.4840535947,-2.413169633,2.860044194,-2.663818511
groundtruth,4,0.2077637627,-0.5513279346,0.4067796278,-0.6371211944,2.857233227,2.718028116,2.781428231
groundtruth,4,-0.9272180648,-0.4742770782,-0.4382078461,-0.370680234,-2.262235073,2.908046347,-2.731002253
groundtruth,4,-2.654852885,0.3132419257,-2.216140172,-0.3846249184,2.26327172,2.906326902,2.57197748
groundtruth,4,-2.85491942,0.02116943394,-0.5768998083,-0.4179355419,0.8485281141,3.148728183,2.539382853
groundtruth,4,0.5744001456,-0.3629086978,0.7522989361,-0.4773192801,2.399739413,2.864409122,2.523382717
groundtruth,4,-0.961201099,-0.5321443078,-0.3525834372,-0.4690410369,-2.382546461,2.869812881,-2.66242517
groundtruth,4,-2.706592259,0.4659843624,-2.590953583,-0.5779792633,2.649682125,2.780577615,2.616739378
groundtruth,4,0.4295743705,-0.3118602061,0.9473068449,-0.3626454006,2.265805181,2.90833604,2.604012729
groundtruth,4,1.070563315,0.1860406523,2.044406293,-0.615570458,-0.3723405478,3.263606787,-2.844036879
groundtruth,4,0.747779886,0.1170499383,2.398685274,-0.6087447795,0.3969491413,3.260284634,2.684364168
groundtruth,4,0.1936425212,-0.5555487155,0.3991037141,-0.6395247689,2.868520051,2.715296208,2.791944055
groundtruth,4,2.082947815,0.002283654544,0.8260369111,-0.4458367864,0.8048124587,3.165769304,2.525447578
groundtruth,4,-2.355414559,-0.1448385601,-0.7732316307,-0.6498608066,0.2177949791,3.279404578,2.845171681
groundtruth,4,1.750119971,0.262147589,1.750564937,-0.3800333102,-0.8796035839,3.127825072,-2.717682913
groundtruth,4,1.022499023,0.1821781928,2.086877883,-0.6298844097,-0.316401851,3.270383852,-2.892050145
groundtruth,4,2.187982561,0.4841490415,2.705028471,-0.3917644481,-2.266616301,2.904939561,-2.703096415
groundtruth,4,0.7410826842,0.1114945543,2.400165335,-0.6003465103,0.4248384484,3.256109708,2.663031336
groundtruth,4,-0.9310241671,-0.5558698349,-0.299119901,-0.5023391631,-2.454721744,2.846590101,-2.671169556
groundtruth,4,-0.9607311876,-0.4888435712,-0.431692637,-0.4005849037,-2.273736155,2.902572661,-2.694002868
groundtruth,4,0.3456868284,-0.5043175107,0.4872453675,-0.6071229144,2.739440209,2.750991604,2.680366851
groundtruth,4,-0.9324909197,-0.4757964069,-0.4389589559,-0.3741893239,-2.261663361,2.907760565,-2.725805818
groundtruth,4,1.343850348,0.2148476623,1.866977054,-0.5267171833,-0.6294190005,3.215778416,-2.687699473
groundtruth,4,-2.896232643,0.01328391724,-0.5134146086,-0.4285490275,0.8327162492,3.155174431,2.533044938
groundtruth,4,-2.392902682,-0.1175568153,-0.7434263452,-0.6094953815,0.3940010482,3.260651431,2.686767946
groundtruth,4,0.4817411416,-0.4427262532,0.5902549366,-0.5589907008,2.594902241,2.798844981,2.584716171
groundtruth,4,0.5752986654,-0.3530762812,0.7779296505,-0.4646222638,2.373638034,2.872582221,2.522674394
groundtruth,4,2.178758147,0.5304670849,2.785306339,-0.4666629338,-2.377548224,2.871336187,-2.662245442
groundtruth,4,-2.856935812,0.02609208592,-0.5883761086,-0.4112296445,0.8565945011,3.14480654,2.544741175
groundtruth,4,0.759347313,0.126041005,2.393303208,-0.6223313713,0.3469089227,3.266840758,2.725609569
groundtruth,4,1.023062317,0.1822301501,2.086348897,-0.629722965,-0.3171679623,3.270309545,-2.891353805
groundtruth,4,-2.493436649,-0.02971537977,-0.8021368614,-0.4847628667,0.725953707,3.19027136,2.524844709
groundtruth,4,-0.5322117561,-0.1223105669,-2.847489158,-0.279536488,0.4487083407,3.103780402,2.874499007
groundtruth,4,0.2840513281,-0.01753040631,2.577211892,-0.4228898143,0.8422947382,3.151655222,2.535759535
groundtruth,4,-2.660870544,0.3127978148,-2.212713624,-0.3819914413,2.262440734,2.906772168,2.575316216
groundtruth,4,1.066154363,0.1856804851,2.04815268,-0.6169061026,-0.367478342,3.264249887,-2.848050146
groundtruth,4,-2.389180729,-0.1205221148,-0.7448380964,-0.613981305,0.3781013624,3.262838083,2.699550859
groundtruth,4,0.4974310133,-0.4338432704,0.6058893111,-0.551181424,2.574032288,2.806015987,2.574079351
groundtruth,5,-0.9985037586,1.604328653,-2.793209127,-2.94841332,-1.697000232,2.92035885,-0.5357566053
groundtruth,5,-1.378518728,1.686176696,-2.671551958,-2.757874083,-2.285192852,3.290652561,0.2935073952
groundtruth,5,-1.306436223,1.666798425,-2.078905687,-2.849670215,1.934172219,3.260552264,2.894414248
groundtruth,5,1.771852476,-1.694565729,0.4382180334,-2.795314876,-2.135333972,3.281301238,0.1092884804
groundtruth,5,1.835126425,-1.666166489,1.062125936,-2.848646888,1.937806192,3.261129003,2.890060893
groundtruth,5,-1.21179679,1.657847014,-2.125282562,-3.070885891,0.9509014522,3.330680523,-2.460743946
groundtruth,5,1.947170495,-1.551365368,1.05702921,-2.978407484,1.372582447,3.406939953,-2.864121832
groundtruth,5,-1.380592025,1.675078357,-2.62897223,-2.720900266,-2.455539196,3.295385356,0.5040388017
groundtruth,5,-1.378125914,1.655308075,-2.524816876,-2.666323763,-2.802409491,3.301970269,0.9443766179
groundtruth,5,2.446730287,-1.513721619,0.2761262242,-2.969649706,-1.741655241,2.622516318,-0.6213852773
groundtruth,5,0.5537691025,1.505337381,2.897151854,-3.060146421,-2.130090002,1.479539204,-1.008749715
groundtruth,5,-2.581120551,-1.507319438,-0.2477968405,-3.060832898,-2.133877432,1.473647494,-1.012001837
groundtruth,5,1.930747419,-1.619911741,1.049144542,-3.027366828,1.175533164,3.350089478,-2.659688991
groundtruth,5,1.774330353,-1.696461453,0.4318973334,-2.804208022,-2.101187782,3.278854158,0.0680232103
groundtruth,5,0.5889392805,1.516064372,2.879493222,-3.063813207,-2.150358158,1.448668241,-1.026140394
groundtruth,5,-1.372702527,1.691721266,-2.693714622,-2.782822544,-2.184342932,3.2843587,0.1687909064
groundtruth,5,2.889977285,-1.433849529,0.1207616347,-2.997209437,-1.837473699,2.203530991,-0.7340544855
groundtruth,5,1.76086047,-1.674077177,0.5170516005,-2.717645867,-2.471835896,3.295833768,0.5244778626
groundtruth,5,2.529919909,-1.493364379,0.2509008584,-2.974860782,-1.75748679,2.542321293,-0.6425126478
groundtruth,5,-2.549967724,-1.516924643,-0.2634468181,-3.064108778,-2.151960673,1.44631308,-1.027504236
groundtruth,5,2.268814057,-1.564154119,0.3225029778,-2.957898592,-1.712104481,2.796232086,-0.5739290236
groundtruth,5,2.122706185,-1.611086892,0.3520099504,-2.946689296,-1.695340166,2.940542945,-0.5288297027
groundtruth,5,2.895314701,-1.433348391,0.1186200122,-2.997549147,-1.838805109,2.198604712,-0.7354604013
groundtruth,5,-1.363097498,1.698963497,-2.717995222,-2.816931981,-2.053246431,3.274872875,0.01032201183
groundtruth,5,-1.356277917,1.633170353,-2.326955558,-2.657603276,2.894631144,3.302864023,1.699350896
groundtruth,5,1.793099378,-1.630747499,0.8627661654,-2.672738719,2.747642976,3.30128358,1.887892061
groundtruth,5,-1.210603718,1.617139525,-2.091147439,-3.024487162,1.188663238,3.351902697,-2.67209457
groundtruth,5,-2.897300005,-1.440533115,-0.09574181774,-3.032113866,-1.988179765,1.754215857,-0.882016365
groundtruth,5,-1.202720023,1.576253449,-2.0832486,-2.991290719,1.326829421,3.384033827,-2.811420045
groundtruth,5,-1.190801024,1.541953891,-2.085651541,-2.974541334,1.385104317,3.415981669,-2.87983874
groundtruth,5,-1.211300663,1.627209576,-2.096543069,-3.035201535,1.138762823,3.345563269,-2.625513777
groundtruth,5,0.626654303,1.528404916,2.860319498,-3.06788278,-2.173350637,1.415692031,-1.045696686
groundtruth,5,1.853896901,-1.697638249,0.3872185814,-2.900750719,-1.764093415,3.204742288,-0.3437750693
groundtruth,5,-1.318140277,1.638362141,-2.134294641,-2.77203441,2.227798904,3.286709971,2.540294561
groundtruth,5,-0.9823277925,1.598999695,-2.796200194,-2.949731475,-1.698520505,2.904347773,-0.5410565858
groundtruth,5,2.834516842,-1.43974718,0.1426970221,-2.993705364,-1.82391435,2.254871524,-0.7195813449
groundtruth,5,-2.703925092,-1.474969974,-0.1874420488,-3.048800351,-2.070128399,1.58205556,-0.9562994419
groundtruth,5,-0.807836792,1.544756774,-2.834752613,-2.962332782,-1.722068106,2.732510013,-0.5918060743
groundtruth,5,1.820495902,-1.636001008,0.995301202,-2.759526691,2.279733245,3.289156196,2.476539152
groundtruth,5,-1.187207105,1.533111438,-2.086878031,-2.971297167,1.39507667,3.424615512,-2.892999058
groundtruth,5,2.889494608,-1.433895453,0.1209550377,-2.997178737,-1.837353561,2.203976642,-0.7339274691
groundtruth,5,-2.570292452,-1.51058882,-0.253221117,-3.06195743,-2.140061388,1.464137897,-1.017319458
groundtruth,5,1.929900504,-1.641027361,1.034457712,-3.051040857,1.059847092,3.338066811,-2.554495711
groundtruth,5,1.769507724,-1.692380165,0.4456218755,-2.785635933,-2.173189086,3.283705966,0.1552214649
groundtruth,5,1.761429592,-1.661886985,0.5779066855,-2.681862761,-2.679886768,3.300284769,0.7877565378
groundtruth,5,0.5551706431,1.505744052,2.896444856,-3.060286235,-2.130886005,1.478306965,-1.009424616
groundtruth,5,1.787931125,-1.632163739,0.8314795284,-2.662083672,2.843831327,3.302409996,1.764613475
groundtruth,5,1.929799809,-1.658597634,1.015372447,-3.071770672,0.9457752301,3.330393681,-2.456426661
groundtruth,5,2.730888299,-1.454050668,0.1820071419,-2.98725347,-1.79984974,2.351589331,-0.6930480748
groundtruth,5,-1.377613453,1.654110907,-2.517172933,-2.663855645,-2.825890349,3.302227282,0.9744888804
groundtruth,6,-1.982902888,0.7486831287,2.172815739,-2.791693637,-0.9398731881,2.995073002,0.04367889248
groundtruth,6,-1.839016405,0.9021650007,2.03985146,-2.746350674,-1.239237088,2.837276887,0.2472163097
groundtruth,6,-0.7434588795,-1.105768867,0.974906199,-2.724064989,1.712249712,2.009015516,-1.634723943
groundtruth,6,1.657122245,-1.708863238,-1.218623422,-2.722815608,-1.696436903,2.048336894,0.3429611189
groundtruth,6,0.8757040612,-0.609868509,-0.4347465607,-2.851191643,0.4303490646,3.082242585,-0.9631763237
groundtruth,6,-1.506008493,1.649102075,1.921062424,-2.721251745,-1.673197172,2.105871387,0.3491616622
groundtruth,6,0.8656919522,-0.3161278464,-0.7087985077,-2.390705072,-2.379578419,3.543725464,1.676755633
groundtruth,6,0.4802303841,-0.5410144652,0.02518035875,-2.761955396,1.13439664,2.910297165,-1.4773682
groundtruth,6,1.459044991,-1.187026446,-1.19139978,-2.721348661,-1.466844853,2.554901949,0.348779188
groundtruth,6,1.099188949,-0.7078922183,-0.894902305,-2.815974472,-0.7664383443,3.038909276,-0.08424997742
groundtruth,6,-1.791690583,0.4964680864,2.264770658,-2.321996223,2.897500038,3.493141024,2.75948679
groundtruth,6,-1.472134482,1.742829231,1.924567913,-2.723847671,-1.709550218,2.015659917,0.3388760439
groundtruth,6,0.1061378628,-0.5714932501,0.3598954099,-2.732857491,1.342010226,2.735524407,-1.599391896
groundtruth,6,0.6871604168,-0.5591350917,-0.17965225,-2.794554944,0.9205068707,3.001101166,-1.32624117
groundtruth,6,0.4451106036,-0.5406050158,0.05789004707,-2.758062357,1.159937028,2.894788878,-1.494253354
groundtruth,6,-0.8580767863,-1.274852161,1.020638101,-2.73125283,1.785608142,1.829404431,-1.605879091
groundtruth,6,-0.2439261307,-0.6820178401,0.648667041,-2.720409858,1.483038961,2.526057698,-1.649195156
groundtruth,6,-0.5222447215,-0.8633552608,0.8498626985,-2.718273805,1.598769799,2.284962583,-1.657630698
groundtruth,6,0.468391406,-0.5407990322,0.03624664957,-2.760605531,1.143228572,2.905076745,-1.483248573
groundtruth,6,-1.483283046,1.712142766,1.923107994,-2.722919871,-1.697685772,2.045163162,0.3425426851
groundtruth,6,-1.948737375,0.7774613826,2.136203479,-2.779070493,-1.023305482,2.964788748,0.1038083124
groundtruth,6,0.5070958483,-0.2643913597,-0.4240410676,-2.442979201,-2.114638598,3.615956741,1.41883335
groundtruth,6,-0.9589434964,-1.446286057,1.047304127,-2.740787127,1.862254,1.653953175,-1.566992767
groundtruth,6,1.494408814,-1.270402869,-1.2036645,-2.719143831,-1.511001235,2.47327619,0.3574982463
groundtruth,6,1.137411364,-0.3914621051,-0.8548974372,-2.330364608,-2.796864232,3.497826998,2.117781476
groundtruth,6,-1.798775757,0.962393023,2.011514982,-2.737502283,-1.304403065,2.77692155,0.2837919801
groundtruth,6,-1.947975142,0.7781526772,2.13542714,-2.778801334,-1.025059627,2.964066822,0.105055157
groundtruth,6,0.7030328861,-0.5618380393,-0.1969082291,-2.798075714,0.8964439663,3.00811415,-1.308578267
groundtruth,6,-2.045419854,0.7061250552,2.250857525,-2.817278234,-0.7564075455,3.040847508,-0.09171167389
groundtruth,6,-2.011546188,0.7276610791,2.206570467,-2.803061269,-0.861532203,3.01752353,-0.01380244444
groundtruth,6,0.8443501592,-0.5980896012,-0.3793901824,-2.839571133,0.5615978282,3.069860512,-1.060235996
groundtruth,6,2.090301182,1.61569097,-2.081761667,-2.752546831,1.944822559,1.486231242,-1.517893919
groundtruth,6,-1.073365021,-1.657018541,1.061165329,-2.755677717,1.966074504,1.446317485,-1.504297353
groundtruth,6,-1.466375284,1.758535524,1.925434623,-2.724339,-1.715638559,2.000566599,0.3368982191
groundtruth,6,-2.242676393,0.6194472454,2.658995336,-2.859309121,0.3088348681,3.090018454,-0.8738235831
groundtruth,6,-0.4880760025,-0.8347359945,0.8272561586,-2.718078585,1.583467693,2.31998122,-1.658400119
groundtruth,6,-1.465468466,1.760948674,1.925572726,-2.724422487,-1.716601276,1.998229296,0.3366085167
groundtruth,6,1.562596655,-1.447112353,-1.218279474,-2.718165469,-1.591704288,2.301230244,0.3613574418
groundtruth,6,-0.239758699,-0.6800662191,0.6454132153,-2.720497818,1.481405308,2.529032875,-1.648848913
groundtruth,6,0.7602577974,-0.5736088556,-0.262851882,-2.812443826,0.7933500352,3.033389654,-1.232394169
groundtruth,6,0.5788708351,-0.2716022778,-0.4850412095,-2.435054407,-2.153567886,3.601641364,1.454808666
groundtruth,6,-0.7516720136,-1.116864381,0.978680512,-2.724459732,1.7170866,1.996971577,-1.633115441
groundtruth,6,-2.260415443,0.6120711121,2.696145467,-2.85319122,0.4037306434,3.084219553,-0.9435617376
groundtruth,6,1.339222471,-0.9566333964,-1.127688153,-2.738207897,-1.298830058,2.782656162,0.2808917173
groundtruth,6,1.386783545,-0.5217920223,-0.8731979754,-2.332962428,2.770827348,3.499348886,2.896838078
groundtruth,6,1.253737259,-0.8400392924,-1.06247085,-2.759389464,-1.151197259,2.90023704,0.1918158534
groundtruth,6,-1.602307826,0.6486146322,2.266867173,-2.410328858,2.27669579,3.565662531,-2.870103815
groundtruth,6,0.475461453,-0.2616316837,-0.3967649626,-2.446145285,-2.099030215,3.622211994,1.404678507
groundtruth,6,0.2286553495,-0.2481466959,-0.1784719765,-2.466287326,-1.998444466,3.670281374,1.317384687
groundtruth,6,0.3378353891,-0.2524371586,-0.2760252163,-2.458299551,-2.038836127,3.649144486,1.351500713
groundtruth,7,1.175155824,-1.383155901,1.588262023,-1.969293969,-1.429477884,1.002331837,-0.843029786
groundtruth,7,0.5223809912,-0.4124162317,2.556429479,-2.086418831,-2.821783732,0.1744625804,-1.469515736
groundtruth,7,-2.160609508,0.7058428705,-1.082132276,-1.997923055,-2.031899386,0.408041053,-0.9525725674
groundtruth,7,0.4763322418,-0.3998897998,2.598300059,-2.090545368,-2.894367655,0.1683693862,-1.523498648
groundtruth,7,1.863760827,1.265317793,1.531265721,-1.974961996,1.33776829,1.122597823,-2.554473211
groundtruth,7,-1.977349192,1.649318793,-1.688621907,-1.981847284,-1.257384551,1.227558438,-0.8895162405
groundtruth,7,-1.981849859,1.686783914,-1.707679478,-1.984076475,-1.23326397,1.258293438,-0.898309383
groundtruth,7,-1.980672067,1.194311329,-1.450704014,-1.965857742,-1.5589969,0.8388325497,-0.8307362407
groundtruth,7,1.171256544,-1.298966938,1.632818294,-1.967086807,-1.485835679,0.9297653733,-0.8351541691
groundtruth,7,0.9674886899,-0.6884582764,2.078352659,-2.001128338,-2.057751004,0.3929448016,-0.9650924736
groundtruth,7,-2.667347486,0.3993612784,-0.5414056281,-2.090706098,-2.897500038,0.1681364064,-1.525923599
groundtruth,7,0.6091337842,-0.4411031617,2.475750395,-2.075651297,-2.680737705,0.1914796546,-1.365965371
groundtruth,7,-2.000238482,1.077239063,-1.380674835,-1.967054782,-1.646818869,0.7372214047,-0.8339015438
groundtruth,7,1.148854269,-1.762799978,1.39466558,-1.989434405,-1.183623209,1.321255777,-0.9185706616
groundtruth,7,2.139326214,0.581886578,0.970133495,-1.982210441,1.887986978,0.5075877738,-2.527418132
groundtruth,7,-1.987486513,1.729357402,-1.729537616,-1.987071711,-1.205534989,1.2937849,-0.9094285267
groundtruth,7,-0.6529641575,-0.4109089771,-2.585010111,-2.019456754,2.200129495,0.321658031,-2.375160658
groundtruth,7,2.772961677,0.3582337034,0.2557434043,-2.049034996,2.430533561,0.2422844718,-2.22851288
groundtruth,7,1.166145857,-1.63055935,1.462473335,-1.980712885,-1.26946264,1.211924332,-0.8852406161
groundtruth,7,-1.246450454,-1.745287706,-1.375370317,-2.008893459,1.022279374,1.510001356,-2.420955695
groundtruth,7,1.097942537,-0.9252597793,1.864913187,-1.973101182,-1.77787519,0.6022093348,-0.8569850589
groundtruth,7,2.885183342,0.348064819,0.1420743232,-2.060185627,2.526280526,0.2192486621,-2.162573444
groundtruth,7,2.041663086,0.6843362228,1.107604763,-1.972230107,1.772396565,0.6062487694,-2.562147721
groundtruth,7,-1.249596435,-1.727679189,-1.384021907,-2.007337021,1.034581448,1.496549176,-2.427607125
groundtruth,7,-1.969147545,1.548213069,-1.637558198,-1.976154565,-1.322363061,1.142836471,-0.868232865
groundtruth,7,-1.992737113,1.762799978,-1.746923075,-1.989433853,-1.183628236,1.321249516,-0.9185685207
groundtruth,7,2.11173295,0.6063925012,1.007192769,-1.979429112,1.857995934,0.531696143,-2.537886027
groundtruth,7,-1.277333153,-1.479708167,-1.503320617,-1.987645829,1.200132205,1.300595518,-2.506654559
groundtruth,7,-2.161471749,0.7045904006,-1.080858633,-1.998185044,-2.033656247,0.40709952,-0.9531690619
groundtruth,7,-1.968939606,1.321210909,-1.520700202,-1.967570786,-1.470771923,0.9489944177,-0.8368886235
groundtruth,7,1.175234426,-1.475651749,1.540741121,-1.972625323,-1.368881474,1.081321902,-0.8558583353
groundtruth,7,1.167053326,-1.620940434,1.467337807,-1.980144649,-1.275649017,1.203892363,-0.8831059839
groundtruth,7,-2.552931364,0.433672922,-0.6465290444,-2.0785398,-2.714444844,0.1867466803,-1.390511352
groundtruth,7,-1.967442021,1.352190748,-1.537110913,-1.968356155,-1.450006619,0.9757082941,-0.8397286442
groundtruth,7,-1.247495362,-1.739502481,-1.378211228,-2.008374315,1.026333073,1.505597674,-2.423154161
groundtruth,7,0.8725476131,-0.5912139036,2.199546014,-2.023456376,-2.23076619,0.3087789089,-1.061380404
groundtruth,7,-1.243172324,-1.762799978,-1.366715466,-2.010487172,1.009908521,1.523317928,-2.414186803
groundtruth,7,-1.973694241,1.611511293,-1.669490719,-1.979596728,-1.28170979,1.196008789,-0.8810512553
groundtruth,7,1.161868896,-1.201733742,1.686645178,-1.965882578,-1.553663222,0.8453082148,-0.8308334676
groundtruth,7,-2.667250442,0.3993857738,-0.5414933623,-2.090698665,-2.897466186,0.1681471699,-1.525810996
groundtruth,7,0.8219186821,-0.5518912584,2.258070031,-2.035073504,-2.319558284,0.2757623259,-1.11664122
groundtruth,7,-1.967730392,1.34533331,-1.533496204,-1.96817043,-1.454582627,0.9698014996,-0.8390580227
groundtruth,7,1.897925057,1.760252967,1.773594052,-2.010250129,1.011744148,1.521353432,-2.41519696
groundtruth,7,-1.265703537,-1.131541168,-1.683517764,-1.969494365,1.42495492,1.008214795,-2.574456314
groundtruth,7,2.854933274,0.3503252043,0.1724527927,-2.057216302,2.499930498,0.2251068079,-2.180955535
groundtruth,7,2.163433917,0.562588256,0.9385977472,-1.984689205,1.913081872,0.4883457393,-2.517999224
groundtruth,7,-2.013135577,1.024267302,-1.346249771,-1.96829707,-1.690135659,0.6896666573,-0.8395126667
groundtruth,7,1.910762391,0.9572419229,1.348444692,-1.965946622,1.545249724,0.8555723658,-2.587241642
groundtruth,7,-1.245055541,-1.752876379,-1.371637216,-2.009583021,1.016946318,1.515764987,-2.418049436
groundtruth,7,-0.448295767,-0.3686499338,-2.803542468,-2.040898248,2.36502584,0.2610812291,-2.272175706
groundtruth,8,1.731726171,0.7728473258,-1.313449103,-1.549983059,-1.143865726,1.500693484,-1.488120891
groundtruth,8,1.084355421,0.3911807357,-0.2973060959,-1.53201217,-1.659831573,1.07415022,-1.427691698
groundtruth,8,1.662183874,1.630563606,-1.9903775,-1.629627983,-0.1660456135,1.96077496,-1.968776847
groundtruth,8,0.840394415,0.3770992632,0.01102772041,-1.535639001,-1.761275874,0.9962933713,-1.437999236
groundtruth,8,-1.841348226,-0.4320931805,2.561029213,-1.531151909,-1.559897537,1.155449903,-1.424911554
groundtruth,8,-1.391420098,-1.356311308,1.342453156,-1.609225652,-0.5153337314,1.874969221,-1.764267993
groundtruth,8,-1.376805507,-1.279317296,1.395338815,-1.601416488,-0.6054091624,1.838226367,-1.715474844
groundtruth,8,-0.1283173794,1.220468679,1.60398467,-1.619411102,2.763630453,0.5354780161,-2.29832311
groundtruth,8,1.738131728,1.407568873,-1.834017134,-1.614103118,-0.4535601222,1.896678452,-1.798894635
groundtruth,8,-1.368077864,-0.9357653802,1.661592197,-1.564788469,-0.9764777516,1.62489825,-1.544163546
groundtruth,8,-1.361210416,-1.138060079,1.496595474,-1.586145508,-0.7630713496,1.759427995,-1.636043442
groundtruth,8,-0.1207513091,1.303051953,1.654278315,-1.607697146,2.607970213,0.5685496815,-2.386495533
groundtruth,8,1.267948987,0.4237150024,-0.5370568966,-1.531142107,-1.576236211,1.141965704,-1.424879785
groundtruth,8,0.6889592821,0.3826761947,0.2014391333,-1.538027582,-1.823873253,0.9490433641,-1.447476144
groundtruth,8,-0.1192018974,1.315723667,1.662319376,-1.605756688,2.584982573,0.5744925588,-2.399046732
groundtruth,8,1.759300966,0.8603626576,-1.40806604,-1.557508818,-1.054052318,1.568930485,-1.516214579
groundtruth,8,1.767482384,1.261824463,-1.734067262,-1.59952671,-0.6254176693,1.829235009,-1.704946066
groundtruth,8,-0.004477017061,1.722105201,1.988794517,-1.546585944,1.956569368,0.8580005119,-2.66398192
groundtruth,8,1.747608903,1.367925263,-1.807052422,-1.610359712,-0.5014688586,1.880088968,-1.771963465
groundtruth,8,-1.546713531,-1.762478875,1.045892291,-1.63208696,0.01962587771,1.970459603,-2.082386746
groundtruth,8,-2.631040288,-0.4041763722,-2.712904377,-1.542783932,-1.90774084,0.889818897,-1.465037027
groundtruth,8,1.748000452,1.3664187,-1.805974359,-1.610348967,-0.5038707014,1.879567545,-1.77105061
groundtruth,8,1.51347054,0.5199847018,-0.8874752734,-1.53340868,-1.426829602,1.266925684,-1.432234564
groundtruth,8,-1.428907632,-1.496439449,1.246830465,-1.621594407,-0.3427533579,1.928535857,-1.862942797
groundtruth,8,1.476820976,0.4994835708,-0.8312876046,-1.532633632,-1.454144355,1.243894398,-1.42971035
groundtruth,8,0.6298896922,0.3879422547,0.2761612958,-1.539253089,-1.850125715,0.9298599882,-1.451611481
groundtruth,8,0.4227276006,0.4217209848,0.5429837426,-1.546501072,-1.955550107,0.8586783695,-1.476432561
groundtruth,8,1.437333158,0.4804519232,-0.7727460005,-1.532026999,-1.480980648,1.221310975,-1.427741663
groundtruth,8,0.1698415178,0.5177553179,0.8934358052,-1.5630421,-2.148809436,0.7449274805,-1.538146419
groundtruth,8,-1.382355065,-1.311215871,1.373309617,-1.604715233,-0.5684792392,1.854032346,-1.735218212
groundtruth,8,-1.546919533,-1.762799978,1.045591389,-1.632086535,0.02013568829,1.970457467,-2.082699549
groundtruth,8,-2.886151628,-0.475264324,-2.371828453,-1.555950035,-2.070170205,0.7885271242,-1.510402113
groundtruth,8,-1.383036366,-1.314795461,1.370855282,-1.60505605,-0.5642849117,1.855747443,-1.737482241
groundtruth,8,-1.36510305,-1.188763941,1.4593783,-1.59167184,-0.7074889215,1.789286245,-1.66307514
groundtruth,8,1.780240701,1.00225025,-1.537930408,-1.571614918,-0.9075039078,1.671671969,-1.571600745
groundtruth,8,1.741904945,0.8008297726,-1.345082886,-1.552140951,-1.115279369,1.522520483,-1.49649185
groundtruth,8,1.723747422,1.460410778,-1.870023964,-1.618766773,-0.3882774622,1.916556564,-1.836362381
groundtruth,8,-2.494021413,-0.3860579162,-2.887876347,-1.539024041,-1.842158314,0.9359100513,-1.450818841
groundtruth,8,-0.03157118446,1.660050972,1.928331855,-1.553501324,2.042018626,0.8049906002,-2.639339877
groundtruth,8,0.1706948352,0.5172785015,0.8920172868,-1.563238045,-2.148821155,0.7451737697,-1.538021705
groundtruth,8,1.194704368,0.4079305495,-0.4400840323,-1.53133677,-1.611178802,1.11334661,-1.425477867
groundtruth,8,0.03021430413,0.6297648052,1.116055371,-1.583162611,-2.348765264,0.6527313585,-1.622044541
groundtruth,8,-1.546920355,-1.762799978,1.045590185,-1.632086528,0.02013770935,1.970457438,-2.08270079
groundtruth,8,-1.395574333,-0.8142443707,1.782093338,-1.552866676,-1.101082678,1.532407161,-1.501026522
groundtruth,8,1.781462824,1.036879521,-1.566176442,-1.574620976,-0.8707646134,1.693987961,-1.587315808
groundtruth,8,-0.05179891042,1.605971285,1.879339856,-1.560362643,2.118597746,0.7613805276,-2.613664772
groundtruth,8,-1.510318402,-1.696053179,1.100912974,-1.631599833,-0.07540865194,1.968576517,-2.024092597
groundtruth,8,-1.448224758,-1.552563678,1.20754462,-1.625326119,-0.2689552242,1.944256538,-1.906174108
groundtruth,8,1.769856852,1.245327457,-1.722510012,-1.597775433,-0.6441682305,1.820549854,-1.695187096
groundtruth,8,0.03148746629,0.6283797863,1.113851481,-1.582901172,-2.346298104,0.6537111059,-1.620905063
groundtruth,9,1.523780366,1.447270426,-0.2654332759,-1.205416783,-2.423187194,0.7713467714,-1.579147671
groundtruth,9,1.324633197,1.412697687,-0.01318849934,-1.234732594,-2.812762201,0.6823066537,-1.74451049
groundtruth,9,0.7933343825,1.598140576,0.6553730652,-1.196310979,2.321996773,0.8051257986,-2.269562408
groundtruth,9,1.014502343,1.466253913,0.3533488994,-1.234383438,2.81779597,0.6811704962,-2.064180246
groundtruth,9,-1.204534963,-1.747522264,2.198882165,-1.15492542,-1.57902789,1.164889558,-1.412039731
groundtruth,9,-1.211821132,-1.736873727,2.215072324,-1.155692861,-1.597610404,1.155006138,-1.41224013
groundtruth,9,0.6731066771,1.719009103,0.8601413566,-1.172949335,2.030737887,0.9260774385,-2.349471256
groundtruth,9,-1.193983187,-1.761217432,2.17730621,-1.155632757,-1.553597877,1.180346427,-1.412141499
groundtruth,9,0.9061450838,1.518955174,0.4927396055,-1.218418712,2.578914255,0.7276377172,-2.171046009
groundtruth,9,0.6431501825,1.757381885,0.918681475,-1.167831734,1.952255009,0.9638323547,-2.365056205
groundtruth,9,0.7688631289,1.618972708,0.6938434144,-1.191788007,2.265520016,0.8262378111,-2.287064383
groundtruth,9,1.600438919,1.475585408,-0.3716599864,-1.192596641,-2.276397502,0.822081251,-1.52837133
groundtruth,9,-1.421317252,-1.540035055,2.590094843,-1.173940882,-2.044771363,0.9195406151,-1.465475811
groundtruth,9,0.8490401033,1.555489526,0.5722964846,-1.207786153,2.450465717,0.7629594514,-2.222485341
groundtruth,9,-1.200503675,-1.752130772,2.191255069,-1.155612165,-1.56985721,1.170965633,-1.412074798
groundtruth,9,-1.534100867,-1.478658307,2.759846427,-1.19143935,-2.262902058,0.8271851771,-1.524106514
groundtruth,9,0.9874770417,1.477128446,0.386921848,-1.231682934,2.759357049,0.690577275,-2.091849667
groundtruth,9,-1.199336321,-1.75306664,2.189459401,-1.156258773,-1.567946167,1.172846022,-1.411912791
groundtruth,9,0.7383431988,1.647674181,0.7439739409,-1.185462422,2.192590529,0.8549781144,-2.308822275
groundtruth,9,-2.450942153,-1.698304738,-2.314083014,-1.176170397,2.075325413,0.9055442324,-2.339399245
groundtruth,9,0.6408379069,1.760552078,0.9234119864,-1.167424145,1.945988094,0.9669303528,-2.366176478
groundtruth,9,-1.282885408,-1.654300141,2.354094199,-1.158735849,-1.760371779,1.063781108,-1.420711073
groundtruth,9,-1.201261622,-1.751089703,2.192866019,-1.155610431,-1.57173166,1.169882325,-1.412074503
groundtruth,9,1.799267011,1.598927055,-0.6815863596,-1.164098946,-1.886171457,0.9971237303,-1.435884524
groundtruth,9,1.671083794,1.510316591,-0.4754082198,-1.181216255,-2.140630766,0.8767519408,-1.488784381
groundtruth,9,1.589442954,1.470946869,-0.3560377621,-1.19443368,-2.297443535,0.8142608585,-1.535159942
groundtruth,9,-1.419778296,-1.541044665,2.587658437,-1.173725621,-2.041744955,0.9209442624,-1.464805243
groundtruth,9,1.716425411,1.537835425,-0.5455815784,-1.173976273,-2.051809467,0.9159630727,-1.467667215
groundtruth,9,-1.193166519,-1.762135303,2.17579348,-1.155914146,-1.551989511,1.181620017,-1.412214115
groundtruth,9,-1.336306083,-1.604076521,2.449613082,-1.163440888,-1.873720337,1.003540947,-1.43405786
groundtruth,9,0.7816264198,1.60786518,0.6736348141,-1.194235608,2.295266343,0.815063697,-2.277418355
groundtruth,9,1.724689706,1.542925608,-0.5584804375,-1.173351203,-2.036099773,0.9235651691,-1.463557585
groundtruth,9,1.521901665,1.446680047,-0.2629077665,-1.205732492,-2.426772958,0.7702564875,-1.58046005
groundtruth,9,-1.231128589,-1.712316419,2.254488894,-1.15610042,-1.643598002,1.128771782,-1.413384681
groundtruth,9,-1.192854815,-1.762799978,2.174854718,-1.155647489,-1.550751004,1.182001254,-1.412171357
groundtruth,9,-1.196465367,-1.757706776,2.182663118,-1.155651381,-1.559840872,1.176745119,-1.412089367
groundtruth,9,-1.193285712,-1.76279125,2.175171904,-1.155076305,-1.550888293,1.181186556,-1.412386626
groundtruth,9,0.9516999028,1.494288939,0.4325415776,-1.225977941,2.680048277,0.7048950523,-2.127341781
groundtruth,9,-1.330917998,-1.608755551,2.440263151,-1.162889977,-1.862541943,1.009335401,-1.43247294
groundtruth,9,-1.194529954,-1.760446115,2.178474928,-1.155637495,-1.554966622,1.179562736,-1.41213357
groundtruth,9,-1.221618831,-1.724172457,2.235289613,-1.155882454,-1.621181661,1.14152385,-1.412665302
groundtruth,9,1.907990944,1.709865118,-0.8826919787,-1.155740009,-1.649042498,1.125312786,-1.413307358
groundtruth,9,0.6849389536,1.704886994,0.8379837974,-1.175138863,2.060936539,0.9120863559,-2.342757986
groundtruth,9,-1.192859003,-1.762799978,2.174863781,-1.15564746,-1.550761561,1.181995148,-1.412171251
groundtruth,9,0.9206990404,1.510666998,0.4732251915,-1.220932127,2.611331669,0.7198604518,-2.157318546
groundtruth,9,0.6391746446,1.762799978,0.9267898955,-1.167170129,1.941544284,0.9691471695,-2.366957658
groundtruth,9,1.76714923,1.573170336,-0.6273989025,-1.167769411,-1.95155976,0.9641831922,-1.446698622
groundtruth,9,0.8699335787,1.541325716,0.5425691497,-1.211844259,2.497743414,0.7491109005,-2.204146429
groundtruth,9,0.8379269821,1.563398629,0.5884044738,-1.205594912,2.425184115,0.7707549341,-2.232002798
groundtruth,9,1.668302485,1.508778555,-0.4712055207,-1.181647088,-2.146008452,0.8744509564,-1.490208652
groundtruth,10,-0.5125774519,0.174183166,-0.6433087596,-0.7842417679,-1.034716447,1.351432506,-1.229823906
groundtruth,10,-1.233440813,1.02933523,2.744020372,-0.7959643123,2.256678672,0.9325858686,-1.785115211
groundtruth,10,-0.4418962288,0.1835598529,-0.7462395795,-0.7867321288,-1.001151479,1.362999629,-1.235047044
groundtruth,10,-0.3963926332,0.1911049834,-0.8149566866,-0.7885492953,-0.9769983916,1.371203981,-1.239073548
groundtruth,10,-1.16352975,1.047079428,2.840113898,-0.7840882476,2.104197988,0.9774209012,-1.811621699
groundtruth,10,-1.163442488,0.1559567572,0.2318988548,-0.7703703607,-1.268102259,1.268527326,-1.20190548
groundtruth,10,1.377553932,-0.2744658095,-1.937457314,-0.7639155044,-1.658601895,1.127090323,-1.190110767
groundtruth,10,-1.00808939,0.5628516563,0.4644164135,-0.08815193206,-1.744013606,1.174317878,-1.483090698
groundtruth,10,-0.6073086072,0.1648145271,-0.5102441363,-0.7815425957,-1.074547651,1.337633235,-1.223838217
groundtruth,10,-0.3636562028,0.8508771702,-2.283138806,-0.8291632551,0.4682638946,1.514980808,-1.679229611
groundtruth,10,-1.396326074,0.173216187,0.5546308027,-0.7667019924,-1.361831296,1.234460365,-1.195154638
groundtruth,10,-0.0934118816,0.3430148924,-1.456612985,-0.8174462775,-0.6236076331,1.47859767,-1.317069541
groundtruth,10,1.913859802,-1.030902228,-0.3898957734,-0.7948064892,2.24424009,0.9360611448,-1.787389262
groundtruth,10,-0.07729306265,0.4303411355,-1.640213596,-0.8305164188,-0.448455685,1.519005482,-1.367797218
groundtruth,10,-0.1025439698,0.5293454894,-1.803828452,-0.8414113921,-0.2520332099,1.550345684,-1.431887409
groundtruth,10,-0.330728624,0.2047355551,-0.9188059473,-0.7916345624,-0.9372496707,1.384527979,-1.246067974
groundtruth,10,1.324326918,-0.5502701425,-1.27929135,-0.8019711902,-2.330947004,0.9124029128,-1.271407346
groundtruth,10,-0.8889654146,0.5941040976,-1.25795062,-0.08718742736,-0.1327534499,1.220514621,-1.515509863
groundtruth,10,-0.9686899043,0.1516754819,-0.02692175937,-0.7738083992,-1.201382638,1.292639789,-1.208203571
groundtruth,10,2.349599024,-0.1544025728,2.880959471,-0.7772611438,-1.142050819,1.313844012,-1.214911833
groundtruth,10,-0.08060305354,0.3798049138,-1.540617224,-0.8232769672,-0.5491275449,1.497065305,-1.337777331
groundtruth,10,-1.83247941,0.5103530725,1.792249725,-0.793794299,-2.231638073,0.9396297345,-1.251143539
groundtruth,10,1.93213335,-0.158159375,-2.847561899,-0.7696202913,-1.284894618,1.26243697,-1.200511546
groundtruth,10,-1.818374858,0.326845294,1.379077097,-0.7669835808,-1.787769321,1.081647464,-1.195627944
groundtruth,10,1.359740762,-0.6180000179,-1.169341177,-0.8163564989,-2.504604641,0.8704744898,-1.313496231
groundtruth,10,-1.038022475,0.152315324,0.06471924873,-0.7725336386,-1.224602575,1.28424695,-1.205866138
groundtruth,10,-0.1939717677,0.2517540011,-1.168382998,-0.8011784363,-0.8196837593,1.422369659,-1.269456472
groundtruth,10,-0.4582290497,0.9181978184,-2.41599752,-0.8138334559,0.6678974652,1.466792793,-1.735533829
groundtruth,10,-0.1131450395,0.5529503341,-1.839131769,-0.8432160587,-0.2046980057,1.555401069,-1.448159972
groundtruth,10,1.48075302,-0.2266275268,-2.159738079,-0.7625774439,-1.532827466,1.171872374,-1.18963219
groundtruth,10,-0.137004408,0.5975963438,-1.903808279,-0.8457929254,-0.1140586419,1.562271984,-1.479901797
groundtruth,10,1.730745728,-0.957188629,-0.625714133,-0.8286839926,2.66613819,0.8390150391,-1.68147276
groundtruth,10,-0.6710432587,0.1602042383,-0.4230107672,-0.7799463487,-1.098989977,1.329079604,-1.2204562
groundtruth,10,-1.828769932,0.344035103,1.427963449,-0.7684949606,-1.829374722,1.067295199,-1.198414342
groundtruth,10,-0.3784535208,0.8624672381,-2.304100437,-0.8269002058,0.5002756373,1.50816895,-1.688879832
groundtruth,10,1.638651437,-0.9024434772,-0.737903819,-0.8417271668,2.897500038,0.8087196797,-1.606316725
groundtruth,10,-0.1234774146,0.3000578479,-1.341178712,-0.8107370245,-0.7128197724,1.454784201,-1.29391943
groundtruth,10,1.592317525,-0.1964975925,-2.354860785,-0.7645506334,-1.444675969,1.204295623,-1.191256485
groundtruth,10,-1.327231927,0.9961342726,2.620645277,-0.8133410137,2.468548867,0.8785253068,-1.73683192
groundtruth,10,2.732417095,-0.8852325031,0.7942571843,-0.8220054908,0.5657145502,1.493107792,-1.707898005
groundtruth,10,-0.7751877637,0.155041912,-0.2830466116,-0.7775502099,-1.136241678,1.315899591,-1.215655752
groundtruth,10,2.23275142,-0.5742890246,2.338903503,-0.0874648579,-0.5664705774,1.214741216,-1.500271505
groundtruth,10,1.734400359,-0.1744418245,-2.571245106,-0.766577448,-1.366901887,1.23261381,-1.194843534
groundtruth,10,-0.4592229798,0.1810155328,-0.7206184547,-0.7860933571,-1.009780235,1.360050005,-1.233650057
groundtruth,10,2.148534719,-1.067793425,-0.05482964049,-0.7656633917,1.744395373,1.096772834,-1.847696467
groundtruth,10,-0.0959074688,0.5137982225,-1.780562473,-0.8404674093,-0.2823102435,1.546943432,-1.42094181
groundtruth,10,1.880636629,-1.020645169,-0.4344672717,-0.8008561097,2.318019999,0.9158364311,-1.772330295
groundtruth,10,2.743694651,-0.8770731599,0.8100938236,-0.8238285006,0.5418403982,1.498773891,-1.701073372
groundtruth,10,-0.2210661123,0.2392981496,-1.113229288,-0.7987548392,-0.8489459239,1.413193699,-1.263263723
groundtruth,10,-1.370657202,0.9771043545,2.565730137,-0.8215471088,2.56991283,0.8568116512,-1.709582907
groundtruth,11,0.4064564112,-1.468852524,-1.463098823,-0.610434222,2.724671528,1.086506063,-1.08101893
groundtruth,11,-2.092732557,1.588631399,-2.051765978,-0.626185119,0.147891842,1.62263468,-1.017534088
groundtruth,11,0.9599650928,-1.68696314,0.7324982009,-0.6017752588,0.5139027353,1.579013314,-1.101079456
groundtruth,11,1.048284185,-1.589646801,1.086827066,-0.6260884283,0.1510382869,1.622457554,-1.018323753
groundtruth,11,0.5220853064,-1.171526723,-2.366512057,-0.5936737999,-2.546902922,1.114918293,-0.843455658
groundtruth,11,0.8684341378,-1.144892859,2.717286007,-0.5133570484,-1.448450001,1.365129986,-0.7690190852
groundtruth,11,-2.053680115,1.468040023,-1.727225623,-0.6244208513,-0.1953428917,1.619535046,-0.930420677
groundtruth,11,0.4161643309,-1.50348899,-1.36752835,-0.6005291093,2.614726834,1.103163914,-1.103619643
groundtruth,11,0.4706188328,-1.216365442,-2.17046287,-0.6123177302,-2.748085744,1.083381192,-0.8838651506
groundtruth,11,0.6787998842,-1.117980448,-2.890524809,-0.5392640874,-2.054346813,1.221496072,-0.7827266095
groundtruth,11,-2.150322732,1.21432022,-0.9149192271,-0.5479909047,-1.001577756,1.473138827,-0.7894451927
groundtruth,11,1.054005167,-1.579274124,1.117196487,-0.6270851801,0.1191372638,1.624132645,-1.010292223
groundtruth,11,-2.279286697,1.263503433,-0.6484124885,-0.3371415358,-1.234689784,1.390401621,-0.8484300941
groundtruth,11,1.076091607,-1.343961203,1.748827932,-0.5991274253,-0.5410956733,1.574179867,-0.8534091934
groundtruth,11,1.076593506,-1.345547182,1.744164298,-0.5996014066,-0.5364049867,1.575030975,-0.8543077209
groundtruth,11,0.9342526774,-1.703194351,0.6459197176,-0.5931481107,0.5997385806,1.563167325,-1.117224578
groundtruth,11,0.4013309598,-1.426134369,-1.575223275,-0.6179843194,2.855413556,1.071499661,-1.050982067
groundtruth,11,0.9739700951,-1.200220606,2.300733665,-0.5406875302,-1.070069876,1.456505898,-0.7840499676
groundtruth,11,-2.234193918,1.160619007,-0.5736656835,-0.5199142554,-1.313708331,1.397352425,-0.7718926148
groundtruth,11,-2.221490048,1.166759801,-0.6232107199,-0.5229742985,-1.268835643,1.408178371,-0.7733966975
groundtruth,11,1.042083624,-1.600115046,1.055466592,-0.6250029702,0.1838824305,1.62040443,-1.026524057
groundtruth,11,0.9331341132,-1.173476502,2.467413145,-0.5268155395,-1.222567553,1.419424234,-0.7751606274
groundtruth,11,0.974969725,-1.200925586,2.29666201,-0.5411497635,-1.066325237,1.457434148,-0.7842933426
groundtruth,11,-2.055200961,1.388438626,-1.51827841,-0.6107212113,-0.4134173971,1.595185096,-0.8795155024
groundtruth,11,-2.25068259,1.298923807,-0.8926894067,-0.3289596469,-0.9998718538,1.421159867,-0.8656677958
groundtruth,11,-2.071411091,1.326925115,-1.341694366,-0.5940203068,-0.5922143736,1.56465626,-0.8438857689
groundtruth,11,0.6289873593,-1.591369857,-0.63877832,-0.3382849393,1.870516344,1.29407489,-1.113388703
groundtruth,11,1.068955435,-1.546088652,1.209888375,-0.6285316536,0.02127926135,1.626748106,-0.9853415026
groundtruth,11,0.4637162482,-1.224348838,-2.141133771,-0.614696248,-2.779290523,1.079459072,-0.8908191373
groundtruth,11,0.485580726,-1.200707559,-2.231417268,-0.6072891857,-2.684110389,1.092150254,-0.8700930954
groundtruth,11,1.060342389,-1.566429036,1.153756392,-0.6278942529,0.08062140972,1.625593269,-1.000512298
groundtruth,11,1.024836319,-1.624781034,0.9770860232,-0.6209901525,0.26539589,1.613479959,-1.046408056
groundtruth,11,-2.262725594,1.281309715,-0.7785921113,-0.3331486455,-1.109990441,1.407462175,-0.8566963626
groundtruth,11,0.4151043106,-1.50039945,-1.376307866,-0.6015201414,2.624741583,1.101509804,-1.101665374
groundtruth,11,-2.066804359,1.52958173,-1.887351998,-0.6285513142,-0.0257191057,1.626727676,-0.9732951469
groundtruth,11,-2.090396321,1.584442994,-2.03945821,-0.6265817247,0.1349712562,1.623332861,-1.014285353
groundtruth,11,0.9898406764,-1.213143369,2.232746633,-0.5472848152,-1.00720424,1.47174401,-0.7889992115
groundtruth,11,-2.118398608,1.247086914,-1.062334973,-0.5635259047,-0.8633537573,1.506058362,-0.8034908221
groundtruth,11,1.025012365,-1.624590292,0.977751829,-0.6210916007,0.2647034933,1.613567047,-1.046245023
groundtruth,11,0.4405461211,-1.256743638,-2.032431036,-0.6221348589,-2.897500038,1.067292058,-0.9185132097
groundtruth,11,-2.111857555,1.255222035,-1.095036192,-0.5671198683,-0.8322921606,1.513270061,-0.8072413903
groundtruth,11,-2.221568537,1.166579446,-0.6226303969,-0.5231453037,-1.269373625,1.408075495,-0.773294027
groundtruth,11,-2.531401124,1.318892684,0.9288987018,-0.3088959022,-2.770752653,1.211105177,-0.9337716014
groundtruth,11,-2.060023255,1.505050189,-1.822876826,-0.6276271285,-0.09409826579,1.625138622,-0.9558328316
groundtruth,11,0.4103561583,-1.485411898,-1.418194508,-0.6063036172,2.672760753,1.093837753,-1.092044046
groundtruth,11,0.5724841895,-1.144014765,-2.539315664,-0.5751146674,-2.378847776,1.147979047,-0.8164735843
groundtruth,11,-2.068486685,1.534591571,-1.900731103,-0.6285610113,-0.0115339741,1.626807679,-0.9769304557
groundtruth,11,0.5013911601,-1.186979358,-2.291275126,-0.6012865684,-2.622644515,1.101864573,-0.8577034915
groundtruth,11,-2.222988825,1.165975968,-0.617290714,-0.5226209814,-1.274196879,1.406894538,-0.7731847336
groundtruth,11,0.4865490453,-1.618152992,-0.9757244859,-0.5531583441,2.187174495,1.190491174,-1.16600923
groundtruth,12,0.8431976259,-0.9985262455,0.2879861259,-2.887880589,-0.7824975526,1.576829623,-0.3817514703
groundtruth,12,1.926193787,-1.082221033,-0.4913995662,-2.793958782,-1.078892782,0.8613543753,0.07795165207
groundtruth,12,-1.171116153,1.102273965,2.624334236,-2.789273085,-1.085165981,0.8249046578,0.09897921397
groundtruth,12,1.024996434,-0.9595878784,0.1461178021,-2.871680776,-0.8570962063,1.467094344,-0.2934825757
groundtruth,12,-2.541129321,1.092674647,-2.659584901,-2.911749424,-0.6457489718,1.723810905,-0.5267698628
groundtruth,12,-0.3062574209,1.727402935,2.257034306,-2.534414296,-0.4307646813,-0.002322396085,1.448257259
groundtruth,12,-0.04838282015,-1.755775217,1.067752508,-2.953037612,0.2351081401,1.93405841,-1.323902885
groundtruth,12,1.878870741,-1.062784576,-0.4628010922,-2.798959455,-1.071868729,0.8995764957,0.05605521031
groundtruth,12,2.728514567,-1.638740696,-0.8075127699,-2.61163098,-0.8034838648,0.08512697573,0.9268865121
groundtruth,12,1.160264664,-0.9453762685,0.04232065701,-2.860340305,-0.9031767547,1.385191107,-0.2350499736
groundtruth,12,-0.5126487316,1.557557074,2.365487178,-2.661509575,-0.9616101503,0.1829365334,0.6752507361
groundtruth,12,2.498662011,-1.450392404,-0.7433431906,-2.703999571,-1.05682905,0.3182208476,0.4782765485
groundtruth,12,-0.05255353259,-1.762799978,1.07126331,-2.952588411,0.2434905089,1.932094626,-1.331347152
groundtruth,12,-0.8668641455,1.28010337,2.473362566,-2.749699205,-1.104278016,0.5477027401,0.2746201685
groundtruth,12,-2.719159738,1.201773448,-2.511025499,-2.931138958,-0.5005507099,1.829080222,-0.6692063153
groundtruth,12,-0.05255980512,-1.762799978,1.071268593,-2.952587731,0.2435031814,1.932091568,-1.331358408
groundtruth,12,1.551495777,-0.9682900682,-0.245788609,-2.828356707,-1.007759947,1.137063629,-0.07961173009
groundtruth,12,-0.9286268957,1.238446695,2.49972787,-2.759126257,-1.105161582,0.607739351,0.2329187429
groundtruth,12,-1.468225319,0.994885286,2.811541835,-2.817919041,-1.033932629,1.052966968,-0.03104313239
groundtruth,12,0.6257500212,-1.080223785,0.4614436905,-2.909108229,-0.6626738218,1.708517085,-0.5094709575
groundtruth,12,0.5550042856,-1.116890103,0.5192917848,-2.91660328,-0.6131924083,1.751194172,-0.5595529772
groundtruth,12,-0.5873139842,1.49586986,2.383909868,-2.688027919,-1.025905247,0.2600320378,0.5510533092
groundtruth,12,-0.2932863736,1.7392753,2.238807469,-2.524235522,-0.3541832762,-0.01033255295,1.551403215
groundtruth,12,2.824433866,-1.717869733,-0.8715085332,-2.543209925,-0.4875893542,0.005089640323,1.371265042
groundtruth,12,1.642390399,-0.9872102618,-0.3089650704,-2.820619892,-1.027536783,1.07477488,-0.04353467497
groundtruth,12,-1.304315545,1.046349363,2.704490673,-2.80287063,-1.064690495,0.9317809471,0.03779354
groundtruth,12,2.816234065,-1.710882014,-0.8628347871,-2.549833068,-0.5264541556,0.01099752891,1.318314347
groundtruth,12,-2.870973314,1.330969416,-2.376189522,-2.947313143,-0.3270280484,1.907999549,-0.829535336
groundtruth,12,0.3469020485,-1.261277571,0.6964557682,-2.939436051,-0.4211930549,1.870516842,-0.7435583846
groundtruth,12,-1.175392755,1.100273605,2.626793094,-2.789731079,-1.084580113,0.8284662191,0.09691781077
groundtruth,12,-2.775913184,1.24563887,-2.461727851,-2.937395058,-0.4421275746,1.860530763,-0.7241330181
groundtruth,12,-2.857362825,1.31776634,-2.388688741,-2.945971881,-0.3449683102,1.901747529,-0.8133115604
groundtruth,12,0.02574940349,-1.635668195,1.000571896,-2.95828887,0.08582396414,1.957263215,-1.192665716
groundtruth,12,0.2678633329,-1.33368501,0.7679447505,-2.947577821,-0.3233346862,1.909228374,-0.8328623953
groundtruth,12,0.01604092667,-1.650639736,1.009743024,-2.957885639,0.1051311271,1.95551266,-1.209537669
groundtruth,12,0.09213014013,-1.539459375,0.9363648583,-2.958902777,-0.04179298072,1.959922981,-1.081398831
groundtruth,12,1.678671986,-0.9962629381,-0.3336358325,-2.817452832,-1.035008709,1.049200906,-0.02889099753
groundtruth,12,1.027381035,-0.9592314167,0.1442765304,-2.871476178,-0.8579684686,1.465657015,-0.2924107103
groundtruth,12,-2.754317068,1.228366142,-2.480626421,-2.935027337,-0.4651842134,1.848764644,-0.7025879541
groundtruth,12,0.8022838152,-1.010674096,0.3202020468,-2.891619658,-0.7627115743,1.601489218,-0.4029992406
groundtruth,12,0.1903776244,-1.416196265,0.8408539006,-2.954247092,-0.2103926169,1.939492423,-0.9336292783
groundtruth,12,-2.897299904,1.356901601,-2.352000503,-2.949358146,-0.290748772,1.918422906,-0.862237898
groundtruth,12,-0.3184608161,1.716751054,2.271522233,-2.544263137,-0.4939705441,0.006009727145,1.362589459
groundtruth,12,2.258573688,-1.268947966,-0.6615658195,-2.752255158,-1.104844696,0.5635775946,0.2632979132
groundtruth,12,0.878474183,-0.9890136489,0.2602017483,-2.884568544,-0.7981873452,1.555445421,-0.3631111699
groundtruth,12,0.626605631,-1.07980774,0.4607495295,-2.909016556,-0.6632356233,1.707994316,-0.5088848692
groundtruth,12,-2.779102682,1.248253129,-2.458920985,-2.937742865,-0.4386314014,1.862244008,-0.7273856542
groundtruth,12,1.172968063,-0.9446483659,0.03269213397,-2.859304973,-0.9072235271,1.377445589,-0.2297532867
groundtruth,12,1.907181373,-1.074068416,-0.4800469966,-2.795924152,-1.076028439,0.8767146381,0.06915455754
groundtruth,12,0.5925638785,-1.096707571,0.4884533304,-2.912582362,-0.6403011857,1.728582657,-0.5323042248
groundtruth,13,1.064358538,-0.005267633464,-0.2694147641,-2.420906049,-0.04260685912,2.006911678,-0.2472154529
groundtruth,13,2.357334052,-0.2520638863,-1.554258301,-2.412079371,-0.2875928345,1.968394695,-0.04092009542
groundtruth,13,-2.737630849,0.00549954492,-2.750678182,-2.42093437,-0.03903311382,2.007034168,-0.2502217632
groundtruth,13,2.4314298,-1.13903316,-1.49243238,-2.331489292,-0.9377801287,1.492960299,0.503394675
groundtruth,13,-1.966924869,0.00546807699,2.761901457,-2.420901791,-0.04322173968,2.006886976,-0.2467151404
groundtruth,13,-0.41185217,-0.01433798063,1.206487026,-2.421022293,-0.02777744464,2.007397846,-0.2597122235
groundtruth,13,-0.6625773855,1.487367552,1.719958879,-2.300615453,-1.112690388,1.225093945,0.6402243191
groundtruth,13,2.344945936,0.6988043494,-1.592306582,-2.382617166,0.5996073759,1.823387576,-0.7884113045
groundtruth,13,0.6284354551,-0.005300866538,0.1665704068,-2.42115624,-0.04104761927,2.007565929,-0.2489279153
groundtruth,13,-2.871587709,0.005881598602,-2.616732203,-2.420947175,-0.03824448225,2.007077256,-0.2509037414
groundtruth,13,-0.8520268316,-1.310788913,1.470176751,-2.323147511,0.9857112054,1.426736849,-1.108086518
groundtruth,13,0.08729229565,-0.006704140206,0.707543446,-2.420961441,-0.03682989172,2.007125258,-0.25209379
groundtruth,13,-0.7429106157,0.7805968976,1.602235944,-2.366569364,-0.7184682822,1.731857272,0.3221286628
groundtruth,13,-0.8429494079,-1.235095559,1.48415239,-2.330170682,0.9454211229,1.482762466,-1.075748201
groundtruth,13,1.393311587,-0.006141681188,-0.5983030533,-2.420888133,-0.04465568587,2.006829161,-0.2455084654
groundtruth,13,-0.6430922459,1.594217227,1.747743409,-2.292023037,-1.161581979,1.137675746,0.6759724662
groundtruth,13,1.315931886,-0.005853078936,-0.5209354845,-2.420893286,-0.04410888285,2.006850875,-0.245968567
groundtruth,13,-0.930879403,-1.762799978,1.355770245,-2.285303957,1.20057811,1.064535149,-1.269488712
groundtruth,13,-0.8832809358,-1.525837436,1.423168425,-2.304220185,1.092390042,1.259886944,-1.191149418
groundtruth,13,-0.6576022129,1.516183284,1.727126413,-2.298254397,-1.126038415,1.2017443,0.6501256033
groundtruth,13,2.383121565,0.2171265876,-1.59355498,-2.417750316,0.1749702622,1.993389846,-0.4303643262
groundtruth,13,-0.8093369784,-0.8758871673,1.534350813,-2.365265515,0.7274120086,1.723984925,-0.895795613
groundtruth,13,0.07406287458,-0.006777642694,0.7207687759,-2.42095911,-0.03671519709,2.007129672,-0.2521907838
groundtruth,13,2.260408749,1.515617405,-1.715891774,-2.305525832,1.088028625,1.26900042,-1.187861609
groundtruth,13,-0.6931435844,1.281482801,1.674863922,-2.318369709,-1.012811051,1.386898333,0.5634046929
groundtruth,13,1.33276613,-0.005910611765,-0.5377669954,-2.420892425,-0.04422370894,2.006846612,-0.245872153
groundtruth,13,-2.897300005,0.005972037417,-2.590997467,-2.420947827,-0.03806513638,2.007082226,-0.2510546913
groundtruth,13,2.290476476,1.303543936,-1.670025036,-2.323814473,0.9819248356,1.432162401,-1.105065441
groundtruth,13,-0.8380344676,-1.19094599,1.491739723,-2.334345081,0.9211347237,1.514709782,-1.056065935
groundtruth,13,2.37207388,-0.4091217117,-1.559144356,-2.40091642,-0.4289838811,1.917091503,0.07830899727
groundtruth,13,1.549073902,-0.006958874396,-0.7540360197,-2.420874992,-0.04596120216,2.006773248,-0.2444097054
groundtruth,13,1.100140103,-0.005347719027,-0.305152929,-2.420914241,-0.04273695252,2.006916598,-0.2471290383
groundtruth,13,-0.2729150021,-0.01057941117,1.067640818,-2.420995116,-0.03191291203,2.00728273,-0.2562320594
groundtruth,13,-2.6487734,0.005327568019,-2.83951586,-2.42093472,-0.03960660762,2.007026537,-0.2497574802
groundtruth,13,-0.8504479339,-1.298266749,1.472564184,-2.324306816,0.979171064,1.436105773,-1.102854922
groundtruth,13,0.8984670628,-0.005110376974,-0.1035240718,-2.420917952,-0.04172028939,2.006952399,-0.2479803037
groundtruth,13,-2.603097346,0.005257734671,-2.8851863,-2.420932551,-0.03985835424,2.007017204,-0.2495456066
groundtruth,13,2.361063358,0.4556464537,-1.583615769,-2.403843365,0.3985739819,1.930575232,-0.618846142
groundtruth,13,0.6250591471,-0.00516359383,0.1698520239,-2.420931019,-0.04032130044,2.007016546,-0.2491534234
groundtruth,13,-0.7688640565,0.4195544164,1.582741783,-2.4002123,-0.4389888671,1.913263464,0.08676872854
groundtruth,13,-0.9162568079,-1.698701434,1.37598435,-2.29021533,1.171948238,1.118521493,-1.249528073
groundtruth,13,-1.393406593,0.008765490054,2.188497427,-2.420847014,-0.04834428139,2.00665868,-0.2424048008
groundtruth,13,-0.7505796291,0.6771546946,1.593513177,-2.376770855,-0.6450247556,1.791166056,0.2604694987
groundtruth,13,1.198586838,-0.005523497553,-0.4036073265,-2.420901997,-0.04336499098,2.006882149,-0.2465961511
groundtruth,13,-0.7953715665,-0.6843745463,1.550007495,-2.38426108,0.5888088231,1.831403241,-0.7799076051
groundtruth,13,-0.9226288151,-1.727471983,1.367125024,-2.287994271,1.184829541,1.094416706,-1.258588274
groundtruth,13,-0.005424407114,-0.007321585926,0.8002454985,-2.421002992,-0.03590571881,2.007260546,-0.2528801221
groundtruth,13,1.893729234,-0.01158783958,-1.098630708,-2.421152137,-0.05098821679,2.007345493,-0.240204913
groundtruth,13,1.08094554,-0.005294841913,-0.2859808596,-2.420906838,-0.04268827877,2.006908324,-0.2471640848
groundtruth,13,-0.8030816598,-0.7915436675,1.542308158,-2.37361665,0.6684271494,1.773264428,-0.8463189205
groundtruth,14,0.4837441716,1.384643746,2.474584252,-1.908884596,1.913346436,1.036250531,-0.2601152911
groundtruth,14,2.64969347,-0.6987976604,-0.5711598299,-1.996091311,-2.845719954,0.5781635817,0.6272218226
groundtruth,14,0.6577223822,-0.6902483743,0.5423273891,-1.894360738,-1.574727991,1.388605374,1.173999735
groundtruth,14,-0.1836922321,-1.167206727,0.6126595455,-1.940609392,-0.9074623057,2.046538669,0.990912398
groundtruth,14,0.9358284639,1.650202702,2.754410909,-1.895196264,1.491490189,1.482867782,-0.3101076891
groundtruth,14,2.41760657,-0.615449167,-0.4406762621,-1.976261859,-2.57605154,0.6409550992,0.7988995518
groundtruth,14,2.191124856,1.615778728,-2.731940776,-1.99972006,0.2178889087,2.32369277,0.2851414689
groundtruth,14,-1.03941343,0.5469204508,2.889427949,-1.950000126,-2.319310177,0.7474280344,0.9469856473
groundtruth,14,-0.1578186443,0.8813968264,2.414276914,-1.998456667,2.894345305,0.5713270245,0.2657363968
groundtruth,14,0.147175186,-0.9496145517,0.637870944,-1.909030883,-1.226257747,1.771250861,1.120531262
groundtruth,14,-0.2223436441,-1.193356458,0.6061772406,-1.945456035,-0.8633966613,2.076736348,0.9685804165
groundtruth,14,-2.819000351,0.8468492301,-2.51753617,-1.900011064,-1.361326536,1.628555497,1.153804464
groundtruth,14,-0.1595817041,0.8802259254,2.414893337,-1.998598853,2.897500038,0.5709241615,0.267846605
groundtruth,14,-0.7382192745,-1.514472707,0.4824448228,-2.002689189,-0.1217706289,2.334058263,0.5119225732
groundtruth,14,-0.6460542136,-1.463551791,0.5087156221,-1.997346365,-0.2710020779,2.315348361,0.6108784374
groundtruth,14,1.857307145,1.723656881,-2.895721414,-1.966217226,0.6693583678,2.18747837,-0.0001931486106
groundtruth,14,0.4804235837,1.382146559,2.472954666,-1.909179551,1.917043042,1.032891641,-0.2590046866
groundtruth,14,-0.7639285218,0.6040669998,2.724457787,-1.97233037,-2.53641727,0.6536289824,0.8231057358
groundtruth,14,2.493118694,1.464933565,-2.633538286,-1.997531367,-0.2671342843,2.316019083,0.6083365125
groundtruth,14,0.8464761613,-0.6265005054,0.4685967821,-1.89578199,-1.67656036,1.275067778,1.16822
groundtruth,14,2.543189477,1.435793651,-2.620113604,-1.993176883,-0.3465633196,2.300191362,0.6602870498
groundtruth,14,0.3009522218,1.239447378,2.400787983,-1.93011309,2.13719329,0.8571105871,-0.1757508567
groundtruth,14,0.8236674882,1.599184016,2.677489994,-1.894386219,1.585323406,1.376665694,-0.3129385727
groundtruth,14,-0.2061733127,-1.182420688,0.6089601078,-1.943405434,-0.8820290894,2.064202753,0.9781297448
groundtruth,14,2.663812004,1.361791937,-2.589705727,-1.979441576,-0.52911694,2.246396436,0.777221014
groundtruth,14,0.7968950459,-0.6415977297,0.4896080788,-1.895212611,-1.650938841,1.303411336,1.171029291
groundtruth,14,2.447738429,-0.624506609,-0.458089325,-1.978978674,-2.606329016,0.6316161547,0.780255152
groundtruth,14,-0.8046490945,-1.548688674,0.4618214305,-2.004047845,-0.01350979177,2.338686844,0.4395314265
groundtruth,14,-2.735126771,0.8024563861,-2.53136835,-1.897339092,-1.419567841,1.563979585,1.163412513
groundtruth,14,0.7899369677,-0.6438065173,0.4924599999,-1.89513038,-1.647272592,1.307498446,1.171284292
groundtruth,14,0.9066966368,1.637908035,2.734156855,-1.894761832,1.515467297,1.455688801,-0.3116105186
groundtruth,14,-2.035518333,0.5647308818,-2.798498343,-1.90136092,-1.804632107,1.140577338,1.148909091
groundtruth,14,2.350197192,1.542038797,-2.67552218,-2.003953045,-0.03505668919,2.338357534,0.4539575927
groundtruth,14,0.2727944584,1.216175412,2.392798576,-1.934262265,2.175702397,0.8313375896,-0.1581520799
groundtruth,14,1.070126672,-0.5716400699,0.3618217229,-1.900399969,-1.78752464,1.157908822,1.152399054
groundtruth,14,-0.7716597296,0.6021026765,2.728713193,-1.971999299,-2.53058885,0.6561700874,0.8265070839
groundtruth,14,-1.313408324,-1.72989758,0.2287972723,-1.962775804,0.7028435042,2.170862323,-0.01964710354
groundtruth,14,0.4560487981,-0.7778004028,0.5998945754,-1.896187352,-1.452322721,1.527136206,1.167488436
groundtruth,14,-1.855499175,0.5373322427,-2.897300005,-1.906991353,-1.888861339,1.058821207,1.128176186
groundtruth,14,-1.447534931,-1.751836094,0.1456470453,-1.947307655,0.8465636486,2.08776611,-0.09885381852
groundtruth,14,-1.763344728,-1.757949998,-0.07047079287,-1.917021188,1.134623787,1.860208406,-0.2288964957
groundtruth,14,-1.571524945,-1.761993596,0.06342693382,-1.934174172,0.9664800547,2.003058502,-0.1584085409
groundtruth,14,-0.2471162823,-1.210088849,0.6017292997,-1.948650394,-0.8342661288,2.095630321,0.9533554746
groundtruth,14,-2.625739263,0.7499688299,-2.556407234,-1.89556042,-1.490715638,1.484948451,1.171043318
groundtruth,14,-0.2012780502,-1.17910854,0.6097827516,-1.942791024,-0.8876136249,2.060379292,0.9809618849
groundtruth,14,2.295324856,1.568990723,-2.693618917,-2.003828472,0.05379581437,2.33786615,0.3944723243
groundtruth,14,-0.9362100102,-1.609712673,0.4152387131,-2.000526571,0.1959364458,2.326584662,0.2996861767
groundtruth,14,-0.8669722018,0.5787838286,2.785104259,-1.963699065,-2.447650695,0.6877930249,0.8754779289
groundtruth,14,1.211517186,-0.5472700061,0.2861406529,-1.904500609,-1.85416735,1.091746894,1.137416938
groundtruth,14,-0.09049387243,-1.104259682,0.6256636523,-1.929805088,-1.007305153,1.970936943,1.038017727
groundtruth,15,-0.4124956956,1.378981171,1.906094033,-1.596754503,-0.5761800827,2.695375837,1.394785912
groundtruth,15,-0.4158285895,0.4398997773,1.208764704,-1.529561772,1.274359995,2.382520009,0.3945915562
groundtruth,15,1.213453467,1.7157158,-2.243493625,-1.615995463,-2.811362183,1.343364937,1.248909543
groundtruth,15,0.3388952623,0.2226028109,0.2018648264,-1.519827585,1.624538065,2.115667625,0.3630264749
groundtruth,15,2.770497641,-1.474172271,-1.169796478,-1.577099691,-0.7709911217,2.637405138,1.498587737
groundtruth,15,2.617445749,-0.6822306647,-1.629804719,-1.560284428,0.9282948503,2.574490888,0.5093125787
groundtruth,15,-1.935326113,-1.724295808,0.8893582165,-1.615215755,-2.798853947,1.346643405,1.256609925
groundtruth,15,0.7056825979,0.2232391625,-0.2287168731,-1.521593332,1.705002574,2.04816458,0.368818974
groundtruth,15,1.186054384,0.2941333282,-0.8194428272,-1.528072059,1.843380169,1.930658307,0.3895865093
groundtruth,15,1.062411448,0.2637266095,-0.6599949134,-1.525598359,1.79908671,1.96844725,0.381356458
groundtruth,15,0.9679288088,0.2476620727,-0.5428611696,-1.524233831,1.770950661,1.99248579,0.3768589095
groundtruth,15,0.9275959059,0.2422012494,-0.4937011469,-1.523745965,1.759955724,2.001876305,0.3752574354
groundtruth,15,-0.5321576059,0.777851765,1.590571719,-1.577231849,0.7697446679,2.637842059,0.5816984924
groundtruth,15,-0.272983691,1.649219318,2.129701385,-1.544592798,-1.086268315,2.496679832,1.632300725
groundtruth,15,1.459852645,0.4574831935,-1.24204175,-1.541986678,2.026726384,1.777982589,0.4378879139
groundtruth,15,-1.916414466,-1.701325658,0.9124110552,-1.617217268,-2.832194494,1.338188263,1.236027953
groundtruth,15,-1.636931454,-1.125941441,1.315799606,-1.609539417,2.71639116,1.371314395,0.7729307154
groundtruth,15,2.803983993,-0.3747122016,-2.068702274,-1.524698626,1.36066876,2.322735167,0.3783876048
groundtruth,15,2.738875154,-0.4264726345,-1.957525647,-1.528472206,1.292116955,2.370594257,0.3908226543
groundtruth,15,-1.661131827,-1.207769506,1.266208679,-1.615856156,2.810712162,1.343147944,0.8300531181
groundtruth,15,-0.5314878457,0.7596168756,1.576689248,-1.573847046,0.8015755485,2.626404647,0.5660439088
groundtruth,15,-1.901132941,-1.681839409,0.931124689,-1.618734683,-2.860117165,1.331786034,1.218664987
groundtruth,15,-0.5047290703,1.069139061,1.756750889,-1.623833653,0.1584485464,2.758414647,0.9385310725
groundtruth,15,-0.2945596954,0.3493759743,1.006171739,-1.523204172,1.394756702,2.297936985,0.3734619144
groundtruth,15,-0.5010404738,1.087414426,1.764722659,-1.625013561,0.1143922172,2.760792709,0.9665805026
groundtruth,15,2.612116701,-0.7285814071,-1.589716049,-1.568228692,0.8541887764,2.606200603,0.5411102094
groundtruth,15,-0.3820286688,1.450543384,1.954259993,-1.582002482,-0.7243969409,2.65314014,1.474970286
groundtruth,15,-2.342760326,-0.2293215277,2.802305167,-1.522250845,1.727052594,2.02871183,0.3712577836
groundtruth,15,-0.4940208588,0.5652989504,1.390559535,-1.542983737,1.103788026,2.487012055,0.4415000436
groundtruth,15,1.441355443,0.4365246928,-1.206097329,-1.54008932,2.005192366,1.795402487,0.4310825381
groundtruth,15,2.658613976,-1.164436208,-1.344059827,-1.625713798,-0.07420943571,2.76225525,1.087388784
groundtruth,15,-0.5270192889,0.703985123,1.531080657,-1.56392688,0.8945632153,2.589572582,0.5228238191
groundtruth,15,-1.889307684,-1.666177059,0.9456609301,-1.619855734,-2.882356686,1.327121248,1.204766644
groundtruth,15,-0.3382609613,0.375138845,1.073933911,-1.524725715,1.36009942,2.323143998,0.3784768256
groundtruth,15,-0.5078551922,1.052847275,1.749534303,-1.622515239,0.1973613212,2.755685142,0.91385361
groundtruth,15,1.26074735,1.655166144,-2.185677538,-1.620773561,-2.897500038,1.325050987,1.195758023
groundtruth,15,0.5429270667,0.2186383408,-0.03757288411,-1.52077166,1.670104099,2.07822157,0.365496798
groundtruth,15,0.4848986697,0.2186684076,0.030439113,-1.520475026,1.657402455,2.088909213,0.3646186017
groundtruth,15,-0.4935174914,1.121435602,1.779244746,-1.626147091,0.03145097583,2.763139655,1.019669575
groundtruth,15,-0.2557795505,0.3305540225,0.949109194,-1.52222789,1.420638553,2.278687822,0.3702907596
groundtruth,15,1.482351944,0.4880535965,-1.289601928,-1.544826798,2.057717705,1.75323951,0.448176969
groundtruth,15,-0.5036318243,1.074642487,1.759157631,-1.624215525,0.1452227886,2.759203005,0.9469440912
groundtruth,15,-2.886829164,-0.2272643201,-2.839861942,-1.519861497,1.604906682,2.13377896,0.3617446993
groundtruth,15,0.4193021639,0.2197595502,0.1073152767,-1.520030826,1.6417667,2.100776349,0.3641826183
groundtruth,15,1.455570169,1.280636576,-1.919628883,-1.620572834,2.897500038,1.32415175,0.8844454818
groundtruth,15,0.1010022543,0.242307273,0.4861512134,-1.519606434,1.56462132,2.165839134,0.3617508715
groundtruth,15,-1.773685651,-0.3755155507,2.061546835,-1.534765647,1.940393238,1.84879195,0.4123767776
groundtruth,15,1.005578244,0.2534598832,-0.589145487,-1.524740822,1.78171238,1.983357178,0.378508591
groundtruth,15,-0.5323647031,0.7855977764,1.596357997,-1.578711178,0.7560309357,2.642614553,0.588557049
groundtruth,15,1.254173594,0.3176303619,-0.9119911688,-1.529967507,1.873488922,1.905058092,0.3959842746
groundtruth,16,-1.355976673,1.458980829,2.119613872,-1.171876733,-2.096029201,2.456747418,2.468211133
groundtruth,16,2.184968107,-0.4763158805,-2.620200964,-1.224203486,0.7037173625,3.108385251,1.182994957
groundtruth,16,-1.228216869,0.5703023822,0.8307243395,-1.283832985,-0.1190932996,3.161797736,1.82685503
groundtruth,16,-0.6738769285,0.4476657126,0.1290091193,-1.166365982,1.085041271,3.016234567,0.971589775
groundtruth,16,-1.138209681,0.5255506768,0.7397613865,-1.277002473,0.2520667859,3.156783691,1.521741792
groundtruth,16,1.709577265,-1.280425036,-1.263929469,-1.145570931,-1.880377245,2.608211921,2.547552424
groundtruth,16,-0.6807024579,0.447774642,0.1388006464,-1.167453618,1.077691289,3.018485195,0.974826645
groundtruth,16,0.1571445996,0.9524190298,-1.573329599,-1.178794457,2.143799627,2.422927216,1.011415594
groundtruth,16,-0.8942332058,0.4658657374,0.4380424609,-1.208030036,0.8082854667,3.08865762,1.116081761
groundtruth,16,1.801369308,-1.485670321,-0.9839268555,-1.176560628,-2.128358348,2.433852908,2.453208871
groundtruth,16,2.746472832,-0.4643706148,2.85724051,-1.137679554,1.347451464,2.917321756,0.888153213
groundtruth,16,-0.5631873323,0.4486636384,-0.03194245511,-1.152641758,1.194475122,2.978337789,0.9300464389
groundtruth,16,-0.01164526491,1.489808781,-2.19756381,-1.258592113,2.691166468,2.097218113,1.365347575
groundtruth,16,-1.326817493,0.6587070479,0.9613005507,-1.234748647,-0.6325833868,3.119738404,2.225502319
groundtruth,16,-0.007742061228,1.484105345,-2.190433087,-1.257852977,2.684767177,2.099909045,1.36046097
groundtruth,16,-1.373375087,0.7224743147,1.06195615,-1.197423085,-0.8759750573,3.073796559,2.381067998
groundtruth,16,-1.40692458,1.352672418,1.973867134,-1.15513388,-1.968342402,2.547164868,2.519794248
groundtruth,16,-0.01592141539,0.6034611024,-0.9451761089,-1.133340517,1.714130792,2.717491142,0.8754365991
groundtruth,16,-0.9368371638,0.4727174821,0.4952578,-1.218850521,0.7387403148,3.102195361,1.159943373
groundtruth,16,-0.8641365942,0.4617227366,0.3969730124,-1.200972538,0.8532936395,3.078968034,1.08915631
groundtruth,16,-0.8557577233,0.460667955,0.3854571052,-1.199092713,0.8652947309,3.076256115,1.082182453
groundtruth,16,0.09854976414,1.2796889,-1.95337016,-1.229033933,2.470018575,2.208545843,1.204678757
groundtruth,16,-0.7354589071,0.4499988218,0.2170351808,-1.175865238,1.017790457,3.036807308,1.001753768
groundtruth,16,0.04658906336,1.393998411,-2.082506652,-1.245637096,2.587186664,2.145037444,1.287546736
groundtruth,16,0.1574400028,0.9980486379,-1.63096689,-1.185785329,2.190340559,2.390239631,1.034921615
groundtruth,16,-1.091029183,0.5092079862,0.6877978485,-1.264186767,0.3993712402,3.14673127,1.40474013
groundtruth,16,-0.0882935218,1.586621083,-2.32688674,-1.270332953,2.805591549,2.055048692,1.454461955
groundtruth,16,-1.271628251,0.6026922422,0.8787880053,-1.270020243,-0.3394885916,3.151416626,2.005347631
groundtruth,16,-1.163368912,0.5358647483,0.7658850695,-1.282181726,0.1611675442,3.160606904,1.595725357
groundtruth,16,-1.344882356,0.6813245305,0.9963248872,-1.220582543,-0.7274669707,3.104232355,2.28982289
groundtruth,16,1.746338988,-1.380576455,-1.130143009,-1.159244859,-2.001897497,2.523515436,2.507504821
groundtruth,16,1.805535957,-1.49234489,-0.9742530979,-1.177723156,-2.136506484,2.428124133,2.449315893
groundtruth,16,2.369480612,-0.4523885668,-2.872708094,-1.182240166,0.9746842533,3.048917489,1.022896715
groundtruth,16,-0.05231182285,0.5782374177,-0.8697435125,-1.131543986,1.670121639,2.744648581,0.8705529348
groundtruth,16,1.845660371,-1.550497421,-0.8874000611,-1.188541237,-2.208359984,2.377690336,2.412694354
groundtruth,16,-0.9744727185,0.4798012592,0.5446836264,-1.229201868,0.6704235727,3.113897694,1.205463035
groundtruth,16,-1.158166431,1.692219222,2.500798854,-1.218641409,-2.401496701,2.249752977,2.298055164
groundtruth,16,-0.03393140709,0.5903947662,-0.9072116208,-1.132359328,1.691832236,2.731351244,0.8727539904
groundtruth,16,2.035163207,-0.5141775283,-2.436396883,-1.268654201,0.3542972807,3.15033643,1.44006505
groundtruth,16,0.1513951029,0.8911094837,-1.491123015,-1.169571523,2.079606105,2.468402488,0.9815644861
groundtruth,16,1.931846976,-0.5590423874,-2.32942836,-1.285691505,-0.03228125787,3.16312393,1.755239156
groundtruth,16,0.1165333708,1.22818962,-1.896238712,-1.221253803,2.418673713,2.23923789,1.170215675
groundtruth,16,-0.9835542401,0.4816595952,0.5564170252,-1.231803846,0.652848433,3.116669387,1.217527923
groundtruth,16,2.107105237,-0.4933529626,-2.520976483,-1.246984878,0.544252232,3.131708293,1.294982953
groundtruth,16,-0.008567035412,1.485323531,-2.191950246,-1.258016504,2.686130487,2.099330982,1.361498946
groundtruth,16,-0.8909697795,0.4653882332,0.4336134085,-1.2072435,0.8133176764,3.087612382,1.113012088
groundtruth,16,2.172783385,-0.4786605297,-2.604273841,-1.227607803,0.6812219065,3.112158825,1.198107756
groundtruth,16,0.09963868028,0.7349171801,-1.242277558,-1.147642462,1.900959986,2.594075591,0.9154753567
groundtruth,16,0.141686331,1.131763942,-1.788409488,-1.206500859,2.323389286,2.299653707,1.110074935
groundtruth,16,-1.220539862,0.565470316,0.8229504364,-1.284862212,-0.0824359119,3.162535386,1.796656207
groundtruth,17,1.287343723,-1.242845112,-1.713670484,-0.6569374759,1.347780689,3.376150105,1.14397835
groundtruth,17,1.418160135,-1.002301083,-2.469060533,-0.7079189619,1.98419234,3.152680616,1.221188103
groundtruth,17,1.280282085,-1.103070863,-2.478409392,-0.9843826072,-0.5356844931,3.457011439,-2.607433094
groundtruth,17,1.173400653,-1.204901571,-1.93442081,-1.054518169,0.2405794913,3.454393785,2.466688127
groundtruth,17,-2.004542775,1.417218099,1.334717431,-0.7101114898,-1.990252143,3.149320443,-1.827085133
groundtruth,17,1.17322599,-1.20874842,-1.922675545,-1.051290201,0.2570299757,3.455411533,2.440792238
groundtruth,17,1.333466928,-1.182783069,-2.637213876,-0.680639358,-1.243322264,3.400572901,-1.77986703
groundtruth,17,2.291176853,-1.390923815,1.602864476,-1.041309187,2.822851928,2.552972294,2.344774888
groundtruth,17,1.317981709,-1.164758786,-1.948580334,-0.6377246702,1.600582764,3.306735891,1.119322727
groundtruth,17,-1.790895412,1.156925613,0.4423394385,-0.7235208285,-1.116195222,3.425678546,-1.850605817
groundtruth,17,-1.969572518,1.215200271,1.242312698,-1.045799796,0.2944080965,3.454798097,2.382761776
groundtruth,17,-1.998154804,1.404132501,1.300320639,-0.7024074775,-1.968513138,3.161188037,-1.814181861
groundtruth,17,1.312675517,-1.17835145,-1.906765367,-0.6373441182,1.560403179,3.318789771,1.118972443
groundtruth,17,1.105675193,-1.514647013,-1.582184101,-0.7645003524,-2.119351941,3.067415434,-1.929576265
groundtruth,17,-1.979457098,1.371244759,1.207597586,-0.6830329705,-1.906823803,3.192201416,-1.783501836
groundtruth,17,-0.9551204384,1.088036411,-1.056648022,-0.9846935785,2.60700012,2.676122043,2.007043659
groundtruth,17,-2.040665927,1.545689832,1.622996727,-0.780422636,-2.152568511,3.043129475,-1.963481402
groundtruth,17,1.199962431,-1.297660679,-1.625145269,-0.8941606455,0.7596986721,3.456662323,1.661400854
groundtruth,17,-1.926808515,1.307041743,1.556109184,-0.8461711548,0.8581399792,3.453587138,1.521247095
groundtruth,17,1.172739864,-1.2424049,-1.809656433,-1.014575697,0.4348468836,3.456094541,2.163162946
groundtruth,17,-1.951568059,1.286546586,1.476597702,-0.9295343465,0.6804547689,3.457452023,1.780807014
groundtruth,17,1.355123869,-1.134371978,-2.715017935,-0.7776139706,-0.9947958405,3.442972125,-1.957368801
groundtruth,17,-1.259603679,0.8944174073,-0.3857561694,-0.8926666637,2.378704169,2.856258573,1.656690623
groundtruth,17,-0.972588087,1.065643795,-1.008926875,-0.9784178469,2.588475979,2.689190277,1.978118308
groundtruth,17,-1.83668458,1.198541999,1.296575117,-0.6393418488,1.498024311,3.336684317,1.121364955
groundtruth,17,-0.8507042997,1.489487975,-1.668483636,-1.052679311,2.888579779,2.527150753,2.447303126
groundtruth,17,1.274441145,-1.269990453,-1.639029697,-0.6812083156,1.241271767,3.401013023,1.17855995
groundtruth,17,-1.96892521,1.209523466,1.223053435,-1.050810262,0.2648307778,3.454567807,2.428894822
groundtruth,17,1.30717856,-1.101984032,-2.565532576,-0.9378680471,-0.6604897645,3.457494939,-2.413621954
groundtruth,17,-1.880337928,1.254624733,0.7852125907,-0.637327203,-1.562796213,3.318084609,-1.721133657
groundtruth,17,-1.792706126,1.097081192,0.982565154,-0.65461926,1.780698474,3.245632771,1.140888002
groundtruth,17,1.098080141,-1.586347928,-1.438833068,-0.8002969907,-2.192696263,3.01223709,-2.008340591
groundtruth,17,-1.588691707,0.9156896255,0.2950666183,-0.7817734265,2.155338127,3.041051111,1.364256302
groundtruth,17,-1.856392828,1.102447028,0.6469483035,-0.9765666604,-0.5585439054,3.457138046,-2.571814257
groundtruth,17,-1.894598286,1.11305536,0.7802196949,-1.029612106,-0.3740571558,3.455507728,-2.860503339
groundtruth,17,1.334491824,-1.181580287,-2.640975812,-0.6821639058,-1.23776496,3.401846925,-1.781995406
groundtruth,17,-1.511922392,0.8925244585,0.1225607629,-0.8127570259,2.217363426,2.992483662,1.435796141
groundtruth,17,-1.873093945,1.28007286,1.528144323,-0.6948237815,1.195857479,3.410631013,1.199690305
groundtruth,17,-1.981932819,1.37522351,1.219335549,-0.6853619438,-1.914891994,3.188355165,-1.787049113
groundtruth,17,2.161471227,-1.056665667,2.152605761,-0.9758977515,2.580930744,2.694602381,1.966181176
groundtruth,17,-1.54379206,0.9005005245,0.1921852308,-0.8005190123,2.193166235,3.011890768,1.406646107
groundtruth,17,-1.229031446,0.9021067886,-0.4461895591,-0.9014471908,2.397473117,2.840334851,1.684457568
groundtruth,17,1.172817901,-1.208467316,-1.922149913,-1.051688496,0.2593031799,3.454527517,2.437509441
groundtruth,17,-1.842192062,1.101650674,0.6008348704,-0.9524017929,-0.6241884208,3.457460976,-2.469673748
groundtruth,17,-1.830143277,1.181510624,1.244532882,-0.6374556262,1.550848681,3.321591167,1.119107383
groundtruth,17,-1.575089651,0.9105611408,0.2632017473,-0.7876650074,2.167327303,3.031954593,1.377313841
groundtruth,17,1.20673008,-1.302866171,-1.604551425,-0.8717335395,0.8066078017,3.455559392,1.593124974
groundtruth,17,-1.610339663,0.9249076123,0.3473195471,-0.7719446277,2.135010901,3.056104712,1.34307872
groundtruth,17,-1.261103198,0.8940813508,-0.3827976617,-0.8922392417,2.377790616,2.857038633,1.655340388
groundtruth,17,1.19763269,-1.322209739,-2.092725496,-0.6562265082,-1.790016247,3.242057283,-1.745211924
groundtruth,18,-1.848034602,0.7284785724,-0.7273166808,-1.075040499,-2.47668326,2.820790301,-0.4791145768
groundtruth,18,0.25673744,-0.7828765973,-2.20555982,-1.213171018,-2.803676289,2.500719144,-1.242395402
groundtruth,18,1.466591366,-0.9540290916,1.948986131,-0.9850496306,-2.413571397,2.977364166,-0.1309066665
groundtruth,18,-1.880034449,0.7081112118,-0.6659797817,-1.083273023,-2.486973148,2.804284584,-0.5140378878
groundtruth,18,1.42064092,-1.538943122,1.105331662,-1.211672806,-0.3445527636,3.547613746,-1.229709857
groundtruth,18,-1.670477429,0.9686127579,-1.21605038,-0.9786518275,-2.412298354,2.98684125,-0.1078766475
groundtruth,18,1.426910945,-0.867566825,2.098967935,-1.020828161,-2.428320881,2.920360753,-0.2632663506
groundtruth,18,1.376227201,-1.731006746,1.036764616,-0.9266128015,2.416731254,3.056247772,2.502710611
groundtruth,18,0.4196856394,-0.6787392301,-2.491820477,-1.19354326,-2.726837944,2.551161118,-1.092143873
groundtruth,18,0.2887742221,-0.7560288665,-2.266278867,-1.209033988,-2.785626758,2.511520818,-1.207766242
groundtruth,18,1.450453741,-1.483916502,1.237675946,-1.237363272,-0.1973261352,3.538336769,-1.502601799
groundtruth,18,1.401756338,-1.356366631,1.407339638,-0.6757191281,-2.818882043,3.25136969,0.942855556
groundtruth,18,1.488327591,-1.070487836,1.77131217,-0.9295012368,-2.415822948,3.052741904,0.06406784315
groundtruth,18,1.393324255,-1.366931763,1.404440457,-0.6591572837,-2.886674606,3.259301466,1.022098253
groundtruth,18,0.1570709544,-0.9047192883,-1.986668992,-1.227861934,-2.878836645,2.462167717,-1.383257529
groundtruth,18,0.1383685913,-0.9389616757,-1.936051796,-1.231053659,-2.897500038,2.453660478,-1.419893244
groundtruth,18,1.387971059,-0.8132522259,2.207025495,-1.042088153,-2.443420639,2.883236726,-0.3452681054
groundtruth,18,1.176897064,-1.34944767,1.753774412,-0.2811754681,2.64508589,3.439283238,1.502827337
groundtruth,18,-1.836414083,1.059026089,-0.8308171263,-1.035917824,0.7030595443,3.632293475,2.897300005
groundtruth,18,-1.868093635,0.7153634093,-0.688534151,-1.080291642,-2.483162437,2.810287022,-0.5014230894
groundtruth,18,-1.814126112,0.7538783403,-0.7962178299,-1.06503905,-2.465270592,2.840355832,-0.437555619
groundtruth,18,-1.793757423,0.7714997271,-0.8401342079,-1.058197466,-2.458133446,2.853430194,-0.4096315993
groundtruth,18,-1.688719132,0.9179651751,-1.132589625,-1.000337563,-2.418324829,2.953814418,-0.1867578345
groundtruth,18,1.328919655,-1.635856361,0.8264861431,-1.127542212,-0.5841447964,3.583359145,-0.7156261358
groundtruth,18,-1.750378827,1.446651303,-1.722756275,-0.6854171595,2.78542381,3.246557786,1.675194766
groundtruth,18,-1.836360004,1.05906141,-0.830963835,-1.035959383,0.7030281146,3.632269007,2.897300005
groundtruth,18,1.365791422,-0.7888392028,2.260752998,-1.051518415,-2.451700066,2.865985459,-0.3826185521
groundtruth,18,-2.672985583,0.6590655779,0.5712222704,-1.188186097,-2.708822384,2.56470852,-1.055669219
groundtruth,18,-1.677026787,0.9480318346,-1.18283728,-0.987644508,-2.414204048,2.973459232,-0.1402976027
groundtruth,18,-1.664917842,1.369859246,-1.650795,-1.246000284,0.1054922376,3.535380483,-2.039671739
groundtruth,18,-1.682113325,1.252102333,-1.38968843,-1.200796585,0.3886442297,3.551773692,-2.562475682
groundtruth,18,0.49626238,-0.6495985496,-2.613884395,-1.185204728,-2.699280641,2.57216803,-1.036110052
groundtruth,18,-2.251192985,0.6047738141,-0.06463336059,-1.142749754,-2.588363918,2.674731677,-0.7919677648
groundtruth,18,1.486995573,-1.052417562,1.797688304,-0.9389008158,-2.41334951,3.041052633,0.03176870272
groundtruth,18,1.486978827,-1.138991069,1.673817783,-0.8900945978,-2.435070883,3.097378837,0.1971420263
groundtruth,18,-1.665969324,0.9853222039,-1.242410451,-0.9711563786,-2.411322952,2.997673674,-0.08110911079
groundtruth,18,0.4168975988,-0.6799832439,-2.487274145,-1.193853973,-2.727914011,2.55037316,-1.094305929
groundtruth,18,-1.73327534,1.604008141,-1.913858526,-0.8432814486,2.476284241,3.142180881,2.22457199
groundtruth,18,-1.977258514,1.339207959,-1.255083862,-0.2721973074,2.453826182,3.452655866,1.568390046
groundtruth,18,-2.691632569,0.6660995671,0.6008999087,-1.190212241,-2.715493362,2.559604821,-1.069274827
groundtruth,18,1.367963783,-0.7911005985,2.255630492,-1.050627548,-2.450855869,2.867601539,-0.3791790895
groundtruth,18,-1.664855037,1.368513538,-1.647865903,-1.245788366,0.108957432,3.535465276,-2.045822406
groundtruth,18,1.245163827,-0.6987972281,2.505941148,-1.087134735,-2.492086511,2.796419914,-0.530654507
groundtruth,18,0.1508054865,-0.9155685212,-1.970251559,-1.228898948,-2.88519304,2.459386484,-1.394960263
groundtruth,18,-1.854618761,0.7240294031,-0.7144379556,-1.07681853,-2.478836312,2.817255943,-0.4866008005
groundtruth,18,-1.776579839,1.605102419,-2.216718957,-1.160098002,-0.5128599323,3.568497092,-0.8851455506
groundtruth,18,-1.668354386,0.9761578695,-1.228016271,-0.9752901324,-2.411791884,2.991735542,-0.09584389911
groundtruth,18,0.2765785332,-0.765764982,-2.24352132,-1.210580869,-2.792266351,2.507478768,-1.22054478
groundtruth,18,-1.895726197,1.026496178,-0.6757397653,-0.9936545281,0.7256635859,3.658046907,2.738799796
groundtruth,18,1.482751014,-1.019706237,1.846396779,-0.9551020783,-2.411078897,3.019910946,-0.02448991164
groundtruth,19,0.4326301069,0.215183169,0.8749386571,-2.837405101,-2.866998836,3.722154372,2.027789009
groundtruth,19,-2.661526495,-0.2029414618,-2.32109946,-2.839618449,-2.844033513,3.725622348,1.996711243
groundtruth,19,-2.684852441,-0.208729606,-2.294446397,-2.838538028,-2.854983656,3.723925236,2.011520825
groundtruth,19,-2.691352781,-0.2104125532,-2.286986308,-2.838237602,-2.858124765,3.723453244,2.015773164
groundtruth,19,0.4680195955,0.2058697082,0.8342269157,-2.83906372,-2.849589034,3.724754684,2.00422631
groundtruth,19,0.4301514429,0.2158793304,0.8778129885,-2.837286771,-2.868284619,3.721969273,2.02953049
groundtruth,19,0.4492361241,0.210679404,0.8557788142,-2.838181008,-2.858659853,3.723388441,2.016495342
groundtruth,19,-2.760689506,-0.231096043,-2.205933601,-2.834860716,-2.895976152,3.71822264,2.067066155
groundtruth,19,0.5745390454,0.1836044967,0.7146329769,-2.843655825,-2.805840243,3.732109412,1.9451499
groundtruth,19,-2.315815883,-0.1525023784,-2.69884211,-2.852602841,-2.733056433,3.747129991,1.847369188
groundtruth,19,0.6385773834,0.1733718784,0.6442833825,-2.846157955,-2.784134751,3.736209584,1.915918187
groundtruth,19,0.8587050946,0.1498851186,0.4077407609,-2.853634091,-2.725410296,3.748924268,1.83713422
groundtruth,19,0.03075641391,0.6051006336,1.482625975,-2.845794772,2.787191412,3.735615691,2.883700875
groundtruth,19,0.3782685375,0.2319904996,0.9387951646,-2.834728592,-2.897500038,3.718020066,2.069238741
groundtruth,19,0.03448511168,0.5907821771,1.47258945,-2.843441126,2.807761288,3.731769446,2.855997116
groundtruth,19,0.4859407676,0.2015655344,0.8138237255,-2.839877718,-2.841396967,3.726041349,1.993148873
groundtruth,19,0.4584302939,0.20825816,0.845181489,-2.838622127,-2.854105368,3.724063536,2.010332376
groundtruth,19,0.8526702046,0.1502931027,0.4142536728,-2.853433015,-2.726846777,3.748591528,1.839157619
groundtruth,19,0.5430166916,0.1894250551,0.7496403795,-2.842356918,-2.817651212,3.730005237,1.96107882
groundtruth,19,0.6288971013,0.1747922285,0.6548585449,-2.845788833,-2.787241501,3.735606401,1.920100192
groundtruth,19,0.8327380549,0.1519274216,0.4353376067,-2.852820918,-2.731417736,3.747509561,1.845170745
groundtruth,19,-2.391311457,-0.1595736448,-2.618149833,-2.850132825,-2.751902047,3.742889388,1.87261753
groundtruth,19,0.05380480496,0.5301139432,1.424843399,-2.83472973,2.897500038,3.718021808,2.734512425
groundtruth,19,0.4673640097,0.2060312139,0.8349756724,-2.839034182,-2.8498946,3.72470767,2.004639975
groundtruth,19,-2.762624055,-0.23175174,-2.203631744,-2.834763985,-2.897148472,3.718074243,2.068657684
groundtruth,19,0.5226237299,0.1935033149,0.7724294218,-2.841495158,-2.825755932,3.728607696,1.972003163
groundtruth,19,0.4180086638,0.2193807729,0.8919422485,-2.836700269,-2.874725631,3.721058439,2.038255475
groundtruth,19,0.5422962351,0.1895607053,0.7504402316,-2.842327551,-2.817924705,3.729955618,1.961446769
groundtruth,19,0.02889083668,0.612654306,1.487752085,-2.84707595,2.776443514,3.737740928,2.897300005
groundtruth,19,0.4380292516,0.2136869208,0.8686881492,-2.837662682,-2.864227891,3.722556364,2.024036834
groundtruth,19,0.7568620578,0.1588928892,0.5163818966,-2.850354256,-2.750178518,3.743266719,1.870306024
groundtruth,19,0.4406905599,0.2129603307,0.8656129499,-2.837788918,-2.862878702,3.722753443,2.022210214
groundtruth,19,-2.240630005,-0.1469055726,-2.778673524,-2.854937804,-2.715940382,3.751171201,1.824451953
groundtruth,19,0.03613492117,0.5848313291,1.468272626,-2.842494683,2.816379336,3.730227718,2.844369677
groundtruth,19,0.4012429626,0.2244350951,0.911501964,-2.835882103,-2.883812833,3.719819235,2.050586735
groundtruth,19,-2.719895078,-0.218302674,-2.25395,-2.836879493,-2.872745675,3.721335409,2.035574617
groundtruth,19,0.05380830546,0.5301045098,1.424835279,-2.834728551,2.897500038,3.718020004,2.73449305
groundtruth,19,0.9199344446,0.145677917,0.3428923071,-2.855494719,-2.711936127,3.752187883,1.819123121
groundtruth,19,-2.299399901,-0.1511651203,-2.716309693,-2.853119418,-2.729208445,3.748027948,1.842215161
groundtruth,19,-2.294571816,-0.1507839653,-2.721441554,-2.853270484,-2.72809009,3.748291015,1.840718835
groundtruth,19,-2.372809554,-0.1576898802,-2.637990535,-2.85075218,-2.747092474,3.743947838,1.86616843
groundtruth,19,0.05371038244,0.5303864871,1.425075631,-2.834765523,2.897150848,3.71807156,2.735075833
groundtruth,19,0.0533932045,0.5312264961,1.425799382,-2.834869197,2.895879515,3.718235393,2.736796416
groundtruth,19,-2.285075332,-0.150022028,-2.731503027,-2.853545564,-2.725966485,3.748790361,1.837895756
groundtruth,19,0.8688456942,0.1491328577,0.3969786451,-2.853948537,-2.723115116,3.749467598,1.834063553
groundtruth,19,0.05364694885,0.531814015,1.424631909,-2.834603959,2.896611053,3.718602367,2.73570801
groundtruth,19,0.03278071988,0.5972200228,1.477150719,-2.844487307,2.798479334,3.733466475,2.868501606
groundtruth,19,0.8929885107,0.1474105127,0.3714001117,-2.854678546,-2.717762595,3.750758585,1.826919781
groundtruth,19,0.5122817897,0.1956842244,0.7840624008,-2.841042921,-2.830024187,3.727896095,1.97778199
groundtruth,19,0.05380601012,0.5301106954,1.424840604,-2.834729324,2.897500038,3.718021187,2.734505754
groundtruth,20,-1.11433539,0.1513202905,0.1441201347,-2.291775543,1.517252087,0.9571396357,0.6267128088
groundtruth,20,0.8330652757,-1.762799978,-1.502697813,-2.418901674,0.3357159792,2.194616995,1.315951612
groundtruth,20,1.094205251,-0.3267671812,-2.007547722,-2.298587538,1.381103822,1.188756006,0.6527461371
groundtruth,20,-2.310730383,1.718259225,1.637035944,-2.415335343,0.3873500575,2.179725255,1.277884647
groundtruth,20,-2.308529423,1.762799978,1.638893427,-2.418898721,0.3357613962,2.19460487,1.315917273
groundtruth,20,0.4172776916,1.170874789,-1.419617894,-2.424083779,-2.897500038,0.1329000641,1.756604572
groundtruth,20,-0.4773920812,0.1713139801,-0.5151017753,-2.291187528,1.57304034,0.867100943,0.6244042809
groundtruth,20,0.3866240477,0.9749275496,-1.490936727,-2.402066813,2.602832581,0.1650608463,1.163520846
groundtruth,20,-1.988701213,0.2922725741,1.067133012,-2.297171291,1.400698398,1.155073057,0.647315969
groundtruth,20,0.8325858639,-1.753685895,-1.503039612,-2.418197737,0.3464181497,2.191710171,1.307862899
groundtruth,20,0.4402041171,1.375640461,-1.389508112,-2.363891821,-2.288904299,0.2411592839,2.205719883
groundtruth,20,0.8238075494,-1.070221806,-1.586958001,-2.349847897,0.956458686,1.807060839,0.8674107636
groundtruth,20,0.8230000332,-1.511643625,-1.518633346,-2.395516847,0.6013778303,2.089182039,1.117149167
groundtruth,20,1.036832593,-0.3716058078,-1.939863787,-2.300598852,1.356435692,1.231077835,0.6603460724
groundtruth,20,-1.114162952,0.1513281498,0.1439703489,-2.291749224,1.517261929,0.9571396813,0.6267095624
groundtruth,20,0.8997493069,-0.5849316244,-1.756877979,-2.311924084,1.242732549,1.419942402,0.704949725
groundtruth,20,2.511523705,-0.1596065269,2.785216196,-2.291174871,1.557657345,0.8914649485,0.6245328835
groundtruth,20,-1.334837558,0.1602991208,0.3722931394,-2.292260108,1.49861962,0.9881461781,0.6285984661
groundtruth,20,-1.784816068,0.2199378904,0.8443574894,-2.294449612,1.445624194,1.077923102,0.636936711
groundtruth,20,0.833064874,-1.762799978,-1.502698092,-2.418901091,0.3357249404,2.194614603,1.315944837
groundtruth,20,-1.807672391,0.2256935742,0.8688556971,-2.294657955,1.441714238,1.084612563,0.6377203486
groundtruth,20,0.9067367783,-0.5667024272,-1.767641782,-2.31081877,1.252474111,1.404326046,0.7005442926
groundtruth,20,-2.320495436,1.152659827,1.571680604,-2.357845339,0.899184751,1.866309538,0.9053855778
groundtruth,20,2.880402235,-0.2004630608,2.399525127,-2.291331182,1.601051937,0.8237151367,0.6251324712
groundtruth,20,-0.3690004814,0.1836538054,-0.628450133,-2.291194048,1.585852798,0.8470613462,0.6245707528
groundtruth,20,2.448504661,-0.1558988237,2.850535409,-2.291631074,1.55239825,0.901428848,0.6242947627
groundtruth,20,0.4174037214,1.171969932,-1.419168256,-2.42387002,-2.893153617,0.1331807289,1.759968198
groundtruth,20,-0.4645019567,0.1726211347,-0.528548515,-2.291136719,1.574468778,0.8648306508,0.624402156
groundtruth,20,1.320488491,-0.229284638,-2.25829947,-2.294786848,1.439319703,1.088715056,0.6382130649
groundtruth,20,0.4501565028,1.454043338,-1.398953539,-2.344908511,-2.149840214,0.2995339004,2.297349259
groundtruth,20,0.823321876,-1.522878113,-1.517590315,-2.396689984,0.5905606726,2.094966601,1.125130172
groundtruth,20,-1.801273883,0.2240395267,0.8619883252,-2.294597132,1.442829499,1.082704787,0.637495325
groundtruth,20,-0.199023161,0.2129056426,-0.8081266691,-2.291496951,1.611425176,0.808047943,0.6257348175
groundtruth,20,0.3066638675,0.6245367608,-1.406263506,-2.318465291,1.953678057,0.4208798322,0.7313371666
groundtruth,20,-2.234086271,0.5647692614,1.372777745,-2.31070354,1.253504722,1.402664757,0.7000855616
groundtruth,20,0.4173289056,1.171226435,-1.41948002,-2.42402375,-2.896167717,0.1329935607,1.75768113
groundtruth,20,0.08606382507,0.3212333435,-1.121723802,-2.294263887,1.692261312,0.6932185601,0.6362172315
groundtruth,20,0.4840981174,1.76165495,-1.467423112,-2.302578251,-1.808255974,0.5539650493,2.473878503
groundtruth,20,-2.719070252,-1.218129578,1.738552564,-2.412461326,-2.717673426,0.1490149174,1.892592856
groundtruth,20,0.8244568177,-1.559322275,-1.514444188,-2.400450372,0.5547822782,2.113115342,1.151614802
groundtruth,20,1.651878723,-0.1726806493,-2.608261103,-2.292752134,1.483736515,1.01313531,0.6304997733
groundtruth,20,-1.625871423,0.1894575949,0.6758796924,-2.293385648,1.468346054,1.039150061,0.6328301254
groundtruth,20,0.8754485451,-0.6632001935,-1.71649857,-2.316913555,1.200504379,1.486131218,0.7250264021
groundtruth,20,0.8196751132,-1.255821997,-1.551509116,-2.368354741,0.8223069864,1.936824632,0.9581153736
groundtruth,20,0.2349783622,0.4700904971,-1.304350334,-2.302480839,1.807225884,0.5550771843,0.6677811304
groundtruth,20,-1.277813846,0.1571100974,0.3132085029,-2.292100459,1.503627972,0.979772207,0.628036178
groundtruth,20,-0.5288026937,0.1667505276,-0.4615505334,-2.291154022,1.567611742,0.8756934337,0.6243856283
groundtruth,20,2.543426086,-0.1616337936,2.752122993,-2.291147481,1.560636293,0.8866076902,0.6244264503
groundtruth,20,0.8237071678,-1.535766866,-1.516448901,-2.398036225,0.5780265399,2.101501097,1.134386649
groundtruth,20,-1.157563704,0.1524115977,0.1888122272,-2.291837316,1.5137312,0.9629827259,0.6270282409
groundtruth,21,-1.057311825,1.379090492,-2.774835409,-2.041972889,0.5013653465,1.782169265,1.260581963
groundtruth,21,0.09009711142,0.9772404442,-2.862603987,-2.036372397,-0.5548643753,1.753932878,2.081705589
groundtruth,21,-0.1008985683,1.030345451,-2.819594516,-2.050733099,-0.406435868,1.824374929,1.968838753
groundtruth,21,1.383080319,-1.553017937,0.1261693007,-1.972469099,1.037158523,1.337946153,0.8913681206
groundtruth,21,2.14211408,-1.358131411,0.3763130393,-2.047060821,0.4482965303,1.806974788,1.30099443
groundtruth,21,-0.8675383459,1.308456639,-2.750403491,-2.057066193,0.3226864651,1.853603585,1.3978752
groundtruth,21,2.055546307,-1.389267493,0.3613260432,-2.039322549,0.527226982,1.768931508,1.241026449
groundtruth,21,-2.11655994,-0.848649063,0.01652719807,-1.965115968,-1.0911129,1.273454259,2.440712098
groundtruth,21,2.641368984,1.076286575,2.857281178,-1.991271185,-2.237789767,0.1858781609,2.328600819
groundtruth,21,-0.5583298058,-1.058480431,-0.2765020492,-1.976347888,-2.132284862,0.2255530395,2.394280172
groundtruth,21,2.440026684,-1.244124321,0.3965888569,-2.065479392,0.1584735027,1.890636366,1.526250376
groundtruth,21,0.2762276192,-1.377332841,-0.4090832383,-1.940599613,1.84053966,0.3946092354,0.766640525
groundtruth,21,-0.4782820864,1.158648323,-2.758411591,-2.067716602,-0.06372787665,1.900300114,1.701179922
groundtruth,21,-0.8005559004,1.282625951,-2.746507651,-2.061089091,0.257001992,1.871540428,1.449044582
groundtruth,21,-2.832607667,-0.9276092023,0.2231246729,-2.018493929,-0.7045279349,1.65671734,2.191759245
groundtruth,21,0.2389688349,-1.362053313,-0.4220995593,-1.944623836,1.88467529,0.3614443264,0.7821892057
groundtruth,21,2.047591108,-1.392054389,0.3597430646,-2.038576153,0.5343255229,1.76516371,1.235676289
groundtruth,21,-1.024015148,1.367095329,-2.76911163,-2.044956146,0.4709699664,1.796769416,1.283679217
groundtruth,21,-2.61546062,-0.8904189027,0.1627791937,-2.000936196,-0.8350752276,1.548708846,2.28301013
groundtruth,21,-1.002500703,1.359238148,-2.765731883,-2.046802633,0.4511013627,1.805742011,1.298851007
groundtruth,21,0.6533927355,-1.502729238,-0.241755137,-1.927989727,1.505568908,0.7334793232,0.720873616
groundtruth,21,-0.145157033,1.043892534,-2.810573509,-2.053683053,-0.3695159296,1.838150761,1.940361235
groundtruth,21,1.537589377,-1.53088819,0.1950839827,-1.986985352,0.9339320299,1.452023481,0.9540152719
groundtruth,21,-0.6464522921,1.222713105,-2.74629062,-2.067003653,0.1032656984,1.897262491,1.569640735
groundtruth,21,2.574552416,1.055911914,2.866085329,-1.974361072,-2.118052717,0.2316301221,2.402670197
groundtruth,21,-1.049523175,1.376303368,-2.773440982,-2.042678137,0.4942964123,1.785655211,1.265943861
groundtruth,21,0.9792410472,-1.557809608,-0.0749581505,-1.941600193,1.290570208,1.014959253,0.7703482561
groundtruth,21,2.416809517,-1.253144206,0.3966770118,-2.064603413,0.1816974558,1.886951388,1.508024904
groundtruth,21,0.2655095822,-1.373018501,-0.4129045703,-1.941804964,1.853122037,0.3850923806,0.7711040499
groundtruth,21,0.1956325937,-1.344281164,-0.4357035074,-1.951459699,1.942463239,0.323829739,0.8075261418
groundtruth,21,0.661988708,-1.504858639,-0.2374797544,-1.928152916,1.499417149,0.741105526,0.7214554895
groundtruth,21,-2.749378888,1.421853829,2.778180663,-1.931354872,1.718855349,0.4987051743,0.7329987561
groundtruth,21,0.2804701241,-1.37905939,-0.4075340191,-1.940191829,1.835667132,0.3983826586,0.7649585109
groundtruth,21,-0.7671846311,1.26966267,-2.745433138,-2.062779741,0.2239466264,1.878972021,1.474908944
groundtruth,21,-1.257279747,1.445802766,-2.821691716,-2.022388854,0.6739515186,1.678846355,1.132279279
groundtruth,21,-0.09188155805,-1.226399538,-0.4586180794,-2.033572352,2.561278149,0.1087735776,1.201199606
groundtruth,21,-0.8409939794,1.298245519,-2.748566776,-2.058753108,0.2967784793,1.861195524,1.418024393
groundtruth,21,0.7064998707,-1.515330458,-0.2151605489,-1.929236778,1.468121784,0.7804597502,0.7251867556
groundtruth,21,0.4663376296,-1.447828977,-0.3309318978,-1.92843595,1.651758995,0.5656954552,0.7224640797
groundtruth,21,-0.3264973835,-1.137746748,-0.3345414373,-2.049922703,-2.725707076,0.08728906087,1.976101939
groundtruth,21,-2.750995456,1.421284839,2.77751744,-1.931460944,1.720392843,0.4972626504,0.7333052984
groundtruth,21,0.2491399842,-1.366373888,-0.4185896119,-1.943779872,1.872876229,0.370610485,0.7784608895
groundtruth,21,0.980486735,-1.557918514,-0.07431420711,-1.941676106,1.289791592,1.016002533,0.77062845
groundtruth,21,-1.312826013,1.462347833,-2.83828074,-2.016658872,0.7187985845,1.646001424,1.099971282
groundtruth,21,0.6313829815,-1.497114333,-0.2526462314,-1.927634444,1.52150261,0.7139116426,0.7196081535
groundtruth,21,-0.7376789826,1.258163954,-2.744981235,-2.064085134,0.1945398567,1.884704381,1.497931791
groundtruth,21,-0.3436371737,1.109831131,-2.775694825,-2.064163165,-0.1926523177,1.885043501,1.802534885
groundtruth,21,1.468038156,-1.542172511,0.1648601466,-1.980306823,0.9811441928,1.401461734,0.9246252104
groundtruth,21,2.164205176,-1.349987051,0.3794752169,-2.048917591,0.4276879426,1.815771536,1.316785571
groundtruth,21,2.566282219,-1.195309862,0.3916095687,-2.068041104,0.03215424128,1.901685825,1.625638254
groundtruth,22,1.917915878,1.51960706,2.076435465,-1.522107057,2.161409339,0.1346387589,1.877803502
groundtruth,22,0.6075274378,-1.082691985,1.278455873,-1.615040996,-0.1400864113,1.453878973,2.715682013
groundtruth,22,1.629310478,0.8280944958,1.764866493,-1.476056092,-1.754436068,0.3223072188,-2.795289496
groundtruth,22,0.262455616,-1.695434958,0.8366789238,-1.591293606,0.4791953171,1.349466597,2.219324079
groundtruth,22,1.597047152,0.591781685,1.561986256,-1.471591058,-1.48175972,0.524044397,-2.780809621
groundtruth,22,1.76618311,0.2779393169,1.103461197,-1.493990775,-1.191558299,0.7906749657,-2.854884763
groundtruth,22,1.849591451,0.2394801461,0.9830742674,-1.498338955,-1.155178098,0.8255046402,-2.869954787
groundtruth,22,-1.255726116,-1.469122172,-1.104833791,-1.544757826,2.315309744,0.09219212058,1.971162855
groundtruth,22,-1.535650814,-0.7086614693,-1.474657037,-1.470331171,-1.606054669,0.4244620665,-2.776969814
groundtruth,22,-2.5043817,0.9858532104,-1.809896807,-1.611100294,-0.228408145,1.437513177,2.786950525
groundtruth,22,1.89139756,1.478032516,2.043052547,-1.540459429,2.285953562,0.09933335462,1.952333644
groundtruth,22,0.4031575759,-1.514854267,1.004780826,-1.607834035,0.2817313026,1.423796331,2.374114225
groundtruth,22,0.4814251968,-1.380876695,1.101439506,-1.614688844,0.1463648397,1.452723434,2.483003482
groundtruth,22,0.6716435074,-0.8408935319,1.413368236,-1.602168865,-0.3567932957,1.399609663,2.889218507
groundtruth,22,2.047368763,0.1886044997,0.7309606468,-1.50519759,-1.101522628,0.8766733576,-2.894220712
groundtruth,22,0.1974125242,-1.758340364,0.7605738267,-1.581984183,0.5533894919,1.309195749,2.163129012
groundtruth,22,-1.281907357,-1.426344675,-1.130017999,-1.567176813,2.472751467,0.06030596078,2.078645119
groundtruth,22,1.609863739,0.4790909147,1.443734381,-1.476983744,-1.373551839,0.6193519408,-2.798176472
groundtruth,22,-1.544487613,-0.5957699927,-1.575851073,-1.471403259,-1.485719035,0.5206723487,-2.780388228
groundtruth,22,-2.700486162,1.453650257,-2.090465723,-1.611599548,0.218756309,1.439686512,2.424569306
groundtruth,22,0.3072622649,-1.644475579,0.8901207295,-1.59640142,0.4207887985,1.374467937,2.264434952
groundtruth,22,-1.541900984,-0.654818886,-1.521476386,-1.47043504,-1.547226026,0.4704297721,-2.777064634
groundtruth,22,1.769455528,1.254430731,2.000624455,-1.610207096,-2.897500038,0.01531681079,2.799478077
groundtruth,22,-2.46748878,0.8278261492,-1.720568692,-1.601206173,-0.3681504938,1.395451368,2.897300005
groundtruth,22,1.629470098,0.8287546344,1.765386727,-1.476118236,-1.755356697,0.321734566,-2.795498355
groundtruth,22,-1.499724278,-0.8769818486,-1.338497798,-1.481270076,-1.824483986,0.2807034241,-2.812240764
groundtruth,22,0.2074472606,-1.749221359,0.7723741403,-1.583315545,0.5422171872,1.315374682,2.171507038
groundtruth,22,0.2576585037,-1.700340489,0.8313395335,-1.590366265,0.4837376488,1.346413158,2.215473567
groundtruth,22,-2.716851142,1.480877496,-2.110573631,-1.610095695,0.2465906107,1.433174953,2.40224075
groundtruth,22,1.611283052,0.7420912517,1.695067338,-1.471087456,-1.644951241,0.3958541882,-2.779401456
groundtruth,22,-2.783229685,1.579468542,-2.190679503,-1.602738002,0.3499148859,1.402064102,2.319982944
groundtruth,22,-2.602342222,1.260572941,-1.964384981,-1.617360506,0.02769405652,1.46334668,2.579399328
groundtruth,22,-2.580539456,1.20878058,-1.934010442,-1.617385408,-0.02191634302,1.4634973,2.619717131
groundtruth,22,-1.488719373,-0.9159744161,-1.308778727,-1.48697403,-1.885656813,0.2477739955,-2.83113191
groundtruth,22,1.762830725,1.237800966,2.000682853,-1.604250723,-2.810569754,0.02062462445,2.868854927
groundtruth,22,1.853169023,1.415503947,2.006683059,-1.573134331,2.517556735,0.0530062168,2.110947525
groundtruth,22,-1.502114428,-0.8681125215,-1.345353186,-1.480176346,-1.811267804,0.2882304714,-2.808651671
groundtruth,22,1.998971716,0.1978543464,0.7900995959,-1.503801116,-1.112156623,0.8665684054,-2.889225663
groundtruth,22,1.59861821,0.6393322416,1.606141666,-1.470393644,-1.530437139,0.4836245196,-2.77720249
groundtruth,22,-1.261876593,-1.45919425,-1.11145429,-1.549752078,2.349351844,0.08440192848,1.993506675
groundtruth,22,1.939960437,1.552813564,2.107219034,-1.509766751,2.074054069,0.1647644032,1.831365304
groundtruth,22,0.3472838075,-1.594305776,0.9376851021,-1.601401917,0.3658656403,1.396298418,2.30741135
groundtruth,22,-1.038376911,-1.751321331,-0.7868214185,-1.471996117,1.673711871,0.3755281275,1.702877546
groundtruth,22,-1.11446432,-1.669276564,-0.9023915305,-1.481096627,1.822430173,0.2818636233,1.732259553
groundtruth,22,1.828217154,1.373048231,1.994246692,-1.595845653,2.715079745,0.02855027509,2.259985962
groundtruth,22,1.980623768,0.2017863511,0.8128511977,-1.503234284,-1.116511728,0.8624237594,-2.887204803
groundtruth,22,-1.201569828,-1.552906717,-1.03428364,-1.509736676,2.073826315,0.164849933,1.831252598
groundtruth,22,0.2107956881,-1.745686245,0.7763439917,-1.583395867,0.5388817709,1.316680862,2.174378248
groundtruth,22,1.998290265,1.633483423,2.194847714,-1.487724705,1.89300372,0.2440269711,1.754236798
groundtruth,22,0.2135664067,-1.743543355,0.7795721629,-1.584126992,0.535321199,1.319126784,2.176694647
groundtruth,23,0.2836658988,1.672748799,-0.95840914,-1.060935468,-0.7094772492,1.089272081,-2.492000193
groundtruth,23,-0.5180650512,1.481819689,0.5186415728,-1.032646766,-2.174433847,0.4068299259,-2.394592249
groundtruth,23,-0.6962315482,1.604269839,0.8098713809,-1.090872715,-2.734963216,0.2815339516,-2.640447722
groundtruth,23,0.3111774557,1.711165629,-1.02166324,-1.067670793,-0.6483344541,1.115348745,-2.519341847
groundtruth,23,2.726431964,-1.441266469,-2.803397166,-1.011100174,-1.937315612,0.4909314381,-2.333665737
groundtruth,23,-0.1112097072,1.423396845,-0.2040460006,-1.000510778,-1.389256627,0.7435668317,-2.306595108
groundtruth,23,0.3073795356,1.705602494,-1.012778281,-1.066677893,-0.6570009834,1.111734608,-2.515391414
groundtruth,23,-0.4511549202,1.453316153,0.4018049106,-1.017385595,-2.01558148,0.4612420222,-2.350567478
groundtruth,23,-0.557313119,1.502491621,0.5858415773,-1.043775778,-2.277735081,0.3758398594,-2.429955861
groundtruth,23,-0.1619387897,1.416062641,-0.1132785891,-0.9979871946,-1.472202981,0.7012580558,-2.300380643
groundtruth,23,-2.807488569,-1.747665584,2.06370769,-1.073453773,-0.5931160173,1.137406569,-2.545302131
groundtruth,23,0.2919210572,1.682704149,-0.9760118549,-1.063689164,-0.691969581,1.097829487,-2.500010303
groundtruth,23,2.610737022,-1.488221078,-2.60092809,-1.036118962,-2.207197691,0.3966337016,-2.405258679
groundtruth,23,-0.711676349,1.61908127,0.8332770373,-1.095659403,-2.798018037,0.2739825526,-2.674805347
groundtruth,23,0.2519731183,1.634061541,-0.8893248336,-1.053647516,-0.7750238225,1.059671677,-2.464377532
groundtruth,23,0.3180195911,1.721636926,-1.038133889,-1.069337891,-0.6322550029,1.121907591,-2.526795721
groundtruth,23,0.1573483859,1.544835627,-0.6982292092,-1.034374064,-0.9505711448,0.9737790814,-2.399927411
groundtruth,23,-0.4517782141,1.453539657,0.4029025757,-1.017514099,-2.016975899,0.4607275309,-2.350896408
groundtruth,23,2.606799676,-1.490208189,-2.594190036,-1.037274034,-2.217363173,0.3935430402,-2.408617035
groundtruth,23,-0.4907626926,1.469196052,0.4712530247,-1.025851917,-2.107263784,0.4288614084,-2.374410471
groundtruth,23,0.2563273775,1.639069548,-0.8986235801,-1.054617311,-0.7662751666,1.06371183,-2.467960844
groundtruth,23,-2.820518209,-1.726394732,2.096067761,-1.070119786,-0.6250046506,1.124837143,-2.530176582
groundtruth,23,0.2281410704,1.608240404,-0.8394011164,-1.048464039,-0.8216442784,1.037705379,-2.445861042
groundtruth,23,-0.4132132388,1.440677768,0.3347441259,-1.010796515,-1.933203064,0.4925423977,-2.33286678
groundtruth,23,2.697748488,-1.450687623,-2.752675655,-1.016003804,-1.99932318,0.4672566455,-2.346792743
groundtruth,23,-2.798758443,-1.762799978,2.041278726,-1.075735962,-0.5708522018,1.145884328,-2.556076348
groundtruth,23,-0.1995347127,1.413348501,-0.04611712986,-0.9970611664,-1.535002552,0.6699806377,-2.298123187
groundtruth,23,-0.3608140661,1.427197801,0.2416242528,-1.003980105,-1.826643111,0.5359860308,-2.315282479
groundtruth,23,-0.2490980483,1.413218824,0.042365126,-0.9971939064,-1.620174396,0.6287943782,-2.298429233
groundtruth,23,0.3006871254,1.695915498,-0.9971143221,-1.065061341,-0.6721966882,1.105362377,-2.50849416
groundtruth,23,-2.895835768,-1.62708525,2.265425248,-1.052261532,-0.7873720432,1.053919167,-2.459383896
groundtruth,23,-0.1286835632,1.420385545,-0.1727537012,-0.9994839971,-1.417639602,0.7289748898,-2.304054368
groundtruth,23,-0.4037821212,1.437907232,0.3180122339,-1.009393137,-1.913434641,0.5003483285,-2.329139604
groundtruth,23,0.3167766644,1.719738505,-1.035146162,-1.068997694,-0.6351617879,1.120685091,-2.525425793
groundtruth,23,-0.6834818386,1.592685676,0.7903639321,-1.086651083,-2.685165054,0.288420267,-2.614021862
groundtruth,23,0.00415933316,1.456634581,-0.4119240935,-1.011485139,-1.204402815,0.8409821928,-2.334241124
groundtruth,23,-2.857798251,-1.672916579,2.182896508,-1.060966394,-0.7092022125,1.089392963,-2.492119695
groundtruth,23,0.2616810219,1.645343503,-0.9101196803,-1.055834579,-0.7554237359,1.068689205,-2.472445558
groundtruth,23,0.05824324213,1.481545861,-0.5112233779,-1.018182848,-1.116832114,0.8870352393,-2.352759455
groundtruth,23,-0.4143279233,1.441013404,0.3367194722,-1.010970708,-1.935554829,0.4916202768,-2.333322046
groundtruth,23,-2.8722995,-1.654810374,2.214703331,-1.05737321,-0.7397342334,1.075569477,-2.478839242
groundtruth,23,0.1109779788,1.511954297,-0.609546819,-1.026366885,-1.029826127,0.9328351063,-2.375649473
groundtruth,23,-0.5374581355,1.49165199,0.5520295483,-1.037945015,-2.224383777,0.3913913054,-2.411020817
groundtruth,23,-2.875770654,-1.650241088,2.222585878,-1.056840643,-0.7469977521,1.072546297,-2.475942298
groundtruth,23,-2.798758803,-1.762799978,2.041279666,-1.075735867,-0.5708531376,1.145883977,-2.556075891
groundtruth,23,-0.6411035956,1.557826402,0.7239931447,-1.071800741,-2.532633721,0.3146268436,-2.537743883
groundtruth,23,0.2360122724,1.616504456,-0.8557478508,-1.050128446,-0.8064491637,1.044934713,-2.45179894
groundtruth,23,0.1969807253,1.578120342,-0.7761795821,-1.041991199,-0.8798724762,1.009336432,-2.42414768
groundtruth,23,0.2968505669,1.690553057,-0.9883037099,-1.064097604,-0.6807220639,1.101726208,-2.504681577
groundtruth,23,0.2332902011,1.61362401,-0.8500865348,-1.049540149,-0.8117186751,1.042430557,-2.449730478
groundtruth,24,-0.6784226145,-0.8534210784,-1.354575575,-0.5489391292,-2.007399291,1.011323837,-1.999098135
groundtruth,24,-0.02207635508,-1.102478621,0.5367426222,-0.5310444428,1.752206771,1.072822881,-2.449740554
groundtruth,24,0.2200226217,-0.8113358203,1.547011966,-0.6059531247,0.612205346,1.35066514,-2.371467995
groundtruth,24,0.2244341126,-0.7461290849,1.718199978,-0.6230670423,0.4397566035,1.383000863,-2.334770073
groundtruth,24,-0.6190213762,-0.6412995042,-2.121309035,-0.5380829514,-1.271551362,1.190793619,-1.991453614
groundtruth,24,-0.6788101374,-0.797009273,-1.536798297,-0.5345360085,-1.817228482,1.057159346,-1.989506437
groundtruth,24,2.531217658,0.6311583075,0.9763032186,-0.5406173074,-1.234621592,1.200063101,-1.993191853
groundtruth,24,2.578369705,1.076452766,2.420467985,-0.6306331952,-2.800424249,0.8570531674,-2.126775763
groundtruth,24,-0.5863624561,-0.6070047142,-2.274286724,-0.5480551736,-1.145568195,1.22253524,-1.998273636
groundtruth,24,2.779616746,1.177685819,2.854758854,-0.6320755604,2.821325239,0.8547832061,-2.305654124
groundtruth,24,2.55025517,1.047536821,2.337743393,-0.6210040476,-2.681736923,0.8723620069,-2.09836694
groundtruth,24,-0.5836455074,-0.6047364664,-2.285245687,-0.5487275918,-1.136909768,1.224711161,-1.998898382
groundtruth,24,2.507995609,0.6618816878,1.105463326,-0.5333586228,-1.345222161,1.172400242,-1.988835121
groundtruth,24,2.665585077,0.5417491141,0.5028364925,-0.5759967165,-0.8767344704,1.289979527,-2.023916546
groundtruth,24,2.77376471,1.176541032,2.843240372,-0.6332129687,2.838567715,0.8530069968,-2.301258878
groundtruth,24,0.1974826121,-0.8781866904,1.36852445,-0.5844490752,0.80301715,1.307810231,-2.403758433
groundtruth,24,-0.1339623309,-0.5017863992,2.860515333,-0.6264512337,-0.3972423352,1.389617892,-2.11300941
groundtruth,24,-0.6062391302,-0.6267999465,-2.184812091,-0.5416670719,-1.218517348,1.204073073,-1.994085126
groundtruth,24,-0.09676941162,-0.9946886326,0.5970055353,-0.3208175008,1.773143205,1.095507814,-2.3575585
groundtruth,24,-0.4469622952,-0.7141582791,-2.255731135,-0.3194193169,-1.305146187,1.163275862,-2.082830706
groundtruth,24,0.1195113539,-0.9896220827,1.023206884,-0.5444181847,1.190274896,1.211265436,-2.442274206
groundtruth,24,2.688573349,0.5333441099,0.4407873007,-0.5808098361,-0.8349889162,1.300149973,-2.02941093
groundtruth,24,-0.008355239234,-0.524503234,2.583326041,-0.6373808643,-0.2303971427,1.409997745,-2.155417189
groundtruth,24,-0.2536963811,-1.183659093,-0.06648580944,-0.603336445,2.505331295,0.9017483048,-2.376039783
groundtruth,24,0.05813534778,-1.045534444,0.8036776463,-0.5292448368,1.442289752,1.14839576,-2.451177103
groundtruth,24,-0.3877191117,-1.171980169,-0.3374579239,-0.636676203,2.897500038,0.8476288889,-2.285895581
groundtruth,24,0.05467149807,-1.048400827,0.7914820556,-0.5289214981,1.456297139,1.144951288,-2.451441824
groundtruth,24,-0.6628833,-0.9251099129,-1.142043502,-0.5738981244,-2.246381226,0.9555412809,-2.021617459
groundtruth,24,-0.6019523725,-0.6221297536,-2.205359658,-0.5431167294,-1.201494495,1.208395227,-1.994958351
groundtruth,24,-0.6284231783,-0.9976414578,-0.9410480867,-0.6022320613,-2.495629475,0.9035817892,-2.059861642
groundtruth,24,2.732719623,0.6946489675,0.6808963753,-0.3149716111,-1.132179181,1.186563623,-2.093075508
groundtruth,24,2.471654922,0.9021709507,1.933514971,-0.56560984,-2.169577667,0.9729815096,-2.012860156
groundtruth,24,0.1815756387,-0.9082481703,1.283509122,-0.5737227105,0.8967391129,1.285057968,-2.416264036
groundtruth,24,-0.2226634748,-1.180253574,0.001268571261,-0.593181399,2.413618288,0.9195878022,-2.392184714
groundtruth,24,2.861317158,0.500105816,0.03330710642,-0.6093874736,-0.5813767175,1.357037247,-2.072252093
groundtruth,24,-0.5383066208,-1.097757322,-0.6565229765,-0.6366137888,-2.896152203,0.8477410588,-2.151427177
groundtruth,24,-0.6552601436,-0.9454640121,-1.084689374,-0.5817529113,-2.31488754,0.9403890924,-2.030559964
groundtruth,24,-0.6794096495,-0.8376551586,-1.40406116,-0.5441189813,-1.954719029,1.023970055,-1.995850392
groundtruth,24,-0.03415300553,-1.109975854,0.4985096851,-0.5333778648,1.796893616,1.062085935,-2.448840248
groundtruth,24,-0.3867521057,-1.172249485,-0.3355344952,-0.6365624328,2.89464252,0.8478505455,-2.286669881
groundtruth,24,-0.4599344717,-0.7234239385,-2.175628677,-0.3210679182,-1.374654617,1.153408971,-2.079854402
groundtruth,24,0.1727977196,-0.9224179992,1.241787746,-0.5685167564,0.9432300797,1.273528756,-2.421663617
groundtruth,24,2.594813411,1.090898151,2.463809159,-0.6348137762,-2.864386181,0.8505177886,-2.143101111
groundtruth,24,0.205359885,-0.6753209494,1.917429714,-0.6360822424,0.2561462957,1.407518609,-2.28909064
groundtruth,24,-0.2582136633,-1.183963335,-0.07612051674,-0.6047566914,2.518574638,0.8993024671,-2.373538476
groundtruth,24,2.862936852,0.5000079351,0.02977742346,-0.609576626,-0.5792894476,1.357447556,-2.072676851
groundtruth,24,-0.6526920438,-0.9516318067,-1.067512103,-0.5842158372,-2.335752204,0.9358640469,-2.033501783
groundtruth,24,-0.2440998807,-1.182881802,-0.04578955656,-0.6003463228,2.477227399,0.9070458055,-2.381418743
groundtruth,24,-0.6317831891,-0.9921185417,-0.9561222809,-0.600060089,-2.476015382,0.9073138076,-2.056287328
groundtruth,24,2.791218638,1.179752512,2.877671692,-0.6297760775,2.787198742,0.8585105427,-2.314234786
groundtruth,25,-1.991252609,0.1890250242,0.6830093275,-0.6471631375,-1.948182365,1.535600104,-1.573706827
groundtruth,25,1.370369882,-0.8945196425,-0.3580161055,-0.6492025164,1.982931388,1.525595051,-2.05742192
groundtruth,25,-1.309092136,0.5275041469,-1.564808348,-0.2128880002,-0.3307398656,1.735153592,-1.789114811
groundtruth,25,2.148826357,-0.7654481076,0.7940676143,-0.7172263136,0.2316222701,1.96123089,-1.882491468
groundtruth,25,1.162363232,-0.8213092688,-0.6654446413,-0.685895112,2.44604307,1.403384766,-1.993231525
groundtruth,25,-0.7427478441,0.3340470412,-1.447335623,-0.6588317867,-1.01791851,1.806443565,-1.590806941
groundtruth,25,-1.699507806,0.9087163402,2.895384458,-0.6411169434,1.822942734,1.572171,-2.068337217
groundtruth,25,2.104128909,-0.7929918475,0.7334893833,-0.7121111038,0.3396494479,1.949923192,-1.911504509
groundtruth,25,-2.045005464,0.1971381635,0.7707774916,-0.6491979233,-1.984117915,1.525268005,-1.576675933
groundtruth,25,1.67536604,-0.9202673372,0.1239512906,-0.6417042564,1.300097774,1.726531702,-2.067284081
groundtruth,25,-2.04928114,0.7838461143,2.37644942,-0.6988543249,2.606432674,1.369926484,-1.959450102
groundtruth,25,2.185325803,-0.7402750872,0.8448848532,-0.7201692188,0.1402157409,1.967576057,-1.856997907
groundtruth,25,2.369795226,-0.5525874047,1.182191522,-0.7065440286,-0.4286899562,1.937603063,-1.699808084
groundtruth,25,-1.000560926,0.2066726543,-0.8106418113,-0.6376524513,-1.419289966,1.69160616,-1.561623024
groundtruth,25,1.701434614,-0.9183624481,0.1644546891,-0.6444339524,1.241915299,1.7433764,-2.063720226
groundtruth,25,-0.7746712326,0.557021077,-1.967548127,-0.7073542222,-0.4165146917,1.939433311,-1.702830832
groundtruth,25,1.592997135,-0.9220431638,-0.006096059648,-0.6364468817,1.484496767,1.67236128,-2.07391752
groundtruth,25,-1.760283934,0.8969669836,2.800401408,-0.647665816,1.958637864,1.532609837,-2.059399945
groundtruth,25,0.9798660881,-0.7067509882,-0.9283653519,-0.7159067995,2.878808192,1.33005556,-1.89100264
groundtruth,25,1.001287802,-0.7232997742,-0.896393409,-0.7132261528,2.824804356,1.336009783,-1.905549141
groundtruth,25,1.27073713,-0.176207325,-2.645071214,-0.6433872625,-1.878457405,1.555912814,-1.568853375
groundtruth,25,2.106729873,-0.7914717941,0.7370103804,-0.7124442462,0.3334309387,1.950679266,-1.909874691
groundtruth,25,1.780622901,-0.6116141343,0.9133422245,-0.2132340369,0.3891743317,1.733336081,-1.84960685
groundtruth,25,2.354355726,-0.5753852273,1.140666135,-0.7106139166,-0.3657283209,1.946594882,-1.715698277
groundtruth,25,2.307589672,-0.6323112313,1.04019531,-0.7182742516,-0.2032572698,1.963519632,-1.759311777
groundtruth,25,-1.320428022,0.9008658369,-2.797009586,-0.6621075305,0.9767742942,1.817506892,-2.038194031
groundtruth,25,-2.050681473,0.7830245239,2.374462428,-0.6991053574,2.609685849,1.36931465,-1.95870977
groundtruth,25,-1.310987402,0.5394958617,-1.657820961,-0.2125113528,-0.2343778956,1.737542828,-1.797087806
groundtruth,25,1.430414442,-0.9066542265,-0.2646546939,-0.6420272319,1.849116412,1.564506227,-2.066857104
groundtruth,25,-2.129494223,0.7313309196,2.261206582,-0.711794556,2.797927506,1.339347422,-1.912541264
groundtruth,25,-0.8422844359,0.6411662757,-2.116874719,-0.7191399599,-0.1771366216,1.965377075,-1.766590556
groundtruth,25,-2.090675964,0.2054916436,0.848339802,-0.6513429764,-2.017860159,1.515604219,-1.579689116
groundtruth,25,2.392800972,-0.5120987278,1.258846497,-0.6985869306,-0.5386198447,1.919099278,-1.673732429
groundtruth,25,1.658000338,-0.9212101881,0.09675345282,-0.6402163827,1.338898072,1.715217361,-2.06927963
groundtruth,25,1.531631584,-0.9191522568,-0.1040326083,-0.6359876343,1.622283261,1.631530561,-2.074368962
groundtruth,25,-1.237333039,0.1753808505,-0.4276091,-0.635827301,-1.57299333,1.646154647,-1.559311014
groundtruth,25,2.340636839,-0.5934887313,1.108409658,-0.7133589693,-0.3149379298,1.952832681,-1.728978025
groundtruth,25,0.8393497043,-0.284628822,-1.845063669,-0.6705990855,-2.269830598,1.446557424,-1.610434256
groundtruth,25,-2.347322149,0.483456104,1.816917057,-0.7111072475,-2.785257746,1.340990972,-1.718129942
groundtruth,25,-1.862656373,0.8685624497,2.645274618,-0.6637007711,2.186004969,1.468773388,-2.035406742
groundtruth,25,1.170878163,-0.8254152433,-0.6532062215,-0.6843217349,2.426756797,1.407805109,-1.996918565
groundtruth,25,-1.943375409,0.8375983612,2.527335019,-0.678798447,2.365700024,1.422410577,-2.007923566
groundtruth,25,-1.067995157,0.8098279657,-2.448792968,-0.7077172837,0.4113410232,1.940215234,-1.929918573
groundtruth,25,-2.09151462,0.2057129851,0.849884396,-0.651320762,-2.018609452,1.515469349,-1.579762966
groundtruth,25,-1.034325002,0.7911615678,-2.403875511,-0.7125099232,0.332168535,1.95083097,-1.909542679
groundtruth,25,2.358433104,-0.2904619457,1.85154908,-0.6501320717,-1.142485922,1.771825257,-1.577984145
groundtruth,25,-1.753969727,0.5703477027,1.87470642,-0.2125551354,2.897500038,1.55067187,-1.837688933
groundtruth,25,1.719736445,-0.9166329365,0.1926511194,-0.6466320237,1.201264304,1.755091004,-2.060830419
groundtruth,25,-2.08770082,0.2048887247,0.8431640366,-0.6512035179,-2.015532,1.516264115,-1.579468887
groundtruth,25,2.388305363,-0.319425556,1.743251449,-0.6557970101,-1.058996275,1.79517575,-1.586187793
groundtruth,26,1.818686679,-0.6348551095,-2.087635471,-2.806514347,-0.8282002232,2.153410076,-0.1983846345
groundtruth,26,-0.2343342964,0.2332829088,0.2397239685,-2.865492595,-0.1044189518,2.415182009,-0.7295223621
groundtruth,26,-0.1205223374,0.228012297,0.1427544304,-2.866164406,-0.05945569001,2.417410506,-0.7621640959
groundtruth,26,0.7150728424,0.2778176115,-0.5627711625,-2.858948954,0.2880046651,2.392786439,-1.014693175
groundtruth,26,1.043113032,0.3705803183,-0.8152698655,-2.844831095,0.4901200832,2.33979728,-1.162787931
groundtruth,26,1.624506795,-0.9262224646,-1.995064254,-2.772926527,-1.057541074,1.908342525,-0.03354161251
groundtruth,26,-1.481691595,0.8615627557,1.13201613,-2.779473249,-1.014488295,1.964780554,-0.06364905314
groundtruth,26,-1.247805574,0.5576346379,1.011027761,-2.817225539,-0.7458396105,2.213345686,-0.2597250113
groundtruth,26,-0.8368226188,0.3292332697,0.7303345904,-2.851743334,-0.4035628907,2.366588049,-0.5114023759
groundtruth,26,-1.625306134,1.158383955,1.181854,-2.753119572,-1.18879621,1.699318493,0.0534234548
groundtruth,26,-1.498051032,-0.997100099,1.980865879,-2.765887873,1.103708103,1.841440075,-1.608630119
groundtruth,26,-1.192359065,-1.762799978,1.950812763,-2.722596189,1.449052872,1.122260088,-1.7892538
groundtruth,26,1.282279167,-1.762799978,-1.951972533,-2.722712629,-1.447365888,1.126422956,0.1781597881
groundtruth,26,1.860475519,-0.5898431806,-2.111023218,-2.812680548,-0.7822607903,2.188539234,-0.2322048277
groundtruth,26,-1.410341922,0.7476449703,1.099292951,-2.792240503,-0.9289173215,2.061647337,-0.1248735843
groundtruth,26,0.7999134481,0.2951357433,-0.6305308846,-2.856378751,0.3337258591,2.383632773,-1.048087718
groundtruth,26,0.09050276267,0.2254020419,-0.03795770107,-2.866453899,0.02145751013,2.41833315,-0.820884598
groundtruth,26,1.204726282,0.4541323675,-0.9272888224,-2.831934815,0.6218610492,2.284890132,-1.259934975
groundtruth,26,0.2114545018,0.2279981189,-0.1415171463,-2.866066914,0.06787382728,2.417087778,-0.8545619638
groundtruth,26,1.046988596,0.3721967366,-0.8180716191,-2.844579956,0.4929866751,2.338793294,-1.164897221
groundtruth,26,-1.848947602,-0.5174692331,2.158082951,-2.822421719,0.7047875137,2.239741049,-1.321223909
groundtruth,26,-1.459163251,-1.081002088,1.968091477,-2.758757512,1.150839712,1.765836369,-1.639839392
groundtruth,26,0.359567766,0.2354219706,-0.2676214937,-2.865024739,0.1266423176,2.4136226,-0.8972346171
groundtruth,26,-1.251841577,0.5614114043,1.013554829,-2.816676999,-0.751158757,2.210244714,-0.2551398975
groundtruth,26,1.804293864,1.381307467,-1.198615336,-2.738464768,1.29432283,1.487689279,-1.725242941
groundtruth,26,-1.398408586,0.7306411382,1.093423357,-2.794281826,-0.9148711403,2.075796626,-0.1350497946
groundtruth,26,-0.3967786374,0.2461876365,0.3767255027,-2.863779721,-0.1723742228,2.409442009,-0.6801446363
groundtruth,26,1.935431862,-0.5213843984,-2.155501196,-2.822477191,-0.7043160829,2.240015737,-0.2897363183
groundtruth,26,-1.231090229,-1.663447962,1.944281235,-2.725719972,1.409747709,1.218556114,-1.776813531
groundtruth,26,-1.464655346,0.8324448321,1.124602878,-2.782589767,-0.993869377,1.989879025,-0.07823866033
groundtruth,26,-1.192369384,-1.762799978,1.950813827,-2.722593341,1.449053373,1.122273987,-1.789255853
groundtruth,26,-1.633052288,1.17688059,1.183760141,-2.751764818,-1.198052793,1.682321628,0.05917759004
groundtruth,26,-1.238798588,-1.64322853,1.943361027,-2.726451216,1.40172947,1.238037264,-1.773918484
groundtruth,26,1.949233646,1.762799978,-1.190779878,-2.722596185,1.44905293,1.122259947,-1.789253816
groundtruth,26,1.28228159,-1.762799978,-1.951962476,-2.722715465,-1.447357053,1.126422456,0.178163644
groundtruth,26,-0.7992928398,0.3181179891,0.701710198,-2.853420335,-0.3797370953,2.372837033,-0.5288614091
groundtruth,26,-0.2681997328,0.2353890776,0.2684469177,-2.865252585,-0.1178715139,2.414330279,-0.7201801444
groundtruth,26,0.80467588,0.2962193872,-0.634291541,-2.856216205,0.3364072536,2.383048461,-1.050048013
groundtruth,26,1.303318307,-1.709424927,-1.948012642,-2.724357279,-1.426237112,1.178275712,0.1717815304
groundtruth,26,1.673565654,-0.838080643,-2.015503055,-2.78197306,-0.9979422895,1.985035419,-0.07536104763
groundtruth,26,2.053436872,-0.4385868673,-2.231210522,-2.834939652,-0.5935014114,2.298318682,-0.371622974
groundtruth,26,0.132330401,0.2259703848,-0.07381071727,-2.866379398,0.03740367037,2.418123633,-0.8324530159
groundtruth,26,0.6289654961,0.2635954694,-0.4927115858,-2.861022409,0.2450694303,2.400021588,-0.9833848873
groundtruth,26,-0.003051418671,0.2254585597,0.04221151883,-2.866468631,-0.01427382735,2.418415142,-0.7949509566
groundtruth,26,1.284031635,-1.758457284,-1.95159085,-2.722840953,-1.445621332,1.130683209,0.1776729622
groundtruth,26,-1.189854943,0.5081963249,0.9760673922,-2.824442966,-0.6879628646,2.249614112,-0.3018434038
groundtruth,26,1.524113846,-1.139920885,-1.961760865,-2.754503836,-1.179416247,1.716239673,0.04752696553
groundtruth,26,0.9021269604,0.3214083163,-0.7101116843,-2.852408047,0.3943137091,2.369075853,-1.092432827
groundtruth,26,1.487907755,0.7284119163,-1.093375165,-2.79401201,0.9167657887,2.073903891,-1.476936969
groundtruth,26,0.4653486659,0.2439474153,-0.3568557231,-2.86382937,0.1708438645,2.409599079,-0.9293584613
groundtruth,27,-1.182845401,-1.471924956,0.1037477609,-2.429425265,0.1221056137,2.974370753,-0.3403529079
groundtruth,27,1.731648612,-1.265034804,-0.00210050258,-2.418690096,-2.786390634,0.9100408246,0.01777196238
groundtruth,27,0.8811151969,-1.31327106,0.1302884759,-2.337223308,-2.075215134,1.404154423,0.5111009861
groundtruth,27,-0.9265651371,-1.450383592,0.002604590886,-2.384933176,-0.7065312449,2.895393996,0.2746250863
groundtruth,27,-1.21666802,-1.474673452,0.1205235678,-2.42498734,0.2460602057,2.967968396,-0.4333491911
groundtruth,27,-0.65198483,-1.438456627,0.0003272012734,-2.327757516,-1.138636955,2.694574467,0.5512601284
groundtruth,27,-1.862284822,-1.544156785,0.1057537688,-2.305921246,1.337923638,2.511644361,-1.136113971
groundtruth,27,-2.345841605,-1.56192001,-0.02625151769,-2.296229534,1.636007091,2.087922099,-1.173254898
groundtruth,27,2.403589948,-1.328399439,-0.1881224335,-2.411111586,2.687077157,0.941651293,-0.5886228176
groundtruth,27,-1.010039931,-1.456749183,0.02260780269,-2.408072415,-0.4871363615,2.940098683,0.1147754158
groundtruth,27,-1.201781577,-1.473387086,0.1135817363,-2.42726982,0.1939517911,2.971714325,-0.3940830589
groundtruth,27,-0.4107639971,-1.430199347,0.02748447496,-2.304575551,-1.353999512,2.493350878,0.6442031212
groundtruth,27,1.658145559,-1.264173,0.01765014429,-2.412619917,-2.705274984,0.9351703197,0.07803003547
groundtruth,27,-0.9888352276,-1.454886969,0.01592601326,-2.402238957,-0.5502703742,2.93053751,0.1619216331
groundtruth,27,0.5081688917,-1.355344693,0.1275343415,-2.3119135,-1.867285181,1.701442117,0.6147836128
groundtruth,27,0.08899048974,-1.398439714,0.09238555529,-2.296722486,-1.652899185,2.059841585,0.6742335934
groundtruth,27,2.23978555,-1.304152818,-0.1511185995,-2.424039604,2.876030059,0.8889095323,-0.4479347294
groundtruth,27,2.632555749,-1.36944343,-0.2195780914,-2.387379436,2.455712485,1.054632732,-0.7570676867
groundtruth,27,-1.479891926,-1.500502381,0.1699437092,-2.358049314,0.91337897,2.823614393,-0.9134078784
groundtruth,27,1.007474018,-1.300099166,0.1237259852,-2.348025892,-2.154909825,1.310422647,0.4631120773
groundtruth,27,2.386345107,-1.325605995,-0.1847583935,-2.412688597,2.706115371,0.9348788597,-0.5745300187
groundtruth,27,-0.8476221941,-1.445854531,-0.005247691667,-2.364500722,-0.8656691696,2.843355732,0.384691387
groundtruth,27,2.457492056,-1.337396892,-0.1977752893,-2.405896875,2.628973826,0.9645016883,-0.6314427954
groundtruth,27,0.4492867819,-1.362104868,0.1242398419,-2.308932084,-1.836787367,1.751418093,0.6272661503
groundtruth,27,-1.593302178,-1.51434468,0.1596708217,-2.335791128,1.077028966,2.736718093,-1.014351753
groundtruth,27,-0.525075027,-1.434400814,0.01323380025,-2.313193382,-1.262453904,2.590146544,0.6104553747
groundtruth,27,-0.7939393129,-1.443438302,-0.00644039063,-2.352416826,-0.9546077574,2.804710171,0.4429033299
groundtruth,27,2.258999535,-1.306725738,-0.1559909965,-2.42279528,2.853038829,0.8937040775,-0.4651468239
groundtruth,27,1.657447254,-1.264170464,0.01783115032,-2.412558378,-2.704523499,0.9354314285,0.07858652079
groundtruth,27,0.01292636834,-1.404885315,0.08333904193,-2.295808648,-1.61373349,2.126352276,0.6786169734
groundtruth,27,2.897300005,-1.422541125,-0.2251668463,-2.359080655,2.235804705,1.227127359,-0.9084342637
groundtruth,27,-1.345184432,-1.485779847,0.161951888,-2.392995589,0.6372118014,2.912647866,-0.7221768821
groundtruth,27,0.9885807983,-1.301992265,0.1249726728,-2.3463411,-2.142589911,1.324141666,0.4707468052
groundtruth,27,0.6078801185,-1.344127555,0.1311580287,-2.317703926,-1.919958794,1.620025342,0.59249016
groundtruth,27,1.463306885,-1.26729913,0.06279875352,-2.393545471,-2.509819382,1.022199036,0.22048861
groundtruth,27,2.376231228,-1.324283513,-0.1824448344,-2.413859612,2.718428014,0.9317035946,-0.5653660852
groundtruth,27,0.1227732445,-1.395436831,0.09615350172,-2.297365305,-1.6703842,2.030546432,0.6717980584
groundtruth,27,1.071874831,-1.293883674,0.1187500025,-2.353940747,-2.198084172,1.264518073,0.4358103434
groundtruth,27,-0.3126487025,-1.425829544,0.04060343554,-2.299767548,-1.422545302,2.409017651,0.6626606647
groundtruth,27,1.407923173,-1.269701016,0.07347122951,-2.387872422,-2.459883913,1.052035712,0.2569695669
groundtruth,27,-1.21463281,-1.47450705,0.1195693429,-2.42533276,0.2387828344,2.968476821,-0.4278965982
groundtruth,27,-1.268515517,-1.189249202,0.03067302593,-1.784852533,-2.890175478,3.680975298,2.673922275
groundtruth,27,1.805815439,-1.266909785,-0.02319325739,-2.423671461,-2.87173832,0.8892411864,-0.04615715659
groundtruth,27,-0.342914394,-1.427264109,0.03650704344,-2.301033781,-1.402199452,2.435128925,0.6578427067
groundtruth,27,0.06995308793,-1.400092235,0.09019928188,-2.296414681,-1.642994504,2.076388996,0.6754148523
groundtruth,27,-1.06876904,-1.461826442,0.04493236985,-2.422063923,-0.3014469718,2.963606158,-0.02233910353
groundtruth,27,-1.357797004,-1.193705474,-0.0253502714,-1.805819975,-2.657541537,3.703119835,2.473217002
groundtruth,27,2.240941633,-1.304300819,-0.1514029808,-2.423955254,2.874670694,0.8891913354,-0.4489662218
groundtruth,27,-0.8757619296,-1.144003265,0.2635709763,-1.842935735,2.391386723,3.752500057,-2.750441448
groundtruth,27,-2.00306441,-1.555000747,0.06940011439,-2.298932708,1.437548806,2.389200761,-1.162964293
groundtruth,28,1.851460352,-0.09268678526,0.3762906374,-1.817896043,1.912924568,2.881155105,-1.019690773
groundtruth,28,-2.115072123,-1.631671206,-0.9960523992,-1.908883003,-2.146489437,2.351045002,1.483667918
groundtruth,28,-2.141833291,-1.586661268,-1.024096097,-1.902510758,-2.125042161,2.389842007,1.51031559
groundtruth,28,2.726040698,-0.092782233,-0.4476257245,-1.804510639,1.895827583,2.945852491,-1.068746881
groundtruth,28,-2.215965513,-0.8528612789,-1.155719634,-1.777843799,1.260996557,3.659750772,-1.165715141
groundtruth,28,0.7045598061,0.5886829988,1.906845223,-1.95796595,0.8043262835,3.440936365,-0.4412291231
groundtruth,28,0.8988811824,1.38636438,2.005865118,-1.874444685,-2.038682624,2.561017835,1.623876624
groundtruth,28,1.587336137,-0.1083087529,0.620862114,-1.822747055,1.920700009,2.856228119,-1.001641868
groundtruth,28,0.6104749442,0.4894565715,1.788977757,-2.049007444,-0.005490808498,3.416621327,0.4152490533
groundtruth,28,1.480839297,0.1046425327,0.477425136,-1.772483717,-1.260759379,3.676294282,2.004409125
groundtruth,28,0.2705848998,-1.327933473,1.059022071,-1.986731801,2.476600223,1.901128663,-0.2872959571
groundtruth,28,2.180818992,-0.08498826784,0.06627810919,-1.812892285,1.905890278,2.905994864,-1.037993531
groundtruth,28,0.6023567274,0.4388523336,1.69419692,-2.024751616,-0.4143378214,3.421665761,0.8391340498
groundtruth,28,-0.6320809857,0.0865385981,2.897300005,-1.808093867,1.899839582,2.929101243,-1.055613148
groundtruth,28,0.6096321454,0.4129974721,1.642224152,-1.997883679,-0.6022739832,3.428283671,1.038654617
groundtruth,28,0.9598122464,-0.2601639299,1.132679226,-1.849782545,1.974799218,2.70732967,-0.9001574307
groundtruth,28,-2.382055279,-0.4598938138,-1.359989442,-1.587046197,2.337925641,3.308028591,-1.899849966
groundtruth,28,0.6352920682,0.5260159242,1.846010394,-2.035558114,0.3083922774,3.419324394,0.09079159716
groundtruth,28,2.546937204,-0.08728299528,-0.2795416627,-1.807495028,1.899197276,2.931870278,-1.057783736
groundtruth,28,-2.387893112,-0.2544214672,-1.808017153,-1.840521159,-1.18724592,3.527105,1.753485315
groundtruth,28,1.710563738,0.09736860899,0.2312851418,-1.766370212,-1.259311537,3.695766883,2.026362502
groundtruth,28,2.093771008,-0.0860448867,0.1484929923,-1.814148614,1.907593656,2.899823653,-1.03336803
groundtruth,28,1.512326867,-0.1151523798,0.6889929725,-1.824383516,1.923978164,2.847426284,-0.9952051186
groundtruth,28,-2.733488604,1.062788908,-2.00364948,-1.954891927,2.323837345,2.077539403,-0.4563645679
groundtruth,28,-2.384453077,-0.5072812793,-1.608188829,-1.607553042,-2.257801564,3.299929257,2.628717402
groundtruth,28,-2.427882369,-0.7145135908,-1.466970668,-1.755361108,-1.888587917,3.126279062,2.06610352
groundtruth,28,0.3038851601,-1.266429385,1.079289096,-1.979516315,2.438877952,1.940092326,-0.3284628722
groundtruth,28,0.69851954,0.5836458186,1.90384263,-1.9653847,0.770847067,3.438262173,-0.4037403791
groundtruth,28,0.7347642468,0.8696912662,1.756788691,-1.792941841,-1.88596159,2.996769619,1.930121505
groundtruth,28,0.6649305687,-0.5724843034,1.22156982,-1.893017881,2.094295503,2.447907452,-0.7302572239
groundtruth,28,0.7822438364,1.064551524,1.850047668,-1.827148514,-1.928107057,2.833188969,1.804458777
groundtruth,28,1.856874824,-0.09252159156,0.3712784351,-1.818090801,1.910616225,2.881551756,-1.01779803
groundtruth,28,0.7285707359,-0.4777561138,1.21987911,-1.880600615,2.055992833,2.52373829,-0.7805603133
groundtruth,28,-0.1620977582,0.107647561,2.459605361,-1.799147817,1.890694289,2.970039515,-1.088334387
groundtruth,28,-2.326144607,-1.170312065,-1.241898944,-1.843140462,-1.961635799,2.744553226,1.744981252
groundtruth,28,-2.779626036,1.15461326,-2.028572962,-1.966083869,2.373978858,2.014076104,-0.4001386088
groundtruth,28,0.8565465628,1.284129111,1.954499931,-1.859960691,-1.99967855,2.647777835,1.680343447
groundtruth,28,0.6037470338,0.4717665956,1.760069167,-2.046187995,-0.1411189144,3.417041891,0.5564412493
groundtruth,28,-2.532757621,-0.4166771039,-1.493737297,-2.000938621,-0.5840766194,3.427031064,1.017506227
groundtruth,28,0.2988866894,-1.275764285,1.076301073,-1.980597853,2.444516314,1.934090396,-0.3222903225
groundtruth,28,0.712412439,0.6522382469,1.637130714,-1.733235861,-1.913991419,3.178029583,2.1460531
groundtruth,28,0.3096961876,0.18665857,2.055905617,-1.777872797,1.88056078,3.055395253,-1.165596922
groundtruth,28,0.7367814608,0.8800039587,1.761896904,-1.794985358,-1.887352402,2.9881369,1.922684855
groundtruth,28,1.690761385,-0.1008469835,0.5258247913,-1.82071537,1.917171676,2.866956619,-1.009162955
groundtruth,28,1.095187155,1.734604253,2.215602423,-1.923631098,-2.198955636,2.261626813,1.420111385
groundtruth,28,2.79616051,-0.09592500589,-0.5129853946,-1.803192594,1.894466051,2.951893818,-1.073558383
groundtruth,28,2.385590408,-0.08492274259,-0.127294055,-1.80994589,1.902089046,2.920282267,-1.048816224
groundtruth,28,-2.837170906,1.265387685,-2.061965167,-1.979365063,2.438266218,1.940761004,-0.3291383843
groundtruth,28,0.03502179116,-1.695314123,0.9019146164,-2.026111894,2.739066833,1.702122117,-0.007552358062
groundtruth,28,0.8823383811,0.7896380474,1.964368683,-1.799016693,1.251041588,3.60311441,-1.088809811
groundtruth,29,2.094370406,-0.9571011658,-0.6673141949,-1.534863764,2.506361766,2.666057981,0.02737506008
groundtruth,29,1.527135838,-0.6570854499,-0.6271406922,-1.613845088,2.62395865,2.416919002,0.4938036271
groundtruth,29,0.5452129897,-0.4476580607,-0.1228593282,-1.668798834,2.830968034,2.221455778,0.9441012902
groundtruth,29,2.666048053,-1.258364274,-0.4777582888,-1.387587304,2.655055325,2.976712681,-0.7966950353
groundtruth,29,-1.742526128,-1.258334192,0.5875244675,-1.638695288,-2.697794649,2.32991329,2.32192346
groundtruth,29,-0.01402593182,1.432087227,2.838594082,-1.339713316,-2.851514884,3.038391316,-2.111836406
groundtruth,29,-0.6560407409,1.17614094,2.589617505,-1.442594448,2.541663194,2.884428413,-0.4694556708
groundtruth,29,2.123668407,-0.9744784626,-0.6621934161,-1.529178086,2.503388676,2.681932626,-0.003469054461
groundtruth,29,-0.4609196099,1.264378091,2.669869761,-1.382920618,2.668832016,2.983417671,-0.8276890444
groundtruth,29,-0.03239380435,1.3607152,2.894500259,-1.685432634,0.1871887707,3.65657875,1.170833508
groundtruth,29,1.350896113,-0.5907170928,-0.565421041,-1.628852261,2.665708757,2.364712141,0.5981792801
groundtruth,29,-1.766939798,0.5988054041,2.566770768,-1.62699715,2.660230836,2.371245442,0.5849261639
groundtruth,29,-1.211788133,0.8604941195,2.458453971,-1.563569329,2.532004397,2.581288564,0.1867424124
groundtruth,29,0.217501536,-0.447034372,0.08672828713,-1.678393345,2.893549651,2.186448858,1.060971876
groundtruth,29,1.264132776,-0.5633749454,-0.5284895667,-1.635091783,2.685534669,2.342725152,0.6442693553
groundtruth,29,-1.592269788,0.6664794045,2.508094244,-1.61168641,2.61861096,2.424290321,0.4795382302
groundtruth,29,-0.6759732767,1.166164422,2.581828739,-1.448241982,2.534305281,2.873509544,-0.4384004283
groundtruth,29,-0.7238642221,1.141445803,2.563608556,-1.461301067,2.520274808,2.846883594,-0.3674550005
groundtruth,29,-0.4783421304,1.257158248,2.662654534,-1.388412369,2.652563753,2.9754325,-0.7908838939
groundtruth,29,2.717577985,-1.162334528,-0.6672302474,-1.638467484,-0.4445896196,3.702451281,2.323691506
groundtruth,29,1.794787656,-0.7853683314,-0.679049799,-1.583311302,2.560397757,2.518919911,0.3018144968
groundtruth,29,-1.979283336,-1.385885707,0.4708449708,-1.606896897,-2.607180844,2.440647927,2.54570632
groundtruth,29,-2.008266951,0.5283627381,2.67547194,-1.643303098,2.714337045,2.313490477,0.7082981199
groundtruth,29,2.556109334,-1.210066009,-0.5234343355,-1.421891989,2.574957276,2.922181596,-0.5865817333
groundtruth,29,-0.560884729,1.221356058,2.628331723,-1.414399546,2.589607924,2.934916442,-0.6303993007
groundtruth,29,1.557091607,-0.6698268491,-0.635639511,-1.610919643,2.616736489,2.426914614,0.4744735949
groundtruth,29,1.036082397,-0.5068542924,-0.4153615713,-1.648641365,2.734903806,2.294369551,0.7522688592
groundtruth,29,1.477128433,1.209865147,-2.523076928,-1.647881817,-2.731777355,2.297197404,2.248201373
groundtruth,29,-0.1176659226,1.337482936,2.80427964,-1.693896015,0.04860723188,3.649278469,1.413105711
groundtruth,29,1.535070732,1.172299451,-2.502854201,-1.65418385,-2.75802427,2.274458921,2.193572079
groundtruth,29,2.6921255,-1.269047571,-0.4670283004,-1.37929472,2.68028,2.98854638,-0.8526044072
groundtruth,29,-0.4004629852,1.181160961,2.499149558,-1.646846205,-0.4137924158,3.693562845,2.256611626
groundtruth,29,1.792252111,-0.7840132894,-0.6788254977,-1.583652542,2.560970023,2.517815369,0.3038501074
groundtruth,29,1.715212697,1.050351037,-2.456692396,-1.670922272,-2.843495756,2.213721652,2.025913789
groundtruth,29,2.185812965,-1.011261096,-0.6490912494,-1.516670514,2.497896112,2.715982492,-0.07075178992
groundtruth,29,-1.671471935,-1.21429482,0.6159077785,-1.647063013,-2.728654565,2.300033512,2.254790136
groundtruth,29,0.8397625268,-0.473970276,-0.3041158091,-1.657840413,2.774536667,2.261211535,0.8337431061
groundtruth,29,-2.348222453,0.4680891174,2.865113355,-1.659761778,2.783603505,2.254259144,0.8518732856
groundtruth,29,-2.865052398,-1.516583169,-0.124545757,-1.429059712,-2.561395098,2.909726363,-2.743298649
groundtruth,29,-2.783536072,-1.52916588,-0.06715735069,-1.451312398,-2.530557883,2.867361799,-2.86797653
groundtruth,29,2.873650655,-1.270379252,-0.5001280663,-1.683073553,-0.2097144706,3.658662089,1.863311927
groundtruth,29,0.6204541286,-0.4519629281,-0.1702545312,-1.666248829,2.816740972,2.230712101,0.9167977953
groundtruth,29,-0.7053589981,1.15109217,2.570543976,-1.456317549,2.524963828,2.85723709,-0.3940500003
groundtruth,29,-0.6364377209,1.185779664,2.597420431,-1.436966282,2.54970996,2.895073916,-0.5008035204
groundtruth,29,-0.7295271465,1.138460486,2.561537007,-1.462810657,2.518518052,2.843744476,-0.3588334396
groundtruth,29,0.4660467461,-0.4448238187,-0.07249789682,-1.67133916,2.845868612,2.212188897,0.9725349785
groundtruth,29,-1.797752974,0.5883695857,2.579032592,-1.62939154,2.667339738,2.362836923,0.6020420022
groundtruth,29,-2.075813182,-1.427824605,0.4152294072,-1.592389082,-2.576596212,2.489315151,2.637234105
groundtruth,29,-1.791300086,-1.287194328,0.5661224064,-1.632617272,-2.677496204,2.351448354,2.368030984
groundtruth,29,2.098751068,-0.9596976576,-0.6665935132,-1.534023236,2.505878097,2.66841784,0.02281971704
groundtruth,30,-0.9113214572,1.337936599,1.536380675,-1.368561301,0.6086298455,3.604884544,2.48145664
groundtruth,30,-0.477138904,0.7402732928,0.4298319448,-1.194474235,2.362612054,2.971136226,1.715844844
groundtruth,30,-0.7860023518,0.9935045793,0.8415568127,-1.454687437,-0.2590372031,3.553902622,-2.358794555
groundtruth,30,-0.01434138102,0.6905356088,-0.2469609424,-1.28646765,2.392522566,2.776726602,2.093454927
groundtruth,30,-0.4980811964,0.8853976557,0.2549169113,-1.323915976,-0.6994253536,3.639601945,-1.511115785
groundtruth,30,-0.8933065549,1.442412122,1.694786687,-1.310068863,0.7204192856,3.651701035,2.197355661
groundtruth,30,2.120271009,-1.431507946,-1.712845263,-1.175055309,-2.372637906,3.00340748,-0.8890092854
groundtruth,30,2.385719907,-0.9712843012,-2.37395237,-1.442287013,-0.3396446259,3.560141744,-2.226865095
groundtruth,30,-0.9108186064,1.343183153,1.544428564,-1.365609497,0.6158319923,3.606986002,2.465827027
groundtruth,30,-0.2293811479,0.9070186823,-0.2333637886,-1.219640387,-0.7834628322,3.7470834,-1.066932777
groundtruth,30,2.471866752,-0.9264376048,-2.561289809,-1.402191192,-0.5116294969,3.58275632,-1.925597541
groundtruth,30,2.106302044,-1.502310643,-1.633869296,-1.202537035,-2.360163827,2.956870113,-0.9984809332
groundtruth,30,-0.8692236256,1.092674446,1.099897631,-1.470360187,0.06683092321,3.546471999,-2.870984592
groundtruth,30,-0.511224927,0.8868761647,0.278777116,-1.329539707,-0.6899783539,3.634875713,-1.537387542
groundtruth,30,-0.6730174604,0.927778119,0.5870100005,-1.403738205,-0.5063383579,3.581776221,-1.935521641
groundtruth,30,-0.7401401683,0.9612749837,0.7311756489,-1.435308693,-0.3768283791,3.563818793,-2.164471096
groundtruth,30,-0.2324692278,0.6863034962,0.06471152376,-1.249580824,2.36513296,2.863015051,1.938308059
groundtruth,30,0.4269834073,0.881410271,-0.9221643273,-1.362105189,2.517450182,2.568449147,2.447499776
groundtruth,30,-0.7289327765,0.9546090796,0.7065569738,-1.430652673,-0.3984646812,3.566786669,-2.125440077
groundtruth,30,-0.9162364409,1.204299753,1.146208114,-1.041504047,-2.606887275,3.157939833,-0.3197839719
groundtruth,30,0.0008941387546,0.6924909471,-0.268732207,-1.288955858,2.395116138,2.770650724,2.103868638
groundtruth,30,2.252474487,-1.169956462,-2.038330978,-1.011956202,-2.713242644,3.180182919,-0.1606167011
groundtruth,30,-0.127079441,0.6827605507,-0.08623176495,-1.268087172,2.376245853,2.821091224,2.015235651
groundtruth,30,2.269347651,-1.098369315,-2.029190455,-1.46971254,0.08381494286,3.546764659,-2.897300005
groundtruth,30,2.097716109,-1.596978815,-1.532455338,-1.234137926,-2.359778241,2.895831662,-1.125675298
groundtruth,30,-0.6191437214,0.9089516788,0.4801689828,-1.378176083,-0.5838412571,3.598240248,-1.784125931
groundtruth,30,2.48131663,-0.9227640029,-2.580410779,-1.39765825,-0.5264981252,3.585533773,-1.897526288
groundtruth,30,-0.4141446246,0.8815238139,0.1039021134,-1.289471403,-0.7459114963,3.670938062,-1.356951045
groundtruth,30,2.616153527,-0.7609528784,-2.634652023,-1.179536091,2.369821284,2.996221075,1.656339384
groundtruth,30,2.246459781,-1.434980864,-1.458070443,-1.314160868,0.7145440788,3.648055084,2.215852702
groundtruth,30,2.259432375,-1.161783174,-2.047871279,-1.004707961,-2.744948106,3.185150116,-0.1166301115
groundtruth,30,-1.018922738,1.422069244,1.417945855,-1.171065749,-2.375412671,3.009676464,-0.8731105134
groundtruth,30,-0.2724012236,0.8964589183,-0.153039672,-1.235527061,-0.782323665,3.727843355,-1.130485339
groundtruth,30,-0.4709007117,0.7379054058,0.4200475412,-1.196248773,2.361987654,2.968031468,1.722942832
groundtruth,30,-0.8717832495,1.149720373,1.080530503,-0.9943867658,-2.796775443,3.191950962,-0.04715950025
groundtruth,30,-2.748109538,-0.8521067758,2.277505238,-1.3551976,2.501805745,2.588974599,2.412045292
groundtruth,30,-0.796535978,1.043415229,1.008766058,-0.9788473154,2.897500038,3.201590178,0.6679580496
groundtruth,30,-0.633657256,0.8270065427,0.6916586855,-1.134679535,2.412346947,3.061408539,1.477058449
groundtruth,30,2.122599391,-1.422334515,-1.723346635,-1.171180322,-2.37531802,3.009498608,-0.8735715731
groundtruth,30,-0.5472399907,0.8922173816,0.344731825,-1.345276838,-0.6606265638,3.622189114,-1.613040199
groundtruth,30,-0.2540775685,0.9006814176,-0.1869820401,-1.228772023,-0.7827579337,3.736252218,-1.103716663
groundtruth,30,-0.5445183247,0.770413139,0.5381685766,-1.172947625,2.374035506,3.006704768,1.630216585
groundtruth,30,0.2251466026,0.7524256122,-0.5964318752,-1.324813212,2.443637338,2.675938909,2.264739171
groundtruth,30,-0.8645506656,1.084431828,1.081416251,-1.471038412,0.04188779064,3.546193782,-2.832096037
groundtruth,30,0.09033551908,0.7090766708,-0.3973954813,-1.303076685,2.411727021,2.734475994,2.16591851
groundtruth,30,-0.7474071433,0.9518504502,0.9159396883,-1.045903262,2.593548313,3.154344231,1.090933422
groundtruth,30,-0.864412788,1.141261063,1.07195529,-0.9874906147,-2.836941848,3.196315228,0.005005523419
groundtruth,30,-0.8554198283,1.130874949,1.062396906,-0.9797502856,-2.890500948,3.20104892,0.07272238024
groundtruth,30,2.384266008,-0.972251513,-2.370528011,-1.442927709,-0.3360651572,3.559823786,-2.232811798
groundtruth,30,-1.043242955,1.582138604,1.593451038,-1.229491802,-2.358881821,2.905320657,-1.106836445
groundtruth,31,-0.3389767379,0.1323208571,2.700651082,-0.7983203984,2.010697754,3.375992227,1.683674615
groundtruth,31,0.9333165124,-0.353296221,0.7403425502,-1.072367555,2.054645935,3.026572484,2.360039211
groundtruth,31,-0.5156885292,-1.124600191,0.3796400532,-1.32367548,2.787006579,2.31255384,-2.853718242
groundtruth,31,0.7783135887,-0.1671085686,0.6060666182,-0.9840744332,-1.183744192,3.552527171,-0.6062131475
groundtruth,31,1.22800209,-0.2624881761,0.6403199888,-1.023786859,1.991925975,3.126783508,2.222880805
groundtruth,31,-2.079386983,-1.032495071,-0.4934216706,-1.268843597,-2.528807468,2.485400452,-1.569969765
groundtruth,31,2.583245133,-0.2502096742,-0.3541458515,-1.325578694,0.3420553368,3.449227099,-2.837049726
groundtruth,31,0.5793780977,0.739094953,2.409822145,-1.171632188,-2.245952914,2.77488272,-1.166324298
groundtruth,31,2.877579959,-0.2579280793,-0.4592093547,-1.229071181,0.7440274697,3.464802631,2.897300005
groundtruth,31,0.3631594907,-0.2058302595,0.850543885,-0.9043598035,-1.199734525,3.609993602,-0.4087824587
groundtruth,31,-2.880714928,0.7070693504,-2.432157424,-1.20474282,2.328966171,2.67988703,2.799950578
groundtruth,31,1.521665279,-0.1674549188,0.09724963363,-1.145682176,-0.9535666627,3.4838552,-1.077186142
groundtruth,31,-2.512980682,-0.7723845579,-0.7103690945,-1.182966409,-2.273405925,2.742814473,-1.20788672
groundtruth,31,-2.575681467,-0.3316785711,-0.7861217207,-0.9151217961,1.201629025,3.601444101,1.945522511
groundtruth,31,0.9574439798,-0.1599879729,0.4846099058,-1.017409997,-1.156357814,3.533335922,-0.6945178151
groundtruth,31,0.3308695501,0.5683006089,2.317468231,-1.109285296,-2.116291949,2.939636099,-0.9600901524
groundtruth,31,0.5792431284,0.7390025214,2.409763709,-1.171599906,-2.245877072,2.774971829,-1.166211613
groundtruth,31,2.114667971,-0.2177221255,-0.2064577997,-1.322980483,-0.3590515028,3.44958359,-1.912412096
groundtruth,31,1.229449568,-0.1580438245,0.2948116939,-1.072777357,-1.086334946,3.507887954,-0.8501070983
groundtruth,31,1.139976231,-0.1575503495,0.3573282794,-1.053590881,-1.113831954,3.515874003,-0.7948007298
groundtruth,31,0.4468887734,0.3106825637,2.385465712,-0.954016534,1.198364576,3.572257278,2.040780713
groundtruth,31,-1.889902693,-1.118482378,-0.3893083894,-1.297024622,-2.644011144,2.396987501,-1.726784188
groundtruth,31,-2.461522988,0.1731896206,-2.471760015,-0.9659411762,-1.193648729,3.564208267,-0.5597243971
groundtruth,31,2.345595452,-0.05017612747,-0.6320773954,-0.6905176412,-2.121969909,3.42551848,0.03406783477
groundtruth,31,0.6786165482,0.8058139051,2.454026294,-1.194413333,-2.301866953,2.709989884,-1.249425889
groundtruth,31,-2.372838726,-0.864267425,-0.6447828731,-1.213950101,-2.353976109,2.652806524,-1.32496496
groundtruth,31,2.588670281,0.0055230518,-0.9418430076,-0.5844377699,-2.194077256,3.470003558,0.1878868663
groundtruth,31,1.648612524,-0.1887105322,0.4092085224,-0.9659650769,1.947949578,3.222877848,2.070896978
groundtruth,31,2.884496051,-0.2580687448,-0.4620117779,-1.226259564,0.7523286915,3.465340264,2.886475903
groundtruth,31,-0.4821017182,-1.111441423,0.3968784451,-1.320349111,2.766122511,2.323117717,-2.881536111
groundtruth,31,0.7672368308,0.8632860716,2.496071142,-1.213608231,-2.35309036,2.653752317,-1.323699171
groundtruth,31,2.877692531,-0.257928747,-0.4592567277,-1.229019492,0.7441678364,3.464809948,2.897300005
groundtruth,31,0.1736914384,-0.7610872827,0.6828298891,-1.221632095,2.375808353,2.629806,2.867336464
groundtruth,31,-0.4655157659,-1.104735929,0.4053292918,-1.31864334,2.755819389,2.328558626,-2.895269944
groundtruth,31,2.204019317,-0.2259322159,-0.2374902785,-1.339426475,-0.2312464412,3.44737934,-2.081805094
groundtruth,31,2.24932058,-0.2297918992,-0.2522903893,-1.345169692,-0.1644686328,3.446628095,-2.169867011
groundtruth,31,-0.6447389527,0.2463889703,2.814115902,-1.341266284,0.2120810941,3.447133311,-2.66497241
groundtruth,31,-0.6402242118,0.2466119954,2.812749315,-1.340617998,0.2189487401,3.447215332,-2.67403208
groundtruth,31,2.429558125,0.01551382594,-0.798612495,-0.5671456185,-2.194379964,3.478174951,0.2060591964
groundtruth,31,1.250202448,-0.1583158837,0.2803717605,-1.07740329,-1.079222736,3.506080885,-0.8636846732
groundtruth,31,1.67134096,-0.1860352905,0.394693129,-0.9630822375,1.946707305,3.226993933,2.063599782
groundtruth,31,-2.613130546,-0.7042184695,-0.7530551898,-1.159440015,-2.218007763,2.808665811,-1.123784046
groundtruth,31,1.449241198,1.186677317,2.863750344,-1.320205055,-2.765043732,2.323666135,-1.88908813
groundtruth,31,-0.5500769213,0.2505259329,2.784825153,-1.323715678,0.3543232122,3.449482708,-2.853367799
groundtruth,31,2.657126679,-0.1559991919,-0.7855247909,-0.8639918751,-1.958620332,3.333208501,-0.3153766686
groundtruth,31,1.827949521,-0.002703185568,-0.1699617625,-0.5980678867,-2.191200635,3.463787706,0.1721822393
groundtruth,31,0.6115755684,0.3406347702,2.347078499,-0.9001380961,1.198693972,3.613381468,1.909926811
groundtruth,31,0.04751436478,0.3881045103,2.260736671,-1.031413006,-2.000187856,3.112207288,-0.7327531147
groundtruth,31,-0.4847460838,-1.112514539,0.3955170935,-1.320647748,2.767780938,2.322248301,-2.879346465
groundtruth,31,-0.5999041609,0.2484923228,2.800443413,-1.334004568,0.2799600372,3.448095291,-2.754672329
groundtruth,32,-0.01992483736,1.386706603,-0.9481061021,-0.76044817,-0.2615859864,0.3156608266,0.6997356988
groundtruth,32,-0.3635129069,1.24780372,-0.1115024028,-0.6116219274,-0.4954395715,0.1608281894,1.287665501
groundtruth,32,-0.03099489041,1.374305192,-0.9160661357,-0.7566090461,-0.2708692378,0.3109648704,0.7247154599
groundtruth,32,-0.2146537058,1.258175252,-0.460283294,-0.6886439639,-0.3955315998,0.233714677,1.058777756
groundtruth,32,2.861697325,-1.717312812,1.491607497,-0.1247605723,-0.1472671064,0.06894217774,0.06797798145
groundtruth,32,-0.1415571137,1.288288446,-0.6312929736,-0.7174585109,-0.3498629975,0.2649145273,0.9379073628
groundtruth,32,-0.1626468656,1.277746724,-0.5811586051,-0.7095349736,-0.3632947109,0.2560692448,0.9738639125
groundtruth,32,2.854709453,-1.643508292,2.205351132,-0.1315639437,-0.6579973568,0.05558196176,0.2754913388
groundtruth,32,-0.2903509095,1.754330061,-2.020040231,-0.124612996,0.1157148251,0.06920322779,-0.03953370485
groundtruth,32,0.09643248471,1.67125342,-1.502890138,-0.804230049,-0.08859827852,0.3730049879,0.2393493831
groundtruth,32,-0.330659532,1.244079524,-0.1912101928,-0.6319800205,-0.4707370377,0.1787625754,1.237791222
groundtruth,32,2.651354755,-1.343745288,-2.823831402,-0.4370443254,-0.7510836804,0.04084439947,1.440203434
groundtruth,32,-0.004148371705,1.406255401,-0.9959048398,-0.7657901943,-0.247634158,0.3223831582,0.6620069715
groundtruth,32,0.0977760132,1.750755385,-1.638026845,-0.8082458895,-0.04461643595,0.3785363547,0.124248949
groundtruth,32,0.05127682757,1.499140978,-1.19437385,-0.7850348241,-0.1874973137,0.3471837008,0.500692021
groundtruth,32,-0.3156938564,1.243584706,-0.2266732209,-0.6404433989,-0.460226114,0.1864720343,1.21508948
groundtruth,32,-0.3216819421,1.590479869,-0.3196618748,-0.1436531731,-1.10924823,0.02943254107,0.444807064
groundtruth,32,0.02350017255,1.446698087,-1.087123379,-0.7752653811,-0.2204267657,0.3344616496,0.5887616945
groundtruth,32,-0.339922213,1.244773165,-0.1690196193,-0.6264721302,-0.4775026477,0.1738411913,1.251789022
groundtruth,32,-0.03909055961,1.36574714,-0.8931630783,-0.753851976,-0.2774237084,0.3075658005,0.742475738
groundtruth,32,-0.4843338795,1.326103146,0.2716349823,-0.4639460421,-0.6994948666,0.05616454029,1.446893827
groundtruth,32,-0.2698802394,1.246439862,-0.3332686063,-0.6638856311,-0.4300266691,0.2087343018,1.145069334
groundtruth,32,2.648345696,-1.372021299,-2.757159676,-0.3953162079,-0.8485971335,0.01862325636,1.408122323
groundtruth,32,-0.4914184589,1.399202485,0.4481573906,-0.3574846987,-0.9636967127,-0.0005938573933,1.356040896
groundtruth,32,-0.2824927886,1.658107891,-1.08123861,-0.1295130646,-0.5538218013,0.05972307364,0.2335774984
groundtruth,32,-0.4913113143,1.399836628,0.4495382742,-0.3566427421,-0.9665592404,-0.001000483277,1.354545373
groundtruth,32,2.648612197,-1.362343723,-2.779319195,-0.4093872006,-0.8129119656,0.02592869271,1.421995347
groundtruth,32,2.833379506,-1.24360918,2.897300005,-0.6445067125,-0.4551171718,0.190234619,1.203717263
groundtruth,32,-0.3979136472,1.256579086,-0.02359130832,-0.58610604,-0.5262951432,0.1398276172,1.339146447
groundtruth,32,0.09268828943,1.640005809,-1.449466673,-0.8018965297,-0.1059956426,0.3698081791,0.2850248915
groundtruth,32,-0.1522052226,1.282820772,-0.6059597366,-0.7134089968,-0.356616344,0.2604253739,0.956171081
groundtruth,32,-0.4818592285,1.320936303,0.2570596024,-0.4719480083,-0.6854861646,0.06090126765,1.446780997
groundtruth,32,0.06389456987,1.529402425,-1.25228982,-0.7896732707,-0.1693334014,0.3533213774,0.4523540426
groundtruth,32,-0.167593612,1.275505151,-0.5695877075,-0.7076279213,-0.3662622719,0.2539733639,0.9822335719
groundtruth,32,0.03011125967,1.457869065,-1.110855125,-0.7775511161,-0.2132230764,0.3374152066,0.5694542136
groundtruth,32,0.09755080673,1.686730133,-1.529219603,-0.8050944453,-0.07996311156,0.3743017467,0.2169100649
groundtruth,32,-0.2527298373,1.249154852,-0.3727621921,-0.6718581239,-0.4192237515,0.2166365475,1.118504636
groundtruth,32,-0.4811310788,1.319539958,0.2530456522,-0.474118766,-0.6817882084,0.06219769906,1.446596155
groundtruth,32,-0.08819790352,1.322383534,-0.7625923346,-0.7368346528,-0.3140131055,0.2871244255,0.8416789899
groundtruth,32,-0.32760402,1.58565859,-0.2431711715,-0.1453172909,-1.167587615,0.02518712012,0.4632813403
groundtruth,32,-0.0716732172,1.335538563,-0.8052230813,-0.7425879403,-0.3022353688,0.2939717726,0.8096329479
groundtruth,32,-0.4928123074,1.384092906,0.4121498757,-0.3781692348,-0.8968530738,0.009871109791,1.387228769
groundtruth,32,0.09007379483,1.624159896,-1.422126262,-0.8005200354,-0.1149124091,0.3679429383,0.3083446962
groundtruth,32,-0.02843905693,1.3771137,-0.9233903154,-0.7574614086,-0.2687835555,0.3120246121,0.718987464
groundtruth,32,0.09840414632,1.736208642,-1.613225406,-0.8077017195,-0.05266403859,0.3777932163,0.1452736921
groundtruth,32,-0.177121236,1.271475208,-0.5473079735,-0.703839403,-0.3722960705,0.2499065034,0.9979317545
groundtruth,32,0.09875319238,1.712424448,-1.572922159,-0.806894573,-0.06542191102,0.3765713722,0.1798600443
groundtruth,32,-0.4874979017,1.334190368,0.2933975574,-0.4515374986,-0.7223717176,0.04898753227,1.445160748
groundtruth,32,0.08834660761,1.614869155,-1.406019307,-0.7997175631,-0.1200954995,0.3668103978,0.3221352547
groundtruth,32,-0.2074376653,1.260461043,-0.4769768346,-0.6915370676,-0.3911337142,0.2368122386,1.04712695
groundtruth,33,0.5294188056,-1.546854784,-1.436703434,-2.873613503,0.9645284332,1.334899343,-1.608136582
groundtruth,33,-1.824585502,-0.8215264454,1.444702289,-2.734624728,-1.10843998,0.3196368228,0.8526241581
groundtruth,33,-1.854009111,-1.427391082,1.530978976,-2.813879514,-1.118337138,0.8333126377,0.5065285329
groundtruth,33,1.293020329,1.762799978,-1.559077599,-2.846744073,-1.049817408,1.11254586,0.3591621252
groundtruth,33,1.299926491,1.046253694,-1.661267702,-2.770332839,-1.142838991,0.5099847245,0.6966000803
groundtruth,33,-2.627233171,1.417654288,1.732597323,-2.860922674,1.007989323,1.231794252,-1.668633715
groundtruth,33,-1.846334857,-1.136940941,1.492695818,-2.781917287,-1.143861921,0.58712748,0.646245285
groundtruth,33,-1.84857357,-1.762799978,1.58250996,-2.846741346,-1.049824765,1.11252265,0.3591746161
groundtruth,33,-1.788441103,-0.5381087542,1.36562685,-2.652571312,-0.9019529759,0.08789733391,1.233256539
groundtruth,33,0.5430065614,-1.711945918,-1.474001521,-2.89014559,0.8992096625,1.462083784,-1.526211137
groundtruth,33,-2.64392575,1.303746469,1.75723009,-2.849826778,1.04133656,1.138733049,-1.72025158
groundtruth,33,1.293019605,1.762799978,-1.55908056,-2.846742488,-1.049821684,1.112532372,0.3591693848
groundtruth,33,-0.3550576688,-0.2786370387,-0.5197745143,-2.698668016,1.0354461,0.1912573742,-2.388995536
groundtruth,33,1.34836598,0.5682198767,-1.763185388,-2.665310855,-0.9426903892,0.1114673784,1.170569743
groundtruth,33,-1.770127192,-0.4390587093,1.302533084,-2.597710136,-0.6921407077,0.01478865701,1.533024616
groundtruth,33,-1.854218959,-1.471881971,1.537086408,-2.818387979,-1.111417017,0.8707620063,0.4866892806
groundtruth,33,0.1225849845,-0.4704823075,-1.00032767,-2.752088273,1.130778904,0.4039236651,-2.151250096
groundtruth,33,-1.777363893,-0.4749124286,1.330598819,-2.620308562,-0.7858154673,0.04017065193,1.402269509
groundtruth,33,-2.595712466,1.762799978,1.655200908,-2.895333814,0.8765756449,1.500090297,-1.499572281
groundtruth,33,1.292865722,1.759342925,-1.559714398,-2.846402284,-1.050737204,1.109635684,0.3607272243
groundtruth,33,1.288351265,1.606993448,-1.584861998,-2.831688027,-1.086286883,0.983767084,0.4273751123
groundtruth,33,-0.2761545691,-0.2947748826,-0.5997535846,-2.706285429,1.053523764,0.2132018152,-2.354021921
groundtruth,33,-1.760633555,-0.402512777,1.263426781,-2.57222463,-0.5676370463,-0.009371833501,1.702018877
groundtruth,33,1.29135959,1.721300092,-1.566375718,-2.842739822,-1.060328233,1.078385922,0.3774460324
groundtruth,33,-0.6348156218,-0.2420172663,-0.2334130645,-2.67260002,0.9647861936,0.1263978728,-2.510636736
groundtruth,33,-1.848573749,-1.762799978,1.582509225,-2.846740953,-1.049825827,1.112519301,0.3591764179
groundtruth,33,-2.604741802,1.627562195,1.687080216,-2.881642552,0.934059037,1.397780369,-1.568841516
groundtruth,33,-1.854113805,-1.531177798,1.545472915,-2.824265351,-1.101143319,0.9204886247,0.4605340949
groundtruth,33,1.379565991,0.4072537911,-1.872240271,-2.575719836,-0.5861063588,-0.006402399795,1.677108987
groundtruth,33,0.5324669906,-1.578023729,-1.443508886,-2.876702688,0.9530782106,1.35933392,-1.593115862
groundtruth,33,0.5456211649,-1.757756847,-1.485128355,-2.894812936,0.8788952219,1.496317605,-1.502267741
groundtruth,33,-0.02336858086,-0.3806508737,-0.8547711528,-2.733096906,1.106034429,0.3130224871,-2.234585213
groundtruth,33,-1.806828597,-0.66385414,1.409601896,-2.697710393,-1.03308514,0.1885226256,1.018152278
groundtruth,33,0.3020327695,-0.6781836199,-1.177539089,-2.783485008,1.143580085,0.5981328143,-2.014652493
groundtruth,33,-0.9831225149,-0.2278571854,0.1306282509,-2.636923954,0.8480243425,0.06284655415,-2.688382642
groundtruth,33,1.335370573,0.659568625,-1.733163826,-2.69657729,-1.030185209,0.1849954199,1.023688566
groundtruth,33,1.287652169,1.550977868,-1.593244228,-2.826241513,-1.097436695,0.9370588777,0.4518504328
groundtruth,33,-1.773900689,-0.4572437147,1.31783502,-2.609710872,-0.7431779651,0.02741961395,1.462102104
groundtruth,33,0.5456085359,-1.757511454,-1.485067608,-2.894787841,0.8790067272,1.496135642,-1.502397458
groundtruth,33,1.336351041,0.6518420308,-1.735334283,-2.694187498,-1.024228143,0.1787062106,1.034339543
groundtruth,33,1.288404334,1.610128839,-1.584377207,-2.831993395,-1.08562988,0.9863745141,0.4260035494
groundtruth,33,0.4800498506,-1.204196186,-1.361815061,-2.840115518,1.066903013,1.055911245,-1.764611239
groundtruth,33,-1.848572551,-1.762799978,1.582510008,-2.846742598,-1.049835666,1.112531688,0.3591691759
groundtruth,33,-1.854230358,-1.472221011,1.53714119,-2.818405436,-1.111366598,0.8710428397,0.4865306751
groundtruth,33,-1.756984573,-0.3910795079,1.247850338,-2.563700487,-0.5198928474,-0.01628946123,1.766160622
groundtruth,33,-1.759477322,-0.3987776382,1.258533716,-2.569450213,-0.5525433233,-0.01167508101,1.722332407
groundtruth,33,1.381303047,0.4012859755,-1.879713251,-2.571320263,-0.5627535519,-0.01013349096,1.708594794
groundtruth,33,0.5218571662,-1.477928201,-1.421892578,-2.866834416,0.9885114152,1.280230719,-1.640720494
groundtruth,33,0.469337403,-1.151080031,-1.349096833,-2.834893404,1.079225112,1.011209062,-1.788194425
groundtruth,33,0.5451204852,-1.748628587,-1.482916238,-2.893918493,0.8830999788,1.489479728,-1.507141054
groundtruth,34,2.469688763,-1.029423837,1.029369352,-2.367333096,-0.447324521,1.119963879,0.2857059881
groundtruth,34,-1.932587476,-0.4175641774,-0.4274355631,-2.226984188,-0.5550129499,0.5443577622,1.292673827
groundtruth,34,-0.9585377075,1.532609667,-2.070045898,-2.405998328,-0.2363640609,1.299262481,-0.1488029886
groundtruth,34,1.90413485,0.7222729342,2.176570623,-2.153002816,-0.3404332731,0.3471750117,1.912548983
groundtruth,34,2.864047423,-0.622687597,0.8135743568,-2.318743877,-0.5616282844,0.8981486941,0.6627783236
groundtruth,34,-2.589030984,-0.3874439808,0.1401631026,-2.263659977,-0.5882867285,0.6718639165,1.040081526
groundtruth,34,-1.477756304,-0.5590333635,-0.7953464798,-2.186984775,-0.4696028346,0.4282868738,1.594766372
groundtruth,34,2.47572599,1.742823689,2.04244561,-2.216657764,0.5382229703,0.5121308206,-2.480031743
groundtruth,34,2.108344071,-1.671214083,1.061910113,-2.412424418,-0.1675541512,1.328582184,-0.2712217834
groundtruth,34,2.088679903,-1.706690038,1.05792679,-2.413736404,-0.1493393294,1.334512199,-0.3028903718
groundtruth,34,-1.522056496,-0.5377704246,-0.7616534806,-2.192058509,-0.4836858879,0.4417228641,1.553689417
groundtruth,34,-2.810439681,-0.4108410289,0.3305514433,-2.275484661,-0.5904802431,0.7172168735,0.9601083431
groundtruth,34,2.405497855,1.586890775,2.011752153,-2.189431333,0.476526189,0.4347259678,-2.688055893
groundtruth,34,-1.048103841,1.698055622,-2.082636034,-2.413426168,-0.153793655,1.333131868,-0.2951743934
groundtruth,34,-2.677755092,-0.3946170344,0.2168419724,-2.268322465,-0.5895961413,0.6894406939,1.008651674
groundtruth,34,1.979121057,0.7960251389,2.129193126,-2.140718595,-0.2694506063,0.3213881569,2.063446505
groundtruth,34,-0.9104322832,-1.183274678,-1.136687542,-2.128428096,0.1638617966,0.2972897815,2.896223657
groundtruth,34,-1.286117792,-0.6812445324,-0.9327156737,-2.160742102,-0.3765558858,0.3643471328,1.830992654
groundtruth,34,-1.776198648,-0.4501849195,-0.5583999104,-2.215689878,-0.5364736536,0.5091919218,1.373848547
groundtruth,34,-0.7209030431,1.105258679,-2.096664198,-2.374533788,-0.4198933459,1.153570242,0.2203348998
groundtruth,34,-2.810987615,-0.4109234544,0.3310179916,-2.275515219,-0.5904801811,0.7173361568,0.9599028394
groundtruth,34,-2.626414009,-0.3896998065,0.172525686,-2.265420227,-0.5890474853,0.6783094747,1.027029619
groundtruth,34,2.47124353,-1.027037432,1.028798989,-2.367066285,-0.4480621008,1.118789248,0.2879272988
groundtruth,34,2.057757402,-1.761212984,1.050471247,-2.415455766,-0.1209100973,1.342332849,-0.3518868194
groundtruth,34,-1.534155303,-0.5323366532,-0.7523439111,-2.193418153,-0.4872319859,0.4452877224,1.543079883
groundtruth,34,-0.7900950419,-1.459043121,-1.143949125,-2.167170027,0.4030096104,0.379172668,-2.88163607
groundtruth,34,-0.6068901494,0.9377835504,-2.137576898,-2.357906597,-0.477919931,1.076213544,0.3658913158
groundtruth,34,-1.135761424,-0.8258708343,-1.028510743,-2.136446711,-0.2386771072,0.3128256377,2.126094193
groundtruth,34,1.966186548,0.7823021569,2.137148182,-2.14283017,-0.2832277588,0.3256854597,2.034924047
groundtruth,34,2.036053503,0.8622327267,2.095389625,-2.131877739,-0.1997847274,0.3038862601,2.203540596
groundtruth,34,0.2852185959,0.4181985313,-2.772043361,-2.278065837,-0.5903987663,0.727370217,0.9426693557
groundtruth,34,-1.787398476,-0.4474005756,-0.549137859,-2.216563137,-0.5380536005,0.5118430364,1.367483733
groundtruth,34,-0.5431714161,0.8583277419,-2.167069939,-2.349142337,-0.5023554426,1.035675427,0.4365950784
groundtruth,34,0.1621814577,0.4429929982,-2.668851108,-2.28533199,-0.589086454,0.7563888422,0.8935419632
groundtruth,34,1.461993522,0.4775395061,2.504281693,-2.207656829,-0.5207728649,0.4852702524,1.433274751
groundtruth,34,-0.6980709548,1.069172772,-2.103533577,-2.371152903,-0.433115531,1.137819356,0.2514580578
groundtruth,34,1.249635929,0.4247828553,2.679838158,-2.224208405,-0.5508865796,0.5355723545,1.312259201
groundtruth,34,-2.798645985,-0.4091032822,0.3205041541,-2.274831129,-0.5904690093,0.7146605016,0.9645228493
groundtruth,34,-0.7811341378,-1.480071076,-1.142369267,-2.17077776,0.4168248679,0.3873541064,-2.847723914
groundtruth,34,1.313597279,0.4379214598,2.626178826,-2.219615574,-0.5433625253,0.521254211,1.345280212
groundtruth,34,-0.8881685416,1.400141408,-2.068985121,-2.398019866,-0.2982141372,1.262595375,-0.03347179966
groundtruth,34,2.07735753,-1.726830528,1.055365906,-2.414408224,-0.1388976586,1.337588176,-0.320950065
groundtruth,34,2.377389879,1.520815823,2.003198101,-2.177838809,0.4413419614,0.4049623887,-2.785166518
groundtruth,34,-2.14445722,-0.3912658506,-0.245946075,-2.240002666,-0.5714556139,0.5873101331,1.20154138
groundtruth,34,-1.074633152,1.745166524,-2.088726773,-2.414981429,-0.1293438768,1.340194152,-0.3374254693
groundtruth,34,2.347648767,1.449837194,1.997030367,-2.165611127,0.3968182576,0.3755180879,-2.896528271
groundtruth,34,2.347434106,1.449315004,1.996989012,-2.165516145,0.3964779639,0.3753095316,-2.897300005
groundtruth,34,-0.8416330632,1.313933164,-2.07251112,-2.39193873,-0.336185158,1.234484392,0.04094571884
groundtruth,34,-2.726799265,-0.399776199,0.2590309097,-2.270918395,-0.5901336326,0.6994785821,0.9909500648
groundtruth,34,0.2488849979,0.4247142391,-2.741363469,-2.280152208,-0.5901859947,0.7356434833,0.9285640823
groundtruth,35,-2.187362773,-0.1687036222,-1.599225516,-1.755681857,-0.2721035144,0.6948772289,2.60950929
groundtruth,35,2.572248122,0.009520444972,-0.1606433128,-1.768255316,-0.2484042015,0.7345410524,2.442128421
groundtruth,35,1.335885058,1.454658365,2.023456176,-1.640298231,-0.1014952212,0.3941759057,-2.051953585
groundtruth,35,-2.896686528,1.721124247,-2.160666956,-1.789103648,0.1816600645,0.8027643663,0.7712860797
groundtruth,35,0.9557628531,0.237215972,1.575803599,-1.750189134,-0.2797076992,0.6779168492,2.678608834
groundtruth,35,0.4634297687,-1.304646443,1.199041533,-1.804952959,0.06726857676,0.8563900407,1.206960648
groundtruth,35,1.147321692,0.9934478655,1.82781196,-1.678257083,-0.2559305577,0.4797923894,-2.739736174
groundtruth,35,2.282507928,0.009510373149,0.13045786,-1.768092,-0.2488267137,0.7339485564,2.444819307
groundtruth,35,-1.248268453,-0.0109467265,-2.619859172,-1.767767013,-0.2495026994,0.7329875231,2.448900318
groundtruth,35,0.5018029221,-1.206354321,1.237103284,-1.806435699,0.03970383232,0.8614750714,1.30308757
groundtruth,35,1.275790591,1.326802121,1.961802989,-1.648306558,-0.1565836133,0.411155362,-2.258720381
groundtruth,35,1.336605319,1.456096447,2.024193598,-1.640228148,-0.1008248618,0.394025531,-2.049553317
groundtruth,35,0.6755734027,-0.6386353655,1.414866897,-1.800581555,-0.1137463829,0.8414626363,1.83980507
groundtruth,35,-1.970221967,-1.062726662,-1.288321232,-1.67141929,-0.2406225078,0.4634040828,-2.646293792
groundtruth,35,0.6333767069,-0.797076684,1.369592506,-1.804578056,-0.07271499842,0.8550716772,1.691751288
groundtruth,35,-2.030952709,-0.8809576039,-1.353165244,-1.689590326,-0.2752045211,0.5079144661,-2.885015085
groundtruth,35,1.909751278,0.01083801026,0.5052014521,-1.767786723,-0.2494663066,0.7329884051,2.448701101
groundtruth,35,-0.4858689073,-0.009674594385,2.89706836,-1.768309317,-0.2482757546,0.734722501,2.441331488
groundtruth,35,1.176791518,1.077876674,1.858978367,-1.669949389,-0.2369110914,0.4599370955,-2.625429923
groundtruth,35,0.5075848363,-1.190765524,1.242849592,-1.80659199,0.03533053012,0.8620302538,1.318185604
groundtruth,35,0.5475975045,-1.077159897,1.282633352,-1.807212259,0.003602613544,0.8641425882,1.427371529
groundtruth,35,-0.9911412316,-0.00979230736,-2.87842564,-1.767969671,-0.249046546,0.7336356013,2.446076537
groundtruth,35,-1.617416932,-1.762799978,-0.9252616343,-1.636656384,0.05825543005,0.3866344393,-1.503572576
groundtruth,35,2.400706836,0.009423164986,0.0117058199,-1.768139159,-0.2486630295,0.7341777981,2.443711052
groundtruth,35,0.151565748,-0.01459668691,2.255200128,-1.768931676,-0.2468487519,0.7367097393,2.432637635
groundtruth,35,-2.173528326,-0.3255300484,-1.532282507,-1.742774731,-0.2876308919,0.6554209746,2.769164386
groundtruth,35,0.3227357772,-1.597089541,1.058980193,-1.795545629,0.1485708509,0.8243746482,0.9070171711
groundtruth,35,1.972380203,0.01048778445,0.4421986127,-1.767834647,-0.2493512873,0.7332034013,2.447960462
groundtruth,35,-0.1781479602,-0.0109755433,2.58764915,-1.768542072,-0.2477216981,0.7354759497,2.438013826
groundtruth,35,0.624113213,-0.8298996538,1.359979902,-1.805170538,-0.06399466007,0.8571356277,1.661004962
groundtruth,35,-2.538585295,0.9022447869,-1.803241362,-1.806233351,-0.04451525904,0.8607804979,1.593056107
groundtruth,35,2.536513742,0.00972681784,-0.1244635225,-1.768074602,-0.2493565892,0.7338787552,2.442002475
groundtruth,35,2.054930035,0.01011316213,0.3591764759,-1.767894411,-0.2491751432,0.7334057131,2.447082597
groundtruth,35,-0.4860481268,-0.009659707639,2.897256313,-1.768354276,-0.2482747951,0.7347530351,2.441344286
groundtruth,35,0.3207577579,-1.600704605,1.05699957,-1.7954355,0.1493278468,0.8240213053,0.9040151804
groundtruth,35,0.6960236295,-0.5555692354,1.438349954,-1.797823696,-0.13446673,0.8320372042,1.91721048
groundtruth,35,-1.675634096,-1.680833638,-0.9850110511,-1.635008454,0.0135182583,0.3832618162,-1.656116788
groundtruth,35,0.2992616515,-1.637113453,1.03547862,-1.793686127,0.1591928864,0.8181288313,0.8646821686
groundtruth,35,1.524175452,1.762799978,2.216330742,-1.636656372,0.05825523469,0.3866344151,-1.503573249
groundtruth,35,1.113555793,0.03828615555,1.317165378,-1.765536438,-0.2543448071,0.7258720092,2.479662985
groundtruth,35,-1.823401246,-1.418688022,-1.136258838,-1.642254487,-0.117864638,0.3982680538,-2.111400112
groundtruth,35,-1.028284533,-0.009771646063,-2.840863876,-1.768145873,-0.2498914558,0.7338387412,2.446117324
groundtruth,35,-1.620703303,-1.758482279,-0.928635206,-1.636519138,0.05586870767,0.3863491559,-1.511783365
groundtruth,35,2.886920239,0.01052193683,-0.4769509615,-1.768482037,-0.2478826446,0.7352741463,2.438917181
groundtruth,35,0.2771710185,-1.672597426,1.013331442,-1.791849105,0.1687357437,0.8119527937,0.8257182458
groundtruth,35,0.3515112595,-1.545201751,1.08773022,-1.797839067,0.1341641134,0.8321500555,0.9628885024
groundtruth,35,0.36931045,-1.511146919,1.105481087,-1.799171302,0.1247962332,0.8366494361,0.9984436247
groundtruth,35,1.434498348,1.631927539,2.124376182,-1.635040758,-0.01268926346,0.3832457543,-1.744857578
groundtruth,35,0.5133681111,-1.174981392,1.248582563,-1.806744885,0.03091393582,0.8625364948,1.333458962
groundtruth,35,0.215934813,-1.762270093,0.9516329495,-1.786948526,0.1920296972,0.7953248009,0.7243932926
groundtruth,36,2.057797867,-0.3477174106,1.868266153,-1.344788752,-2.408074792,0.05884794852,2.865402609
groundtruth,36,-2.433151229,1.618354499,2.847613257,-1.405207128,0.1236811248,1.259266524,2.202920994
groundtruth,36,-1.196302317,0.2360832149,-1.105655157,-1.399573405,-2.897500038,0.002977456316,2.500924393
groundtruth,36,0.328547076,-1.409230777,-0.6760205348,-1.37432978,0.5152499423,1.138266568,1.895119226
groundtruth,36,0.4684137002,-1.509463201,-0.5312230474,-1.390516104,0.3622081739,1.202821818,2.012016172
groundtruth,36,1.360167465,-0.1303420697,2.650403846,-1.375763184,2.63837676,0.02421271837,1.904091171
groundtruth,36,0.1773634977,-1.26173692,-0.8448162227,-1.349631714,0.7002563778,1.033553785,1.763327851
groundtruth,36,0.02369282802,-1.054137598,-1.044941884,-1.315981574,0.9257090337,0.8747816466,1.623600768
groundtruth,36,-2.743533513,1.462822191,2.538263351,-1.383122158,0.4381524601,1.173592108,1.953194448
groundtruth,36,-2.545115497,0.1333876885,0.3362106372,-1.32735289,2.291509921,0.08347644758,1.667379075
groundtruth,36,1.158462541,-0.1232184599,2.865485079,-1.362267548,2.531793571,0.03814268218,1.826205946
groundtruth,36,-1.506347971,1.43680873,-2.493283724,-1.341267893,-0.7573639553,0.9960941681,2.881038817
groundtruth,36,0.01173428786,-0.2432479084,-2.073656796,-1.278346194,1.93440119,0.1978560159,1.495514118
groundtruth,36,0.4454898665,-1.495090051,-0.5544770423,-1.388268001,0.3863981287,1.194044383,1.993180102
groundtruth,36,0.3930078923,-1.459248835,-0.6083478752,-1.382539133,0.4430134895,1.171382506,1.949583574
groundtruth,36,-2.783479272,0.1555464091,0.6101094659,-1.31011057,2.179379931,0.1122273579,1.604342122
groundtruth,36,0.6663300638,-1.604373021,-0.335096565,-1.403792862,0.1641283459,1.253731036,2.169816535
groundtruth,36,-2.800838922,0.1575322171,0.6305526496,-1.309338206,2.170952298,0.1149737718,1.599283084
groundtruth,36,0.2569425531,-1.34511181,-0.7537938997,-1.363630205,0.5997120802,1.093846218,1.833411453
groundtruth,36,-0.04357596828,-0.9348647494,-1.152852468,-1.29827898,1.048180239,0.7796500401,1.560566302
groundtruth,36,0.5315651548,-1.545259404,-0.4676953646,-1.395896036,0.296361047,1.223827584,2.063311612
groundtruth,36,-1.60316136,1.505885598,-2.602858232,-1.35648166,-0.6520213403,1.063427884,2.810031536
groundtruth,36,-0.07941393571,-0.8592896721,-1.221264719,-1.288018939,1.125523741,0.7182858815,1.526365588
groundtruth,36,1.069321781,-1.661067318,0.05694906672,-1.401748721,-0.2065706,1.246011661,2.470893225
groundtruth,36,1.375000249,-0.1311356836,2.63465274,-1.376808139,2.647290342,0.02319774491,1.910766054
groundtruth,36,0.06010814121,-0.222197546,-2.147520745,-1.283782205,1.981763938,0.1787998897,1.512721325
groundtruth,36,-0.008465159185,-1.001083187,-1.093022633,-1.308369089,0.98020137,0.8334923721,1.594218991
groundtruth,36,1.952822476,-0.2404306877,2.027405175,-1.398003296,-2.873653081,0.004266096518,2.520038872
groundtruth,36,0.1898203121,-1.275714451,-0.8301685863,-1.351974688,0.6839671719,1.043833712,1.774403018
groundtruth,36,1.561306774,-1.490969365,0.5641123082,-1.35307719,-0.6761987144,1.048666148,2.826754482
groundtruth,36,-2.522455586,1.586194024,2.760283184,-1.401570749,0.2098726492,1.245337553,2.132932175
groundtruth,36,0.1299568919,-1.205074641,-0.9022416491,-1.340212365,0.7644693706,0.9912846282,1.720836021
groundtruth,36,-1.83372767,1.615097475,-2.846565325,-1.384780538,-0.4248387883,1.179517112,2.642589483
groundtruth,36,-2.290799716,0.1232658627,0.05575454221,-1.34323682,2.397523797,0.06085580381,1.734116912
groundtruth,36,-2.859380515,0.1662869347,0.7011928873,-1.304666477,2.138728288,0.124539332,1.582677345
groundtruth,36,-0.02385066759,-0.9719808005,-1.119439839,-1.303422511,1.010272959,0.8091886823,1.579918422
groundtruth,36,1.217186158,-1.639714252,0.2034467615,-1.392387895,-0.3408287188,1.210124287,2.577716964
groundtruth,36,0.004252286622,-1.022026467,-1.074178982,-1.311062488,0.9588966094,0.8493978037,1.605511019
groundtruth,36,-0.1608142306,-0.457564242,-1.645592371,-1.25799867,1.58121166,0.3838814646,1.432411472
groundtruth,36,1.591773921,-0.1485438111,2.405677082,-1.392845518,2.80613875,0.008601197769,2.032986283
groundtruth,36,0.4273166355,-1.483180616,-0.5730048011,-1.386422896,0.4057792479,1.186634468,1.978162649
groundtruth,36,1.488101923,-0.1386989126,2.514866414,-1.385022675,2.722334728,0.01549907854,1.967787005
groundtruth,36,0.297775388,-1.382891426,-0.7090250339,-1.370012327,0.5509118026,1.120268247,1.868767012
groundtruth,36,0.3654481609,-0.1542964916,-2.540360277,-1.311232367,2.183853713,0.1112843904,1.606130107
groundtruth,36,0.008595691676,-1.02934368,-1.067535539,-1.312170369,0.9513508963,0.855194775,1.609556914
groundtruth,36,0.1407868619,-1.21852695,-0.8888633518,-1.342438041,0.7494646134,1.001403566,1.73059184
groundtruth,36,1.126179182,-1.655156138,0.1128370457,-1.397974645,-0.2573226762,1.233343071,2.512168392
groundtruth,36,0.4556362505,-1.501542426,-0.5441657835,-1.389275976,0.375650261,1.198006295,2.001530819
groundtruth,36,-0.03234496337,-0.9565259653,-1.13333828,-1.301367241,1.02604805,0.7970850203,1.571178584
groundtruth,36,0.3963189114,-1.46175807,-0.6049257504,-1.38314379,0.4396975946,1.173186319,1.952570218
groundtruth,37,-0.5249256933,-0.2109380492,0.1797711673,-0.967378208,0.7767268757,1.533475346,2.313348455
groundtruth,37,0.1017685444,-0.2191535743,-0.2235981369,-0.9854855291,0.5499517161,1.605020154,2.383621756
groundtruth,37,0.8319856991,0.6076399759,-2.558899311,-0.9482368418,2.120323539,0.9688329567,2.255356669
groundtruth,37,1.04321548,-0.3698253015,-0.6823910194,-1.008185983,0.04018145733,1.682257683,2.580602819
groundtruth,37,-1.202921551,-0.2688780479,0.5583661112,-0.9448246984,1.069972539,1.418192188,2.246233799
groundtruth,37,-0.6864619844,-0.21764691,0.2804700112,-0.9625107009,0.8372242411,1.511487958,2.297150657
groundtruth,37,1.827717625,0.2874990244,-2.538249669,-0.9407139926,1.133344058,1.391015197,2.23560824
groundtruth,37,1.421206357,0.3863367928,-2.447377918,-0.9278771232,1.433671026,1.25724623,2.204691151
groundtruth,37,1.827887899,0.2874677944,-2.538312882,-0.940720194,1.133241476,1.391059569,2.235624358
groundtruth,37,2.15892503,0.2406684653,-2.690600435,-0.9527553875,0.9606466844,1.463505729,2.267853301
groundtruth,37,0.1768530581,-0.223940811,-0.2703082871,-0.9876528371,0.5206004461,1.612824575,2.39371257
groundtruth,37,-1.569885583,0.5667336253,2.440753044,-0.9903350581,-0.4820052111,1.622502692,2.78705274
groundtruth,37,-1.167656721,-0.2644179196,0.5420994407,-0.9473282233,1.052028938,1.427076714,2.248157522
groundtruth,37,1.222392048,0.4530860267,-2.454516513,-0.926683941,1.629959893,1.16936526,2.201943207
groundtruth,37,0.0994167587,-0.2182463968,-0.2224528673,-0.9839397268,0.5506109854,1.603059156,2.383560811
groundtruth,37,0.06867258374,0.8601188222,-2.870263574,-1.003417369,-2.897500038,0.7813214308,2.696770015
groundtruth,37,-0.9091420722,-0.2334907663,0.4109594092,-0.9552593072,0.9279454255,1.476570666,2.275124759
groundtruth,37,2.306865772,0.2272622792,-2.772866666,-0.9577452657,0.8963998265,1.488950059,2.282474725
groundtruth,37,0.8112802344,-0.3103235279,-0.6059001642,-1.004816875,0.2057265379,1.671463874,2.512963629
groundtruth,37,0.8399562757,0.6043620998,-2.55592999,-0.9474239984,2.108983251,0.9729579795,2.253158507
groundtruth,37,-1.443212305,0.6206477837,2.473908425,-0.9790239875,-0.6341887285,1.580688895,2.838552268
groundtruth,37,1.038388494,-0.368417447,-0.6811308216,-1.008161493,0.04396347543,1.682177499,2.57903912
groundtruth,37,0.7794505632,0.6292288258,-2.579011251,-0.9539735477,2.19640853,0.9419738394,2.271234526
groundtruth,37,-1.68867143,-0.3767747728,0.6920396671,-0.9285392814,1.405631276,1.26988889,2.20621107
groundtruth,37,-2.772491839,0.2406056419,2.756313222,-0.9931173347,0.4400966504,1.632271111,2.422471273
groundtruth,37,1.296667951,0.4268356928,-2.44766551,-0.926422114,1.552396494,1.203871519,2.201380186
groundtruth,37,0.1052119915,-0.2193516452,-0.225759431,-0.9855828189,0.5486280315,1.605379531,2.384073058
groundtruth,37,0.01142171374,0.8704046439,-2.897300005,-0.9988821652,-2.797215232,0.7932640091,2.73641419
groundtruth,37,-1.895125958,0.4367803632,2.423689187,-1.006762831,-0.1366203344,1.677723628,2.653394786
groundtruth,37,-1.350349428,-0.2943457792,0.6165129158,-0.9393709899,1.155652133,1.381320982,2.232203454
groundtruth,37,-2.431965121,-0.6577349958,0.5348361329,-0.9625026028,2.300900477,0.9077545938,2.296189984
groundtruth,37,2.318276647,0.2263938375,-2.779477813,-0.9581212073,0.8916839701,1.490780078,2.283601875
groundtruth,37,1.588068448,-0.5736834116,-0.697402414,-0.9890049445,-0.5011765719,1.617771757,2.793850915
groundtruth,37,1.594969217,-0.5766267746,-0.6958624035,-0.9884412161,-0.509323918,1.615718282,2.79671561
groundtruth,37,1.613062674,-0.5843231203,-0.6916643125,-0.9868929884,-0.530754189,1.61016026,2.804172402
groundtruth,37,-1.855314575,-0.4304174273,0.6932667545,-0.9263999434,1.562937178,1.199158835,2.201330668
groundtruth,37,-1.196584521,-0.2679097145,0.5555914874,-0.9450582882,1.066540792,1.41964671,2.246849512
groundtruth,37,-0.9156827015,-0.2341278511,0.4145635695,-0.9550945731,0.9308160537,1.475511413,2.274446841
groundtruth,37,0.6016274633,-0.2709938406,-0.5109882997,-0.999638007,0.327619979,1.654450418,2.464820151
groundtruth,37,1.329373037,-0.4677471978,-0.7226170532,-1.00440518,-0.2176589279,1.670131782,2.68621116
groundtruth,37,-2.202107909,-0.5635503883,0.6205343587,-0.9386412556,1.971913056,1.02507575,2.230121685
groundtruth,37,0.06867570099,0.8601392678,-2.870257624,-1.003458207,-2.897500038,0.7812994964,2.696770673
groundtruth,37,1.408673784,0.3902005825,-2.44676666,-0.9276431448,1.444990256,1.252143292,2.204157625
groundtruth,37,-0.3970337805,-0.2083431951,0.09784716536,-0.97123944,0.7306673743,1.549518592,2.326399381
groundtruth,37,-2.191488459,0.3437794118,2.485754814,-1.007290196,0.1110046124,1.679408133,2.551465361
groundtruth,37,-2.38194166,-0.6372579051,0.5549128915,-0.9561714911,2.225552355,0.932098926,2.2778665
groundtruth,37,-0.3305182542,-0.207829922,0.05481552672,-0.9731706843,0.7070135184,1.557465939,2.333364589
groundtruth,37,0.9396066512,-0.3410561495,-0.6524340676,-1.007173359,0.118564991,1.67895279,2.548373014
groundtruth,37,-0.8818390233,-0.2310901572,0.3956480771,-0.9561789849,0.9162055806,1.481205693,2.277821198
groundtruth,37,-2.736197143,-0.7709055499,0.411724626,-0.9986896817,2.795407638,0.7935354029,2.457671762
groundtruth,38,-1.22262676,-1.014968949,-2.55418265,-0.6024341496,2.584738811,1.510482975,2.681273666
groundtruth,38,1.821406735,1.414060729,2.009538918,-0.5367700559,1.188471486,1.838685864,2.606743253
groundtruth,38,-0.8897736672,-0.9733835672,2.786828612,-0.626403283,-2.897500038,1.466702623,2.871569057
groundtruth,38,-1.302196587,-1.459970668,-0.9774452739,-0.5520300671,1.025810997,1.877648421,2.61765432
groundtruth,38,-1.027677548,-1.643164438,-0.02753138505,-0.6326039637,-0.02999781194,2.029020745,2.818075698
groundtruth,38,2.20739679,1.148383164,-0.4745338617,-0.3046832351,-2.756005686,1.614608294,2.857135593
groundtruth,38,1.8497219,1.480396708,2.233568898,-0.5599963889,0.9519878007,1.895045669,2.624314937
groundtruth,38,-1.339042281,-1.219008137,-1.793893196,-0.530351098,1.86432213,1.675706839,2.602666428
groundtruth,38,-1.341544859,-1.288883659,-1.556713547,-0.5201878174,1.625420755,1.733599883,2.597684709
groundtruth,38,-1.326963475,-1.160774736,-1.990921835,-0.5467620293,2.058947993,1.627975178,2.613107921
groundtruth,38,-1.293240321,-1.478021436,-0.9162763934,-0.5591495999,0.960814135,1.893018931,2.623415775
groundtruth,38,1.83848007,1.105189457,0.9561632366,-0.5659321926,2.246125816,1.582915226,2.630338719
groundtruth,38,2.036766844,0.9618749799,0.2255494488,-0.6264103906,2.897325299,1.466717884,2.749222113
groundtruth,38,-1.339074196,-1.322590861,-1.441705975,-0.520262931,1.50824486,1.76173005,2.597779344
groundtruth,38,-0.8653993808,-0.9832276245,2.715218598,-0.6229742634,-2.835934763,1.472913094,2.886212978
groundtruth,38,1.917146341,1.016045622,0.5935403884,-0.6022525018,2.579340868,1.511342454,2.680183492
groundtruth,38,-1.15694139,-0.9786001825,-2.766875312,-0.6184912322,2.770363625,1.48094216,2.719656009
groundtruth,38,2.216913915,1.627185781,-2.897300005,-0.6207863915,-0.3386421635,2.009217007,2.89382935
groundtruth,38,-1.225102947,-1.317649893,-1.432281264,-0.3353939959,1.455354807,1.761742321,2.674200416
groundtruth,38,-1.331083177,-1.175991789,-1.939366279,-0.5418166868,2.008405074,1.640400945,2.609801202
groundtruth,38,1.90221979,1.550990645,2.488968297,-0.5902762595,0.6753226208,1.955298419,2.660467893
groundtruth,38,-1.340783068,-1.235629236,-1.737626749,-0.5269952044,1.808070342,1.689408829,2.600735579
groundtruth,38,-1.251918857,-1.039023845,-2.442765401,-0.592510909,2.484844313,1.529771276,2.663457732
groundtruth,38,2.251818039,0.9733831987,-0.3547612795,-0.6264034459,-2.897500038,1.466702392,2.871568486
groundtruth,38,1.800360728,1.296361011,1.610394798,-0.5199723258,1.599509982,1.73982816,2.597538336
groundtruth,38,-1.24092368,-1.02937175,-2.486126028,-0.5963083964,2.523929438,1.522041916,2.670212297
groundtruth,38,1.824158721,1.42231225,2.037285894,-0.5392191262,1.159448127,1.845672671,2.608333717
groundtruth,38,1.800660691,1.240972891,1.421891836,-0.5256317329,1.789997096,1.693842943,2.600382593
groundtruth,38,-0.9678442149,-1.638371371,0.1275772342,-0.6281619677,-0.2066953568,2.021629677,2.862494744
groundtruth,38,-1.220108798,-1.013210961,-2.56303397,-0.6031435821,2.592655923,1.509078129,2.68272536
groundtruth,38,1.996890606,0.9738534275,0.3386051379,-0.6206792901,2.801302184,1.476989443,2.726648675
groundtruth,38,1.921573604,1.012858673,0.5777488074,-0.6036121446,2.593358166,1.508782018,2.68283254
groundtruth,38,1.84822508,1.08903403,0.8970389858,-0.5720925774,2.301919023,1.56990087,2.636926929
groundtruth,38,-1.340407034,-1.308042763,-1.49134103,-0.5197912911,1.5589122,1.749574219,2.597538517
groundtruth,38,-1.209644494,-1.57774546,-0.5422789732,-0.6028504659,0.5533335012,1.978023428,2.681923818
groundtruth,38,2.216915494,1.627185244,-2.897300005,-0.6207860547,-0.3386471142,2.009216437,2.893830482
groundtruth,38,-1.33836158,-1.214818995,-1.808200816,-0.5310960529,1.878529655,1.672262096,2.603307758
groundtruth,38,-1.333799232,-1.188413396,-1.897505335,-0.5379322487,1.967110976,1.65057408,2.60749137
groundtruth,38,2.285576243,0.9876448223,-0.4548723124,-0.6213802609,-2.811217342,1.475772873,2.891939162
groundtruth,38,2.258129229,0.9757303171,-0.3730181484,-0.625588394,-2.88192652,1.468161347,2.875331521
groundtruth,38,2.216927026,1.627228235,-2.897300005,-0.620854563,-0.3386029753,2.009211869,2.893794277
groundtruth,38,-1.172949142,-1.404563901,-0.8925792652,-0.319314295,0.8937992151,1.834286818,2.708827802
groundtruth,38,1.811688206,1.171950407,1.188324845,-0.5428611452,2.022005506,1.637103593,2.61073729
groundtruth,38,-1.155322893,-1.612055425,-0.3701718301,-0.6193180323,0.3603325757,2.006668537,2.722096604
groundtruth,38,-1.30603979,-1.451427306,-1.00626962,-0.5488677381,1.05630805,1.870384118,2.615241101
groundtruth,38,-0.985640278,-1.64105454,0.08096362435,-0.6301715339,-0.1537088646,2.024986174,2.849381112
groundtruth,38,-1.189548715,-1.592414255,-0.4750668674,-0.6099652378,0.478341426,1.99037807,2.696671861
groundtruth,38,2.236382615,1.436641054,-2.521552679,-0.3131543961,-0.7189075127,1.850012085,2.894557283
groundtruth,38,2.216914711,1.627185313,-2.897300005,-0.6207855433,-0.3386503376,2.009214746,2.893834495
groundtruth,38,1.939642898,1.215945077,1.128866419,-0.3267925435,2.029351311,1.677818878,2.690709615
groundtruth,39,-2.893320555,-1.233564679,1.19737558,-0.7853027683,-2.192719339,1.869988452,-2.533181115
groundtruth,39,2.667626102,-1.483082717,-0.5213834844,-0.842051107,-0.141060376,2.442065764,-2.768123529
groundtruth,39,2.859877673,-1.102080169,-1.194473445,-0.09044716775,0.5319889504,2.098487584,-2.840821441
groundtruth,39,-2.892403736,-1.231619263,1.201577329,-0.78563023,-2.19716331,1.868492075,-2.534016319
groundtruth,39,-2.848597546,-0.9504065407,1.756950181,-0.8318020379,-2.76885935,1.714104283,-2.686345438
groundtruth,39,0.02889866082,1.470526296,-2.624720445,-0.7576109975,-1.466215844,2.129496896,-2.478166562
groundtruth,39,-0.03369403299,1.501843925,-2.777250643,-0.7626686337,-1.298660228,2.187116093,-2.487287435
groundtruth,39,0.2171516904,1.289110737,-2.069780225,-0.7751119939,-2.059401502,1.916218077,-2.51133567
groundtruth,39,2.739917428,-1.51521321,-0.3864770601,-0.8331805992,-0.3496274019,2.423733751,-2.694151129
groundtruth,39,-2.84415575,-0.9812528622,1.695894349,-0.8280426579,-2.709361778,1.725189413,-2.666691651
groundtruth,39,0.1417719283,1.383162002,-2.317325703,-0.760832091,-1.796218965,2.011034033,-2.483920167
groundtruth,39,-2.865964741,-1.165916321,1.338058029,-0.7979361558,-2.341587919,1.821384682,-2.563961484
groundtruth,39,2.848460411,-1.540038833,-0.1830258224,-0.8118765628,-0.6387211071,2.374624265,-2.604654522
groundtruth,39,0.2990777719,1.00611801,-1.493971807,-0.8245305432,-2.661391496,1.735242248,-2.651399363
groundtruth,39,0.2952972182,1.080616706,-1.636855016,-0.8129953878,-2.515869907,1.770646515,-2.608241357
groundtruth,39,2.691185934,-1.495120042,-0.4770044323,-0.8398688058,-0.2109730281,2.437625429,-2.74273503
groundtruth,39,0.09483185991,1.425276235,-2.451446298,-0.7572921207,-1.653033226,2.062931277,-2.477554088
groundtruth,39,2.754315093,-1.520021243,-0.3598058472,-0.8307664513,-0.3893318152,2.418552923,-2.680798157
groundtruth,39,0.105251261,1.416696941,-2.422511767,-0.7577333023,-1.683979672,2.051750839,-2.4784489
groundtruth,39,-0.4754873247,1.482251987,2.61734996,-0.8421505245,-0.1365072637,2.442284631,-2.769773531
groundtruth,39,0.2231348867,1.279556439,-2.047323795,-0.7768402263,-2.083227095,1.907852749,-2.514817215
groundtruth,39,-0.439542278,1.500138559,2.684869744,-0.8386111726,-0.242437857,2.435051933,-2.731518655
groundtruth,39,2.683419713,-1.491350984,-0.491540015,-0.8407025458,-0.1881984862,2.439275468,-2.750945603
groundtruth,39,-0.273146937,1.048301544,0.8190774134,-0.09127452554,1.666237367,2.059530139,-2.861031964
groundtruth,39,-0.2826479215,1.060577451,1.120680016,-0.09119900305,1.368888145,2.071811384,-2.860359424
groundtruth,39,2.605755028,-1.443172961,-0.6423863638,-0.8435746855,0.05386482794,2.445136566,-2.840186692
groundtruth,39,2.690831662,-1.494936287,-0.477679512,-0.8398833066,-0.2099186022,2.437693969,-2.743115548
groundtruth,39,-0.580102339,1.405606462,2.404807152,-0.8399923696,0.2069595391,2.437916123,-2.896240372
groundtruth,39,-0.568562442,1.416252472,2.430342803,-0.8413595754,0.1656834469,2.440690365,-2.881299069
groundtruth,39,0.2948585456,0.9613915075,-1.406545758,-0.8304835605,-2.747657933,1.717902284,-2.679266693
groundtruth,39,-0.5496413627,1.432382426,2.470730567,-0.8429418418,0.1001437584,2.443849974,-2.857287457
groundtruth,39,-2.85902002,-1.142803373,1.384042474,-0.8021906776,-2.389998878,1.806511552,-2.57538398
groundtruth,39,0.146844686,1.37800029,-2.302133705,-0.761434505,-1.812396079,2.005155673,-2.485013467
groundtruth,39,-2.847866681,-1.091254857,1.484299969,-0.8112108649,-2.494704197,1.776368529,-2.602411672
groundtruth,39,0.2983477877,1.050765135,-1.579685527,-0.8178256455,-2.574656183,1.755485479,-2.625049539
groundtruth,39,0.2953922731,1.079814981,-1.635311169,-0.8131080913,-2.517457977,1.770229405,-2.60868962
groundtruth,39,-0.5134514414,1.459144205,2.544063107,-0.8438293952,-0.01887989156,2.445609144,-2.813203761
groundtruth,39,-0.2404711696,1.034595669,0.1751477232,-0.09079101778,2.289298228,2.036364012,-2.850918788
groundtruth,39,-0.4063844479,1.513536168,2.746396596,-0.8339371792,-0.3365307158,2.425329697,-2.69861586
groundtruth,39,-0.06765308155,1.51482544,-2.856012766,-0.76702365,-1.210401991,2.216348484,-2.495400863
groundtruth,39,2.766683921,-1.523763008,-0.3368635312,-0.8285611114,-0.4230468594,2.413745137,-2.669692616
groundtruth,39,2.613796783,-1.449120765,-0.6261012677,-0.8437732507,0.02741899444,2.44552821,-2.830384037
groundtruth,39,0.1846394129,1.334836906,-2.183235142,-0.7674520785,-1.938853996,1.959320414,-2.496214144
groundtruth,39,-0.5531281836,1.429519627,2.463401463,-0.8426987991,0.1120489519,2.443385522,-2.861669848
groundtruth,39,0.07641005145,1.439346126,-2.501346672,-0.7567642777,-1.59948787,2.082188154,-2.47672017
groundtruth,39,0.2754091682,0.8877728206,-1.254588758,-0.838244125,-2.890905172,1.695996269,-2.728549355
groundtruth,39,0.2825775106,1.142614923,-1.757173613,-0.8021516441,-2.390367818,1.806422076,-2.575496556
groundtruth,39,2.71365093,-1.505136948,-0.4351648944,-0.8370935802,-0.275773151,2.431954948,-2.719692379
groundtruth,39,0.2821293904,0.906914636,-1.29546017,-0.8364857938,-2.853296812,1.700873586,-2.715302895
groundtruth,39,0.2772554554,1.160879276,-1.793444505,-0.7988889119,-2.352232033,1.818064759,-2.566407187
groundtruth,40,2.887341743,1.583208589,1.289871715,-2.564816243,-2.785211653,2.673604143,1.314205924
groundtruth,40,0.0192366926,0.3707441899,-1.56542644,-2.690703432,2.60370018,2.21875892,-2.314045033
groundtruth,40,-1.489721424,0.002126655289,-0.1194448426,-2.647364239,2.60166451,2.40190712,-2.642552065
groundtruth,40,2.516254735,-0.00364178024,2.158218904,-2.647711384,2.60142699,2.400542112,-2.639906672
groundtruth,40,2.823956062,1.762799978,1.244989133,-2.590189101,-2.69777545,2.601253738,1.061448941
groundtruth,40,2.891203706,1.571145547,1.292639351,-2.563228594,-2.792157732,2.677880728,1.332287754
groundtruth,40,-0.07323092701,-0.7652226175,-1.689377498,-2.547726496,2.872439536,2.717172315,2.706467206
groundtruth,40,-0.2160535463,-1.458718152,-1.823810652,-2.549225781,-2.86330772,2.713507028,1.508011898
groundtruth,40,-0.07100240689,-0.7481490133,-1.686848552,-2.549596052,2.861113972,2.712606878,2.733202906
groundtruth,40,2.072088711,-0.002419443422,2.602099316,-2.647490793,2.601565199,2.401434589,-2.64158547
groundtruth,40,-2.663053868,0.00455567629,1.053198556,-2.646837891,2.602032209,2.403976614,-2.646569198
groundtruth,40,-0.07381769936,-0.7698865853,-1.690116396,-2.547225844,2.876021668,2.718302721,2.699128586
groundtruth,40,0.125287126,1.271876262,-1.434929443,-2.770393533,2.83094335,1.843472607,-1.58630517
groundtruth,40,0.05571519524,0.7364014784,-1.526677946,-2.727756012,2.662124627,2.04692648,-2.01688711
groundtruth,40,1.090246285,-0.002370231147,-2.699626348,-2.647203457,2.601811385,2.402550361,-2.643797766
groundtruth,40,2.838703585,1.723763725,1.255444014,-2.584513207,-2.714280534,2.618267689,1.113866334
groundtruth,40,0.8362017451,-0.002853555027,-2.445772008,-2.647133276,2.600276594,2.402703104,-2.643037817
groundtruth,40,-2.561496507,0.003837574316,0.9517782032,-2.646941257,2.601958,2.403569567,-2.645772271
groundtruth,40,2.452036945,-0.003348431004,2.222376319,-2.647665304,2.601458301,2.40072339,-2.640257786
groundtruth,40,-0.3104181642,-1.74393179,-1.891478606,-2.587434341,-2.705584181,2.609576305,1.086646436
groundtruth,40,-0.06504693872,-0.701236322,-1.68020052,-2.554986561,2.831301161,2.699147473,2.80512336
groundtruth,40,-2.517208877,0.003596133876,0.9075383318,-2.646981669,2.601935025,2.403423466,-2.645497212
groundtruth,40,0.115148875,1.207749191,-1.448744706,-2.766174593,2.806039339,1.863444894,-1.638781389
groundtruth,40,-0.2477887126,-1.563092485,-1.847091555,-2.562142318,-2.796869546,2.680684234,1.344473852
groundtruth,40,-0.05759249025,-0.6389526838,-1.671957983,-2.56262281,2.794741753,2.679422429,2.8970325
groundtruth,40,-0.2465858739,-1.559294005,-1.846226328,-2.561647525,-2.799116008,2.68199362,1.350230315
groundtruth,40,-0.8865662285,0.002744363885,-0.7223445908,-2.647559355,2.601530532,2.401140132,-2.641065108
groundtruth,40,-0.3145776926,-1.754985893,-1.894455359,-2.589017849,-2.700958164,2.604756192,1.071867024
groundtruth,40,2.891716782,-0.00870335175,1.783652953,-2.648394673,2.600971311,2.397850062,-2.634702628
groundtruth,40,1.776741784,-0.002166687303,2.897300005,-2.647398068,2.601641186,2.401774176,-2.642294222
groundtruth,40,-1.281039795,0.002213362075,-0.3280511896,-2.647422335,2.601625014,2.401681099,-2.642114027
groundtruth,40,2.502839177,-0.003545816127,2.171605698,-2.647721334,2.601354167,2.40058368,-2.639958353
groundtruth,40,0.04058535524,0.5892908752,-1.544172825,-2.713522551,2.63259447,2.113964762,-2.134875704
groundtruth,40,2.82459867,1.761291098,1.245437958,-2.589934369,-2.698444945,2.601951836,1.063583842
groundtruth,40,-0.3176384235,-1.762799978,-1.896601598,-2.590194517,-2.697746462,2.601256805,1.06141929
groundtruth,40,-0.07741462317,-0.7962382776,-1.694092356,-2.544476411,2.8936414,2.725015569,2.657136682
groundtruth,40,-0.2065028254,-1.425307961,-1.81654878,-2.545520675,-2.886598395,2.722510307,1.562593094
groundtruth,40,2.163274085,-0.002555550279,2.5109462,-2.647525257,2.601555828,2.401293541,-2.641359651
groundtruth,40,-0.06707566581,-0.7175909649,-1.682463349,-2.55303797,2.84153698,2.70408023,2.780200033
groundtruth,40,-2.779775374,0.005907370077,1.169677634,-2.646651897,2.602164404,2.40470253,-2.647983418
groundtruth,40,-2.703260168,0.004939777456,1.093333875,-2.64678469,2.602070556,2.40418549,-2.646979813
groundtruth,40,0.1522143618,1.424031567,-1.39822052,-2.779159513,2.894734648,1.802064795,-1.460207918
groundtruth,40,0.1221387236,1.252509145,-1.439190417,-2.7691387,2.823304533,1.849346487,-1.602214134
groundtruth,40,-0.0575087122,-0.6382398139,-1.671870681,-2.562710769,2.794340375,2.679187066,2.897300005
groundtruth,40,0.1075946423,1.157376239,-1.458966693,-2.762659247,2.787271615,1.880113179,-1.679749538
groundtruth,40,-0.613373164,0.003703941254,-0.9953260658,-2.647720882,2.601420552,2.400504715,-2.639834316
groundtruth,40,-2.371215184,0.003027776514,0.7616652545,-2.64707131,2.601867652,2.40305829,-2.644785771
groundtruth,40,0.07153281546,0.8796787968,-1.506787762,-2.740647499,2.698142501,1.985326868,-1.902664317
groundtruth,40,0.1282748267,1.289870693,-1.430878144,-2.771526298,2.838192921,1.838131103,-1.571521553
groundtruth,40,-0.2025253904,-1.411090693,-1.813478476,-2.544020841,-2.896788976,2.726104108,1.586130277
groundtruth,41,1.573248597,1.749937637,0.3573105727,-2.326729764,2.768987563,2.03282688,1.343981869
groundtruth,41,-1.397558344,-1.683251514,-2.779451797,-2.339314238,2.827157513,1.976424017,1.485441142
groundtruth,41,1.566377266,1.752605915,0.3569276234,-2.326181983,2.766802621,2.035236488,1.338345328
groundtruth,41,-1.349119092,1.756747327,-0.4204111091,-2.157022544,-2.713467322,2.671881757,-2.02920679
groundtruth,41,-1.36694899,-1.671229697,-2.77955677,-2.341360612,2.838356877,1.967259541,1.510971863
groundtruth,41,-1.536666004,-1.737684551,-2.782709724,-2.329217122,2.779179501,2.021705856,1.370084449
groundtruth,41,-1.267141709,-1.632179512,-2.781968634,-2.347564393,2.876322731,1.939581325,1.594517059
groundtruth,41,-1.396418881,-1.682801145,-2.779448681,-2.339396546,2.827573884,1.976074787,1.486392515
groundtruth,41,1.49176999,-1.61492982,2.742439033,-2.203340888,-2.62936951,2.53172117,-2.405077217
groundtruth,41,-1.757263034,1.567132655,-0.3807511179,-2.218872626,-2.617711323,2.478063211,-2.521564959
groundtruth,41,-1.470277089,1.698959251,-0.4177251702,-2.175983917,-2.669558882,2.618106111,-2.190326058
groundtruth,41,-1.544798886,1.663638908,-0.4120107124,-2.187531273,-2.649542486,2.582923713,-2.282720681
groundtruth,41,-1.601772871,-1.762799978,-2.786285528,-2.32404715,2.758516178,2.044769455,1.316532109
groundtruth,41,1.747232399,1.681994321,0.3621425406,-2.339532395,2.8283158,1.975452259,1.48810615
groundtruth,41,-2.897300005,1.296848626,-0.007515455586,-2.334205817,-2.80154689,1.999308438,2.805032282
groundtruth,41,1.577679709,1.748238141,0.3575531005,-2.327076216,2.770387105,2.031239248,1.347644002
groundtruth,41,1.675187737,1.710266388,0.3612956916,-2.334469424,2.802794409,1.998127786,1.428206146
groundtruth,41,-2.773199496,1.302484632,-0.05439867732,-2.325564557,-2.764378143,2.037987228,2.897300005
groundtruth,41,-2.884793325,1.297154212,-0.01222983509,-2.333373674,-2.79765619,2.003036747,2.814437683
groundtruth,41,1.473595418,-1.60666732,2.745192976,-2.206053246,-2.626907629,2.52260738,-2.425308996
groundtruth,41,1.336145835,-1.546566977,2.770654477,-2.225563016,-2.614979331,2.453955049,-2.571329719
groundtruth,41,-1.413934403,1.72584591,-0.4200291829,-2.16716637,-2.688167377,2.643729879,-2.117124846
groundtruth,41,1.608016617,-1.668928129,2.72853357,-2.185805716,-2.652235798,2.588300631,-2.269117197
groundtruth,41,-1.601469944,-1.762675255,-2.786266157,-2.324093202,2.758611618,2.044660775,1.316791255
groundtruth,41,1.022027955,-1.429666351,2.853831051,-2.264923469,-2.627835713,2.300781499,-2.865783737
groundtruth,41,1.434743456,-1.589236349,2.751586389,-2.211704459,-2.622243206,2.503269743,-2.467856966
groundtruth,41,-1.488531382,-1.718894886,-2.780842459,-2.332792288,2.795433055,2.0057171,1.410023082
groundtruth,41,1.864426896,1.636009779,0.3601884864,-2.34697668,2.873784021,1.942471588,1.585157073
groundtruth,41,-2.773362397,1.302473428,-0.05433694722,-2.32557648,-2.764424935,2.037933921,2.897300005
groundtruth,41,1.285071777,-1.525455511,2.782017729,-2.232458537,-2.613619427,2.428460008,-2.622565307
groundtruth,41,-1.342894782,1.759704707,-0.4203168964,-2.156053334,-2.716123359,2.674499447,-2.020549439
groundtruth,41,1.82365099,1.652011066,0.3612494676,-2.344490456,2.856728472,1.953245548,1.551942088
groundtruth,41,1.623551123,1.73043824,0.3596841463,-2.330627176,2.785315604,2.01533524,1.385466349
groundtruth,41,1.723921475,-1.724063447,2.721664632,-2.167748757,-2.686905715,2.642074121,-2.121991825
groundtruth,41,1.215584509,-1.497943414,2.798956631,-2.241535816,-2.614143587,2.39401702,-2.689944668
groundtruth,41,1.644061196,1.722439812,0.3604241521,-2.332173856,2.79217388,2.008409462,1.402422393
groundtruth,41,1.543310673,1.761483807,0.3555291081,-2.324337668,2.759597674,2.043497436,1.319394504
groundtruth,41,-2.047427825,1.453602705,-0.3094028706,-2.256523271,-2.620804198,2.334946823,-2.802091307
groundtruth,41,1.771763602,-1.746890638,2.721035101,-2.160255576,-2.70491724,2.66305903,-2.057741044
groundtruth,41,1.28394347,-1.524995803,2.782280366,-2.232610806,-2.613606895,2.427897642,-2.623678865
groundtruth,41,-2.827159083,1.299319942,-0.03396997169,-2.329430699,-2.780164784,2.02069151,2.857676374
groundtruth,41,0.990211729,-1.419700178,2.863791085,-2.268507343,-2.631573248,2.285974447,-2.893273386
groundtruth,41,-2.157019133,1.417973625,-0.2760217175,-2.269134854,-2.632257199,2.283370531,-2.897300005
groundtruth,41,-1.513442453,1.678448382,-0.4147751755,-2.182696054,-2.657348583,2.597882053,-2.244439462
groundtruth,41,-1.372535548,1.745600968,-0.4205582348,-2.160678912,-2.703832328,2.661893363,-2.061439586
groundtruth,41,1.738454258,1.685479521,0.3621664788,-2.339112825,2.826022393,1.977406987,1.479863813
groundtruth,41,-1.35358188,-1.665982723,-2.779695771,-2.342232141,2.843314926,1.963355602,1.522135661
groundtruth,41,-1.561183935,1.655956895,-0.4103489408,-2.190025041,-2.645933642,2.575027472,-2.30228656
groundtruth,41,-2.897300005,1.296875135,-0.007498380324,-2.334284584,-2.801592782,1.998987327,2.804678183
groundtruth,41,-1.601515073,-1.762715713,-2.786263807,-2.324076549,2.758595841,2.044682583,1.316754537
groundtruth,42,0.562431602,-1.507608835,0.7971495662,-1.777213096,2.141292087,2.810819713,1.230503082
groundtruth,42,2.772702462,-0.4013041022,-0.07487554342,-1.864695578,-2.253965163,2.433256603,-2.33656087
groundtruth,42,0.4131041829,-1.653862753,0.675341411,-1.816333549,2.169197253,2.656895064,1.39253215
groundtruth,42,1.940940973,1.739850189,2.56511192,-2.000174909,2.897247596,1.773349594,2.486430005
groundtruth,42,1.87909921,-0.4838360385,0.532003554,-1.805090838,-2.157342766,2.704066459,-2.079267967
groundtruth,42,0.9343847068,-1.01393154,0.8950428094,-2.008503856,-0.09382881035,3.518820825,2.884839671
groundtruth,42,1.297652139,-0.7214205249,0.7818146722,-1.711092348,-2.179190064,3.000704092,-1.693806302
groundtruth,42,1.003982294,-0.9308307407,0.9882525006,-1.997114711,0.280209941,3.525141859,2.443724787
groundtruth,42,-2.397236003,1.161428208,-2.41371478,-1.913897784,-0.7456701766,3.588609839,-2.57425835
groundtruth,42,0.2866867674,-1.750349052,0.5710579634,-1.841678055,2.206929433,2.543220643,1.500803324
groundtruth,42,1.897933333,-0.4791778859,0.5209364126,-1.806853616,-2.159000189,2.696816172,-2.086612743
groundtruth,42,-1.521796431,0.5660377104,-2.473327541,-1.775403463,-2.140947821,2.817316897,-1.956696219
groundtruth,42,0.797113818,-1.125769056,0.76435067,-1.945396623,-0.6196625936,3.560329239,-2.751769833
groundtruth,42,0.8755111091,-1.037154467,0.9877324503,-1.548141155,2.709918445,3.204249471,0.1383636284
groundtruth,42,-2.273542112,1.051954809,-2.148204965,-1.56119323,2.631227827,3.195948372,0.2330374318
groundtruth,42,0.365401806,-1.692962976,0.6360800948,-1.826521372,2.1825499,2.612347937,1.435609491
groundtruth,42,-2.830065566,-0.507676366,-0.5333746763,-1.905533573,-2.36750177,2.229855698,-2.531198047
groundtruth,42,0.9814255364,-0.9609225416,0.956278403,-2.006103051,0.1534715649,3.520117398,2.59432481
groundtruth,42,0.3177899716,-1.728676139,0.5968079788,-1.835814143,2.198520678,2.570129718,1.475298065
groundtruth,42,0.8765081583,-1.03579657,0.9885363595,-1.548031153,2.707617409,3.204840952,0.1389764194
groundtruth,42,0.8599518786,-1.067732885,0.9958494604,-1.574067109,2.567063908,3.186457083,0.3143874048
groundtruth,42,0.5162306212,-1.557088208,0.7595309343,-1.790944103,2.146793922,2.759994965,1.286088471
groundtruth,42,0.989634868,-0.9503643387,0.9677655622,-2.003471003,0.1992279048,3.521560529,2.540210019
groundtruth,42,0.5334622423,-1.291220389,0.6019836249,-1.813942503,-0.9751721057,3.735393633,-2.116267155
groundtruth,42,-2.312851804,1.12754021,-2.150150854,-1.619010798,2.391644714,3.145624259,0.5546133833
groundtruth,42,1.022110195,-0.9040833801,1.014587536,-1.985877274,0.3828763373,3.53182565,2.319502704
groundtruth,42,0.6183205617,0.6313768585,2.445796586,-1.929804894,-2.455392422,2.10809765,-2.660312196
groundtruth,42,0.6667486554,-1.380565993,0.8804029758,-1.738467214,2.150859288,2.932752389,1.072388136
groundtruth,42,2.189571253,-0.4257057299,0.3355661427,-1.829989961,-2.187653563,2.596797597,-2.184203577
groundtruth,42,-2.679670974,-0.5601524366,-0.6186324452,-1.916709667,-2.405936576,2.173530262,-2.589112806
groundtruth,42,0.5193492494,-1.553803423,0.7622166424,-1.78991693,2.146358182,2.764040722,1.282600666
groundtruth,42,0.8711171795,-1.046039982,0.9919120955,-1.556347752,2.657838996,3.199312343,0.1999678273
groundtruth,42,0.6342456323,-1.422628983,0.8547306097,-1.752097953,2.143315435,2.893419317,1.12797223
groundtruth,42,0.6766210808,-1.367315061,0.8881208532,-1.733945053,2.154387429,2.944944347,1.05391037
groundtruth,42,1.072076532,-0.8600185187,0.8313161144,-1.614651423,-2.406167377,3.150203679,-1.267059729
groundtruth,42,1.022095983,-0.9035272652,1.015414897,-1.985447788,0.3855478076,3.532694249,2.316512456
groundtruth,42,0.9622175643,-0.9332926046,0.8865278846,-1.534837142,-2.80205017,3.213024953,-0.7595455066
groundtruth,42,-2.153865702,0.953204087,-2.177461075,-2.004433688,0.1847681889,3.520624922,2.55717296
groundtruth,42,2.855893077,-0.40565829,-0.1341927287,-1.869268619,-2.264791745,2.41080965,-2.357380783
groundtruth,42,-1.574128774,0.5870923393,-2.45018676,-1.767695773,-2.14023833,2.843707508,-1.925299847
groundtruth,42,-1.487391254,0.5530317956,-2.489419571,-1.78002943,-2.142104229,2.800726711,-1.975795641
groundtruth,42,-1.089532089,0.4468081478,-2.715732455,-1.819917861,-2.173613371,2.641398902,-2.141423593
groundtruth,42,1.134411109,-0.7001962243,1.155396835,-1.876515872,0.8587312809,3.631575118,1.657011382
groundtruth,42,-2.896819103,-0.4886123332,-0.4927824359,-1.900911878,-2.352708553,2.253005579,-2.508014316
groundtruth,42,-1.534854588,0.5711177104,-2.467378872,-1.773522028,-2.140619486,2.823788965,-1.949160993
groundtruth,42,0.8912313689,-1.009615253,0.9742866131,-1.528431377,2.859275667,3.216761136,-0.041630436
groundtruth,42,-2.182104158,-0.8591380692,-0.8074210998,-1.963424704,-2.612435978,1.943500152,-2.870404383
groundtruth,42,-2.383490731,1.248300002,-2.192109583,-1.686855407,2.218116571,3.049797469,0.8588004868
groundtruth,42,0.3138399202,0.508351055,2.606840995,-1.905669622,-2.368058723,2.22902042,-2.531986865
groundtruth,42,-2.596649023,1.526766718,-2.358592089,-1.78254959,2.14287711,2.791580298,1.252377768
groundtruth,43,2.303133828,0.1689050503,-2.897300005,-1.347223062,1.819560293,2.971602448,2.033593774
groundtruth,43,1.518329613,0.284964093,-2.34260885,-1.380858259,1.958004294,2.80582404,2.141382851
groundtruth,43,0.8212762675,-0.384986,-0.9079031466,-1.384755491,1.168666246,3.337932294,2.15430349
groundtruth,43,1.669430681,-1.3472091,-0.5915131377,-1.467922018,-2.292204111,2.410103536,-2.015460281
groundtruth,43,1.354270606,-1.065410605,-0.8621779754,-1.402675855,-2.040554863,2.703842577,-1.768269687
groundtruth,43,1.199121973,-0.8782063746,-1.004714069,-1.364558565,-1.893795999,2.884220598,-1.641492256
groundtruth,43,-1.639702388,1.213087349,2.40848196,-1.435435038,-2.163834957,2.554638767,-1.88631193
groundtruth,43,1.32170451,-0.3140252446,-1.668542802,-0.7881824874,-2.896259792,3.491699755,0.06027359446
groundtruth,43,2.59554112,-0.07565846888,2.677380241,-1.053436674,-1.465769023,3.680363619,-0.7866839384
groundtruth,43,0.8867166421,0.6570035504,-2.211919396,-1.455679814,2.242737846,2.464102169,2.411976518
groundtruth,43,1.379082376,-1.092260697,-0.8401224001,-1.408444751,-2.062157933,2.677261603,-1.788369118
groundtruth,43,0.734082206,-0.3750710617,-1.15903476,-1.512012934,-0.6512049919,3.365867644,-2.221782116
groundtruth,43,1.573832412,-1.274843056,-0.6717983449,-1.449965155,-2.220168074,2.489489046,-1.942366163
groundtruth,43,-2.344655392,0.4164451263,2.214731984,-1.511495227,0.6538119504,3.365819928,2.665888257
groundtruth,43,0.7803271625,-0.3722186135,-1.244125008,-1.432564957,-0.9886036593,3.353767415,-1.875618
groundtruth,43,-1.15954578,-0.1939356909,0.4934058577,-1.357383251,1.864062175,2.91977531,2.065419996
groundtruth,43,-2.198113765,-0.608356049,0.937345971,-1.446480551,2.206543034,2.505025415,2.375561698
groundtruth,43,1.112469375,-0.7590682585,-1.088866313,-1.34273974,-1.798467693,2.995445314,-1.572799697
groundtruth,43,-1.787671921,0.1057432056,0.940123968,-1.057563102,-1.632818963,3.589220602,-0.7972619479
groundtruth,43,-2.817220529,-1.171227429,0.7077509481,-1.544106873,2.674405765,2.088135935,2.863980214
groundtruth,43,0.5207797476,0.9985688536,-2.333880262,-1.516673069,2.514071248,2.201010795,2.693625932
groundtruth,43,1.400531929,-1.114800706,-0.8211865644,-1.413346682,-2.080515308,2.654779005,-1.805666038
groundtruth,43,1.31361455,-0.3809781941,-1.392351978,-0.8048748722,2.749548471,3.491237635,0.4867520878
groundtruth,43,1.000800655,0.5618229724,-2.200360387,-1.437547555,2.172131258,2.544967994,2.341240807
groundtruth,43,1.701073524,0.2379604974,-2.451104218,-1.369687256,1.914392742,2.859268318,2.104861949
groundtruth,43,-0.6187416708,0.07296795927,-0.3824051489,-1.054337487,-1.473626314,3.675333617,-0.7889923398
groundtruth,43,1.142393562,-0.8013616587,-1.05937595,-1.350183776,-1.832935413,2.956226349,-1.595976173
groundtruth,43,0.9211318348,0.6272252103,-2.206825189,-1.450063032,2.220552194,2.489053308,2.389610278
groundtruth,43,-2.411418371,0.3768255165,1.995317811,-1.521695256,-0.6009837822,3.366761449,-2.274848693
groundtruth,43,-0.4790233536,0.07870008958,-0.5403192331,-1.052661136,-1.457888709,3.685330122,-0.7844528786
groundtruth,43,0.7726113858,-0.4161692953,-0.9477341986,-1.548713838,0.4350859761,3.368840082,2.897300005
groundtruth,43,0.6581285748,-0.2964424389,-0.8565486779,-1.319668716,1.493962011,3.249877615,1.949544231
groundtruth,43,1.180265561,-0.1592762668,-1.937945407,-1.036850855,-1.777027778,3.541562179,-0.7441078352
groundtruth,43,-1.216610728,-0.2007892839,0.5355597506,-1.359506313,1.873147675,2.909047011,2.072243373
groundtruth,43,1.165116319,-0.1805682483,-1.887142687,-1.019043158,-1.855897884,3.525434775,-0.6982112718
groundtruth,43,0.7524911973,-0.3363081958,-0.8918204703,-1.333328377,1.391963819,3.29176111,1.990790343
groundtruth,43,0.3911795543,1.114885401,-2.397996079,-1.535512349,2.61944512,2.123055401,2.805409907
groundtruth,43,-0.4179640304,-0.1612927216,-0.0958852565,-1.336649116,1.76771978,3.029149797,2.000945778
groundtruth,43,-0.709879785,-0.1639679473,0.1409826568,-1.343791516,1.80354073,2.98975704,2.022937868
groundtruth,43,-1.639065662,-0.289962246,0.8073309276,-1.381988281,1.962346769,2.800471969,2.145121535
groundtruth,43,-1.84073456,0.3980280515,1.822274408,-0.8309208147,2.59109679,3.490932723,0.5986800663
groundtruth,43,1.316043423,-0.3772737482,-1.408606284,-0.8002430331,2.784404842,3.491345436,0.4626816805
groundtruth,43,0.9518501037,-0.518550257,-1.248948221,-1.316458434,-1.556747771,3.213812055,-1.493109998
groundtruth,43,-1.835241004,0.2954939237,1.416171649,-0.8091513653,-2.720381806,3.491115007,-0.06022257176
groundtruth,43,-1.834539516,1.012017927,2.236971512,-1.391442801,-1.998162552,2.756097277,-1.729874159
groundtruth,43,1.453797743,-1.16816114,-0.7746021911,-1.425216071,-2.124983822,2.600885449,-1.848273764
groundtruth,43,-1.904368847,0.2496562234,1.331778655,-0.8973867705,-2.299498821,3.493161077,-0.3690823988
groundtruth,43,-0.2104413944,-0.1663462162,-0.2631681274,-1.331763422,1.740592554,3.057792229,1.986024913
groundtruth,43,1.298825916,-0.5415713926,-0.9973790555,-1.047900591,1.715958942,3.558446465,1.219342825
groundtruth,43,-1.191952766,1.501417436,2.779341019,-1.512162402,-2.491105183,2.219901902,-2.222546238
groundtruth,44,0.9577380308,0.866815764,-1.777438119,-1.146634457,0.4361068314,3.462991991,2.897300005
groundtruth,44,2.22784677,-0.4786080742,-1.536206184,-1.154317857,-2.739925007,2.487582916,-2.158329919
groundtruth,44,0.0001364213042,0.1330611006,0.195754802,-1.078826879,-2.477267873,2.678542692,-1.761572746
groundtruth,44,0.5570064851,1.395327181,-2.606300284,-0.9772086967,2.248640224,2.905866442,2.190531659
groundtruth,44,0.8376785152,0.8746375283,-2.164550388,-0.719248208,-1.81044242,3.321656507,-0.8042124332
groundtruth,44,0.8049030219,0.9789518414,-1.798387706,-0.740068536,1.858921687,3.291725046,1.630052315
groundtruth,44,-2.052378569,-0.5666392271,1.480632248,-0.9104791185,-2.132808425,3.033270393,-1.210750161
groundtruth,44,-2.684283469,-0.1416383138,2.801145989,-1.063847203,-2.437834591,2.714379221,-1.700322257
groundtruth,44,0.8757024921,0.8448269424,-2.096757251,-0.743340547,-1.866416348,3.287046411,-0.8447917298
groundtruth,44,-0.4858948125,0.1672403476,0.7795319264,-1.09629799,-2.527467579,2.635688713,-1.83819882
groundtruth,44,0.7932637647,0.8707886961,-1.536015515,-0.6851242089,1.682159743,3.382533826,1.542014343
groundtruth,44,0.8789622466,0.2003483306,-0.8813890356,-1.040077889,-2.379909321,2.76973224,-1.609790364
groundtruth,44,0.4948224475,1.435195074,-2.706036949,-1.001355855,2.295944234,2.855383888,2.266844975
groundtruth,44,0.6778392596,0.9997131781,-2.512263279,-0.7016432142,-1.38423913,3.47154225,-0.7762033609
groundtruth,44,-2.237597601,-0.9919468089,0.9995350476,-1.177811967,-0.2677653793,3.459445616,-2.355875243
groundtruth,44,0.966315542,0.7581792367,-1.936757932,-0.8077323652,-1.976254497,3.19723925,-0.9692879009
groundtruth,44,-2.348161515,-0.7382266764,1.915881836,-0.7574783582,1.248501197,3.493141754,1.661239384
groundtruth,44,-2.19193876,-0.8327544111,1.463672715,-1.101109802,0.5999020577,3.468400758,2.651011075
groundtruth,44,0.9456479259,0.7803980021,-1.973989778,-0.7924915793,-1.952501732,3.218950968,-0.9380450244
groundtruth,44,-2.350287605,-0.8618284246,1.629696115,-0.6823195159,1.662634735,3.390127524,1.538002696
groundtruth,44,0.7767023651,0.761500313,-1.249445558,-0.7056872482,1.370528818,3.474396272,1.573084034
groundtruth,44,0.9471620071,0.9326854855,-1.96300241,-1.19417795,0.0953732189,3.457675917,-2.884993523
groundtruth,44,2.282134346,-0.7189562595,-1.300887389,-1.180762048,-2.895843324,2.417206755,-2.388148594
groundtruth,44,-2.036420784,-0.3569904333,1.799642646,-0.989686796,-2.272123307,2.88013073,-1.439147783
groundtruth,44,-0.1173662582,0.1363621582,0.3333025972,-1.082511771,-2.487420431,2.669607497,-1.777227631
groundtruth,44,1.118894908,0.4292757669,-1.464705222,-0.9647245429,-2.225477746,2.931040914,-1.362276381
groundtruth,44,-0.793716069,0.2593552966,1.221875173,-1.11847721,-2.597859227,2.580152208,-1.94570091
groundtruth,44,-2.594780929,-0.1480151072,2.693198599,-1.060284277,-2.428716331,2.722842738,-1.686209149
groundtruth,44,0.94254262,0.9424113919,-1.990853017,-1.196037059,0.04076401435,3.457434043,-2.805557127
groundtruth,44,-2.658325304,-1.441627981,0.4178647768,-1.005475266,2.304367056,2.846544814,2.280354452
groundtruth,44,-2.392704141,-1.053261171,0.6861218356,-0.9529673761,-0.9372423365,3.486845635,-1.32782134
groundtruth,44,-0.5024107385,0.1697322377,0.8005558108,-1.097122662,-2.529594939,2.633738039,-1.841949423
groundtruth,44,-2.335269585,-0.1828655073,2.362330061,-1.046084381,-2.394019252,2.755941184,-1.631971975
groundtruth,44,-2.416823197,-1.052983091,0.6506604664,-0.9071020896,-1.014204411,3.491959937,-1.201950518
groundtruth,44,-2.291876931,-1.027979541,0.8644774936,-1.114906285,-0.5557989714,3.466736923,-1.927442396
groundtruth,44,0.7803576598,1.049851415,-2.405693492,-1.00825876,-0.8314388609,3.48003258,-1.498977513
groundtruth,44,0.6997821476,0.975931414,-2.452533299,-0.6813558905,-1.486759971,3.446635965,-0.746019332
groundtruth,44,0.8227978701,0.18638213,-0.8018485192,-1.044848729,-2.39108117,2.758791403,-1.627366458
groundtruth,44,0.6819433301,0.9942788315,-2.500101421,-0.6953649648,-1.408188887,3.46626661,-0.766622182
groundtruth,44,0.6998876489,0.9758138886,-2.452230811,-0.6812414425,-1.487346696,3.446516746,-0.7457970703
groundtruth,44,-2.802336577,-1.500647379,0.2124152827,-1.049869372,2.403085933,2.747180649,2.436816292
groundtruth,44,0.672928708,1.007970716,-2.528468258,-0.7133936554,-1.34711717,3.478965734,-0.7947125156
groundtruth,44,-2.196713109,-0.8217973054,1.497138307,-1.083422288,0.6516338754,3.470567819,2.571730647
groundtruth,44,0.9204228221,0.8053605045,-2.018521205,-0.7743058268,-1.922769597,3.244344107,-0.902257606
groundtruth,44,0.8489779977,0.7395485776,-1.319014891,-0.8669358002,1.076403246,3.495495397,1.892305948
groundtruth,44,-2.194140359,-0.9318779788,1.180892526,-1.193883373,0.09979627278,3.457668305,-2.891427474
groundtruth,44,-2.19381129,-0.9310881788,1.183138659,-1.193652687,0.1041560854,3.457693525,-2.897300005
groundtruth,44,-2.329241946,-0.8931661831,0.9302422814,-0.7048221665,-1.768228545,3.34419034,-0.7811372715
groundtruth,44,0.8773642908,0.7521456255,-1.38942582,-0.920984242,0.9916643808,3.490537658,2.029256783
groundtruth,44,0.9065002552,0.7726812161,-1.477000026,-0.9815984487,0.8845818479,3.483358456,2.204052889
groundtruth,45,-0.4913555327,-0.7427597295,-2.850598959,-0.8136368457,-0.2268023492,0.3141245162,-1.979943487
groundtruth,45,2.896520582,0.7244862437,-0.1644813719,-0.8382639655,-0.1598593633,0.3473564772,-2.232825379
groundtruth,45,2.801912626,0.7221296812,0.007907972971,-0.8301744453,-0.1855312101,0.3362228126,-2.138525618
groundtruth,45,2.330778913,1.220850684,1.584974271,-0.5908728607,-0.4186892433,0.09365303596,-0.9577673117
groundtruth,45,0.1491587165,-0.9054879873,2.156626221,-0.859774517,-0.01437106738,0.3780074784,-2.734664944
groundtruth,45,-0.1283525435,-1.731352406,0.3890788753,-0.6806201987,0.3763341807,0.1667603894,1.953170542
groundtruth,45,-0.3277116443,-1.701622092,-0.06415629932,-0.5316583439,0.4505371572,0.05451363799,1.568626992
groundtruth,45,2.63389452,0.7470034024,0.3227094275,-0.8114744092,-0.2314215332,0.311300371,-1.96152373
groundtruth,45,-0.7870732063,-0.9439532835,-2.126586054,-0.7374297256,-0.3347152829,0.2233568699,-1.487553783
groundtruth,45,0.1737704641,-0.9373355764,2.083035893,-0.8600352106,0.001897252161,0.378280298,-2.788885387
groundtruth,45,0.09469424531,-0.8517726168,2.298456447,-0.8583902213,-0.04379525982,0.3759874177,-2.635621309
groundtruth,45,0.04230129097,-0.8140986902,2.418793673,-0.8562848759,-0.06704920666,0.3729310514,-2.556872039
groundtruth,45,0.09273003439,-1.607707155,0.8806772017,-0.7724026903,0.2960780538,0.2628211814,2.400179214
groundtruth,45,-0.648720241,-0.8061370748,-2.523476769,-0.7873644041,-0.2750561267,0.280732034,-1.779179891
groundtruth,45,2.314098943,1.057769749,1.25869375,-0.6903638125,-0.3704944664,0.175861783,-1.274491592
groundtruth,45,-0.7258315625,-0.8653654913,-2.32903647,-0.7660213301,-0.3041689609,0.2553457925,-1.644245877
groundtruth,45,2.525393133,0.7882237513,0.5452669155,-0.7940185398,-0.2640983532,0.2890463784,-1.826201797
groundtruth,45,2.311959917,1.147445825,1.435938288,-0.6435623151,-0.395420124,0.134347031,-1.104543404
groundtruth,45,-0.7499695254,-0.8912489185,-2.257432619,-0.7567528687,-0.3150251861,0.2447275951,-1.590896284
groundtruth,45,2.885340552,1.16611378,-0.3642506457,-0.07490195604,-0.3695506371,0.01935918664,-2.674715419
groundtruth,45,-0.8317211901,-1.105010435,-1.789137471,-0.6672643046,-0.3837008792,0.1546971372,-1.185826023
groundtruth,45,0.2150746191,-1.415461788,1.262499719,-0.8210502834,0.2098049097,0.3238972001,2.763769905
groundtruth,45,-0.2550740071,-1.166773058,2.758283321,-0.07483885321,-0.3550726881,0.0195558308,-2.678874787
groundtruth,45,2.755908404,0.7250426929,0.09226056695,-0.8257719619,-0.1978332901,0.3301966389,-2.092029606
groundtruth,45,-0.811170549,-0.9955856115,-2.011464098,-0.7172142606,-0.3518475567,0.2022122076,-1.390218193
groundtruth,45,2.348300248,1.253688267,1.658197616,-0.5574987681,-0.4350837413,0.07077051678,-0.889352597
groundtruth,45,-0.7382107693,-0.87803321,-2.293247336,-0.7614923374,-0.3096014808,0.2501289797,-1.617856334
groundtruth,45,-0.8161232744,-1.20707064,-1.585537503,-0.6024807692,-0.4137188577,0.1021081749,-0.9861139706
groundtruth,45,-0.0032630414,-1.682646765,0.6566548947,-0.7352103256,0.3367658378,0.2210134715,2.19403342
groundtruth,45,0.05864004723,-1.639019058,0.7977235243,-0.7594173418,0.312018229,0.2477465635,2.323214466
groundtruth,45,2.331392681,0.9930359444,1.124656318,-0.7182259683,-0.3510930305,0.2032601833,-1.395027699
groundtruth,45,-0.8207546035,-1.02562024,-1.948286888,-0.7048022609,-0.360919859,0.1897024518,-1.33411668
groundtruth,45,0.1979244804,-0.976423692,2.000387685,-0.8596269458,0.02083933779,0.3777589306,-2.852476648
groundtruth,45,-0.1092288953,-1.72695134,0.4293481964,-0.6897968174,0.3708623727,0.1752829304,1.989141321
groundtruth,45,-0.7346398676,-1.298190838,-1.34713198,-0.4603869995,-0.5159409363,0.01473406769,-0.8106247695
groundtruth,45,-0.6685892685,-0.8188569623,-2.476909764,-0.7826989894,-0.2818604822,0.2750839498,-1.747977348
groundtruth,45,-0.7322123315,-1.298879097,-1.343056711,-0.4565035209,-0.5207842692,0.01270906307,-0.8107044843
groundtruth,45,2.529712615,0.785998847,0.535795667,-0.7949637885,-0.2626491988,0.2901386751,-1.832185859
groundtruth,45,-0.8234210799,-1.036673528,-1.925534482,-0.6999179106,-0.364434933,0.1849759904,-1.313746143
groundtruth,45,0.1757508167,-1.498328671,1.114637119,-0.8044108048,0.2455574139,0.3021791751,2.621465782
groundtruth,45,2.833909627,0.7215697429,-0.05041102197,-0.8332235801,-0.1769641383,0.3402493061,-2.170478726
groundtruth,45,2.838870252,1.153053886,0.3433227919,-0.07858848568,-0.9163782858,0.006514002226,-2.531332335
groundtruth,45,0.1661812482,-0.9269004044,2.10655113,-0.8599301632,-0.003429576995,0.3782362508,-2.771414169
groundtruth,45,0.1826397699,-0.9508424469,2.053894655,-0.8597494285,0.008341983278,0.3780743286,-2.811217217
groundtruth,45,2.47263106,0.8191541752,0.6656353868,-0.7825383426,-0.2820435303,0.2749379362,-1.747364176
groundtruth,45,0.2264073977,-1.382915923,1.316959903,-0.8264000069,0.1960516215,0.3311010343,2.81634445
groundtruth,45,2.356630968,0.9403943844,1.006632975,-0.7387207536,-0.3335191314,0.2247845115,-1.494443862
groundtruth,45,2.344945958,1.248200506,1.645466136,-0.5635592329,-0.4320378244,0.07483513155,-0.9010632678
groundtruth,45,0.09772707136,-1.60259731,0.893273838,-0.7743038445,0.2935629584,0.2650672686,2.411933306
groundtruth,45,-0.7244063082,-1.299791517,-1.332657788,-0.4440288129,-0.5380040457,0.006513499805,-0.8155324118
groundtruth,46,2.305453425,-0.1282733041,-0.3540537851,-3.032006142,0.02868099098,0.3042339602,-0.4189465566
groundtruth,46,-1.650042783,0.1444831424,-2.529748996,-3.034320352,-0.08985680046,0.3084092378,-0.7208948641
groundtruth,46,-0.3073318298,0.2090466338,2.095488388,-3.039362684,0.1538139187,0.3176372565,-0.09722878366
groundtruth,46,2.838258325,-0.2106667012,-1.052609191,-3.039551301,0.1556657655,0.3179852448,-0.09236600402
groundtruth,46,-1.951526168,0.2052252044,-2.118814651,-3.041334974,-0.1722347372,0.3213010866,-0.9351932626
groundtruth,46,-0.9288834155,0.124553603,2.897300005,-3.031808207,0.01538280342,0.3039286216,-0.4528834015
groundtruth,46,-1.986388121,0.2196761328,-2.062027774,-3.043228882,-0.1881639121,0.3248693981,-0.9775121067
groundtruth,46,-0.928871606,0.1245542901,2.897300005,-3.031809333,0.01538295389,0.3039289021,-0.4528833625
groundtruth,46,-0.8963804767,0.1256700224,2.858983123,-3.031861164,0.01999312659,0.3040212566,-0.4411701306
groundtruth,46,-1.345394218,0.1247447471,-2.897293677,-3.032266553,-0.04098967742,0.3047443323,-0.5961320652
groundtruth,46,2.056890202,-0.1215188622,-0.06130301405,-3.031742547,-0.005842639397,0.3038687392,-0.5067953794
groundtruth,46,-0.2653499125,0.2282217987,2.024549776,-3.041662454,0.1750837878,0.3219141824,-0.04117838453
groundtruth,46,-1.938303833,0.2004716577,-2.139441228,-3.040729593,-0.1668030585,0.3201731376,-0.9208468814
groundtruth,46,2.620679182,-0.1568889619,-0.7431041422,-3.034103212,0.0861215271,0.3080369829,-0.2725333754
groundtruth,46,-2.07086854,0.2763652433,-1.897086868,-3.051465651,-0.244434797,0.3407080266,-1.130445384
groundtruth,46,-1.57871609,0.137756555,-2.617817175,-3.033620455,-0.07688445964,0.3071694005,-0.6877175164
groundtruth,46,1.193614342,-0.203932428,1.017273528,-3.04116376,-0.1708475874,0.3209996709,-0.9314349513
groundtruth,46,1.20751007,-0.1990073998,0.9956666019,-3.040538541,-0.1651229871,0.3198044568,-0.9164378391
groundtruth,46,-1.901540243,0.1889209818,-2.194679753,-3.039295633,-0.1531417866,0.317512385,-0.8849325767
groundtruth,46,-1.68711849,0.1487030167,-2.483109795,-3.034740939,-0.09717949282,0.309196164,-0.7397444571
groundtruth,46,-1.89680806,0.1875817015,-2.201603756,-3.03913411,-0.1515146933,0.3172140352,-0.8806642505
groundtruth,46,2.813493683,-0.2013050472,-1.013267123,-3.03848794,0.144835283,0.3160223398,-0.1207191014
groundtruth,46,-0.1462174824,0.4056209911,1.666605665,-3.06951647,0.3313534652,0.3778196435,0.3996722231
groundtruth,46,-0.1478081209,0.3857282044,1.693641841,-3.065948768,0.316695856,0.3702196741,0.3549633468
groundtruth,46,2.510567133,-0.1431654885,-0.6031667645,-3.033001332,0.06305366456,0.3060581008,-0.3315436016
groundtruth,46,-0.2142838246,0.2620863169,1.924708926,-3.046131665,0.2099972531,0.3303661341,0.0522123764
groundtruth,46,2.837574735,-0.2105440269,-1.052104032,-3.039584745,0.15583384,0.3179719041,-0.09207207293
groundtruth,46,-0.7821453453,0.1311642963,2.72288997,-3.032171851,0.03708416164,0.3045749921,-0.3977161256
groundtruth,46,1.067064124,-0.2802694856,1.253478609,-3.052070155,-0.2479945702,0.3419070685,-1.140368175
groundtruth,46,1.662554248,-0.1307513958,0.403121205,-3.032905074,-0.06061080403,0.3058853462,-0.6461350552
groundtruth,46,-1.549744444,0.1354126812,-2.653360349,-3.033380267,-0.07188401979,0.3067809847,-0.6748490313
groundtruth,46,1.801068701,-0.1245934159,0.2385493935,-3.032250722,-0.04030094152,0.3047164655,-0.5943837605
groundtruth,46,1.097509428,-0.2532726845,1.185761444,-3.04797154,-0.2225294032,0.3339059911,-1.070183383
groundtruth,46,-0.5670871737,0.1504783829,2.457939778,-3.033571258,0.07587482328,0.3070801039,-0.2987784489
groundtruth,46,-0.7758283929,0.1315462291,2.715299111,-3.032195463,0.03807895026,0.3046179627,-0.3951848754
groundtruth,46,2.719554158,-0.175042812,-0.8758254337,-3.03575584,0.1120428569,0.3110260375,-0.2058501624
groundtruth,46,-0.3635692281,0.1897518637,2.182217248,-3.037248258,0.1309565907,0.3137186239,-0.156744938
groundtruth,46,-0.1460233733,0.4132953129,1.656645965,-3.07091256,0.3368306482,0.3808298676,0.4166604676
groundtruth,46,-1.977124399,0.2155300997,-2.077501689,-3.042682534,-0.1836740334,0.3238275834,-0.9655491178
groundtruth,46,-1.612685852,0.140745594,-2.576097826,-3.033924381,-0.0828638918,0.3077210875,-0.7030489484
groundtruth,46,-0.2031320672,0.2721113658,1.899642347,-3.047550614,0.2197188527,0.3330941078,0.07860893639
groundtruth,46,-1.753782751,0.1578539071,-2.397525863,-3.035728092,-0.1116345631,0.3109732111,-0.7770183733
groundtruth,46,1.265205856,-0.1821240441,0.9105044688,-3.038477015,-0.1447482432,0.316011688,-0.8629783562
groundtruth,46,2.168509769,-0.1233166695,-0.1921708495,-3.031750662,0.009217810389,0.3038235704,-0.4685189136
groundtruth,46,-1.345320484,0.1247487966,-2.897300005,-3.032268617,-0.04097425125,0.3047476357,-0.5960962805
groundtruth,46,-0.1503119756,0.3700883648,1.716250885,-3.063209771,0.3047238214,0.3644633423,0.3191833124
groundtruth,46,-0.9288654746,0.1245544828,2.897300005,-3.031809342,0.01538380923,0.3039289173,-0.4528811716
groundtruth,46,2.592891418,-0.1529040356,-0.7071740452,-3.033769173,0.07984241914,0.3074357453,-0.2886228532
groundtruth,46,-2.082773906,0.2896898898,-1.867128096,-3.053557286,-0.256492908,0.3448431108,-1.164134698
groundtruth,46,-1.356412815,0.1251206064,-2.884292736,-3.0323102,-0.04253613531,0.3048218646,-0.6000719315
groundtruth,47,0.1281075246,-0.7823291617,-2.239760068,-2.509320097,0.007460383664,0.3426475931,-1.383570066
groundtruth,47,2.489541164,1.724367757,0.9163302158,-2.650846369,0.586484887,0.7755170679,0.2198986127
groundtruth,47,-1.545692018,0.3790539917,-0.2109101307,-2.599759967,-0.529451434,0.5832474961,-2.643441291
groundtruth,47,2.665012622,1.499954526,0.9657382877,-2.612871428,0.5521094923,0.6284965169,-0.05413534931
groundtruth,47,0.8945295225,-0.4159750345,-2.748899159,-2.560171704,-0.4220114036,0.4633542048,-2.308966679
groundtruth,47,-0.3851330674,-1.377275228,-2.164033927,-2.590928382,0.510868091,0.5543373313,-0.222706697
groundtruth,47,2.516814682,1.691211,0.9263137275,-2.64539396,0.5843636223,0.753033418,0.1813585783
groundtruth,47,0.1369751639,-0.7744903988,-2.243126701,-2.509325418,-0.001975271611,0.3426337393,-1.402401335
groundtruth,47,-0.1205172151,-1.039894268,-2.17555176,-2.531692875,0.2890295667,0.3915843158,-0.804072539
groundtruth,47,0.05279115601,-0.8528181847,-2.214371818,-2.511464923,0.09122986173,0.3470785314,-1.216122851
groundtruth,47,0.08505928965,1.691977917,-0.9841163302,-2.777108355,-0.2749007699,1.369784198,2.197063685
groundtruth,47,0.2165823316,-0.7085182644,-2.276935973,-2.511039677,-0.081926167,0.3461958934,-1.56204114
groundtruth,47,-0.647507508,-1.718895103,-2.223541261,-2.64994096,0.5861901881,0.771782171,0.2136197615
groundtruth,47,0.3992270879,-0.5869770853,-2.377414691,-2.522799798,-0.2262996956,0.3714013083,-1.857729342
groundtruth,47,0.9033542654,-0.4143571596,-2.756214927,-2.560738891,-0.4240573698,0.4648830098,-2.314352045
groundtruth,47,2.146404778,-0.4805342481,2.46473201,-2.634114094,-0.576989307,0.707929537,-2.897300005
groundtruth,47,2.85287847,-1.082726204,2.05771693,-2.721050423,-0.5209561923,1.097427445,2.753466346
groundtruth,47,0.04600569506,-0.8595324896,-2.212340289,-2.511841171,0.09902829796,0.3478674438,-1.200459585
groundtruth,47,-0.3557940574,0.9825198402,-1.070811419,-2.709457781,-0.544983392,1.041315901,2.843291179
groundtruth,47,-0.3995777634,0.922454508,-1.057687155,-2.702171402,-0.557092661,1.006431715,2.897300005
groundtruth,47,2.7515131,1.383916906,0.9771554676,-2.592131681,0.513568639,0.5582076319,-0.2131290924
groundtruth,47,1.915099532,-0.4193306756,2.655955213,-2.618126515,-0.559604332,0.647562837,-2.781774361
groundtruth,47,-0.2192066461,-1.159960131,-2.164250874,-2.551476254,0.3883595996,0.4402351773,-0.5735798729
groundtruth,47,2.491068118,1.722527429,0.9169118752,-2.650535197,0.5863795328,0.7742546515,0.2178293859
groundtruth,47,-2.807703673,0.6258544819,0.8034768138,-2.517855876,-0.1808990725,0.3606012098,-1.763037515
groundtruth,47,-0.2629708042,-1.215783538,-2.161755544,-2.561448472,0.4265783134,0.4668431089,-0.4758428423
groundtruth,47,2.859605536,1.240460287,0.9803897171,-2.565939804,0.4419025043,0.479288741,-0.4344356028
groundtruth,47,0.03478078459,1.617045382,-1.012805834,-2.771771931,-0.3146753723,1.344271138,2.269722704
groundtruth,47,2.456929871,1.762799978,0.9033317509,-2.657104222,0.5877142549,0.8019302294,0.2643135744
groundtruth,47,0.1003887079,1.713796004,-0.9747298563,-2.778543196,-0.2627880271,1.376635113,2.175501642
groundtruth,47,2.039997821,-0.4480692075,2.551469707,-2.626376714,-0.5695961756,0.678157671,-2.841978432
groundtruth,47,-0.4478320878,-1.461496913,-2.17115351,-2.606074825,0.5410606809,0.6046764713,-0.1051639665
groundtruth,47,-0.6336599393,-1.702082674,-2.218455855,-2.647201219,0.5851697083,0.7603821134,0.194081584
groundtruth,47,0.8337441577,-0.4281443401,-2.698937577,-2.55614757,-0.4070096996,0.4525141288,-2.270124712
groundtruth,47,-0.3995114759,0.9225423014,-1.057709618,-2.70218191,-0.5570755664,1.006482885,2.897300005
groundtruth,47,0.7430199929,-0.4500037914,-2.625928271,-2.549813927,-0.3813662905,0.4359395132,-2.206095465
groundtruth,47,-2.785328435,0.6119899889,0.7904038566,-2.519494297,-0.1971926267,0.3641462805,-1.796784863
groundtruth,47,-0.655172985,-1.728103924,-2.226456147,-2.65144658,0.5866481334,0.7780563831,0.224282981
groundtruth,47,-1.103876508,0.4474586795,-0.5882372113,-2.626219457,-0.5694261103,0.6775616287,-2.840834729
groundtruth,47,-0.6628062609,-1.73719995,-2.229420211,-2.652933513,0.5870314973,0.7842704874,0.2347887858
groundtruth,47,-1.844483729,0.3743217132,0.04932461586,-2.583716064,-0.4935862619,0.5316671827,-2.515786103
groundtruth,47,2.849702638,-1.077774688,2.058117121,-2.720492892,-0.522248189,1.094717515,2.757880269
groundtruth,47,-1.337780951,0.4004299111,-0.3907348625,-2.611428424,-0.5499038951,0.6234171666,-2.732047665
groundtruth,47,-0.6098937301,-1.673257519,-2.210482393,-2.642457787,0.5833150317,0.7404271945,0.1609162998
groundtruth,47,0.8425771427,-0.4262642927,-2.706153915,-2.556735358,-0.4092804505,0.4540932141,-2.275938232
groundtruth,47,-1.716234588,0.3728397172,-0.06231057132,-2.590605534,-0.5101359178,0.5533045794,-2.571587029
groundtruth,47,1.715357466,-0.3893166167,2.827046172,-2.60636074,-0.5415709597,0.6056642694,-2.693856442
groundtruth,47,2.890251156,-1.142228515,2.054439933,-2.727626806,-0.5044728724,1.129483916,2.700648522
groundtruth,47,2.786941949,1.336447617,0.9794958569,-2.583488989,0.4930106065,0.5309684841,-0.2829496889
groundtruth,47,-2.384557062,0.4463168154,0.5045249572,-2.550817502,-0.3856193312,0.4385313997,-2.216526919
groundtruth,48,-0.154887627,-0.9560782642,2.10556015,-2.526983256,1.07418014,0.8385421302,0.1854300148
groundtruth,48,-1.038407298,-0.4523128705,2.851912415,-2.600069447,0.8490126348,1.388546609,0.5301679618
groundtruth,48,-2.86553689,-1.222365056,-2.128963302,-2.689446845,-0.124936189,1.896664785,1.510306952
groundtruth,48,1.892783201,0.4320108743,-0.1002244006,-2.609270903,0.8084785472,1.451162008,0.57889347
groundtruth,48,2.586808417,0.5964211905,-0.7163955397,-2.572407867,0.9537346015,1.188089186,0.392791083
groundtruth,48,0.4169108036,1.020525275,1.001605637,-2.690340284,0.09034706246,1.900653629,1.307314916
groundtruth,48,0.7075552697,0.7199209793,0.881018109,-2.671523974,0.4048887756,1.812344813,1.005709682
groundtruth,48,2.872276851,0.8121425122,-0.950617787,-2.54426948,1.03597565,0.9719029923,0.2624986673
groundtruth,48,-2.276652386,-0.6178394668,-2.365016118,-2.659937572,0.5084135933,1.753364615,0.9026000214
groundtruth,48,0.498623266,0.9194071934,0.9801944789,-2.686603387,0.198215171,1.883828004,1.205158162
groundtruth,48,2.897300005,0.8399192553,-0.9698578398,-2.540900763,1.044166439,0.945798364,0.2473485777
groundtruth,48,-0.5818672334,-0.5829381985,2.44841028,-2.574409748,0.9469630399,1.2031207,0.4023678144
groundtruth,48,0.1639912656,1.398667772,1.001401037,-2.680225865,-0.3036552683,1.854304241,1.680722341
groundtruth,48,0.4549818502,0.971791765,0.9930075579,-2.688883483,0.1425088968,1.894135593,1.258014295
groundtruth,48,1.672887421,0.4294673744,0.09748797196,-2.618432852,0.7648873744,1.511211213,0.6294372748
groundtruth,48,-0.03527391293,1.708989794,0.9531126033,-2.650830572,-0.5761330955,1.704420723,1.951537115
groundtruth,48,-0.2368669601,-0.8485243503,2.16608272,-2.539862476,1.046621586,0.9377527596,0.2426921025
groundtruth,48,-1.727669531,-0.4503538385,-2.814322053,-2.62956485,0.7069173135,1.580997669,0.6942862782
groundtruth,48,0.2008715426,1.339890075,1.006688113,-2.684069678,-0.2456215189,1.872226248,1.625004288
groundtruth,48,2.616381716,0.6122133998,-0.7415953502,-2.570123996,0.961309483,1.170863186,0.3819247065
groundtruth,48,-2.648439125,-0.9257627723,-2.159629617,-2.686920509,0.1915067773,1.88526332,1.211547049
groundtruth,48,0.1858122778,-1.749211669,1.929587832,-2.392859691,1.020446688,0.1454379182,-0.3945402598
groundtruth,48,-2.833874772,-1.174474694,-2.128725522,-2.690654159,-0.07441141214,1.902056174,1.462596237
groundtruth,48,-2.207361091,-0.5830183358,-2.41617101,-2.655265877,0.5442992556,1.728547808,0.8661338781
groundtruth,48,1.658821927,0.429921023,0.1100809616,-2.619017938,0.7619755715,1.514973612,0.6327517349
groundtruth,48,-2.109287587,-0.5421952459,-2.4924036,-2.649146171,0.5877271223,1.695107526,0.8214230357
groundtruth,48,0.9084617837,0.5953423927,0.7447410851,-2.656972088,0.5315157443,1.737672358,0.8791697352
groundtruth,48,1.015489309,0.5485555779,0.6625383724,-2.650153498,0.5808195138,1.700693186,0.8285600855
groundtruth,48,-0.07247023335,1.762799978,0.9410206364,-2.644682936,-0.6172568117,1.670071167,1.994401349
groundtruth,48,-0.07211181661,1.762323522,0.9411415154,-2.644742129,-0.6168755922,1.670406987,1.994000721
groundtruth,48,-0.4257572285,-0.6742454,2.316756202,-2.561647639,0.9877526071,1.106620791,0.3412398673
groundtruth,48,1.547024379,0.4362273379,0.2097975701,-2.623739133,0.7380325008,1.544882705,0.6597879695
groundtruth,48,-0.1396076649,-0.9789570444,2.094734498,-2.524238511,1.079346379,0.8176944705,0.1733590984
groundtruth,48,0.92079588,0.589353448,0.7355360125,-2.656149227,0.5377144045,1.733285653,0.872857189
groundtruth,48,1.591765394,0.4331227187,0.1699799877,-2.621832034,0.7477992675,1.532900546,0.6488054156
groundtruth,48,-0.6371510881,-0.5580276765,2.496152297,-2.578262102,0.9335917246,1.231847133,0.4209331872
groundtruth,48,-0.7450724572,-0.5182068505,2.590519107,-2.585016854,0.9090265472,1.281518602,0.4539691081
groundtruth,48,0.6311382585,0.7834386621,0.9236809915,-2.677390149,0.340066507,1.84084504,1.069007658
groundtruth,48,2.566260492,0.5861043288,-0.698804086,-2.573940514,0.9485723443,1.199530606,0.4000906756
groundtruth,48,-1.729157755,-0.4505746843,-2.813008308,-2.629637529,0.7065664714,1.581443438,0.6946720352
groundtruth,48,-1.659049158,-0.442093773,-2.874754417,-2.626614722,0.7237199446,1.562259157,0.6762140162
groundtruth,48,-2.028087647,-0.5147152859,-2.558122497,-2.644473561,0.6186033089,1.668882238,0.7891304202
groundtruth,48,0.289149568,1.202416525,1.012904158,-2.690022395,-0.1039632463,1.899239513,1.490487489
groundtruth,48,-0.0723289468,1.76263251,0.9410682833,-2.644706259,-0.6171065827,1.670203532,1.994243446
groundtruth,48,-2.165825683,-0.5646019599,-2.447966283,-2.652606303,0.563639557,1.71413361,0.8462971658
groundtruth,48,2.58108327,0.5938305845,-0.711639853,-2.572818755,0.95274105,1.190665385,0.3950770031
groundtruth,48,-0.3823013662,-0.707476348,2.280901701,-2.557303606,1.000889571,1.072866103,0.3219536118
groundtruth,48,1.42721059,0.4485992056,0.3156196104,-2.628967995,0.7101803087,1.577345415,0.6906970539
groundtruth,48,0.9800376418,0.5628110528,0.6903129747,-2.652336494,0.5655435656,1.712676698,0.8443372399
groundtruth,48,2.455911895,0.5388215484,-0.6031744724,-2.581409948,0.9223182465,1.255110393,0.4362509385
groundtruth,49,2.500687582,0.5178480648,-2.075587583,-2.150502001,2.177326206,0.5932416707,0.7396501037
groundtruth,49,1.596775813,-0.2938436359,-0.8073234988,-2.103977023,1.56545729,1.205508919,0.5522507198
groundtruth,49,-0.7381508338,1.09902901,2.036220745,-2.152979556,0.9438494478,1.958813887,0.7508648153
groundtruth,49,-0.7054209162,1.16061753,2.0446269,-2.159992469,0.8861645218,2.006897367,0.7836010292
groundtruth,49,0.9427910895,-0.1981300085,-0.2473589183,-2.10607241,1.686100447,1.048033941,0.5599875778
groundtruth,49,1.32886274,-0.2349805247,-0.5868740032,-2.104442095,1.625027343,1.126245638,0.5539577896
groundtruth,49,2.202842193,-0.7561842622,-1.123191321,-2.121863082,1.22208772,1.66505279,0.6199523716
groundtruth,49,2.451445004,-1.189529867,-1.092681075,-2.163409202,0.8579853182,2.028815397,0.8001168378
groundtruth,49,1.881558443,-0.4233350078,-1.006345481,-2.106215032,1.463194334,1.346870897,0.5590732168
groundtruth,49,0.1304384379,-0.2205207562,0.4805719891,-2.112557572,1.807037439,0.9056981685,0.5841828871
groundtruth,49,2.15424469,1.098166255,-1.905879417,-2.218965968,-2.889620426,0.3694274314,1.562178214
groundtruth,49,0.9785566216,-0.200002729,-0.279351667,-2.105907392,1.681057087,1.054373345,0.559326362
groundtruth,49,2.173640384,-0.7142066527,-1.119824378,-2.119050224,1.252850182,1.62672096,0.6090053206
groundtruth,49,-1.261171222,0.4223848264,2.135873664,-2.105820723,1.462877985,1.345891955,0.5590333396
groundtruth,49,-0.4051146046,1.697090844,2.150248751,-2.220728607,0.2116753192,2.301353843,1.23206167
groundtruth,49,2.078997515,1.283633413,-1.898769247,-2.187759742,-2.49095303,0.4521987319,1.835716309
groundtruth,49,-0.2491439518,-0.2956813064,0.799647787,-2.12058309,1.905982891,0.8037646242,0.6150552204
groundtruth,49,-0.3775739156,1.739091979,2.161858644,-2.22299569,0.1443944173,2.309541986,1.279856012
groundtruth,49,1.643938273,-0.3090343724,-0.8436551343,-2.104028342,1.552157882,1.22350374,0.552436804
groundtruth,49,2.73663129,-1.697328696,-0.991281024,-2.22074285,0.2112990968,2.301408048,1.232328216
groundtruth,49,0.2137146504,-0.2117819234,0.407325498,-2.111521547,1.791788512,0.9226142192,0.5802765358
groundtruth,49,2.039130032,1.381743643,-1.912800577,-2.16824358,-2.323706523,0.5158134446,1.941523058
groundtruth,49,0.3678984943,-0.2002954086,0.2701261895,-2.10993366,1.766557838,0.9512654314,0.5743403832
groundtruth,49,-0.08871182845,-0.2550080652,0.6687011008,-2.116279574,1.856142285,0.8534033723,0.598336749
groundtruth,49,1.455887771,-0.2580189946,-0.6938299131,-2.104104747,1.599555166,1.159832937,0.5527192542
groundtruth,49,-1.201305837,0.4649450969,2.102553633,-2.107028991,1.431631302,1.388897939,0.5635011293
groundtruth,49,0.6124781104,-0.1921466148,0.05012219062,-2.108017111,1.731310605,0.9927070152,0.5671764612
groundtruth,49,-1.057875612,-1.270716482,1.244056673,-2.189720098,-2.513913202,0.4438208931,1.820645182
groundtruth,49,-1.000858123,-1.130518282,1.240297861,-2.214775175,-2.812043704,0.3788648542,1.616777112
groundtruth,49,-0.3047542272,-0.3142508644,0.8430050509,-2.12265727,1.927853871,0.7831432121,0.6230653698
groundtruth,49,-1.058790403,-1.272998391,1.2438966,-2.189270882,-2.509613472,0.445147155,1.823480017
groundtruth,49,2.139859787,-0.6687211075,-1.113909787,-2.116254274,1.28575596,1.584675502,0.5982417976
groundtruth,49,2.778503019,-1.760500651,-0.9733964431,-2.223838113,0.1094631203,2.31255785,1.304735881
groundtruth,49,-2.838360147,0.2046632591,-2.813746442,-2.110722641,1.776759165,0.940051806,0.5765996032
groundtruth,49,2.083896915,1.270269559,-1.897505176,-2.18980882,-2.514758309,0.4435616583,1.820087723
groundtruth,49,2.120564455,-0.6442369068,-1.109574209,-2.114858409,1.30333006,1.561820217,0.5929106566
groundtruth,49,2.155592497,1.094982551,-1.906432131,-2.219341438,-2.897500038,0.368631724,1.556524067
groundtruth,49,-0.0860255287,-0.2544583217,0.6664494818,-2.116221314,1.855431976,0.8541357532,0.5981157477
groundtruth,49,-0.4501518279,1.624969156,2.132249788,-2.215182202,0.3227878781,2.280679772,1.153634721
groundtruth,49,-0.5890208251,1.380134344,2.081371435,-2.187203495,0.6515164373,2.160232851,0.9293657867
groundtruth,49,2.350368532,0.7034676528,-2.005285513,-2.184979345,2.469465707,0.4581537529,0.9159245424
groundtruth,49,2.345495419,-0.9923887525,-1.117105772,-2.141789612,1.037152496,1.871661878,0.7014242342
groundtruth,49,-1.173950827,0.4869150674,2.088754797,-2.107755402,1.415720137,1.410708724,0.5661989893
groundtruth,49,-1.226209712,-1.663508069,1.13337851,-2.126778235,-1.96929272,0.7458451727,2.126307111
groundtruth,49,0.2301223764,-0.2102864856,0.3928085623,-2.111338496,1.788940251,0.925806565,0.5795723698
groundtruth,49,-2.897300005,0.2090489802,-2.761330291,-2.111175917,1.786514157,0.9285343172,0.5799705264
groundtruth,49,-1.904100634,0.2224203038,2.633534797,-2.104769186,1.641223825,1.105178062,0.5551319588
groundtruth,49,-0.7007426442,1.169614147,2.045949684,-2.161143042,0.8780228392,2.013861434,0.788246063
groundtruth,49,1.886108723,-0.4261277078,-1.009054362,-2.105915986,1.460100232,1.349717335,0.5593857326
groundtruth,49,-0.04291704791,-0.2463734146,0.630095905,-2.115745894,1.845339687,0.8656989498,0.595971933
groundtruth,50,-0.398296973,1.294370137,-0.4778675328,-1.695295392,-2.313359714,1.325149197,1.967652065
groundtruth,50,-1.75569673,1.539238385,0.7820804709,-1.695101982,2.311492456,1.326321941,0.9976402644
groundtruth,50,-1.326843261,1.247752587,0.3814895154,-1.743244577,2.897500038,1.093365454,1.329087145
groundtruth,50,-0.1042632649,1.5177677,-0.7924472283,-1.661238584,-1.9589663,1.592758919,2.105352002
groundtruth,50,1.219491011,-1.744481822,-2.183495024,-1.669223743,2.052651638,1.514025804,0.8903995442
groundtruth,50,-0.8696859316,1.170149686,-0.02644066711,-1.74023016,-2.836238875,1.105406166,1.675092743
groundtruth,50,-0.6951401255,1.190333069,-0.1879958658,-1.726658805,-2.640768472,1.162089149,1.791355895
groundtruth,50,-1.37572517,1.268282547,0.425121895,-1.740143074,2.834613447,1.10576178,1.290089751
groundtruth,50,0.07678910015,1.751629742,-1.009703426,-1.646412152,-1.688974801,1.838012543,2.157002837
groundtruth,50,-1.545565858,1.362376389,0.5795945181,-1.724109216,2.608902459,1.174614142,1.155287011
groundtruth,50,1.607175527,-1.355012387,-2.572325085,-1.725395479,2.624069752,1.168763625,1.164024747
groundtruth,50,-0.8681517225,1.170206786,-0.02783995644,-1.74013624,-2.834499924,1.105787636,1.676163851
groundtruth,50,1.396293597,-1.52857105,-2.369961582,-1.696695808,2.326821706,1.316777049,1.004996524
groundtruth,50,-1.746560014,1.529851688,0.7728963623,-1.696506294,2.324967776,1.317919445,1.004099493
groundtruth,50,1.207041019,-1.762799978,-2.169523929,-1.667364484,2.031948203,1.531004579,0.8833964929
groundtruth,50,-0.5650011676,1.224013427,-0.3125078352,-1.714006116,-2.4982097,1.222823214,1.872883288
groundtruth,50,-0.4345716935,1.276187849,-0.4412349035,-1.699517045,-2.354014782,1.30030283,1.947902035
groundtruth,50,-1.695196817,1.480207475,0.7219923888,-1.704209999,2.39966491,1.273959318,1.041236122
groundtruth,50,-1.544180125,1.361449545,0.578306165,-1.724273285,2.610791757,1.173872071,1.156371571
groundtruth,50,1.217436028,-1.7474737,-2.181201179,-1.668918089,2.049254727,1.516793579,0.8892317612
groundtruth,50,-1.412485244,1.28554199,0.4581215278,-1.737350863,2.786699882,1.117156657,1.260741759
groundtruth,50,-1.330697284,1.249273975,0.3849212533,-1.743025621,2.892628138,1.094232075,1.326016105
groundtruth,50,1.289902508,-1.649114629,-2.26020165,-1.680093163,2.165742805,1.426108191,0.9330162771
groundtruth,50,-0.3133898579,1.344178215,-0.5652837409,-1.685152098,-2.216595838,1.389126527,2.011551844
groundtruth,50,-1.686352801,1.472174261,0.7133460914,-1.70550761,2.412366738,1.266941677,1.047757802
groundtruth,50,1.750694028,-1.275211316,-2.702872725,-1.739039719,2.814898775,1.110242864,1.2779759
groundtruth,50,-0.9077369861,1.169384948,0.008152320568,-1.74242871,-2.87955305,1.096609944,1.648296127
groundtruth,50,-1.928863504,1.754385726,0.9656692416,-1.668210526,2.041436784,1.523191547,0.8865739548
groundtruth,50,-1.838108118,1.632239859,0.8670012241,-1.682228337,2.186885497,1.410647615,0.9417521552
groundtruth,50,1.526917277,-1.412205902,-2.497187078,-1.715491385,2.513646756,1.215505357,1.1017455
groundtruth,50,-0.1679303162,1.455885549,-0.7211415443,-1.668205973,-2.041384522,1.52323444,2.079627561
groundtruth,50,-1.583377105,1.389060771,0.6150388894,-1.719341743,2.557198607,1.195351342,1.126533693
groundtruth,50,0.01008603022,1.653939887,-0.9266919943,-1.650615215,-1.796501712,1.738395204,2.14276678
groundtruth,50,-1.86622924,1.667693583,0.8969248528,-1.677825507,2.142897632,1.443169441,0.9238351947
groundtruth,50,-0.9191107876,1.169404379,0.01845565602,-1.743022711,-2.892567485,1.094243,1.640205498
groundtruth,50,2.524096903,-1.208311169,2.87972099,-1.71945624,-2.555870165,1.196475819,1.84101629
groundtruth,50,1.207044382,-1.762799978,-2.169527722,-1.667364982,2.031953828,1.530999932,0.8833983607
groundtruth,50,1.218481598,-1.74594849,-2.182368898,-1.669075291,2.05098234,1.515385443,0.8898278243
groundtruth,50,2.565580596,-1.220477575,2.839760231,-1.715176018,-2.510309804,1.217080032,1.866280133
groundtruth,50,-1.934576606,1.762799978,0.9720735249,-1.667404024,2.031953879,1.531021983,0.8833773213
groundtruth,50,-0.1293297058,1.49232243,-0.7641033564,-1.663941817,-1.991974773,1.564475963,2.09557062
groundtruth,50,0.07401731526,1.747364565,-1.006185121,-1.646597341,-1.694377933,1.833338453,2.156981057
groundtruth,50,0.08221259225,1.760271238,-1.016638241,-1.646168622,-1.67966829,1.846654837,2.157822555
groundtruth,50,-0.2226855804,1.409333364,-0.6614112496,-1.674513414,-2.109077485,1.469097782,2.055415691
groundtruth,50,1.258326806,-1.690182356,-2.226270378,-1.67517232,2.115808732,1.463870723,0.9133184781
groundtruth,50,-1.934539104,1.762799978,0.972054434,-1.667366661,2.031969408,1.53098708,0.8834034451
groundtruth,50,1.207367635,-1.762336847,-2.169892287,-1.667413415,2.03249497,1.530552992,0.8835778267
groundtruth,50,-0.8660745922,1.170295264,-0.02948873456,-1.739901439,-2.83113547,1.106364794,1.678474968
groundtruth,50,-1.780035706,1.565110888,0.8067636017,-1.691331911,2.275285924,1.349597341,0.980667214
groundtruth,50,0.08380282489,1.762799978,-1.018677845,-1.646099499,-1.676920695,1.849206064,2.158052003
groundtruth,51,0.9760082556,-0.2373869902,0.9912338098,-1.253143185,-2.724993482,1.748755532,1.784854492
groundtruth,51,-0.2229193807,-1.080854338,0.5398619739,-1.171340181,-1.302835148,2.518449944,2.122763823
groundtruth,51,2.890971032,1.095959383,-2.626889815,-1.174236055,-1.254728323,2.541937405,2.114448605
groundtruth,51,-0.8123064529,-1.278076197,0.1105407573,-1.270130995,0.01754495315,2.833094748,1.531007094
groundtruth,51,-1.682588517,-1.07161204,-0.6087889008,-1.166379057,1.727921414,2.279252336,0.9467560774
groundtruth,51,-1.364717731,-1.2167484,-0.3017044515,-1.175486647,1.235497137,2.55107838,0.972805724
groundtruth,51,0.122727815,-0.8431095796,0.8437857008,-1.171608712,-1.843539652,2.207655188,2.121996695
groundtruth,51,-1.865531446,-0.9474366781,-0.7746957471,-1.181516721,1.987571311,2.117761515,0.9908119488
groundtruth,51,-1.809204068,-0.9887842628,-0.7254645427,-1.175677908,1.908577494,2.167013411,0.9732931985
groundtruth,51,-0.1164536359,-1.017279632,0.6369267531,-1.164626449,-1.479765494,2.425102231,2.141669759
groundtruth,51,-2.62953475,0.5089459547,-2.07678426,-1.217382176,-2.353543867,1.904776597,1.968634637
groundtruth,51,-0.07836852778,-0.992373478,0.6714023932,-1.163813359,-1.540494094,2.390778782,2.143900579
groundtruth,51,0.9783844744,0.693676284,2.152610637,-1.221646832,2.393425171,1.884367024,1.132253785
groundtruth,51,0.7269128716,0.4725574023,2.065327735,-1.251165332,2.700181785,1.756552837,1.285104171
groundtruth,51,0.9326873933,-0.2530753392,1.012506296,-1.251373726,-2.702767743,1.755722963,1.79703288
groundtruth,51,1.360420893,1.008331662,2.44130092,-1.173103538,1.869015861,2.191747295,0.9658616015
groundtruth,51,0.4538247192,-0.5578091746,1.046153443,-1.21016537,-2.285630158,1.941129626,1.996589559
groundtruth,51,-2.052517318,-0.7932796103,-0.9203102985,-1.205891207,2.245198936,1.963623772,1.071322164
groundtruth,51,-0.2751565703,-1.108822688,0.4925814059,-1.17716545,-1.211332289,2.562368506,2.105792123
groundtruth,51,-2.771475026,0.6305596389,-2.132494574,-1.199357395,-2.181780822,2.000088683,2.035215226
groundtruth,51,2.895192361,1.093686901,-2.62305312,-1.173750638,-1.26213075,2.538376358,2.115809084
groundtruth,51,-0.8199057258,-1.278897061,0.10661184,-1.269933581,0.03906633471,2.832279057,1.518347258
groundtruth,51,-0.6567424532,-1.25172572,0.1964471147,-1.25470429,-0.3956983669,2.805504751,1.773311006
groundtruth,51,0.6122993339,-0.4307660601,1.081922284,-1.228644953,-2.460307046,1.85191718,1.920744738
groundtruth,51,-1.680645008,-1.072771878,-0.6069473313,-1.16628511,1.725104577,2.280977703,0.9464940839
groundtruth,51,-2.249245962,-0.6152399137,-1.030768774,-1.233180426,2.504628487,1.831631842,1.184003866
groundtruth,51,-1.610360377,0.1337652777,-2.543295931,-1.263826379,-2.892744458,1.707518288,1.689574088
groundtruth,51,0.8986428902,-0.2664223371,1.027887537,-1.249703968,-2.683679316,1.7615631,1.807675983
groundtruth,51,-1.155496568,-1.266808746,-0.1141985737,-1.210924655,0.848639935,2.703636205,1.089868687
groundtruth,51,-0.9077203259,-1.284106275,0.05883837829,-1.262583963,0.2749590671,2.820493913,1.378581717
groundtruth,51,0.531002749,0.3366452158,2.076635515,-1.263387164,2.884005205,1.70917076,1.388888993
groundtruth,51,-2.175060414,-0.6828541147,-0.9953868517,-1.223286671,2.409007072,1.876608988,1.139211863
groundtruth,51,-1.747813308,-1.030685029,-0.6698240404,-1.170390789,1.821793016,2.221291052,0.9574282151
groundtruth,51,1.111078208,-0.1980181221,0.9126562458,-1.257320338,-2.782627009,1.732360432,1.752724773
groundtruth,51,1.076006884,-0.2070036143,0.9346065568,-1.256389881,-2.769164313,1.735985303,1.760293398
groundtruth,51,-2.199235046,0.2494234667,-2.133642229,-1.251784659,-2.707913376,1.754086397,1.794222247
groundtruth,51,-1.135716315,-1.269848282,-0.09810120786,-1.215257558,0.8079304834,2.716123468,1.106516222
groundtruth,51,-2.023127587,-0.8191050283,-0.8993379967,-1.201767551,2.205028498,1.987173607,1.056970215
groundtruth,51,1.80564283,1.225641068,2.86707564,-1.179004083,1.186298191,2.57382606,0.9832311621
groundtruth,51,-2.418793478,0.3563471574,-2.063417362,-1.23875976,-2.561012059,1.807617118,1.871624952
groundtruth,51,1.584738059,1.139684207,2.653871152,-1.16387424,1.541897063,2.389999921,0.9395796487
groundtruth,51,0.2716866212,-0.7170894492,0.9519698474,-1.186969776,-2.052034374,2.077960326,2.075871902
groundtruth,51,2.649414894,1.203109245,-2.832319796,-1.217699605,-0.7850318442,2.722849859,1.967346185
groundtruth,51,-0.2522902975,-1.096889639,0.5131714505,-1.174485872,-1.251751511,2.54336514,2.113900629
groundtruth,51,1.239772974,0.9194380541,2.336317815,-1.185744638,2.038099755,2.086518768,1.003837674
groundtruth,51,0.7768557169,-0.32504454,1.068046098,-1.242775166,-2.603494124,1.790724459,1.849885005
groundtruth,51,1.642161296,1.166017409,2.709796175,-1.165231678,1.453682851,2.439564314,0.943509359
groundtruth,51,0.3937519313,-0.6098417323,1.020692741,-1.202430507,-2.211753584,1.98270119,2.024606317
groundtruth,51,-0.9082587256,-1.284225351,0.05829997335,-1.262527407,0.2744450987,2.819622974,1.379111799
groundtruth,51,1.252943075,-0.168730665,0.8153035249,-1.26029193,-2.828635113,1.720923915,1.726594727
groundtruth,52,1.011417859,0.8714418878,-1.113818217,-0.7451245548,-1.845436972,2.332367987,1.778718769
groundtruth,52,0.9748831434,0.8198808472,-0.9566629863,-0.7532041898,-1.97259822,2.285583523,1.764022174
groundtruth,52,0.04368629585,0.9866016007,1.3719447,-0.8337638769,2.826182577,2.022314311,1.23156219
groundtruth,52,1.059311084,1.036923316,-1.540721761,-0.739340819,-1.443041148,2.474267522,1.788675879
groundtruth,52,0.3765233868,1.541197731,2.805548717,-0.7399244815,1.421926106,2.481324791,0.9599477185
groundtruth,52,-2.64622406,-1.13199801,-1.427882235,-0.09023231618,2.202985641,2.353822191,1.333535048
groundtruth,52,-2.081660292,-1.050438823,1.569028005,-0.7403048789,-1.409624376,2.485495363,1.78726278
groundtruth,52,1.057676085,1.017346405,-1.494006567,-0.7383412829,-1.491475859,2.457909028,1.79035326
groundtruth,52,0.5613250482,0.6600251725,0.03771094953,-0.8147505406,-2.596379428,2.073846888,1.605834265
groundtruth,52,1.051838021,1.153947133,-1.806502272,-0.7552077507,-1.142581887,2.569705367,1.760242649
groundtruth,52,1.029973613,0.9086496874,-1.217759319,-0.7410985428,-1.755408319,2.365121133,1.78569728
groundtruth,52,0.8881943901,1.455364058,-2.4328921,-0.8424151787,-0.1406666206,2.757100138,1.437872759
groundtruth,52,0.2696025641,1.486303589,2.529953452,-0.7396844372,1.711463686,2.380939879,0.9595519757
groundtruth,52,0.2123476192,1.442294346,2.369455002,-0.7467206122,1.874245163,2.321807669,0.9717556664
groundtruth,52,-2.141434311,-0.8532610961,2.081122154,-0.7476507078,-1.889777615,2.316130853,1.774232354
groundtruth,52,0.9638083757,1.368265795,-2.249949802,-0.8195625154,-0.4935999772,2.72143324,1.586574563
groundtruth,52,-2.453047841,-1.561073536,0.3377603325,-0.812907107,0.5634020264,2.709971588,1.135253282
groundtruth,52,-2.093445849,-1.172359404,1.295093866,-0.7592157694,-1.093061027,2.58425823,1.752472599
groundtruth,52,0.03655423047,1.045012846,1.485147133,-0.826398166,2.726292486,2.041945467,1.191687586
groundtruth,52,-2.838173982,-1.507033969,-0.5215681982,-0.7379399086,1.618517433,2.4139499,0.9566231317
groundtruth,52,0.7350128432,1.547090474,-2.717943514,-0.8262441593,0.4186272707,2.732245967,1.190330809
groundtruth,52,-2.248983788,-0.7486356279,2.446457126,-0.7695816537,-2.162425212,2.215873683,1.731152251
groundtruth,52,0.03641109828,1.081859805,1.554994479,-0.82094584,2.663278166,2.056592468,1.166910875
groundtruth,52,-2.751161845,-0.6772081961,-2.765695109,-0.8306051105,-2.780389369,2.030765938,1.533856709
groundtruth,52,-2.794157976,-0.6881460489,-2.678094877,-0.8339927777,-2.829457028,2.021830406,1.513246542
groundtruth,52,0.2956267301,1.502559079,2.599530686,-0.7381854715,1.639784514,2.406454988,0.9570392519
groundtruth,52,1.058429959,1.104479808,-1.696723514,-0.7464315198,-1.272255964,2.529906173,1.776390013
groundtruth,52,0.9669936845,0.8109859373,-0.9274711424,-0.754899595,-1.995083887,2.277283984,1.760821353
groundtruth,52,-2.196746363,-0.7888593867,2.29028046,-0.7595439085,-2.052150665,2.256162851,1.751858696
groundtruth,52,0.2911742837,0.7075219759,0.582006265,-0.8380144302,-2.897500038,2.011378554,1.48377826
groundtruth,52,0.936070836,1.405115104,-2.324867773,-0.8310317713,-0.3551004796,2.7399893,1.531326145
groundtruth,52,-2.107727899,-0.9180495277,1.898444009,-0.7403891569,-1.73272186,2.373313742,1.787058166
groundtruth,52,1.055012563,0.9970453091,-1.444748288,-0.7378100749,-1.541307866,2.440842609,1.791265303
groundtruth,52,0.03688187363,1.091453467,1.573109218,-0.8194408428,2.646725642,2.060707518,1.160582808
groundtruth,52,-2.428815175,-1.554369346,0.3829005945,-0.819989481,0.4888810721,2.722154662,1.162862016
groundtruth,52,-2.533554531,-1.574178901,0.1813193075,-0.7882141961,0.7981035981,2.661976895,1.060059379
groundtruth,52,0.1714726284,1.402040623,2.246172205,-0.7550831221,1.99743749,2.276415771,0.9871695356
groundtruth,52,-2.724557536,-1.554707436,-0.2380224336,-0.7441896147,1.314258104,2.516538684,0.9673042038
groundtruth,52,-2.319028771,-0.7114632315,2.625849448,-0.7814124636,-2.27921339,2.174172135,1.704219732
groundtruth,52,0.2877155358,1.497838126,2.57857236,-0.7385338036,1.661460145,2.398779577,0.9576158662
groundtruth,52,0.6613243862,1.567008972,-2.855530947,-0.8045840374,0.6447077714,2.694911187,1.107168443
groundtruth,52,0.4880285456,0.6626701445,0.1820673189,-0.8219926399,-2.674459123,2.053856165,1.576429743
groundtruth,52,-2.530394831,-1.127471935,1.396287404,-0.09001764755,-0.7240021521,2.408251793,1.406824874
groundtruth,52,-2.111672502,-1.236841814,1.158405376,-0.7761877355,-0.912818443,2.633730529,1.716482181
groundtruth,52,0.9839424697,1.336591685,-2.18634997,-0.8088915841,-0.6035208899,2.702798539,1.626482648
groundtruth,52,0.7793193792,1.528514969,-2.637697318,-0.8364906665,0.2715681358,2.748365439,1.251813005
groundtruth,52,0.04249974456,1.140374607,1.665695321,-0.8111512132,2.560920571,2.083705083,1.129112751
groundtruth,52,-2.235735254,-1.438476328,0.7462652001,-0.8393929319,-0.2167777393,2.752685246,1.471864116
groundtruth,52,0.789712964,1.523366303,-2.618948058,-0.8384406441,0.2356210118,2.751297576,1.267487575
groundtruth,52,0.6397686505,1.570576978,-2.897300005,-0.7978851865,0.7075741032,2.682075633,1.087006516
groundtruth,53,-0.5512897188,0.6433510321,-0.3180737614,-0.5175224219,-0.8104630303,2.611557374,1.958714564
groundtruth,53,-0.3589382068,1.032374985,-1.972217183,-0.4212306322,1.116395725,2.533295656,1.515519282
groundtruth,53,2.591922285,-0.64320832,2.819303077,-0.5183858294,-0.8071950233,2.612344281,1.95837575
groundtruth,53,-1.036746874,0.9396106439,1.751662487,-0.5535363051,-2.521071777,2.238867217,1.926746101
groundtruth,53,2.587636629,-1.15939455,0.2652569235,-0.3886218937,2.097150075,2.356395792,1.540850479
groundtruth,53,2.104709981,-0.9512093948,-1.355901105,-0.5587287703,-2.551811781,2.231851032,1.920121162
groundtruth,53,-0.3811466686,0.9964798671,-1.847663133,-0.374669421,0.9673986794,2.540605764,1.55721721
groundtruth,53,2.76747408,-1.01721847,1.212812545,-0.3929780392,1.062881701,2.533327918,1.536471737
groundtruth,53,2.147982742,-1.086337276,-0.9877491003,-0.6020704455,-2.897500038,2.170835364,1.822853204
groundtruth,53,-1.029809194,0.8963440559,1.615906975,-0.5314887997,-2.400516021,2.267781063,1.948910848
groundtruth,53,-0.4652491371,0.6486914961,-0.5408295683,-0.5526568822,-0.6258978458,2.649061454,1.927879453
groundtruth,53,-1.036327691,0.9634124523,1.820706576,-0.5639229133,-2.583665327,2.22477437,1.912862927
groundtruth,53,-0.9362507594,0.8043640587,1.173803734,-0.4292876443,-2.026859704,2.362700068,1.965549415
groundtruth,53,-0.9833584765,0.8237207018,1.323640637,-0.4762195142,-2.150562994,2.330765292,1.973082112
groundtruth,53,-1.032993716,0.9089173936,1.657096034,-0.5384321842,-2.436743868,2.258885664,1.942924633
groundtruth,53,-1.024481141,0.8810774631,1.563390707,-0.5223729327,-2.354731286,2.279187737,1.95562938
groundtruth,53,-0.3227178677,0.6998213904,-0.9237064573,-0.6018252196,-0.2518004238,2.700097777,1.82600501
groundtruth,53,-0.9048337256,0.8780784484,1.428846302,-0.3630245274,-2.262276071,2.33651044,1.902605381
groundtruth,53,-1.009700821,1.057453192,2.07600341,-0.5953746639,-2.822695295,2.180549239,1.846949031
groundtruth,53,2.111632687,-1.002460559,-1.212832994,-0.57874752,-2.683411878,2.204196301,1.8876571
groundtruth,53,2.133167644,-1.060003428,-1.058760789,-0.5960086364,-2.829238656,2.179614908,1.844891409
groundtruth,53,-0.9130734114,0.8386107292,1.265570081,-0.3848916747,-2.112546445,2.354515179,1.932391645
groundtruth,53,2.333985664,-1.23527888,-0.4549305143,-0.598628375,2.859465422,2.176431831,1.64094791
groundtruth,53,-0.2468054436,0.7902906534,-1.232398011,-0.6085199968,0.1370131326,2.708065278,1.691249528
groundtruth,53,-1.025085817,1.019932221,1.975766935,-0.5847327228,-2.727371145,2.196026413,1.875425299
groundtruth,53,2.151880231,-0.8293491174,-1.789427572,-0.4823209675,-2.174496713,2.324732654,1.972236493
groundtruth,53,-0.2911584965,0.7251372437,-1.027220183,-0.6090075358,-0.1311724569,2.708442152,1.784645508
groundtruth,53,-1.035175914,0.921630296,1.69716742,-0.5449446442,-2.472283369,2.250328599,1.936469235
groundtruth,53,-0.2356026721,0.8519303442,-1.39407098,-0.5901675729,0.3673276249,2.688907711,1.615210606
groundtruth,53,-0.9947926961,1.084433669,2.148660493,-0.6016737301,-2.892682604,2.171412642,1.82450426
groundtruth,53,-0.8240643075,1.228859532,2.647390978,-0.6020717813,2.897500038,2.17083335,1.654111443
groundtruth,53,-0.8217398988,1.229833745,2.652948225,-0.6016547238,2.892174866,2.171463271,1.652285957
groundtruth,53,-0.7260979108,1.254189877,2.877563967,-0.5767846535,2.6670392,2.207268871,1.584835387
groundtruth,53,2.123024291,-1.037517824,-1.118780253,-0.5899161579,-2.771951473,2.188370911,1.862430479
groundtruth,53,-0.361967188,1.031317406,-1.971477449,-0.4166255979,1.114998803,2.532239671,1.518149486
groundtruth,53,-0.993607729,1.086340703,2.153852925,-0.6020711082,-2.897500038,2.170834325,1.822850213
groundtruth,53,-0.6145438949,0.7269203527,-0.1722005714,-0.3609556867,-0.8547609719,2.549368807,1.898262701
groundtruth,53,-0.5251344885,1.172338442,-2.799145078,-0.420899818,2.025181107,2.364148271,1.515708146
groundtruth,53,-1.010796419,0.8546760302,1.463993069,-0.5044098167,-2.269175657,2.30078342,1.96559687
groundtruth,53,-0.3141187494,1.01452732,-1.872593909,-0.4735748955,1.002659069,2.567105609,1.503392992
groundtruth,53,-0.2704398073,0.7480162873,-1.106703022,-0.6117215921,-0.03147397554,2.7112087,1.749625657
groundtruth,53,-0.4855337148,0.6457845164,-0.4886135666,-0.5450877842,-0.6708481841,2.640683048,1.936890381
groundtruth,53,-0.2482895889,0.7859505641,-1.220572313,-0.6095395741,0.1211043826,2.708923443,1.695801536
groundtruth,53,-1.012070449,0.856480572,1.471333474,-0.5059209529,-2.275430473,2.299132491,1.96506021
groundtruth,53,-0.9931806036,0.8327550998,1.368585783,-0.4857266155,-2.188312887,2.321242496,1.971581328
groundtruth,53,-0.466847952,0.6484522633,-0.5367418111,-0.5520327107,-0.6294319242,2.64840005,1.928604933
groundtruth,53,-0.824082985,1.228851744,2.64734646,-0.6020752727,2.897500038,2.170828286,1.654126084
groundtruth,53,-0.3478142197,0.6855853695,-0.8512565285,-0.5941691193,-0.3306625991,2.693086869,1.850596698
groundtruth,53,-0.2471939448,0.917602635,-1.564387406,-0.556340716,0.6072152918,2.652686725,1.552860702
groundtruth,53,2.79188897,-0.6846137935,2.29558889,-0.5935590359,-0.336820562,2.692469655,1.852715435
groundtruth,54,-0.3577036363,1.634534287,0.397523114,-2.973184947,1.391714558,2.863656221,0.3073177135
groundtruth,54,-1.220542255,1.482357877,-0.51022952,-2.960931049,-1.553318597,2.579749459,2.280003708
groundtruth,54,-2.745770519,0.8216456136,-0.2062515203,-3.034148931,-2.140377453,1.210470414,1.966623004
groundtruth,54,-0.863598045,1.653953368,-0.4196490654,-2.98617469,-1.299148419,2.953309807,2.177500295
groundtruth,54,-1.36425859,1.40075603,-0.524922535,-2.961588171,-1.613444759,2.424206427,2.277396084
groundtruth,54,2.658870469,-1.675125776,-2.79203068,-2.993610561,1.251666566,2.986339251,0.3915689648
groundtruth,54,-1.083771214,1.555441285,-0.4855649416,-2.963997594,-1.483558098,2.72638619,2.267745034
groundtruth,54,1.219324911,-1.094091606,2.662835716,-2.981322304,-1.809877032,1.851563234,2.197528105
groundtruth,54,0.05407915916,1.442385531,0.4812134394,-2.961454002,1.609806337,2.434265785,0.2601268582
groundtruth,54,0.2044500247,1.362628385,0.4906329031,-2.964524607,1.665183032,2.275036087,0.2724094546
groundtruth,54,-0.4517730652,1.666478027,0.3632974303,-2.986816925,1.294952418,2.956524068,0.3632050792
groundtruth,54,1.641083803,0.8265146849,0.1687047267,-3.054053436,2.274792559,1.069088756,0.6702983983
groundtruth,54,1.806146426,-1.417365162,2.618713035,-2.961220901,-1.602077206,2.455388544,2.278848977
groundtruth,54,1.223850287,-1.096254811,2.661834139,-2.981114841,-1.808344752,1.855806144,2.19844522
groundtruth,54,-2.344234987,-1.069255488,-2.715334734,-2.990812131,1.872310441,1.690432409,0.3798405719
groundtruth,54,-0.6180294286,1.690718608,0.2381650173,-3.056276511,0.8507696184,3.11187441,0.6820278718
groundtruth,54,-2.14152896,0.9969134178,-0.4222938871,-2.993149377,-1.887047205,1.655217648,2.14841034
groundtruth,54,-2.874823582,0.8000008116,-0.1568752507,-3.044634983,-2.209366713,1.131809436,1.915770614
groundtruth,54,-0.5012075188,1.679674116,0.3404454825,-2.998505335,1.221472558,3.003933359,0.4121891706
groundtruth,54,-0.3236678865,1.621396337,0.4080407181,-2.969979359,1.418715568,2.829360931,0.2943463052
groundtruth,54,-0.05996742044,1.500925126,0.4666860145,-2.96082764,1.563463799,2.555227124,0.2576104489
groundtruth,54,1.239634258,0.9143464917,0.3004783377,-3.020301717,2.053400966,1.332161743,0.5074682817
groundtruth,54,2.569409533,-1.691541972,-2.847724164,-3.025551864,1.05562726,3.070029048,0.5313476573
groundtruth,54,0.5206883605,1.197415508,0.475113434,-2.976355204,1.774386837,1.950938941,0.3202043018
groundtruth,54,-0.5065843957,1.680945857,0.3376375819,-3.000002378,1.212106004,3.009030216,0.4186268925
groundtruth,54,-2.043113124,1.038324256,-0.4497970038,-2.987635278,-1.851935032,1.740942977,2.171453539
groundtruth,54,2.440225802,-1.688878823,2.837917715,-3.051641385,-0.8840458824,3.106784658,1.880342964
groundtruth,54,-0.7178614526,1.688988724,-0.3260407765,-3.039493916,-0.9664617774,3.091789203,1.940991717
groundtruth,54,1.314671069,-1.141632764,2.644193375,-2.976735566,-1.777216245,1.942859377,2.216289495
groundtruth,54,2.377235688,-1.682934788,2.77382625,-3.014939889,-1.121096656,3.048936427,2.054555565
groundtruth,54,0.3597384117,1.280084734,0.4888458563,-2.969588869,1.719204912,2.113247789,0.2927722399
groundtruth,54,1.100107853,0.9562248391,0.3445460451,-3.010160732,1.991414487,1.437279356,0.4624743874
groundtruth,54,1.464190678,0.8596254803,0.2261390425,-3.0383494,2.167515499,1.177857866,0.5914492923
groundtruth,54,0.5663681754,-0.8580692694,2.869673399,-3.021284027,-2.059475655,1.322740399,2.026130673
groundtruth,54,1.389225441,-1.18074346,2.632469303,-2.973422348,-1.751779994,2.016546395,2.229762755
groundtruth,54,0.8766677261,1.036719801,0.4072324266,-2.995534548,1.901927795,1.620782772,0.399673444
groundtruth,54,0.3083696957,1.307224607,0.4907139273,-2.967735853,1.701519249,2.166315786,0.2853056041
groundtruth,54,-2.418233458,0.9002923614,-0.3304230677,-3.010373028,-1.992705302,1.434916756,2.074640648
groundtruth,54,-1.369812635,1.397570173,-0.5252566559,-2.96166218,-1.615606264,2.418203105,2.27708652
groundtruth,54,1.14087025,0.9433346894,0.3319686583,-3.013041081,2.008953024,1.40582544,0.4751211401
groundtruth,54,-0.09542372437,1.518551067,0.4608723021,-2.961027039,1.547827227,2.592682083,0.258422616
groundtruth,54,-0.7404008654,1.686969561,-0.3489449213,-3.026190917,-1.051634572,3.071157045,2.003760264
groundtruth,54,-0.7547810391,1.684770439,-0.3607271462,-3.019154481,-1.095274893,3.057887043,2.035745815
groundtruth,54,0.5242720803,1.195614119,0.4746816981,-2.976526565,1.775644747,1.947404717,0.3208806936
groundtruth,54,0.5944866159,1.161226368,0.4650175161,-2.979887501,1.799918993,1.878946762,0.3346386445
groundtruth,54,-2.694455775,-1.23464988,-2.658752848,-2.973094009,1.749145939,2.024284454,0.3069488644
groundtruth,54,-0.6140523358,1.691254665,0.2449299372,-3.05286434,0.8752701586,3.108218723,0.6641047974
groundtruth,54,-2.376766784,0.9129173562,-0.3452837252,-3.007630624,-1.976023781,1.466031317,2.086597511
groundtruth,54,-1.767201667,-0.8797309772,-2.885580207,-3.030873632,2.119361685,1.237371253,0.5559410333
groundtruth,54,0.2733244831,1.325735968,0.4918079203,-2.966541767,1.689230999,2.203732503,0.2813272308
groundtruth,55,-0.1997063553,-0.2988272575,2.019580115,-2.454470723,1.113104669,2.878401697,1.038696395
groundtruth,55,2.302569831,0.4403099977,-0.8439840946,-2.059582312,-2.204620034,3.672756399,-2.143577709
groundtruth,55,0.01300961536,-0.5971282948,1.774245547,-2.419018226,1.410695253,2.612760398,0.894700509
groundtruth,55,2.648561822,0.1792353491,-0.834775432,-2.491662654,0.8603843743,2.984908724,1.211331358
groundtruth,55,0.5624493473,0.2437545391,1.016276359,-2.506759567,-0.7504499944,3.013381239,2.440068752
groundtruth,55,2.449782793,0.5228729246,-1.035803891,-2.092373395,-2.021580743,3.750038739,-2.285933428
groundtruth,55,1.019660274,0.131233781,0.646558048,-2.557471718,-0.1449319739,3.079495929,1.977704665
groundtruth,55,-1.956309922,-0.3971250184,-2.49760742,-1.98738212,2.65384685,3.586073724,-0.8096735218
groundtruth,55,-2.031836067,-0.4180744028,-2.392733802,-2.002851592,2.538565344,3.600124444,-0.7021910668
groundtruth,55,-0.4672558414,-0.1855051321,2.282242897,-2.488988207,0.8790628166,2.979224483,1.197820889
groundtruth,55,1.369557976,0.1082816912,0.3463610959,-2.557669988,0.1376715656,3.079690168,1.76022004
groundtruth,55,1.609241278,0.1036433799,0.1314717492,-2.551670285,0.2829382438,3.073543002,1.64846584
groundtruth,55,1.235321168,0.114212529,0.4638602611,-2.559367637,0.04236148806,3.081369041,1.833566007
groundtruth,55,-1.671427022,-0.1055040889,-2.884747709,-2.555524256,0.2018126546,3.077528272,1.710866969
groundtruth,55,0.08431837509,-1.762799978,1.48409334,-2.448523618,1.987264147,1.596107607,1.013544279
groundtruth,55,2.506043473,0.152069264,-0.6998839866,-2.504830868,0.765050422,3.010045731,1.281404209
groundtruth,55,1.239145118,0.3851320783,0.5692993256,-1.978273216,2.733992848,3.578628059,-0.8852883629
groundtruth,55,0.9333110986,0.4962824029,0.9951926593,-2.050285165,2.253394712,3.658933877,-0.4477229736
groundtruth,55,1.537387111,0.1043382543,0.1964502466,-2.553777628,0.2419109234,3.075741348,1.680019483
groundtruth,55,2.301709625,0.1278276779,-0.5082025961,-2.51987617,0.6454007617,3.034088998,1.371207487
groundtruth,55,-1.916542764,-0.3880649898,-2.552754922,-1.980500927,2.71316943,3.580398237,-0.8655843858
groundtruth,55,0.08595570352,-0.989144433,1.638571376,-2.413613168,1.629527249,2.263047535,0.873859697
groundtruth,55,2.581799969,0.1650898195,-0.7714173999,-2.498177271,0.8140905959,2.997860315,1.245154924
groundtruth,55,-1.741477275,-0.1073006984,-2.822299329,-2.557088491,0.1577315026,3.07910879,1.744783608
groundtruth,55,0.2442847406,0.5996718946,1.335260256,-2.426890769,-1.324942449,2.711804967,2.80682056
groundtruth,55,1.752975028,0.3454921624,-0.1314282853,-1.967225524,-2.856744104,3.570297374,-1.548773426
groundtruth,55,-1.980491976,-0.4032623355,-2.464037306,-1.991997215,2.617290529,3.590071466,-0.7754017267
groundtruth,55,0.09616081225,-1.528267887,1.525335878,-2.433507275,1.874541126,1.791526154,0.9510738038
groundtruth,55,0.1615112618,0.9636767993,1.470459665,-2.412770091,-1.560259634,2.387542534,2.861703995
groundtruth,55,-2.792117358,-0.4113932756,-1.927905295,-2.453966606,-1.116408749,2.876489845,2.69571881
groundtruth,55,1.423370137,0.1066018235,0.298581769,-2.556630475,0.1724214208,3.078609447,1.733498423
groundtruth,55,-0.9153282387,-0.4133521036,2.39534319,-2.042647173,-2.295756833,3.64737692,-2.066785614
groundtruth,55,-2.072727899,-0.1262941685,-2.535960701,-2.558602788,-0.09755682088,3.080615697,1.941246686
groundtruth,55,1.35247458,0.3660749136,0.4125203658,-1.964383167,2.897500038,3.568270954,-1.041118337
groundtruth,55,1.667361157,0.1034911712,0.07863236903,-2.549799031,0.3149671991,3.07156255,1.623843908
groundtruth,55,2.751694899,0.2077826271,-0.9335953354,-2.48032346,0.9384955608,2.959212515,1.155434176
groundtruth,55,0.1667670515,0.9232397056,1.45878627,-2.412999865,-1.538937326,2.423589453,2.860827064
groundtruth,55,0.1923237739,0.7773387573,1.411092676,-2.416110557,-1.454470397,2.553753202,2.848876735
groundtruth,55,1.869947234,0.1056931294,-0.1071036744,-2.542245839,0.421329285,3.063151662,1.542161078
groundtruth,55,-2.166713379,-0.4727440214,-2.20479912,-2.037826016,2.323046867,3.640522997,-0.5077789527
groundtruth,55,1.576358858,0.1038917127,0.161257511,-2.552664536,0.2643729736,3.074585154,1.66274331
groundtruth,55,1.720117637,0.3448654506,-0.08762709653,-1.964381254,-2.897500038,3.5682696,-1.509702795
groundtruth,55,0.08840944249,-1.698544217,1.49518981,-2.444015837,1.955039208,1.648697757,0.9946017097
groundtruth,55,0.8772895123,0.5356915337,1.074791076,-2.068029269,2.156302978,3.690699057,-0.3674083791
groundtruth,55,2.103908038,0.3822719252,-0.5894646297,-2.018224259,-2.438675412,3.616180886,-1.940076139
groundtruth,55,-1.204299774,-0.3572110459,2.767545199,-1.989855144,-2.633978525,3.588197257,-1.759822885
groundtruth,55,-2.157668367,-0.4681460406,-2.217465437,-2.035193015,2.337989345,3.636979871,-0.5208881972
groundtruth,55,-1.123308081,-0.1102260211,2.897300005,-2.535646801,0.4967562015,3.055265885,1.484357354
groundtruth,55,-1.101505098,-0.1111154489,2.877084388,-2.53457949,0.5078793858,3.053952748,1.475864905
groundtruth,55,2.414511215,0.4984541957,-0.9891853409,-2.084257184,-2.067242491,3.727587167,-2.25260216
groundtruth,56,-1.531008793,1.24403024,0.8943359011,-1.977688714,-2.225512066,1.904801856,-2.46388453
groundtruth,56,-0.1136563226,1.256665701,-0.3604008025,-1.523070473,2.114513503,3.596493241,0.7279429026
groundtruth,56,-0.04103376692,1.300434745,-0.48505444,-1.46817336,2.41172228,3.549077725,0.499057249
groundtruth,56,-0.5286817667,0.8829675488,-0.1604043209,-1.899577724,-1.701866471,2.652627646,-2.154443217
groundtruth,56,-1.509918681,1.220772584,0.8731894826,-1.974588441,-2.207677344,1.92630402,-2.449953464
groundtruth,56,0.04950962777,1.13438351,-0.7851689691,-1.940313658,-1.130604518,3.11966113,-2.306716942
groundtruth,56,-0.299597506,1.201356221,-0.1235967069,-1.581876047,1.747985452,3.739911355,0.9346873578
groundtruth,56,-0.1216889486,1.252356951,-0.3486052367,-1.528214899,2.090188534,3.601274341,0.7447304632
groundtruth,56,0.2124545551,1.259353153,-0.7694601972,-2.06574275,0.15830923,3.237550231,2.897300005
groundtruth,56,2.755570597,-0.91086073,2.826402191,-1.895569852,-1.626951385,2.751460016,-2.140197092
groundtruth,56,0.1370877698,1.201621455,-0.8423099602,-2.00370508,-0.7600462545,3.200215512,-2.590015509
groundtruth,56,0.3389891343,1.409159913,-0.774928194,-1.932862769,1.175463483,3.103037588,2.067752872
groundtruth,56,0.5540992772,1.677753173,-0.9706139115,-1.894660821,1.57805316,2.81003059,1.927055655
groundtruth,56,-0.07580909317,1.045618962,-0.6559790944,-1.906056494,-1.368335786,3.001064112,-2.177708045
groundtruth,56,0.517464946,1.626064516,-0.937177276,-1.895203574,1.527845528,2.864677288,1.928940462
groundtruth,56,0.324934384,1.393597365,-0.7635250867,-1.940484292,1.129591455,3.120008036,2.097463267
groundtruth,56,-1.844914967,1.762799978,1.174090919,-2.037470815,-2.624374591,1.550910602,-2.795716698
groundtruth,56,2.897300005,-0.9583072037,2.671015251,-1.895044822,-1.534255877,2.858043546,-2.138308386
groundtruth,56,0.227449141,1.278113908,-0.7412610837,-2.046909613,0.4303332788,3.228375429,2.660799751
groundtruth,56,0.2142289666,1.261419633,-0.7654452642,-2.064262574,0.1931627933,3.236883664,2.867466601
groundtruth,56,0.2329104237,1.285334012,-0.7348745832,-2.038064372,0.5122266462,3.223519252,2.590041249
groundtruth,56,-0.1725137515,1.23199501,-0.2788494757,-1.551540213,1.959982827,3.64050485,0.8311838058
groundtruth,56,-1.460620165,1.170793165,0.8232796895,-1.967786586,-2.168736497,1.974901878,-2.419975523
groundtruth,56,2.879053507,-0.9509707887,2.691117332,-1.894800987,-1.547754836,2.843703013,-2.137482484
groundtruth,56,-1.238828062,1.007820381,0.5938474242,-1.943166374,-2.027792673,2.167808739,-2.318016692
groundtruth,56,-1.278979851,1.031018921,0.635773425,-1.947012673,-2.050178998,2.135596966,-2.333391688
groundtruth,56,-2.873420628,-1.663440659,1.904707474,-1.570798589,-1.838608855,3.690593099,-1.107477737
groundtruth,56,1.748980051,-1.111023532,-2.3879809,-1.959270812,-2.12038814,2.038238603,-2.383731514
groundtruth,56,-2.876368753,-1.656184863,1.911452433,-1.568967073,-1.851768391,3.684251322,-1.101237301
groundtruth,56,-0.06942124151,1.281303046,-0.4316924649,-1.492235703,2.277044254,3.566140735,0.6059089166
groundtruth,56,-0.3156463225,1.199241818,-0.1048595343,-1.583828257,1.727656708,3.752500057,0.9412260599
groundtruth,56,0.2035115659,1.540279659,-1.100400419,-1.51441214,-2.159933286,3.586653934,-0.9048232676
groundtruth,56,2.849457401,-0.9399789204,2.723510697,-1.894447048,-1.569799795,2.821453031,-2.136159359
groundtruth,56,0.1775562365,1.230004149,-0.8309463768,-2.049237047,-0.4063588011,3.229590265,-2.891521144
groundtruth,56,0.6079727777,1.759179404,-1.01860828,-1.896328545,1.647040417,2.726088001,1.932933246
groundtruth,56,-0.3152385879,1.199238404,-0.1053037675,-1.584019643,1.727590877,3.752256427,0.9416450868
groundtruth,56,-1.275018496,1.028622747,0.6316428221,-1.946622564,-2.047922028,2.138821567,-2.331825345
groundtruth,56,0.1607742315,1.485378745,-1.007768124,-1.46651153,-2.421529381,3.548050843,-0.701077244
groundtruth,56,0.3815593506,1.456899181,-0.8119505584,-1.915814013,1.288576403,3.050164464,2.003429263
groundtruth,56,0.03981991846,1.126931868,-0.7761447557,-1.93598302,-1.156482947,3.11031437,-2.289780155
groundtruth,56,0.1119434148,1.434954569,-0.8864402526,-1.419287748,-2.770180725,3.524544518,-0.4142763863
groundtruth,56,1.928951712,-0.9939440049,-2.575152589,-1.940797875,-2.013737294,2.188272558,-2.308545187
groundtruth,56,-0.3024323614,0.9363522326,-0.4068632387,-1.894661344,-1.574358854,2.814037532,-2.137998612
groundtruth,56,-0.3537627144,0.9198136585,-0.3504144472,-1.895049607,-1.607937568,2.774839629,-2.138360681
groundtruth,56,0.5186157056,1.627641081,-0.9382313662,-1.895156827,1.529499602,2.862996769,1.928756381
groundtruth,56,1.343608534,-1.662121532,-2.002166416,-2.027406625,-2.543827441,1.60339474,-2.726635588
groundtruth,56,1.500253268,-1.386778062,-2.139513619,-1.995902562,-2.333151118,1.785425826,-2.5501973
groundtruth,56,0.3082138284,1.375091088,-0.7508772804,-1.951260327,1.06693393,3.139888414,2.140652211
groundtruth,56,-0.2310078815,1.214610147,-0.2053393975,-1.569412735,1.848369294,3.685936199,0.8928468889
groundtruth,56,-1.541718274,1.256293816,0.9050049188,-1.97932025,-2.234873115,1.893720835,-2.471225184
groundtruth,57,1.709675203,1.140524566,-2.79164195,-1.171591644,2.502221301,3.19240055,1.480786875
groundtruth,57,0.2386998576,-0.6884139252,0.4093432165,-1.517543331,-2.477841246,2.426686616,-1.460926997
groundtruth,57,0.6276684557,1.255715503,2.873736985,-1.502120634,2.433262947,2.482950756,2.828719988
groundtruth,57,1.530277739,-0.5716158759,-0.1159541502,-1.598340522,-2.861357236,2.124279419,-2.035666428
groundtruth,57,-1.621632334,-1.138437394,-0.02017755033,-1.471241896,-0.7829720232,3.603704045,-1.238277586
groundtruth,57,-1.593575324,-1.141983787,0.002182388537,-1.486837949,-0.747555209,3.590632735,-1.309497143
groundtruth,57,1.72748558,1.130465882,-2.787638869,-1.155638532,2.556743931,3.20412781,1.404480921
groundtruth,57,-0.31257898,0.9019517811,2.634861336,-1.60230279,2.897500038,2.1094092,-2.750999607
groundtruth,57,-0.1398068117,0.9764613276,2.641469521,-1.59155959,2.808595104,2.149664158,-2.875530068
groundtruth,57,1.639471675,-0.580855056,-0.1664360376,-1.602083703,-2.895616334,2.110259978,-2.083186287
groundtruth,57,1.420734808,-0.5654129635,-0.06443436578,-1.594183693,-2.827948079,2.139809508,-1.989036581
groundtruth,57,-1.497359784,-1.149798043,0.08493120127,-1.541928868,-0.5811465166,3.552154546,-1.595763275
groundtruth,57,-0.493044712,-0.9152243139,0.438164301,-1.412662826,-2.26397856,2.780085426,-0.9906053998
groundtruth,57,-1.070351084,-1.014519007,0.5596967338,-1.515721724,0.6692979155,3.56900204,2.897268336
groundtruth,57,-2.874212535,0.6812786493,-2.739085584,-1.520426648,-2.486754045,2.416096194,-1.476009547
groundtruth,57,0.654496945,1.26162718,2.8867674,-1.497907461,2.421979966,2.498146082,2.808167009
groundtruth,57,1.945643805,1.091307707,-2.721003731,-1.592509187,0.3261188209,3.525520312,-2.865850393
groundtruth,57,1.982593152,1.066164893,-2.881323893,-1.179885654,-2.476498986,3.185850239,-0.07279397111
groundtruth,57,-1.44002639,-1.150362085,0.1402549158,-1.572855615,-0.4457022196,3.535055671,-1.800450441
groundtruth,57,-1.547891406,-1.19678906,0.2963554654,-1.252543376,2.30948782,3.111695608,1.819616715
groundtruth,57,-0.1631916614,0.9662779706,2.639520886,-1.593233575,2.820768138,2.143386567,-2.858413565
groundtruth,57,2.210536712,0.9082645386,-2.456252877,-1.42468679,0.8630073998,3.650143968,2.485240187
groundtruth,57,-2.400211923,0.5931982574,-2.897259189,-1.558992954,-2.629702391,2.272129639,-1.702327988
groundtruth,57,-2.459762517,-1.267278753,-0.2412942327,-1.493541423,2.410666987,2.513799328,2.787170282
groundtruth,57,-0.07640376631,-0.7784977035,0.4577906982,-1.480674152,-2.379480224,2.559366773,-1.281062375
groundtruth,57,1.472494977,-0.5679627279,-0.08885793115,-1.596191703,-2.843623283,2.132291924,-2.010965969
groundtruth,57,1.740487508,1.122962978,-2.786199228,-1.14347048,2.603790058,3.212368267,1.342012521
groundtruth,57,-1.731997962,-1.258043301,0.1841921322,-1.331883282,2.231222328,2.981948709,2.122832632
groundtruth,57,-1.5197527,-1.14864161,0.06463928874,-1.529092811,-0.6266727062,3.560109172,-1.522738883
groundtruth,57,-1.208185697,-1.097223362,0.405992969,-1.597606244,0.2863702674,3.523196621,-2.810238741
groundtruth,57,-0.9706912948,-0.939829407,0.6521618695,-1.44868648,0.8264437769,3.624779009,2.585489474
groundtruth,57,-1.509838733,-1.180069876,0.3170385394,-1.2298483,2.351433293,3.138550343,1.729751797
groundtruth,57,2.838808958,-0.906085667,-0.5068859174,-1.601734696,2.891715981,2.11138109,-2.758006178
groundtruth,57,2.779327151,0.8721451817,-2.686717637,-1.436942321,-2.296132556,2.70581833,-1.089960365
groundtruth,57,-0.3129052609,0.9018073173,2.634836926,-1.60230491,2.897500038,2.109348201,-2.750619595
groundtruth,57,-1.271168056,-1.071115693,0.2785535006,-1.095845117,-2.872748548,3.239829784,0.4267489445
groundtruth,57,-1.393567003,-1.147693986,0.1888192437,-1.593686327,-0.3174051097,3.524979391,-1.983764007
groundtruth,57,-0.6762644122,-0.9719235543,0.3997418124,-1.37237935,-2.233331954,2.889904708,-0.8319281373
groundtruth,57,0.9228569203,-0.5746329296,0.1671917949,-1.570226313,-2.682473868,2.229853683,-1.780799542
groundtruth,57,2.848009657,-0.9100255774,-0.5068565835,-1.601194909,2.887805945,2.11356688,-2.764293653
groundtruth,57,-2.465704754,-1.266082188,-0.244257533,-1.49449709,2.413110309,2.510380737,2.791740711
groundtruth,57,2.863324251,-0.9165392447,-0.5067717998,-1.60052657,2.881316861,2.116124103,-2.775844049
groundtruth,57,-0.2408454332,0.9326130243,2.635427665,-1.5982939,2.861033597,2.124421244,-2.802148704
groundtruth,57,-0.1090374547,0.9898614722,2.644538372,-1.58925249,2.792557445,2.158302888,-2.897300005
groundtruth,57,-2.605033174,-1.233049177,-0.3101332687,-1.515902556,2.472841993,2.4327157,2.897300005
groundtruth,57,0.176836543,-0.7044758672,0.4227900201,-1.511089315,-2.458538625,2.450346017,-1.427712843
groundtruth,57,-1.34539829,-1.091311096,0.3400406764,-1.093141555,2.897500038,3.241207167,0.99076684
groundtruth,57,1.938833246,1.06823161,-2.883433482,-1.147795875,-2.586354861,3.209510487,0.08099499204
groundtruth,57,-2.439148016,0.5982656338,-2.881633068,-1.5563676,-2.618271717,2.282010004,-1.685058185
groundtruth,57,-1.074202544,-1.058518602,0.2787193001,-1.231780696,-2.347485607,3.136418241,-0.2917234485
groundtruth,58,-2.320693984,1.410585458,-2.423693122,-1.492175591,-0.54501526,0.7245777604,1.0641071
groundtruth,58,-2.441341957,1.509703524,-2.532577263,-1.511994472,-0.4754647097,0.7924850728,0.9344797388
groundtruth,58,0.9267106394,-1.304574882,0.81539029,-1.470662273,-0.6064564288,0.6525943534,1.189434181
groundtruth,58,-0.06074083599,-1.744208851,-0.0578713274,-1.567498306,-0.06231660252,0.9869655174,0.2662673439
groundtruth,58,-2.018817433,1.05147885,-2.135370034,-1.416031036,-0.7150317451,0.4815452023,1.467126356
groundtruth,58,2.194963824,1.297902018,2.335165976,-1.514974154,0.4637695171,0.8027088081,-0.5719699577
groundtruth,58,-1.332381664,-0.7749478017,-1.128088222,-1.419679219,0.7096184429,0.4923028722,-1.108256742
groundtruth,58,2.723141283,0.01242755639,0.3435869092,-1.159398358,0.5029722873,0.01142422449,-2.291432016
groundtruth,58,2.881786504,0.01217989121,0.1835180485,-1.158293219,0.4990382372,0.01043416333,-2.297725426
groundtruth,58,-2.636269218,1.628017965,-2.705660913,-1.535948761,-0.3659792485,0.8759549053,0.7458466526
groundtruth,58,1.257615978,-0.8206918079,1.156856147,-1.358636608,-0.7692804971,0.3267127836,1.726422214
groundtruth,58,1.341023245,-0.634056794,1.277097684,-1.302044986,-0.7669887379,0.2037978083,1.969330619
groundtruth,58,0.9223398443,-1.3093478,0.8113051609,-1.471655322,-0.6039221658,0.6558374302,1.183987554
groundtruth,58,-2.320757588,1.410645993,-2.423748445,-1.492189833,-0.5449761265,0.7246186975,1.064034723
groundtruth,58,2.097638611,1.187973577,2.254594903,-1.497191433,0.5287423167,0.7416415352,-0.6912143672
groundtruth,58,-0.5478974708,-1.607714937,-0.4738242089,-1.55787554,0.2109744307,0.9530399751,-0.1547543591
groundtruth,58,-1.03141,-1.202967673,-0.8766144657,-1.499678829,0.5203619035,0.7501368003,-0.6753572222
groundtruth,58,0.3491684751,-1.690997103,0.2986965682,-1.549567997,-0.2808799502,0.923810526,0.6071254761
groundtruth,58,-0.669759167,-1.534905368,-0.5761798475,-1.548972644,0.2851551153,0.9217289002,-0.2723672445
groundtruth,58,0.8151751634,-1.415805226,0.7126763165,-1.493247369,-0.5416875017,0.728136751,1.05767295
groundtruth,58,1.39138805,-0.44119734,1.41609163,-1.225484754,-0.6761426756,0.08276120003,2.303167148
groundtruth,58,1.066649934,-1.132419638,0.9495352893,-1.434193346,-0.6855865243,0.5361785909,1.379520152
groundtruth,58,-0.2190823938,-1.724550859,-0.1941609806,-1.568304257,0.02341311894,0.9897298233,0.1349847917
groundtruth,58,-0.5005930524,-1.631365963,-0.4339610071,-1.560516763,0.1831246676,0.9623599392,-0.1110408574
groundtruth,58,-1.51994223,-0.4383709346,-1.295335923,-1.337178588,0.7747724588,0.2765282292,-1.477653915
groundtruth,58,1.596085491,0.05737286541,1.512094946,-1.188568707,0.5928743995,0.03981222392,-2.13668125
groundtruth,58,-2.897242841,0.01357916812,-0.3253247336,-1.154610755,0.4855252759,0.007171491653,-2.319096019
groundtruth,58,1.26725107,-0.8015987309,1.168961327,-1.353362769,-0.7712941316,0.3139635405,1.74939785
groundtruth,58,2.11748403,1.211577578,2.271019819,-1.501092167,0.515478554,0.7549884318,-0.6662041759
groundtruth,58,2.741061565,0.01238309648,0.3255022656,-1.159271779,0.5025211947,0.01131063202,-2.29215534
groundtruth,58,-1.853831875,0.7592825219,-1.945680111,-1.341320612,-0.7743144761,0.2858857236,1.801421691
groundtruth,58,-1.756316551,0.4820303944,-1.757356122,-1.243840316,-0.7075048113,0.10753365,2.220718487
groundtruth,58,2.86155013,0.01219213723,0.2039337978,-1.158436299,0.4995334721,0.01056094378,-2.296933631
groundtruth,58,0.6311026902,-0.01843671413,2.424095269,-1.150236022,0.4687711289,0.003378877544,-2.345115945
groundtruth,58,-1.768641036,0.2918308636,-1.586027928,-1.146800978,-0.4550106537,0.0004611670611,2.707741906
groundtruth,58,-1.751166469,0.3540151391,-1.649364262,-1.181482602,-0.573286808,0.03250323022,2.514153183
groundtruth,58,2.439942175,0.01379147463,0.6296643905,-1.16160668,0.5107163522,0.01342210443,-2.2789512
groundtruth,58,-1.790855054,0.2506149239,-1.539066664,-1.124142804,-0.3464248152,-0.01750000007,2.864517788
groundtruth,58,1.18902652,-0.9454582693,1.076743969,-1.390901892,-0.7458503999,0.4101816006,1.583367889
groundtruth,58,-0.7133639429,-1.504465243,-0.6126353967,-1.544990841,0.3123973129,0.9077071953,-0.3162924686
groundtruth,58,-1.059955519,-1.16848708,-0.900245715,-1.493927904,0.5394230094,0.7305281289,-0.7116660099
groundtruth,58,0.7720832239,-1.453313095,0.6736168836,-1.500732166,-0.5167483464,0.7537401037,1.010187572
groundtruth,58,0.6808840168,-1.523565566,0.5916026939,-1.514619318,-0.4639698937,0.8019720222,0.9151855607
groundtruth,58,1.144636073,-1.017840764,1.028963335,-1.408250717,-0.725784849,0.4588818487,1.503711171
groundtruth,58,2.583508135,0.01293209957,0.4845600481,-1.160430707,0.5066123968,0.01235534636,-2.285581488
groundtruth,58,-2.180781559,1.266196781,-2.294198499,-1.462736288,-0.6261348397,0.626615959,1.232783522
groundtruth,58,-1.772907015,0.2824119244,-1.575641637,-1.141496211,-0.4325989203,-0.003942886554,2.741321665
groundtruth,58,-0.8438540346,-1.398380557,-0.721264866,-1.530142183,0.3960321413,0.8556279841,-0.4546255282
groundtruth,58,0.970947157,-1.254364045,0.8569799836,-1.460270026,-0.6319554569,0.618608307,1.245995719
groundtruth,58,-0.3015503962,-1.70525192,-0.26475863,-1.567289844,0.06900338745,0.9862358964,0.06509557663
groundtruth,59,-1.616299491,0.6372551038,-0.5201566056,-0.8467362954,-0.6638442854,0.5388896198,-0.4121038333
groundtruth,59,-2.355721667,0.9064635049,1.376232066,-0.724514555,-1.773174339,0.08224045647,-0.1269342579
groundtruth,59,1.816802874,-1.273548053,1.216985689,-0.9273408325,0.09759042995,0.7160613557,-1.093231257
groundtruth,59,0.7564424033,-1.025206423,-1.483772446,-0.7772213911,-2.148191212,-0.01631455897,-0.2262522087
groundtruth,59,-1.38252827,0.7709308339,-1.050521473,-0.8911679557,-0.4337918493,0.6364489476,-0.5930952946
groundtruth,59,-1.398428121,0.7544662452,-1.005765251,-0.8879508998,-0.4560630947,0.6287502228,-0.5748040247
groundtruth,59,1.758283376,-1.386676233,1.032596549,-0.9185992511,0.2253411033,0.6968593649,-1.215422006
groundtruth,59,0.7640072646,-0.985399299,-1.569566103,-0.753394816,-2.013909384,0.01584955336,-0.1783226577
groundtruth,59,1.770830838,-1.366533211,1.067294867,-0.9207868964,0.2014269324,0.701589355,-1.19274884
groundtruth,59,-1.279777693,1.054136792,-1.593403878,-0.9259987357,-0.1267176604,0.7130146766,-0.8757676917
groundtruth,59,1.27664323,-1.647864309,0.03258071447,-0.7982305944,0.8889608693,0.4299980753,-1.722217927
groundtruth,59,-2.187183504,1.493122316,2.347407531,-0.7166653394,1.585678314,0.1414238392,-1.882856951
groundtruth,59,-1.603756458,0.6408860471,-0.5452386738,-0.848881615,-0.6537912563,0.5435913854,-0.4192174112
groundtruth,59,-1.280315862,1.026634214,-1.550293694,-0.9243219684,-0.154355389,0.7093690396,-0.8492291519
groundtruth,59,1.383504175,-0.6118469735,2.897300005,-0.823143571,-0.7730360463,0.4865578459,-0.3400682986
groundtruth,59,1.718555158,-0.7330362616,2.199251717,-0.8823147104,-0.4848384937,0.6170242927,-0.5499762958
groundtruth,59,-2.274618489,0.767334679,0.9560983338,-0.7225795573,-1.395092676,0.2089202118,-0.1237376832
groundtruth,59,-2.169003276,1.510693688,2.407272759,-0.7170392292,1.523620715,0.1625300485,-1.882238414
groundtruth,59,-1.291826995,1.164456915,-1.760138119,-0.9293200864,-0.01577174643,0.7204360359,-0.9832209693
groundtruth,59,-1.904349924,0.6112051875,0.03917997418,-0.7983787448,-0.8882185874,0.4303506621,-0.2752480828
groundtruth,59,-1.408124613,1.422433314,-2.173527248,-0.9141068695,0.2696219151,0.6868826639,-1.256801812
groundtruth,59,1.860480147,-1.092390778,1.489135214,-0.9282174463,-0.08752506806,0.717468697,-0.9131410712
groundtruth,59,1.776875354,-0.79157958,2.038467957,-0.8953759427,-0.4079029357,0.6456839425,-0.6155000211
groundtruth,59,1.857803247,-0.9927532508,1.646141561,-0.9208595704,-0.1881414844,0.7029566233,-0.8165614324
groundtruth,59,-1.612008441,0.6384715427,-0.5287213489,-0.8474636472,-0.66041775,0.5404939284,-0.4145236644
groundtruth,59,-1.454639367,0.7096099557,-0.8652873894,-0.8759520417,-0.5195957942,0.6029720033,-0.5214668833
groundtruth,59,1.134881217,-1.615627389,-0.2821358732,-0.7544682144,1.120706755,0.3214210244,-1.816856823
groundtruth,59,-1.313741081,0.8764119361,-1.28852716,-0.9093021245,-0.3103258116,0.6762832798,-0.702780604
groundtruth,59,-1.353269933,0.8066445397,-1.13928832,-0.8982151707,-0.3896665163,0.6519208256,-0.6314871104
groundtruth,59,-1.567206324,0.6530658618,-0.6194903954,-0.8551700247,-0.623756275,0.5574499927,-0.4409731731
groundtruth,59,-2.240238266,0.7338165883,0.8343624263,-0.7299651841,-1.307547851,0.2427292831,-0.1358293155
groundtruth,59,-1.333569779,0.8370424954,-1.207565692,-0.9034322125,-0.3542061949,0.6633835047,-0.6630189811
groundtruth,59,1.064157235,-0.6450852863,-2.739922152,-0.7658154643,-1.054052815,0.3515840799,-0.202712577
groundtruth,59,0.9540194978,-1.492746441,-0.7954696377,-0.7166882248,1.587019904,0.1409703809,-1.88286526
groundtruth,59,1.48435156,-1.615585312,0.4438644764,-0.8567782237,0.6159877337,0.5609900793,-1.55038681
groundtruth,59,1.431460191,-1.632787997,0.3410509348,-0.8427865372,0.6827025965,0.5300149334,-1.59822749
groundtruth,59,-1.583776379,1.580401887,-2.553679633,-0.8753435555,0.5225570854,0.6017295734,-1.477996567
groundtruth,59,-1.483667909,1.506171326,-2.347242516,-0.8982453766,0.3866812481,0.652538756,-1.362619358
groundtruth,59,-2.181277903,0.6917662152,0.6585163855,-0.7433417161,-1.194941791,0.2890950655,-0.1594657069
groundtruth,59,1.628201144,-0.6759218829,2.408674476,-0.864766131,-0.5767700334,0.5785308319,-0.4763573754
groundtruth,59,0.7725127071,-0.9498013632,-1.653997379,-0.7374671772,-1.901770129,0.04540779734,-0.1489670766
groundtruth,59,1.861353076,-1.028598844,1.588193856,-0.9244317473,-0.1523779773,0.7096421508,-0.8511236875
groundtruth,59,1.69009401,-0.7117843844,2.268810529,-0.876525519,-0.5162733145,0.6043282438,-0.5241885729
groundtruth,59,-2.325257077,0.8382117593,1.183406463,-0.71673148,-1.58285494,0.1423833792,-0.1143006817
groundtruth,59,1.849454307,-1.165958557,1.379215411,-0.9293308536,-0.01424718366,0.720458124,-0.9847027114
groundtruth,59,1.772424464,-1.363853608,1.071835572,-0.9210574096,0.1982873377,0.7021725021,-1.18977256
groundtruth,59,-1.466740083,1.490224936,-2.310668782,-0.9022618133,0.3624090351,0.660811995,-1.341427146
groundtruth,59,1.711205961,-1.450566268,0.9139619761,-0.9097844147,0.3064524104,0.6773490464,-1.29077488
groundtruth,59,-2.346724123,0.8829431794,1.312191846,-0.7201685025,-1.706058768,0.1026533371,-0.1198060916
groundtruth,59,1.023488484,-1.553145966,-0.5773094949,-0.7242916297,1.371690953,0.2177276654,-1.870780113
groundtruth,60,-2.25896764,0.5035417567,0.6135839428,-0.5775985416,2.379105002,0.4285267056,-1.517902056
groundtruth,60,-1.526114248,0.6003608128,-1.075782347,-0.5705697772,-2.33554106,0.4375159542,-1.005355525
groundtruth,60,1.044458303,-1.127722105,-0.2619070918,-0.6501033339,0.1391358568,0.9295674057,-1.321890794
groundtruth,60,1.589637311,-0.8648721549,1.177750906,-0.4957293452,-1.373728092,0.6550330563,-0.9556314425
groundtruth,60,0.8175708944,-0.98640835,-0.788173562,-0.5897075137,0.6859321489,0.8311585241,-1.501313609
groundtruth,60,1.598053735,-0.8397085701,1.265555097,-0.4905908674,-1.467166722,0.6334707027,-0.9543718694
groundtruth,60,-1.520554507,0.7588983679,-1.592923059,-0.4965341035,-1.770535537,0.5648869269,-0.955292204
groundtruth,60,0.858205575,-1.027926595,-0.6633894706,-0.6090614918,0.5569639114,0.862608569,-1.468025953
groundtruth,60,0.8208432797,-0.549417947,-2.313817064,-0.5467643174,2.186295029,0.46994034,-1.549210265
groundtruth,60,1.562451948,-0.5300565136,2.312190413,-0.6115276965,-2.601960741,0.3877054628,-1.068549368
groundtruth,60,1.312164155,-0.6555108179,2.563979763,-0.2847823259,-2.771799633,0.5169326444,-1.201098537
groundtruth,60,-1.561920071,0.5464547471,-0.8912055981,-0.602057848,-2.536055201,0.3987327777,-1.05024282
groundtruth,60,1.060329009,-1.131867703,-0.2327354822,-0.6513529701,0.1087380925,0.9315286269,-1.309761544
groundtruth,60,-1.816750552,1.12199051,-2.892192987,-0.6299632915,-0.3938294478,0.8965995707,-1.114678396
groundtruth,60,1.467309214,-0.8028054236,1.418881302,-0.3275122784,-1.61609263,0.6192041637,-1.058575716
groundtruth,60,1.322769877,-1.122768507,0.2452103067,-0.6306269109,-0.3894466943,0.8974668256,-1.11613294
groundtruth,60,-1.517959014,0.7446810964,-1.544080288,-0.5001767089,-1.823249675,0.5530004839,-0.9568870166
groundtruth,60,0.7508687795,-0.6887713673,-1.765756639,-0.4902992699,1.66431519,0.5889710592,-1.577371694
groundtruth,60,1.390786664,-1.092729991,0.3900318744,-0.6085250764,-0.5406062584,0.8647032793,-1.068080958
groundtruth,60,-2.228031803,0.8174613513,1.848216719,-0.3163845144,1.170744283,0.6847156729,-1.450055728
groundtruth,60,1.409812796,-1.084505677,0.4316293525,-0.6055448341,-0.5846075573,0.8563024744,-1.055730706
groundtruth,60,0.7550977908,-0.8768359,-1.110102476,-0.5377368839,1.014414272,0.7444465425,-1.55601835
groundtruth,60,1.510069336,-0.4948522872,2.46267362,-0.6311080688,-2.758422111,0.3657676437,-1.118338906
groundtruth,60,0.7599636441,-0.8906450526,-1.068380993,-0.5442013062,0.9722436653,0.755595136,-1.551318368
groundtruth,60,1.474348703,-1.03861482,0.6016204564,-0.5776110827,-0.7634182585,0.8111550052,-1.013450688
groundtruth,60,0.7495075275,-0.6959358477,-1.738464358,-0.489464755,1.63764228,0.594973922,-1.577522921
groundtruth,60,-1.680198885,1.049175214,-2.577228312,-0.5836831395,-0.7241645668,0.8213387317,-1.02171857
groundtruth,60,0.9808347796,-0.4632942913,-2.775150706,-0.6102273939,2.592928826,0.3891760516,-1.465656302
groundtruth,60,-1.553595634,0.5561277224,-0.9256460779,-0.5962561815,-2.49889268,0.4054059728,-1.040719279
groundtruth,60,0.8747862061,-0.5077585596,-2.505314303,-0.5747928637,2.359045526,0.4324722711,-1.52203764
groundtruth,60,1.172920207,-1.145528949,-0.03163782505,-0.6515218176,-0.1007803828,0.9319148417,-1.225045243
groundtruth,60,-2.108661154,0.4504391191,0.2553046731,-0.6227323048,2.686906062,0.3750121169,-1.437071461
groundtruth,60,0.800346086,-0.9647429926,-0.8515631254,-0.5796775525,0.7511648946,0.8143936106,-1.515716597
groundtruth,60,-1.672912695,0.4759597855,-0.5805374807,-0.6407342026,-2.857049988,0.3553803404,-1.153662558
groundtruth,60,0.7606421127,-0.6502335836,-1.913214699,-0.4988299562,1.807659921,0.5565568423,-1.575122265
groundtruth,60,1.622190035,-0.7530759801,1.568746783,-0.4979759408,-1.792189469,0.5599976209,-0.9558683444
groundtruth,60,1.465436168,-0.4747214693,2.568275915,-0.6413082748,-2.864133691,0.3547587122,-1.156288968
groundtruth,60,1.574215527,-0.9038571396,1.045089377,-0.5087320843,-1.232820796,0.6887739369,-0.9598731623
groundtruth,60,0.7455504145,-0.7203937622,-1.645677159,-0.4886954579,1.546724717,0.6154327335,-1.577651871
groundtruth,60,-2.014660184,0.4369289985,0.07145095682,-0.6393588117,2.84137957,0.3568470856,-1.383739162
groundtruth,60,0.9955808188,-1.111400179,-0.3544286313,-0.6445438785,0.2355703299,0.9204691379,-1.359516116
groundtruth,60,1.612939951,-0.7890289664,1.4443023,-0.4900440677,-1.658182422,0.5903558843,-0.9542239879
groundtruth,60,1.189509909,-1.14541049,-0.002146399779,-0.6505318469,-0.1314964045,0.9301428391,-1.212746525
groundtruth,60,-1.573406011,0.9177264595,-2.142283053,-0.5149484355,-1.184262717,0.7008577726,-0.9619310735
groundtruth,60,0.7605513983,-0.892265909,-1.063543417,-0.5450043845,0.9673511458,0.7569025726,-1.550754467
groundtruth,60,1.620997769,-0.6146965452,2.019284757,-0.5623619832,-2.284504545,0.448343901,-0.9965233017
groundtruth,60,-1.644024936,0.4883680843,-0.6476393233,-0.6346721262,-2.790169232,0.3620269729,-1.129363926
groundtruth,60,-1.532395203,0.8025370436,-1.744845117,-0.488853111,-1.607225548,0.6018132253,-0.9539758643
groundtruth,60,1.270005154,-0.9377864939,0.3396610267,-0.2882057168,-0.4970218957,0.7510948497,-1.179350235
groundtruth,60,-2.37340083,0.9104258968,2.131892025,-0.5537359448,0.9127433369,0.7714790869,-1.543676905
groundtruth,61,-1.411520658,0.3659796231,0.1264327505,-2.86889202,1.940554039,1.189757529,-1.274117384
groundtruth,61,-0.2968668461,0.5344241722,-0.7853660574,-2.91990231,2.30691385,0.7910676428,-1.033390459
groundtruth,61,-1.85192092,0.4267356886,0.5083132266,-2.857537628,1.852505924,1.348594147,-1.321809674
groundtruth,61,-1.549133525,0.3766364668,0.246952318,-2.865326169,1.913960885,1.234629381,-1.289249753
groundtruth,61,-1.451508199,0.3686167118,0.1613869453,-2.867771292,1.932629595,1.20214368,-1.278601786
groundtruth,61,-2.520089837,0.8201699372,1.007454485,-2.839470896,1.637771509,1.840982865,-1.39506214
groundtruth,61,-2.552740677,-1.279482532,2.377421032,-2.915784771,-2.275455802,0.8129815727,0.1430764423
groundtruth,61,-0.2602573319,0.5519087512,-0.8076130743,-2.923562348,2.335548567,0.7725476871,-1.01345519
groundtruth,61,0.7971743168,1.484613173,-0.7308403868,-2.882741032,-2.039390242,1.045158978,0.3016273901
groundtruth,61,0.4618909298,1.14965525,-0.7887201902,-2.941432446,-2.488684428,0.6928840154,-0.005640824376
groundtruth,61,1.058338991,-0.5010073135,-2.441770518,-2.851266909,1.79720468,1.463218414,-1.347557306
groundtruth,61,-1.119766682,0.3633744078,-0.1290976953,-2.877047511,1.999336662,1.099719061,-1.238900382
groundtruth,61,0.4266170396,1.113544714,-0.7986189178,-2.948965684,-2.5632228,0.6640207241,-0.05773945762
groundtruth,61,0.5178253495,1.207258477,-0.7767849012,-2.929867521,-2.386753666,0.7425266777,0.06557599596
groundtruth,61,-0.6321449831,0.4232972635,-0.5411920857,-2.895760908,2.131663479,0.9366553584,-1.152394021
groundtruth,61,1.02040351,1.684968626,-0.6789012498,-2.860220757,-1.874339617,1.306464059,0.3985225291
groundtruth,61,-2.091612262,-1.709361657,2.471513908,-2.858027943,-1.856581674,1.34058739,0.4076233376
groundtruth,61,2.76219385,-0.4993382089,2.410521888,-2.912564867,2.251347897,0.8309562303,-1.071891985
groundtruth,61,1.377111254,-0.40784229,-2.707907137,-2.859807518,1.871064312,1.312673303,-1.312377116
groundtruth,61,-1.511757752,0.3730938008,0.2142721393,-2.86628914,1.921192918,1.222157833,-1.285190226
groundtruth,61,-2.075194695,-1.722630184,2.47661929,-2.856889335,-1.84704104,1.359408693,0.4123623306
groundtruth,61,0.5450786993,1.235068756,-0.7716342024,-2.924326782,-2.341640689,0.7687749527,0.09706527367
groundtruth,61,1.095058276,1.745403544,-0.6557172409,-2.854986242,-1.830886859,1.392080813,0.4201790113
groundtruth,61,-1.926438278,0.4463828974,0.5710961428,-2.855559956,1.835840973,1.381961817,-1.329964076
groundtruth,61,0.5350765475,1.224875171,-0.7734710387,-2.926343296,-2.357829916,0.7590172996,0.08577372613
groundtruth,61,0.4693029838,1.157498499,-0.7873611077,-2.940007613,-2.475440201,0.698743245,0.003572266731
groundtruth,61,-2.024041478,-1.762799978,2.493451297,-2.853602438,-1.818630881,1.417528768,0.4259152287
groundtruth,61,0.3118452627,0.9959339703,-0.840527828,-2.969778073,-2.848145998,0.5947297124,-0.2545894084
groundtruth,61,1.069192276,1.724886174,-0.664093463,-2.856693059,-1.845444643,1.362615433,0.4131603687
groundtruth,61,-2.282423882,0.6068848292,0.8529760464,-2.845577604,1.737377797,1.598728976,-1.370612527
groundtruth,61,-0.3137675773,0.5267675906,-0.7746822697,-2.918303958,2.294594467,0.7994431087,-1.041949294
groundtruth,61,0.6966292762,-0.7394181764,-2.178242366,-2.84114254,1.673876127,1.751877452,-1.388422633
groundtruth,61,0.1469573888,-1.605732772,-2.06342981,-2.873446054,1.167944982,2.659790557,-1.254561543
groundtruth,61,0.2252800223,-1.467398756,-2.039868737,-2.856513281,1.297649212,2.518568433,-1.326041651
groundtruth,61,2.28740482,-0.3844483145,2.783925461,-2.886075569,2.062730996,1.015728533,-1.198791703
groundtruth,61,-2.048773964,-1.743644223,2.485134969,-2.855129904,-1.832128905,1.389537806,0.4195895309
groundtruth,61,1.117602057,1.762790242,-0.6481111105,-2.853427728,-1.817805985,1.417762047,0.4256714118
groundtruth,61,-0.1839957162,0.5925164461,-0.849677766,-2.931875608,2.4040568,0.7326710333,-0.9653506942
groundtruth,61,1.558331279,-0.3803168759,-2.864850662,-2.864452455,1.907327682,1.246238612,-1.292934362
groundtruth,61,0.4123525555,-1.12396332,-2.047925386,-2.8395691,1.501194672,2.163790852,-1.3946711
groundtruth,61,0.1809491744,-1.547337754,-2.050904183,-2.865177455,1.228821453,2.60032468,-1.289891014
groundtruth,61,0.8641997998,-0.603545504,-2.292286075,-2.845725725,1.739104621,1.594699755,-1.370032697
groundtruth,61,0.7264290655,1.416363193,-0.7428648246,-2.892526218,-2.107730701,0.9635397597,0.2571893047
groundtruth,61,-0.1372664464,0.6201859934,-0.8711221067,-2.937889223,2.456130043,0.7074702136,-0.9292202204
groundtruth,61,-2.837566543,-0.9870733796,2.298031548,-2.970980291,-2.869006855,0.5928148767,-0.2692191737
groundtruth,61,0.04625314447,-1.757216075,-2.126134876,-2.907255249,0.9292247605,2.812534735,-1.098706476
groundtruth,61,0.3418328864,-1.250070473,-2.035579975,-2.843047012,1.437121147,2.294830889,-1.380780006
groundtruth,61,-2.810524103,1.26996258,1.106972536,-2.843836309,1.426203211,2.315408649,-1.377622074
groundtruth,61,-2.198574593,-1.618563669,2.441848442,-2.866750858,-1.924672649,1.216237096,0.3710751814
groundtruth,61,-1.438197971,0.3675457591,0.1498275603,-2.868194072,1.935391404,1.198255942,-1.277097554
groundtruth,62,-1.606940393,1.762799978,-1.000283143,-2.288074954,-1.861083523,2.166950072,0.5936841886
groundtruth,62,-0.5581942959,-0.8630450524,-2.742794077,-2.425273729,2.891718406,1.1277943,-0.6242860049
groundtruth,62,-1.589778258,-1.760736051,-2.188648589,-2.309292384,1.995908324,1.914863701,-1.342770944
groundtruth,62,1.412683521,-1.57711133,2.189599362,-2.303111164,-1.958429981,1.981947175,0.5335103752
groundtruth,62,-0.5710411377,-0.8673594267,-2.734158849,-2.424703329,2.881202712,1.130301811,-0.6329962314
groundtruth,62,-1.000988163,-1.095422684,-2.46079425,-2.390292854,2.510294527,1.299397434,-0.9399534282
groundtruth,62,1.550349092,1.762799978,0.9533111185,-2.309096626,1.994734648,1.916922493,-1.343582254
groundtruth,62,1.351298908,-1.490166608,2.218816343,-2.311269571,-2.007958915,1.89692122,0.5014075396
groundtruth,62,1.580778855,1.719389142,0.9452244308,-2.313214184,2.019291677,1.874437891,-1.326415021
groundtruth,62,1.550343046,1.762799978,0.953316543,-2.309096245,1.994735316,1.916945692,-1.343570284
groundtruth,62,1.935867451,1.2766156,0.7957361881,-2.364240895,2.326403502,1.456990032,-1.090196712
groundtruth,62,0.9333048561,-1.059939434,2.473967825,-2.363564159,-2.322031391,1.461493774,0.2590514853
groundtruth,62,-1.937469791,1.307272378,-0.8414293741,-2.330520214,-2.121031491,1.712587301,0.4170713413
groundtruth,62,-1.591212877,-1.762792276,-2.188289199,-2.30910072,1.994759216,1.916879369,-1.343565284
groundtruth,62,0.8333425299,-0.9940780275,2.542930893,-2.374305871,-2.393405462,1.392593968,0.2011334154
groundtruth,62,-1.173467807,-1.244387086,-2.362965139,-2.368688035,2.355555868,1.427992702,-1.066689613
groundtruth,62,-0.5510256297,-0.860689326,-2.747620731,-2.425582535,2.897500038,1.126445988,-0.6194359338
groundtruth,62,-1.715645718,1.596501408,-0.9579512723,-2.301407864,-1.947906548,2.001267477,0.5404498275
groundtruth,62,-1.136477348,-1.209112371,-2.383159702,-2.373623162,2.388630804,1.396904883,-1.039699155
groundtruth,62,-2.257229016,1.026197832,-0.6340908451,-2.368932052,-2.357144057,1.42638245,0.2306330814
groundtruth,62,-1.720108761,1.590086788,-0.9558528241,-2.301986666,-1.951314076,1.994186617,0.5378759608
groundtruth,62,-2.269713834,1.01805832,-0.6254633199,-2.370267785,-2.366048458,1.417857696,0.2234026763
groundtruth,62,-1.632011047,1.723515636,-0.9916353975,-2.291018329,-1.881176824,2.127760118,0.5820736084
groundtruth,62,-1.651993511,1.692523421,-0.9842388994,-2.293428554,-1.897166519,2.096884162,0.5725073734
groundtruth,62,-1.912398479,1.335957275,-0.8561020396,-2.327252362,-2.101818332,1.741333914,0.4315341864
groundtruth,62,-2.05931204,1.182341192,-0.7661992441,-2.346014538,-2.212928803,1.586720647,0.3460545858
groundtruth,62,-2.556191328,0.8760232216,-0.4216557044,-2.397085075,-2.565657893,1.262864702,0.05961277621
groundtruth,62,-1.800543387,1.476658451,-0.917308441,-2.312482491,-2.014945253,1.8818655,0.4948072617
groundtruth,62,1.553545667,1.758243402,0.9525092091,-2.309542545,1.997296564,1.912428305,-1.341792563
groundtruth,62,0.9395352784,-1.064490416,2.469749952,-2.362854803,-2.317499661,1.466155098,0.2627232162
groundtruth,62,-2.692119295,0.8334381049,-0.3225644847,-2.407220022,-2.658405729,1.211381688,-0.01708221323
groundtruth,62,-2.520057797,0.8897369624,-0.4478208827,-2.394122983,-2.540879458,1.278648381,0.08006885321
groundtruth,62,-1.960827807,1.28145669,-0.8274771887,-2.3335569,-2.138834569,1.686678673,0.4035194472
groundtruth,62,-1.591243978,-1.762799978,-2.188281431,-2.309096569,1.994734317,1.916923078,-1.343582489
groundtruth,62,-1.905495274,1.344056738,-0.8600845674,-2.326353634,-2.096513364,1.749430723,0.4355221385
groundtruth,62,-1.775686097,1.510653657,-0.9297973977,-2.309208451,-1.995406692,1.91575074,0.50844649
groundtruth,62,-1.606945375,1.762799978,-1.000281497,-2.288075529,-1.861087518,2.166942242,0.5936819273
groundtruth,62,1.338568343,-1.473348255,2.225554784,-2.312802674,-2.016922573,1.878545075,0.4935229923
groundtruth,62,2.158565128,1.082081435,0.6701188617,-2.392312664,2.526345764,1.288333369,-0.9267288577
groundtruth,62,-1.7955083,1.48341341,-0.919849625,-2.311845746,-2.011015391,1.888610699,0.497566639
groundtruth,62,-1.076949211,-1.156206748,-2.416607188,-2.381177367,2.441945182,1.351171696,-0.9957632962
groundtruth,62,-1.591240608,-1.762799978,-2.188282273,-2.309097019,1.994737015,1.916918343,-1.343580625
groundtruth,62,1.528545125,-1.753219704,2.143349291,-2.288783036,-1.865981073,2.157362423,0.5908981332
groundtruth,62,-2.195118066,1.0695328,-0.6765638421,-2.362085929,-2.31252415,1.471418185,0.2667159681
groundtruth,62,1.740198103,1.502558157,0.8888492725,-2.336034114,2.153436742,1.665988421,-1.227003738
groundtruth,62,0.973245336,-1.089738669,2.446977415,-2.359032556,-2.293119027,1.492245587,0.282319594
groundtruth,62,-1.426178201,-1.534661155,-2.24261544,-2.332405893,2.13206445,1.696438555,-1.243357042
groundtruth,62,-1.972890518,1.268534073,-0.820099344,-2.334977813,-2.147335596,1.673580294,0.3956521317
groundtruth,62,-2.227698593,1.046197658,-0.6543809936,-2.36572082,-2.33599819,1.447244884,0.2477642407
groundtruth,62,-1.606945851,1.762799978,-1.000281375,-2.28807572,-1.861088118,2.166941431,0.5936816381
groundtruth,63,-0.6436190504,1.687974565,-1.562108524,-1.951675653,-2.347983216,1.655183836,-0.2792473699
groundtruth,63,1.688125373,-0.4575008479,2.707073145,-1.996496325,2.724547017,1.411747258,-1.233977534
groundtruth,63,-1.345871496,0.4827795939,-0.5511851789,-2.000492719,2.772216163,1.392862586,-1.196243247
groundtruth,63,-2.715844555,0.6945070614,0.9868526065,-1.930913759,2.205786995,1.79380723,-1.616835961
groundtruth,63,2.495875711,-1.759689745,1.545333115,-1.944409374,-2.297543772,1.701399107,-0.2437523823
groundtruth,63,2.430092283,-1.129802344,1.831662933,-2.002457878,-2.797749884,1.383758454,-0.6227121347
groundtruth,63,1.724354154,-0.4650888882,2.667851619,-1.997820138,2.739995944,1.405317298,-1.221819787
groundtruth,63,-2.025331786,0.4299720032,0.1833007246,-1.975097525,2.523660984,1.51988759,-1.389795202
groundtruth,63,2.395539686,-1.022984338,1.888327578,-2.008861615,-2.897500038,1.354749128,-0.7025016575
groundtruth,63,-1.265990421,0.5080000943,-0.638424664,-2.003390544,2.812160346,1.378152833,-1.163296371
groundtruth,63,2.483998222,-1.413125175,1.701931726,-1.978904426,-2.555314741,1.499658028,-0.4329916383
groundtruth,63,-1.125279592,0.5691609274,-0.7933876309,-2.00886221,2.897500038,1.354746479,-1.096150839
groundtruth,63,0.3668458113,-0.7626339987,-2.071012638,-1.923296758,2.154196802,1.850294324,-1.64986972
groundtruth,63,-0.6457282701,1.759933779,-1.596378598,-1.944385387,-2.297374005,1.701559493,-0.2436343755
groundtruth,63,1.851441839,-0.4993324731,2.529667868,-2.002627149,2.799030378,1.383793231,-1.17446284
groundtruth,63,2.396737132,-1.026153753,1.886516257,-2.008719486,-2.89453144,1.35549008,-0.7000881569
groundtruth,63,-0.644528891,1.594388847,-1.519371728,-1.961128512,-2.415888539,1.598188678,-0.3283671246
groundtruth,63,0.1834093291,-1.378060242,-1.614023514,-1.87497711,1.750365713,2.361552806,-1.837255785
groundtruth,63,0.4399252343,-0.6805752962,-2.173959235,-1.932549931,2.216823604,1.78213625,-1.60959272
groundtruth,63,-1.707249932,0.426005897,-0.1607733416,-1.987226692,2.629525868,1.456988591,-1.308425028
groundtruth,63,2.395537922,-1.022979596,1.888330265,-2.008861859,-2.897500038,1.354748044,-0.7025052967
groundtruth,63,-0.6457359275,1.760276689,-1.596550629,-1.94435625,-2.297135564,1.701805376,-0.24346514
groundtruth,63,-1.274839462,0.5046630369,-0.6286120035,-2.003183127,2.807628931,1.380422822,-1.168083064
groundtruth,63,-0.6970004145,1.185756641,-1.33721423,-1.998461097,-2.747332728,1.402404522,-0.5827005769
groundtruth,63,-0.644239345,1.71959426,-1.576990421,-1.948465956,-2.325585061,1.675300654,-0.2633712086
groundtruth,63,-2.82744966,0.8432237974,1.153381281,-1.914950062,2.09694893,1.916481987,-1.684734678
groundtruth,63,0.182480198,-1.45749033,-1.567158304,-1.8717403,1.696917079,2.429388381,-1.848805
groundtruth,63,0.7491689698,-0.5018242751,-2.550586603,-1.95736071,2.388528142,1.620497151,-1.489766821
groundtruth,63,2.495725577,-1.762799978,1.54379616,-1.944090705,-2.295353751,1.703480141,-0.2422327129
groundtruth,63,-0.7461131866,1.022818529,-1.253137421,-2.008875641,-2.897500038,1.354687192,-0.7027094927
groundtruth,63,-0.645866779,1.762799978,-1.597793494,-1.944091326,-2.295358019,1.70347608,-0.2422356728
groundtruth,63,-0.7460343431,1.023034362,-1.253293436,-2.008859073,-2.897500038,1.354760555,-0.7024632577
groundtruth,63,-1.255288495,0.5115455084,-0.6499994335,-2.003928099,2.818068941,1.377010152,-1.159762024
groundtruth,63,1.889571589,-0.5127346749,2.488015314,-2.004054548,2.819845044,1.376439793,-1.158344362
groundtruth,63,-1.221805391,0.5242982162,-0.6867174455,-2.00520979,2.836755079,1.371188542,-1.144849473
groundtruth,63,2.427253203,-1.119749024,1.83670611,-2.003139007,-2.806943079,1.380652507,-0.6300304987
groundtruth,63,-1.882361883,0.4226809462,0.02816718499,-1.980716542,2.570973143,1.489570121,-1.35387444
groundtruth,63,-1.132455029,0.5653587118,-0.7854160356,-2.008611375,2.892613742,1.35587113,-1.100227273
groundtruth,63,-0.64655462,1.546076599,-1.497876169,-1.965963911,-2.451975591,1.570324727,-0.3550088914
groundtruth,63,-2.249501863,0.462865968,0.4298509855,-1.965086866,2.445439456,1.575284637,-1.448480511
groundtruth,63,-1.861652839,0.4222269314,0.005804993172,-1.981518431,2.577671899,1.486102027,-1.348534094
groundtruth,63,-2.654538916,0.6395786997,0.9056766825,-1.937525399,2.250538038,1.747415007,-1.58709761
groundtruth,63,2.475455037,-1.347381243,1.730755218,-1.984983953,-2.608771534,1.468262029,-0.4741423028
groundtruth,63,0.3815594995,-0.7438356419,-2.092618649,-1.925343498,2.168084231,1.834782308,-1.641117807
groundtruth,63,-2.211841041,0.4552305565,0.3880089798,-1.966923965,2.459268797,1.564896063,-1.438227739
groundtruth,63,-0.6947123256,1.195436793,-1.341818655,-1.997721463,-2.738739059,1.405867093,-0.5758992155
groundtruth,63,2.474226465,-1.339106306,1.734408246,-1.985728583,-2.615616269,1.464489368,-0.479444627
groundtruth,63,-0.6577656148,1.411618949,-1.439003636,-1.97904787,-2.556521941,1.498910911,-0.4339151947
groundtruth,63,1.511967398,-0.4320575274,2.897169029,-1.990043076,2.656796619,1.442950709,-1.287169642
groundtruth,63,1.037953245,-0.4382364611,-2.872763674,-1.971813384,2.497265559,1.537706558,-1.409759201
groundtruth,64,0.7553786469,-1.575371388,1.035478688,-1.616674852,0.4604755355,2.759666577,-1.010250711
groundtruth,64,1.024881858,-0.7546034439,1.527126336,-1.53809496,-1.267344171,2.433177508,-0.05804693483
groundtruth,64,0.6308182444,-1.739841148,0.8858356773,-1.576390065,0.8624152802,2.645486126,-1.229835428
groundtruth,64,0.9716621606,-0.4769145485,1.821255397,-1.527405466,-1.581701894,2.198003212,-0.02259924462
groundtruth,64,-2.29403308,1.410505345,-2.014449353,-1.636443739,0.005945634454,2.800716192,-0.7204295943
groundtruth,64,-1.070982894,-0.5055429871,-1.773807788,-1.589392965,-2.398685669,1.550441444,-0.262603277
groundtruth,64,1.016961943,-0.8487949318,1.451636762,-1.5477281,-1.144471481,2.509009089,-0.09150540512
groundtruth,64,-2.211924154,1.209312291,-1.92080388,-1.61244581,-0.5104612708,2.74989406,-0.3928565716
groundtruth,64,-0.5945140811,-0.2337260629,-2.478084171,-1.556809262,-2.093738477,1.763986716,-0.1247033005
groundtruth,64,2.888220097,0.1986774289,0.2622641091,-1.549526446,-2.017942872,1.824786662,-0.09773647947
groundtruth,64,-1.03539486,-0.445609214,-1.853306475,-1.582596446,-2.336668355,1.588321994,-0.2310012955
groundtruth,64,2.173390787,1.391088241,1.97075072,-1.630685135,2.897500038,1.353241928,-0.8749228965
groundtruth,64,0.7257966754,-1.619482304,1.002421957,-1.606581063,0.5745374833,2.735666389,-1.077762484
groundtruth,64,-2.153608332,0.5104789408,-1.365468646,-1.527435563,-1.546294632,2.226699925,-0.02282312682
groundtruth,64,-2.309759287,1.442223157,-2.029382801,-1.635569635,0.09463667856,2.799042505,-0.7783315148
groundtruth,64,-2.136469568,0.9252355007,-1.74627562,-1.55809654,-1.03500063,2.568112534,-0.1295444959
groundtruth,64,0.8330007687,-0.3379946772,2.082797657,-1.530470217,-1.73166558,2.070568369,-0.0326694155
groundtruth,64,2.481987294,0.2463414263,0.7433536345,-1.55869854,-2.112591724,1.749135177,-0.1318375047
groundtruth,64,-2.394888221,1.588674444,-2.115605913,-1.613757756,0.4953494928,2.752967872,-1.031224939
groundtruth,64,2.044135077,0.9668626037,1.724776083,-1.630251495,-2.888313105,1.355064097,-0.5522201736
groundtruth,64,2.299660698,0.3016854051,0.9798573508,-1.565980748,-2.182782661,1.69551941,-0.1601593732
groundtruth,64,2.024066661,0.7761146082,1.606250296,-1.616532997,-2.679544744,1.414677761,-0.4218610939
groundtruth,64,0.6791176456,-1.682367889,0.946740002,-1.590876786,0.7290406331,2.692898709,-1.1632198
groundtruth,64,-2.403277783,1.601255405,-2.124960524,-1.610904659,0.5279699596,2.746206524,-1.050597166
groundtruth,64,-1.116922102,-0.7945342402,-1.522876508,-1.618125314,-2.699255214,1.407550084,-0.4338644391
groundtruth,64,-1.114766815,-0.8308601643,-1.499090767,-1.621098336,-2.738395072,1.394313402,-0.4578698938
groundtruth,64,-0.7708193465,-1.716569766,-0.9030624248,-1.599005479,2.490191208,1.49929726,-1.121259885
groundtruth,64,-0.7326011595,-1.760050991,-0.853555409,-1.592945946,2.432000697,1.531067039,-1.152910037
groundtruth,64,-0.3269974628,-0.2028811778,-2.794342703,-1.550908215,-2.032163409,1.813645346,-0.1028777409
groundtruth,64,0.8222383555,-1.46074283,1.103089391,-1.634349345,0.1465428131,2.796685816,-0.8120876394
groundtruth,64,-0.818745407,-1.654832156,-0.9657919557,-1.606910688,2.570423804,1.459904592,-1.075821212
groundtruth,64,0.9811990509,-1.035557863,1.320915557,-1.577008128,-0.8567658323,2.647705473,-0.2059176775
groundtruth,64,2.298758373,0.3020681993,0.9810998305,-1.566028027,-2.183228408,1.695187941,-0.1603477973
groundtruth,64,2.209686164,0.3489235196,1.109861963,-1.571658456,-2.235700789,1.657025605,-0.1832462049
groundtruth,64,-2.383238851,1.570733937,-2.102902723,-1.617661219,0.4481997814,2.761888371,-1.002792315
groundtruth,64,-0.9681786741,-1.391139634,-1.170799059,-1.630680329,2.897500038,1.353261803,-0.8749885643
groundtruth,64,-0.9726177486,-0.3791124006,-1.966831913,-1.575073875,-2.267670055,1.634009966,-0.1976056797
groundtruth,64,2.024461949,0.7156168938,1.563068555,-1.61105425,-2.615469056,1.440071425,-0.38358466
groundtruth,64,1.006406715,-0.918106588,1.400414843,-1.557094297,-1.043699279,2.562748432,-0.1277422873
groundtruth,64,-0.8113231775,-1.664958227,-0.9560277269,-1.605658234,2.557416989,1.465945654,-1.083316551
groundtruth,64,2.40123406,0.266373661,0.8451730242,-1.561474248,-2.139695366,1.728099311,-0.142449419
groundtruth,64,-0.5609612264,-0.2281896859,-2.518657506,-1.555939831,-2.084793799,1.771085474,-0.1214023973
groundtruth,64,0.807117734,-1.488758257,1.088536115,-1.631542928,0.224823973,2.79117678,-0.8626494854
groundtruth,64,-2.336819542,1.492981809,-2.055342365,-1.631023963,0.2365738733,2.790143851,-0.8701914607
groundtruth,64,-2.118024442,0.7802941789,-1.635811891,-1.540398901,-1.234991569,2.454120165,-0.06584079874
groundtruth,64,-0.9670969672,-1.393589901,-1.16920412,-1.63055322,2.894560169,1.353834125,-0.876892567
groundtruth,64,0.8410055349,-1.42394256,1.120902861,-1.636265336,0.04345119357,2.800371811,-0.7449344275
groundtruth,64,0.9770953272,-1.051736819,1.310682411,-1.580134132,-0.8282281956,2.658628266,-0.2196024704
groundtruth,64,-0.8965405605,-1.533667266,-1.069905549,-1.619948612,2.722899009,1.399404861,-0.9847579248
groundtruth,64,2.502701527,0.2420298948,0.7177611395,-1.558069105,-2.106346298,1.754035136,-0.1294513481
groundtruth,65,-2.121028216,0.8872468586,-0.6654796852,-1.157824743,-2.247555563,1.666330406,0.1277185507
groundtruth,65,0.459327133,-0.7878105001,-2.89138885,-1.204422444,-2.853008016,1.458537917,-0.1161515465
groundtruth,65,-1.941659267,1.73036342,-2.057138077,-1.163792534,-0.8256103979,2.385257658,0.1059430225
groundtruth,65,-0.07671710328,-1.32369394,-1.72651856,-1.171107895,2.398474719,1.597863873,-0.5923252455
groundtruth,65,-1.88065447,1.239686301,-1.35950353,-1.123617153,-1.655128923,1.98894562,0.2320618509
groundtruth,65,-0.01932699532,-1.726706515,-1.171516178,-1.128259182,1.817188772,1.896962771,-0.7343789966
groundtruth,65,0.02382135106,-1.049195733,-2.118160442,-1.202102205,2.808228222,1.467148193,-0.4199792962
groundtruth,65,-2.162056936,0.8630188762,-0.5877694646,-1.162636861,-2.303049667,1.640131051,0.1101882009
groundtruth,65,-1.943230354,1.73357684,-2.061878893,-1.164375355,-0.8189461781,2.38754535,0.1037251006
groundtruth,65,0.021007097,-1.053406853,-2.111122425,-1.201727529,2.801322879,1.468576392,-0.4232078874
groundtruth,65,1.26942848,-1.285642599,1.71343536,-1.123053281,-1.585153346,2.028283599,0.2337203712
groundtruth,65,0.991486304,-0.8696482843,2.531577591,-1.161244848,-2.28732232,1.647433842,0.1152616931
groundtruth,65,-2.355100117,0.7938056189,-0.2580392072,-1.181957026,-2.524267476,1.548426003,0.02937387925
groundtruth,65,-0.01594756782,-1.734176048,-1.159530602,-1.127772047,1.805328255,1.903692744,-0.7357249365
groundtruth,65,-2.330472656,0.7993758358,-0.2979153551,-1.179775101,-2.498398655,1.557979668,0.03965896922
groundtruth,65,-0.08245520145,-1.443342443,-1.571616683,-1.156087995,2.23085508,1.67383481,-0.6478860357
groundtruth,65,-0.03335122687,-1.692842622,-1.224515653,-1.130690774,1.870013398,1.867075738,-0.7275894828
groundtruth,65,-2.052645022,0.939174804,-0.8060511984,-1.148984934,-2.142566541,1.718760806,0.1574733131
groundtruth,65,-0.08258037424,-1.445965331,-1.568062545,-1.156036049,2.227360334,1.676147748,-0.6487669505
groundtruth,65,-0.001964506059,-1.762799978,-1.112458337,-1.126090016,1.759043425,1.929990976,-0.7403491668
groundtruth,65,1.005443816,-0.8777818537,2.505253145,-1.159658738,-2.268562549,1.656257093,0.1212921535
groundtruth,65,-1.875164725,1.520458004,-1.760165202,-1.133966314,-1.213656015,2.224146174,0.2048256708
groundtruth,65,-2.134577647,0.8787820311,-0.6393894312,-1.159411875,-2.266359913,1.657331808,0.1218967525
groundtruth,65,0.002079614583,-1.084098716,-2.061391262,-1.198814671,2.751886518,1.47965524,-0.4460899517
groundtruth,65,-1.920127178,1.681381393,-1.98596129,-1.155103091,-0.9234641823,2.349235368,0.135897342
groundtruth,65,-0.06865210752,-1.569315424,-1.40342061,-1.141977227,2.052804713,1.766020051,-0.6941464709
groundtruth,65,-1.964534907,1.040055168,-1.023707107,-1.136136129,-1.966221721,1.813288393,0.1969264556
groundtruth,65,0.7919345207,-0.7947128477,2.874784706,-1.181763765,-2.518746702,1.551033825,0.030891209
groundtruth,65,-1.94851546,1.065426934,-1.07147841,-1.133653583,-1.924987214,1.836211961,0.2041583981
groundtruth,65,-2.357433315,0.7933201052,-0.2542839102,-1.182158928,-2.526695293,1.547546753,0.02839784917
groundtruth,65,-0.08177740429,-1.378162095,-1.655974064,-1.1643175,2.322099522,1.631403233,-0.6189015022
groundtruth,65,1.2620225,-1.244709995,1.774488511,-1.123503615,-1.647438314,1.993296512,0.2322296177
groundtruth,65,1.081777874,-0.9326872189,2.351268818,-1.149997609,-2.153940755,1.713188514,0.1535030183
groundtruth,65,-1.878007848,1.25227028,-1.378501993,-1.123353274,-1.635898219,1.999747623,0.2327088204
groundtruth,65,-2.656429158,0.7838531278,0.2103807778,-1.203085931,-2.826441857,1.463500391,-0.1035763875
groundtruth,65,1.198640051,-1.733015815,1.08054885,-1.16427607,-0.8201203075,2.38714648,0.1041197506
groundtruth,65,1.24268058,-1.621185268,1.241057785,-1.145932196,-1.037124138,2.303716558,0.1671315588
groundtruth,65,-1.868917747,1.310745039,-1.464880165,-1.123052071,-1.54679324,2.049651565,0.2336198781
groundtruth,65,0.7782989881,-0.792130402,2.896725576,-1.18266583,-2.532778224,1.545355974,0.0259453751
groundtruth,65,-1.951047106,1.061155676,-1.063597653,-1.134091461,-1.931859199,1.832364304,0.2030189236
groundtruth,65,-2.034902874,0.9557046639,-0.8456676403,-1.146505462,-2.111791086,1.734753657,0.1653219912
groundtruth,65,0.416879431,-0.7961243385,-2.825610053,-1.206387777,-2.897500038,1.451195862,-0.1374988157
groundtruth,65,0.9547083706,-0.8503202106,2.599110389,-1.165431752,-2.334678632,1.625718419,0.09968267949
groundtruth,65,0.4168643499,-0.7961276966,-2.825586586,-1.206388442,-2.897500038,1.451193427,-0.1375065573
groundtruth,65,-0.04249498099,-1.180816462,-1.918056602,-1.188400986,2.603981813,1.521139411,-0.5114507946
groundtruth,65,0.01405221936,-1.064193719,-2.093346919,-1.200724455,2.783777685,1.472347725,-0.4313809314
groundtruth,65,-1.866182794,1.343728425,-1.512225527,-1.123208166,-1.495902521,2.076833395,0.2317709918
groundtruth,65,-0.03174485232,-1.696978936,-1.218150593,-1.130369314,1.863635882,1.870672389,-0.7284760737
groundtruth,65,1.268454094,-1.507406561,1.399596712,-1.13261247,-1.235018307,2.213263353,0.2071370222
groundtruth,65,1.264249956,-1.532610583,1.36462276,-1.135062855,-1.192741573,2.233647072,0.2000750544
groundtruth,66,1.077711338,-0.5839551351,-1.79051264,-0.1761507822,0.6721689131,2.234071639,0.2503408499
groundtruth,66,-1.251474082,0.7354284405,-2.075149976,-0.7541352494,-2.897500038,1.840397541,0.3880896301
groundtruth,66,1.68305945,-0.9031443808,0.7109872643,-0.7165800424,-2.420120111,1.936994505,0.5273191434
groundtruth,66,-1.928217113,0.21168378,0.01399481679,-0.6813950977,2.018365241,2.058976248,0.007359156004
groundtruth,66,1.382394634,-1.008246038,0.2143962302,-0.6669212469,-1.771208262,2.136256575,0.6170561078
groundtruth,66,-2.383605994,0.2630200654,0.7598844251,-0.6653298863,1.719594873,2.152583855,-0.01409702043
groundtruth,66,1.45502504,-0.2172409914,2.790699445,-0.6905741654,2.142946746,2.018583657,0.02493149128
groundtruth,66,-1.347314139,0.8267107314,-2.248277627,-0.7388247831,-2.664603472,1.877960688,0.462570125
groundtruth,66,0.558588436,-0.6742762475,-1.114467163,-0.7368105226,0.5059719722,2.473896256,0.1345665531
groundtruth,66,0.5467578469,-0.3716093681,-1.846740216,-0.6666681529,1.377429727,2.258173699,-0.01219278719
groundtruth,66,0.7459685582,-0.8668910388,-0.7785443627,-0.7566992735,-0.1841779179,2.509822312,0.3676731862
groundtruth,66,1.097292586,-1.006740813,-0.268451812,-0.6816256306,-1.108914605,2.33542603,0.5961603305
groundtruth,66,0.5777106857,-0.3427879794,-1.956425857,-0.6643865857,1.461883722,2.232661433,-0.01536398601
groundtruth,66,1.189072337,-1.016913879,-0.1168046166,-0.6686433054,-1.326761053,2.273267378,0.614639053
groundtruth,66,1.619742429,-0.936319443,0.6087362586,-0.7036403511,-2.285031339,1.975423428,0.5559758958
groundtruth,66,1.303477561,-1.016759509,0.07882111203,-0.6633686165,-1.59268551,2.19236544,0.6219622333
groundtruth,66,-2.403043523,0.2682220584,0.7977423515,-0.6649727514,1.700453938,2.158638695,-0.0148146728
groundtruth,66,-1.741705988,1.005393134,-2.897300005,-0.6684364239,-1.810179856,2.123883462,0.6149168056
groundtruth,66,1.520993072,-0.222465894,2.688597779,-0.6932788397,2.179172845,2.006535689,0.03089032073
groundtruth,66,0.8091840271,-0.9066843825,-0.6921325608,-0.7469041073,-0.368983666,2.492647749,0.4293189199
groundtruth,66,1.474674087,-0.9890719933,0.3706254406,-0.6775217096,-1.974470138,2.071612505,0.6015897576
groundtruth,66,0.7007017197,-0.8328047524,-0.8428641297,-0.7600151019,-0.04212036288,2.515313243,0.3175337856
groundtruth,66,0.7979905742,-0.9003343473,-0.7072215605,-0.749121724,-0.3373911177,2.496414794,0.4191746724
groundtruth,66,-2.54764686,0.3309715609,1.135696214,-0.6638518331,1.497261724,2.221857294,-0.01617541514
groundtruth,66,-2.077701065,0.2184584203,0.2419903308,-0.6751630685,1.937962467,2.083221279,2.498982005e-05
groundtruth,66,2.013015364,-0.5055618192,1.470398855,-0.7541348704,2.897500038,1.840398441,0.2171080878
groundtruth,66,1.098162545,-1.006993866,-0.2672157557,-0.6817122416,-1.110234427,2.335497758,0.5953443106
groundtruth,66,1.007777464,-0.9875897644,-0.4092370382,-0.7004307569,-0.8894742747,2.393498596,0.5621034226
groundtruth,66,1.67655123,-0.9068635116,0.7004910084,-0.7152305025,-2.406178888,1.940810494,0.5305182147
groundtruth,66,0.5030831906,-0.4583850958,-1.579055475,-0.6801980484,1.131240396,2.329670719,0.00741606308
groundtruth,66,-1.25147138,0.7354254002,-2.075144615,-0.7541355894,-2.897500038,1.840396731,0.3880872052
groundtruth,66,1.127728573,-0.6838999016,-0.8139994039,-0.1747983401,-0.4000292973,2.244069166,0.3350217277
groundtruth,66,0.6083455552,-0.7421786094,-0.9977807828,-0.7519274489,0.2875895157,2.501539774,0.2024373093
groundtruth,66,1.204476186,-1.017723382,-0.09074082385,-0.6672041685,-1.363019701,2.262486333,0.6166853389
groundtruth,66,1.906859851,-0.3129378162,1.998403283,-0.7227272414,2.484131591,1.920010627,0.09328080035
groundtruth,66,-2.542680478,0.7306730264,2.12440168,-0.7496734903,0.32598432,2.497597969,0.189768854
groundtruth,66,-2.171177483,0.9766756572,2.676270829,-0.7093491548,-0.7961610177,2.415767124,0.5438032799
groundtruth,66,0.5012030491,-0.4717018824,-1.543978537,-0.6828211215,1.093824252,2.339992519,0.01189946731
groundtruth,66,-2.556375404,0.3371765413,1.161937401,-0.6640524816,1.478625339,2.227541224,-0.01575528523
groundtruth,66,1.981160625,-0.3743812157,1.781172142,-0.7355308011,2.625637593,1.886196162,0.1313002864
groundtruth,66,-1.439868043,0.8921350158,-2.400616437,-0.7205404832,-2.46011366,1.926241841,0.5178689022
groundtruth,66,-2.635692576,0.5500139251,1.783780399,-0.7019986528,0.8729699812,2.397553695,0.0461451127
groundtruth,66,0.5022516016,-0.4643390191,-1.563338792,-0.6812503158,1.11448599,2.334280318,0.009415375399
groundtruth,66,1.481796816,-0.9871780127,0.3825031258,-0.6786161578,-1.98991046,2.066704564,0.59998324
groundtruth,66,-1.263058503,0.748178511,-2.097796407,-0.7526248484,-2.867383485,1.844024939,0.3982904545
groundtruth,66,-1.520102405,0.9354232695,-2.529914276,-0.7038996313,-2.288840966,1.974325868,0.5552035624
groundtruth,66,-2.626523391,0.5833278093,1.854210699,-0.7112625883,0.777493267,2.420069012,0.06533587101
groundtruth,66,-2.640823756,0.4759282502,1.608529925,-0.6837169181,1.08195763,2.343242354,0.01339062523
groundtruth,66,-1.786244483,0.2129232642,-0.2000313022,-0.6862262032,2.091160765,2.034741501,0.0175259373
groundtruth,66,-1.251476177,0.7354307983,-2.075154133,-0.7541349857,-2.897500038,1.840398169,0.3880915104
groundtruth,67,-1.982661782,0.1638752368,-0.4261137019,-0.2640678885,0.3113257353,2.671675119,0.8061623355
groundtruth,67,-1.832152104,0.6294201688,-2.883796818,-0.6462323286,2.726240443,2.296235534,0.6865350882
groundtruth,67,0.5898275376,-0.6339126072,-0.2304900162,-0.6408743513,-2.681111309,2.305498552,1.050361123
groundtruth,67,-1.802168768,0.62259577,-2.861589735,-0.6414542028,2.687183959,2.304276418,0.6724408164
groundtruth,67,1.330305425,-0.6247281774,0.273195468,-0.6429438818,2.699135836,2.301764094,0.6766958699
groundtruth,67,-1.365769637,-0.0880217908,-0.6934208551,-0.6675297032,-0.1754391064,2.856957813,0.937461751
groundtruth,67,0.02261723239,-0.4096640025,-0.8393634279,-0.5136266279,-1.6759947,2.566750384,1.209005433
groundtruth,67,-1.997080388,0.1631112671,-0.3974027475,-0.2638239046,0.2940652728,2.672087115,0.8091189227
groundtruth,67,0.5283667723,-0.1849014522,-2.299313105,-0.2668768713,-0.4606169503,2.667106966,0.9397970763
groundtruth,67,-1.711897903,-0.07266037862,-0.4124984155,-0.6718353209,-0.05500898055,2.861340195,0.8847532935
groundtruth,67,-2.005561998,0.1627550308,-0.3807495844,-0.2635870694,0.2841862205,2.672266588,0.8108187905
groundtruth,67,0.4171954829,-0.5879683945,-0.372532513,-0.6055127746,-2.438480462,2.365085397,1.123827125
groundtruth,67,-1.600906045,0.5614502942,-2.694121212,-0.5994090699,2.400168781,2.375447993,0.5875157809
groundtruth,67,1.668165878,0.08197898144,2.533029256,-0.6694726811,-0.1337599147,2.858968015,0.919421619
groundtruth,67,1.187004362,-0.6515371852,0.1716502898,-0.66156394,2.87964569,2.270383029,0.7466299243
groundtruth,67,0.6997359198,-0.652882516,-0.1509117869,-0.6564271322,-2.821149653,2.279069444,0.9977242202
groundtruth,67,-2.183091754,-0.06544081231,-0.008870918216,-0.6714996258,0.07156422867,2.861004567,0.8285471889
groundtruth,67,0.8111348882,-0.1609549063,-2.894905786,-0.2618531085,-0.08264509804,2.675193995,0.8747810671
groundtruth,67,-0.3516197955,0.1237295437,-2.114732778,-0.6303715686,0.5372182673,2.817458235,0.6444486149
groundtruth,67,-2.897300005,-0.07718769169,0.5986067801,-0.6612482835,0.2657229053,2.850612606,0.7450745634
groundtruth,67,-2.078411693,-0.06610105831,-0.09931376491,-0.6722094575,0.04541568952,2.861700955,0.8398781404
groundtruth,67,-2.71509761,0.2054232263,1.108557864,-0.2720040046,-0.6567484173,2.658207336,0.9717220621
groundtruth,67,-2.809180482,-0.07399633045,0.5261899626,-0.6634243632,0.2379460376,2.852829493,0.7566196894
groundtruth,67,1.623409278,0.07986205827,2.569120608,-0.6701286016,-0.1177653914,2.859619299,0.9124242571
groundtruth,67,2.393353305,0.1595371472,2.059032929,-0.6283544751,-0.5515709717,2.815179997,1.080769354
groundtruth,67,0.2385276482,-0.5179789208,-0.5571377348,-0.5583462642,-2.135685189,2.448577405,1.180495139
groundtruth,67,-2.581016146,-0.06829570169,0.3341110878,-0.667563332,0.1730324167,2.857045536,0.7841810809
groundtruth,67,-0.2215370921,-0.304478063,-1.071229393,-0.5333150925,-1.200237078,2.678708211,1.198965272
groundtruth,67,1.325518283,-0.6258180496,0.2696510215,-0.6436968634,2.705371673,2.30047506,0.6789426254
groundtruth,67,0.7398012777,-0.1640808455,-2.754616959,-0.2626684993,-0.1673935104,2.674801498,0.8905770931
groundtruth,67,0.5495421928,-0.1818169388,-2.349026682,-0.2661376691,-0.4263396967,2.668316575,0.9340468507
groundtruth,67,1.172145597,-0.6536208035,0.1615761919,-0.6629963775,2.897500038,2.268025451,0.7541650699
groundtruth,67,2.21341062,-0.2535141157,1.1391592,-0.5435848376,1.11357838,2.698918003,0.5284781294
groundtruth,67,1.521963344,-0.5683239637,0.4301346466,-0.6040121242,2.429256398,2.367577809,0.594524324
groundtruth,67,1.336130932,-0.6233604915,0.2775504424,-0.6419766293,2.69149489,2.303371209,0.6739756117
groundtruth,67,1.472391867,-0.5854429132,0.3860809686,-0.6157736932,2.503701444,2.347851975,0.6140665444
groundtruth,67,0.270032341,-0.5320321233,-0.5208644202,-0.5670455079,-2.194329053,2.432396709,1.172414803
groundtruth,67,0.2672419891,-0.5308188421,-0.5240012088,-0.5662791667,-2.189242688,2.433805006,1.173168716
groundtruth,67,0.5452344307,-0.1824375996,-2.338940966,-0.2662630425,-0.4332792396,2.668072093,0.9352106817
groundtruth,67,1.172103397,-0.6536102392,0.1615521279,-0.6629642761,2.897500038,2.268007341,0.7541647862
groundtruth,67,-0.4876653494,-0.2196317929,-1.14069581,-0.5864920661,-0.8227741211,2.764113748,1.15078651
groundtruth,67,2.052608341,-0.3138136192,1.046902706,-0.5177908574,1.377181229,2.637221061,0.5135936
groundtruth,67,2.397636631,0.1603451715,2.057326124,-0.6278133199,-0.5553323249,2.814567753,1.081947719
groundtruth,67,-0.1076944155,-0.3491938625,-0.9862775192,-0.5162597584,-1.403482929,2.631061335,1.207727127
groundtruth,67,0.4764989466,-0.606016281,-0.3207341618,-0.6189878897,-2.525888051,2.342211903,1.100193662
groundtruth,67,-1.83965242,-0.06944500915,-0.3044464873,-0.6722892868,-0.01812034293,2.861788567,0.8683797203
groundtruth,67,-1.05235918,0.2988398713,-2.066680692,-0.5225419357,1.311422392,2.652629515,0.5158417263
groundtruth,67,-1.872589135,-0.06877225617,-0.2763577353,-0.6723082141,-0.009015867341,2.861812319,0.8643250943
groundtruth,67,-1.114588872,-0.1078904185,-0.8777187694,-0.6588338504,-0.2940797652,2.848123096,0.9871392214
groundtruth,67,-2.58401353,0.6268654383,2.886434676,-0.6352487645,-2.638296423,2.314970288,1.065096899
groundtruth,68,-1.843145765,0.6504982795,-2.684172149,-2.733332948,1.963416554,1.2232111,0.5277026114
groundtruth,68,0.3869686489,-1.761560567,1.342249352,-2.810225406,-2.556839148,0.7129376362,1.76644452
groundtruth,68,-2.714933653,1.630205343,-1.846825442,-2.827761026,-2.767333596,0.6497443702,1.615611573
groundtruth,68,2.369570442,-0.6360574312,-0.4383285948,-2.704346056,1.683824581,1.773520104,0.4088880274
groundtruth,68,0.9411308866,-0.8268452821,0.7466672919,-2.760037684,2.153710634,0.9800087144,0.6475422817
groundtruth,68,0.2120208356,1.517796821,2.106412406,-2.774480041,0.883997874,2.824855618,0.7185134206
groundtruth,68,0.5641093198,1.53922149,1.846115766,-2.285919236,-2.771970817,3.602276705,-2.181456249
groundtruth,68,1.278316957,-0.6569419923,0.4740641315,-2.734323564,1.970958364,1.211446398,0.5320790709
groundtruth,68,2.188750031,-0.5969191404,-0.2911444101,-2.707295298,1.728685141,1.672898559,0.4205871719
groundtruth,68,1.918611621,-0.5715228427,-0.06505947898,-2.712759881,1.791385866,1.537772388,0.4425035767
groundtruth,68,-1.588339667,0.5926450335,-2.897300005,-2.722818728,1.882174242,1.360226771,0.4836449926
groundtruth,68,0.4937679195,1.282183015,1.6920971,-2.375883157,-2.195873846,3.734710355,-2.749613603
groundtruth,68,0.4340535074,-1.607500988,1.284416778,-2.830289512,-2.808241844,0.6413928369,1.586357704
groundtruth,68,-1.608390299,0.5957564377,-2.88042419,-2.72351353,1.88777709,1.350071153,0.4864951735
groundtruth,68,0.3911226011,-1.747012143,1.337999954,-2.812298722,-2.577962095,0.7048678824,1.751308443
groundtruth,68,1.212393232,-0.6805688215,0.5282563933,-2.737989688,1.997677393,1.171587841,0.5478620698
groundtruth,68,0.2152879033,1.524416129,2.104163202,-2.776332902,0.8704441563,2.83037552,0.7279563306
groundtruth,68,0.4016892072,-1.710839231,1.326378698,-2.817362088,-2.632804974,0.685858825,1.711997914
groundtruth,68,-2.864101902,-1.666772443,-1.114178377,-2.82097938,0.4660434889,2.930281855,1.015822667
groundtruth,68,-2.828588803,-1.762799978,-1.212633601,-2.840083864,0.0321137582,2.959695614,1.326050614
groundtruth,68,1.927070787,-0.5717720746,-0.07219506089,-2.712560151,1.789438636,1.54185675,0.4417240571
groundtruth,68,2.897155392,-0.9106789346,-0.819007814,-2.702566027,1.49554824,2.185869367,0.4018504476
groundtruth,68,-2.604684606,-1.457038726,-1.360466921,-2.314474909,-2.547391669,3.631738235,-2.411458369
groundtruth,68,0.3903557418,-1.74958596,1.338764824,-2.811942512,-2.574172708,0.70624494,1.754035854
groundtruth,68,0.3865958005,-1.762799978,1.342621464,-2.810037319,-2.554957114,0.7136776098,1.767792825
groundtruth,68,0.1858029231,1.466925478,2.121968137,-2.761426164,0.978187527,2.780739613,0.6540104563
groundtruth,68,0.4008699165,-1.71360151,1.327320822,-2.816982084,-2.628497145,0.6872540539,1.715085898
groundtruth,68,0.3125563166,1.761626527,1.930426214,-2.840062165,0.03850359371,2.959635181,1.321172602
groundtruth,68,-0.2223113229,0.9299875482,2.309428616,-2.703060786,1.48351188,2.209578384,0.4038037444
groundtruth,68,0.391463162,-1.745827811,1.337643506,-2.812466805,-2.579704939,0.7042213199,1.750059361
groundtruth,68,-2.447022987,1.07246408,-2.191838101,-2.799878688,2.459710418,0.7560102592,0.8612931922
groundtruth,68,-2.437881365,1.060408393,-2.200082929,-2.797891019,2.442199304,0.765033436,0.8487650039
groundtruth,68,2.823026529,-0.8518370007,-0.7726654555,-2.701511446,1.531969046,2.11135493,0.3976852277
groundtruth,68,-2.581803281,-1.527670248,-1.305715099,-2.289742913,-2.737696273,3.605062331,-2.216602765
groundtruth,68,-2.754997295,1.762799978,-1.798896737,-2.810013662,-2.554700916,0.7136705176,1.768015972
groundtruth,68,0.3070107554,1.746565486,1.9479448,-2.83903762,0.1134831703,2.958205238,1.267761722
groundtruth,68,-2.206562626,0.8313100832,-2.390077926,-2.760727829,2.158569711,0.9750660992,0.6507977215
groundtruth,68,-2.496150964,-1.740592261,-1.086415788,-2.278515442,2.863884141,3.593031809,-1.501345819
groundtruth,68,0.4320818419,-1.61348257,1.287207752,-2.829636107,-2.797335842,0.643510895,1.594157615
groundtruth,68,-1.83092181,0.6466713215,-2.694278275,-2.732685476,1.958828219,1.230284429,0.5250804725
groundtruth,68,2.565075419,-0.7042793741,-0.5905567873,-2.702196844,1.629507905,1.899693438,0.3982643736
groundtruth,68,2.631404366,-0.7348821493,-0.6399135084,-2.701455888,1.606808832,1.948105654,0.3974734386
groundtruth,68,2.11693388,-0.5865833808,-0.2315697143,-2.708573338,1.745365811,1.635695843,0.4258375324
groundtruth,68,1.065762315,-0.7482601255,0.6471812258,-2.748163347,2.070104246,1.074348893,0.5927530917
groundtruth,68,-1.669067833,0.6065382207,-2.829352736,-2.72571574,1.905439754,1.31880229,0.4956649703
groundtruth,68,0.311149283,1.757803425,1.934892167,-2.839887859,0.05763229828,2.959403573,1.307545222
groundtruth,68,0.5567246671,1.518654513,1.828165205,-2.292622469,-2.711748137,3.607925985,-2.243447439
groundtruth,68,-1.691718888,0.6111226385,-2.810344512,-2.726585791,1.912290362,1.30690763,0.4993077363
groundtruth,68,2.310869334,-0.6211334788,-0.3910723657,-2.705237375,1.698870544,1.739525223,0.4124233422
groundtruth,68,1.060918793,-0.7509057773,0.6510694885,-2.748553974,2.072894118,1.070907267,0.5945438184
groundtruth,69,1.971696294,0.6063545181,0.6645451784,-2.379389624,0.3446881563,3.260388375,1.861762102
groundtruth,69,-0.9859185823,-0.7205773141,-2.775777924,-1.829259921,-2.769876074,3.446076816,-1.347700084
groundtruth,69,-2.2502415,1.762799978,-1.410586189,-2.317854506,2.303815595,1.585099757,1.438154373
groundtruth,69,-2.276261098,1.631117356,-1.384772567,-2.304947413,2.228546738,1.677890134,1.374435353
groundtruth,69,1.848820204,0.8701414639,0.9674117074,-1.968787703,1.978856518,3.5312644,0.1167265521
groundtruth,69,0.6618480544,-1.015890224,1.986970728,-2.249480676,1.925333175,2.179058607,1.134596939
groundtruth,69,1.877167582,0.8469908012,0.9261266289,-1.949617244,2.070147718,3.508343454,0.04044747692
groundtruth,69,2.647127884,0.4859902818,0.08092339667,-2.212302566,1.498593201,2.952247722,0.9912251406
groundtruth,69,-1.008918082,-0.7292267422,-2.725562153,-1.818408951,-2.897500038,3.443327409,-1.222929801
groundtruth,69,-0.538576703,-0.6751966342,2.897290771,-2.008822193,-1.754365069,3.635299478,-2.238036472
groundtruth,69,2.298224392,0.5275028898,0.4434020318,-2.232348569,1.318824012,3.103038172,1.067334089
groundtruth,69,2.67973063,0.4851303806,0.04683862848,-2.211735969,1.509782237,2.93892101,0.9890652655
groundtruth,69,0.3226312433,-0.6548995704,2.360662061,-2.221326729,1.743076263,2.550208705,1.025189162
groundtruth,69,2.450313336,0.6649406926,-0.07217638094,-1.983300757,-1.90648085,3.55555159,-2.140811292
groundtruth,69,-1.208274951,-0.8111469918,-2.304360261,-1.903904222,2.289860652,3.474494085,-0.1583396589
groundtruth,69,2.13902897,0.7268194222,0.4019343039,-1.821023618,-2.861642126,3.443967769,-1.258048172
groundtruth,69,-2.29601894,1.542002107,-1.36397232,-2.296258868,2.179807607,1.74330152,1.333808329
groundtruth,69,2.130861836,0.5691360408,0.6067698481,-2.268970794,1.109632511,3.184862342,1.214341981
groundtruth,69,0.6483073542,-0.9916193718,2.002328278,-2.247496083,1.914100287,2.201311758,1.126686019
groundtruth,69,0.8822025196,-1.71496656,1.739661356,-2.313098293,2.275633922,1.618012094,1.41425619
groundtruth,69,-1.195832158,-0.6155666222,-2.564164442,-2.384599394,-0.2680233187,3.262112898,2.387432899
groundtruth,69,0.6431444629,-0.9827081594,2.008172543,-2.246771112,1.909968032,2.209543449,1.123803985
groundtruth,69,2.572345747,0.671174912,-0.2101152581,-2.005439923,-1.779881383,3.617750576,-2.223714025
groundtruth,69,-0.3401609824,-0.7193337123,2.67861277,-2.021475039,-1.622819728,3.750044859,-2.282305088
groundtruth,69,1.898087374,0.6513022531,0.5360066193,-2.313652164,-0.8627069541,3.22852886,2.897300005
groundtruth,69,-0.9843518655,-0.5618671596,-2.558869583,-2.260249215,1.156774142,3.171594042,1.178175377
groundtruth,69,-0.9870563187,-0.7209986068,-2.773350656,-1.82864231,-2.776027958,3.4459113,-1.341695613
groundtruth,69,2.402604976,0.5085933493,0.3358570169,-2.222329565,1.390380094,3.055543378,1.028980388
groundtruth,69,-0.8217917135,-0.5231464921,-2.72026657,-2.229757718,1.335835263,3.092988735,1.057399223
groundtruth,69,0.06454349497,-0.5469866943,2.63586247,-2.213401849,1.661306915,2.708266278,0.995855986
groundtruth,69,-2.833902361,0.6462566113,-0.7649157443,-2.220696378,1.738161727,2.560823382,1.022372057
groundtruth,69,2.362382195,0.6695806219,0.03321073412,-1.955161538,-2.043959832,3.514203405,-2.030974011
groundtruth,69,-2.426333856,1.126148651,-1.215614796,-2.258696621,1.976311863,2.080742913,1.171710294
groundtruth,69,-0.1411287802,-0.5040665282,2.852375097,-2.21069539,1.604492921,2.805026316,0.9852372244
groundtruth,69,-0.4459729202,-0.6909557617,2.795287996,-2.016868537,-1.688101606,3.685950739,-2.265579108
groundtruth,69,0.4857946596,-0.7791378947,2.183433748,-2.230712683,1.812051829,2.409293446,1.061028152
groundtruth,69,-1.162110794,-0.788850631,-2.388052203,-1.863841466,2.510022615,3.456754931,-0.3679840828
groundtruth,69,1.898331945,0.6511514468,0.5359198473,-2.313895221,-0.8612780002,3.228696331,2.896846712
groundtruth,69,1.984710015,0.6045769315,0.6779063629,-2.365343712,0.4968716767,3.255299509,1.730774443
groundtruth,69,-1.205738308,-0.6244163593,-2.593204694,-2.365293889,-0.4973667118,3.25528555,2.584717107
groundtruth,69,-2.890327624,0.6168206797,-0.7043603011,-2.218500187,1.718284548,2.599640967,1.014491121
groundtruth,69,0.4830111896,-0.7764492811,2.186487668,-2.230502845,1.810679663,2.412130726,1.060227774
groundtruth,69,2.155408109,0.7206760949,0.366381778,-1.829114026,-2.771313241,3.446038215,-1.346297208
groundtruth,69,2.339833231,0.6722226199,0.06192539238,-1.945436457,-2.089849855,3.504260507,-1.991474406
groundtruth,69,-1.170961363,-0.606510983,-2.478770402,-2.380545985,0.3291207625,3.260784744,1.875137635
groundtruth,69,2.318035627,0.6754168961,0.09070039739,-1.934834722,-2.139861314,3.495001723,-1.947298635
groundtruth,69,2.050205986,0.5910634878,0.6685214659,-2.308950732,0.8900706344,3.225177144,1.393887571
groundtruth,69,2.39633159,0.5095706682,0.3423590243,-2.222780308,1.386723146,3.058324223,1.030709108
groundtruth,69,-1.133940704,-0.6010238464,-2.456796659,-2.341371806,0.6869027331,3.245314555,1.566869854
groundtruth,69,-0.9608406111,-0.7114684999,-2.827545072,-1.844646196,-2.639461398,3.450428838,-1.474762534
groundtruth,70,1.767405312,0.8427396722,-1.5157253,-1.664267768,2.349857558,3.292060847,0.9569789134
groundtruth,70,-1.364380032,-0.7760852804,1.386377698,-1.675113509,-2.30611677,3.287318097,-0.7712688608
groundtruth,70,-0.9873332648,0.6722352489,1.800788562,-2.007190632,-2.256691136,2.128421763,-2.084604776
groundtruth,70,-1.349478739,-0.9463113654,1.271868464,-2.0075885,-0.8833048229,3.460936686,-2.086462647
groundtruth,70,1.741136361,0.8147678564,-1.569029379,-1.57666817,2.897300409,3.319253147,0.3698630803
groundtruth,70,-1.38858272,-0.8247707661,1.613368649,-1.616742339,2.57974892,3.308574604,0.7039755149
groundtruth,70,-1.362363279,-1.354594237,1.355919911,-1.88543178,1.921527891,2.86644072,1.823380282
groundtruth,70,-1.286017132,-0.8339096388,1.419149257,-2.11393301,-0.1229287975,3.423585794,-2.897300005
groundtruth,70,0.4983429471,-0.02784712483,-0.02670878391,-1.926205172,-1.997465646,2.635360062,-1.74345325
groundtruth,70,-1.400181279,-0.8144466589,1.572472169,-1.576974509,2.897500038,3.318675553,0.3695302856
groundtruth,70,-1.07330971,0.4370690143,1.767669126,-1.979827176,-2.155062246,2.298405907,-1.962228942
groundtruth,70,-0.4056070455,-0.04172635823,0.8599181744,-1.921879158,-1.987331609,2.661574395,-1.726605973
groundtruth,70,-1.295382191,-0.7262030708,1.61814701,-2.057284521,0.6512012716,3.439628466,2.58191651
groundtruth,70,1.746970195,0.8037060266,-1.687031215,-1.593056215,-2.738451919,3.314899746,-0.2997396595
groundtruth,70,-1.343603545,-0.9271111841,1.588723127,-1.763368683,2.022388783,3.221037836,1.368678002
groundtruth,70,-0.8474478296,1.094380097,1.886320998,-2.054051629,-2.472708876,1.856847213,-2.326971457
groundtruth,70,1.857390894,0.7608263562,-1.586778859,-2.091130307,0.4236948974,3.429296232,2.823465714
groundtruth,70,-1.481355446,0.07607824424,1.989419471,-1.935203598,-2.019899192,2.580003605,-1.778803929
groundtruth,70,-1.289385765,-0.7422850375,1.589223253,-2.074166126,0.5496160369,3.434155812,2.69084568
groundtruth,70,1.647056553,0.4588956176,-1.118782579,-1.870837279,1.234834335,3.636869842,1.768813813
groundtruth,70,-1.30537062,-0.8791305303,1.346247919,-2.085696857,-0.4677169858,3.430790218,-2.541593309
groundtruth,70,2.118444342,0.1818632077,-1.744984251,-1.901127339,-1.945180974,2.782445324,-1.6469065
groundtruth,70,-1.320687954,-0.6750582064,1.701635687,-2.000607702,0.9107294563,3.464796017,2.289978669
groundtruth,70,0.5482093063,-0.02795636478,-0.07584375839,-1.926388249,-1.997899373,2.634254284,-1.744167834
groundtruth,70,-1.316727042,-0.8980269326,1.320832055,-2.065768575,-0.6023045834,3.436791254,-2.39884495
groundtruth,70,0.8176289061,-0.02983691579,-0.3410767839,-1.927433333,-2.00041766,2.62791225,-1.748225928
groundtruth,70,1.761576552,0.792147177,-1.731300827,-1.635501223,-2.479767274,3.302766601,-0.5765984864
groundtruth,70,-1.380866539,-1.441687882,1.311122712,-1.899072485,1.94176462,2.793746548,1.874865642
groundtruth,70,-1.292949993,-0.7323300248,1.60725238,-2.063893031,0.6134517701,3.437402561,2.622637194
groundtruth,70,-1.282263698,-0.7709278266,1.535785363,-2.098837121,0.3519850391,3.42726961,2.897300005
groundtruth,70,-0.1733510519,-0.034009816,0.6338169907,-1.923441098,-1.990938031,2.652257119,-1.732510525
groundtruth,70,-0.9766339952,0.704126477,1.806410522,-2.010837182,-2.271410289,2.106255988,-2.101737639
groundtruth,70,1.672660321,0.4803210249,-1.157738108,-1.878459204,1.228056144,3.617528045,1.797251589
groundtruth,70,-1.352840143,-0.7617268164,1.376653678,-1.700540764,-2.211862077,3.274127984,-0.8822519249
groundtruth,70,1.717063821,1.067142685,-1.939519683,-1.909901775,-1.179941397,3.554281834,-1.680399151
groundtruth,70,1.692044108,-0.08240153242,-1.180457041,-1.936067401,-2.022143194,2.574639718,-1.782224491
groundtruth,70,-1.350287869,-0.6250768308,1.772342149,-1.954728307,1.06721955,3.498329938,2.092944111
groundtruth,70,0.2040115047,-0.02861738347,0.2632504111,-1.92512093,-1.994883067,2.641980442,-1.739191768
groundtruth,70,1.778582576,0.8632349332,-1.519445178,-1.700157568,2.213105004,3.274340523,1.116503746
groundtruth,70,1.80872176,1.09507828,-1.649694892,-1.832979753,1.904942675,3.082122494,1.628622001
groundtruth,70,1.803129412,0.9303458768,-1.855924157,-2.026722867,-0.8025133961,3.451620128,-2.17913586
groundtruth,70,-0.9650168815,-0.1402064311,1.361841346,-1.907233831,-1.956434634,2.747812132,-1.670186202
groundtruth,70,-1.342437693,-0.9332926117,1.5850792,-1.767503514,2.012188634,3.215924003,1.384433342
groundtruth,70,-1.348145587,-0.9067552739,1.600530857,-1.74794269,2.06312359,3.237902667,1.309288966
groundtruth,70,1.987944425,0.3617782687,-1.71830078,-1.871913487,-1.907591315,2.932329076,-1.53706283
groundtruth,70,-1.456390476,-1.686908149,1.177519393,-1.933972589,2.01672393,2.58763346,2.009704819
groundtruth,70,1.843624418,0.7200999855,-1.512765429,-2.050547046,0.6875299433,3.442019338,2.542416897
groundtruth,70,-1.551439733,-0.4193628018,2.104979547,-1.857874142,1.241437579,3.673831224,1.72056973
groundtruth,70,1.750426271,0.8222543628,-1.533485203,-1.608006908,2.632699051,3.311024749,0.6473473963
groundtruth,70,-1.66308127,0.0532837303,2.157876045,-1.931933114,-2.01158176,2.600211193,-1.76591017
groundtruth,71,1.864534932,1.712649681,1.186937963,-1.606067841,0.7922149523,0.9788337121,2.727699463
groundtruth,71,0.1881448765,-1.238294807,2.722872867,-1.505108962,-1.81411046,-0.008677170872,-1.675798371
groundtruth,71,2.127316814,1.326463688,0.7955465968,-1.545825125,1.093365055,0.6498301974,2.482406082
groundtruth,71,-0.1991793566,-1.110277357,2.874938594,-1.508127625,1.835014985,-0.01746353854,2.351336272
groundtruth,71,-1.298079387,-1.762796876,-1.91790604,-1.61269537,0.7561263542,1.012344148,2.7594441
groundtruth,71,2.034255653,1.427247548,0.9257982886,-1.563433229,1.005955461,0.7520462692,2.548417376
groundtruth,71,-1.199317744,-1.560510746,-2.079903066,-1.584424559,0.9025344556,0.8668987086,2.632594823
groundtruth,71,0.1781776433,-1.233482659,2.735366983,-1.508049748,-1.834905767,-0.01750000007,-1.685521791
groundtruth,71,0.2104715399,-1.249337907,2.694463604,-1.499540154,-1.770576037,0.01136069684,-1.657539529
groundtruth,71,2.126097247,1.327610574,0.7972213678,-1.546036504,1.092297911,0.6510961492,2.483177786
groundtruth,71,-2.764855493,1.35249363,-0.6693601848,-1.487813502,-1.528577801,0.1733252306,-1.619768128
groundtruth,71,-2.77655462,1.343726682,-0.6532573125,-1.487401378,-1.542872036,0.1610305969,-1.618570155
groundtruth,71,1.912141569,1.614133607,1.1086955,-1.592303846,0.8630347088,0.9083880148,2.666113242
groundtruth,71,1.944964502,1.555999517,1.057576335,-1.58374348,0.9058984152,0.8633082827,2.629776748
groundtruth,71,-2.446564139,1.753362436,-1.148101101,-1.537366735,-1.136672371,0.598254818,-1.786220995
groundtruth,71,2.329338854,1.184142545,0.5253865019,-1.516390788,1.253156582,0.4599130439,2.379125143
groundtruth,71,0.2030548401,-1.245605859,2.703956892,-1.5012827,-1.784788672,0.004657095576,-1.663297541
groundtruth,71,-2.450041273,1.746315811,-1.142048299,-1.536379815,-1.141816551,0.5921120647,-1.782709189
groundtruth,71,1.976280846,1.506462148,1.010336468,-1.576174102,0.9433711891,0.8225435686,2.598675806
groundtruth,71,-2.843670656,1.29821002,-0.562165521,-1.488417994,-1.63124987,0.09344248345,-1.621674485
groundtruth,71,-2.593449707,1.520148856,-0.914032634,-1.505152161,-1.327314951,0.3748815059,-1.675887045
groundtruth,71,1.843572299,1.762799978,1.223586737,-1.612740509,0.7566850607,1.012125684,2.759218168
groundtruth,71,-1.113322817,-1.434770911,-2.20720719,-1.564673657,0.9998365974,0.7590584111,2.553235094
groundtruth,71,2.894759771,1.102250507,-0.2067835901,-1.497821246,1.75548968,0.01889759155,2.317632405
groundtruth,71,-0.9017976207,-1.236684954,-2.497929684,-1.528182643,1.18561867,0.5398068284,2.419537977
groundtruth,71,0.4835714406,-1.447288403,2.321983048,-1.496082596,-1.402593331,0.2934884955,-1.646312401
groundtruth,71,-0.1991046491,-1.110337332,2.874835658,-1.508067755,1.835026525,-0.01750000007,2.351263306
groundtruth,71,-2.45608029,1.734298318,-1.13161348,-1.534702344,-1.150642877,0.5815647565,-1.776734354
groundtruth,71,2.239035157,1.237201374,0.6446812365,-1.5282799,1.18502657,0.540518365,2.419910006
groundtruth,71,-2.444862043,1.757166352,-1.151382927,-1.537601717,-1.133616888,0.6012862361,-1.787397638
groundtruth,71,2.361853474,1.168502308,0.4828169266,-1.51255215,1.276988165,0.4321878616,2.366214307
groundtruth,71,-1.19048157,-1.545853676,-2.093393701,-1.582211514,0.913493163,0.8551438058,2.623423822
groundtruth,71,-2.769385479,1.349057569,-0.6631213474,-1.487670772,-1.534150854,0.1685533602,-1.619319971
groundtruth,71,0.6994719215,-1.762511483,1.985699934,-1.538648456,-1.130029731,0.6061845672,-1.790793287
groundtruth,71,2.736752797,1.08961886,-0.003072574562,-1.487238605,1.570379248,0.1387556619,2.283622749
groundtruth,71,0.699626149,-1.762799978,1.985425787,-1.538692387,-1.129796654,0.6064647042,-1.790956299
groundtruth,71,1.863963568,1.713987195,1.187943151,-1.606235192,0.7912328074,0.979681565,2.728490059
groundtruth,71,-2.441965698,1.762799978,-1.156168298,-1.538692726,-1.129793934,0.6064660303,-1.79095551
groundtruth,71,0.6621398291,-1.690374538,2.049401795,-1.52853047,-1.183619153,0.5421848005,-1.755118395
groundtruth,71,2.589987871,1.100717557,0.1869014211,-1.491583368,1.444009644,0.2502468413,2.298736076
groundtruth,71,1.843572093,1.762799978,1.223587104,-1.612740577,0.7566846967,1.012126017,2.759218493
groundtruth,71,2.236649114,1.23881359,0.6478596894,-1.528619839,1.183170764,0.5427309427,2.42109392
groundtruth,71,-2.589921348,1.524565114,-0.91931876,-1.505710006,-1.323108382,0.3795970193,-1.677782658
groundtruth,71,-0.9113677333,-1.243180618,-2.485170335,-1.529582729,1.178191227,0.5487580708,2.424329067
groundtruth,71,-2.779037424,1.341870086,-0.6498563056,-1.487437549,-1.54613132,0.1584713519,-1.618569141
groundtruth,71,2.206589692,1.260111712,0.6880246414,-1.53306512,1.159487112,0.5709996598,2.436496627
groundtruth,71,2.522028723,1.113881425,0.2747527335,-1.496989569,1.393793911,0.3026708132,2.31493465
groundtruth,71,-1.097489045,-1.415165262,-2.229866953,-1.561432626,1.015866059,0.7406402021,2.540650115
groundtruth,71,0.6102092539,-1.604949877,2.132909176,-1.516615327,-1.251773897,0.4615316016,-1.714215896
groundtruth,71,-1.270146778,-1.697115802,-1.966396676,-1.603957502,0.8032718378,0.9681866274,2.717970198
groundtruth,72,-0.3451297126,-0.4505568032,2.670151784,-1.081769514,0.7627688617,1.038476469,2.704432105
groundtruth,72,-0.06726402389,-1.277347119,0.987136338,-1.069445731,2.272504833,0.3306776652,2.660403308
groundtruth,72,-0.0761829863,-1.292674972,0.9659060651,-1.074750912,2.315254892,0.3191282566,2.677162188
groundtruth,72,2.222078492,1.640454537,2.835659105,-1.021858115,-1.481449444,0.6541295754,-2.545275669
groundtruth,72,-0.3665543738,-1.578726905,0.5596891649,-1.117505151,-2.718639754,0.2390010692,-2.897300005
groundtruth,72,2.792440303,0.4495848634,-0.4650282761,-1.082067005,0.7602523965,1.039685237,2.705534727
groundtruth,72,2.194033738,0.4357373948,0.4221911931,-1.115425416,0.4478777787,1.166832042,2.862430821
groundtruth,72,-1.028134824,-0.4527940949,-2.596955517,-1.119446948,0.4015106597,1.181018314,2.888503773
groundtruth,72,1.720802637,1.074196614,1.749534035,-1.116570895,-0.4256427027,1.172786686,-2.89569279
groundtruth,72,-1.211652828,-1.45988768,-0.8403987357,-1.057356195,-0.9768359429,0.9285104806,-2.64344398
groundtruth,72,-1.421544456,-1.07303589,-1.393147425,-1.117463104,-0.424860907,1.174046163,-2.897282763
groundtruth,72,1.788594628,1.260323277,1.984171802,-1.093026199,-0.6657943447,1.083270917,-2.770981234
groundtruth,72,-0.1897845493,-0.5039355262,2.405963592,-1.068623911,0.8761382264,0.9817623107,2.657658695
groundtruth,72,-0.7198726463,-1.669661841,0.03302862068,-1.028936997,-1.836621409,0.4854441263,-2.563271775
groundtruth,72,0.05402325412,-0.9064237731,1.535998291,-1.0214532,1.504452125,0.6422644849,2.522256423
groundtruth,72,0.002464871296,-1.133428104,1.19392109,-1.034854089,1.924263828,0.4493122089,2.556822063
groundtruth,72,1.731230894,1.115385322,1.799617252,-1.112714045,-0.4772334914,1.157150199,-2.868217618
groundtruth,72,2.085490203,0.4600565517,0.5880545002,-1.121060363,0.3843335987,1.186199362,2.897300005
groundtruth,72,-0.4576943698,-1.620300909,0.4399003234,-1.088347755,-2.435636673,0.2893513285,-2.752056944
groundtruth,72,-0.38649989,-1.589133221,0.5345867681,-1.111546904,-2.652133343,0.2484620331,-2.861539788
groundtruth,72,0.01265325898,-1.105705077,1.23469638,-1.030778135,1.866414149,0.4728958542,2.546084204
groundtruth,72,-1.421866049,-1.071662101,-1.394798596,-1.117609041,-0.4231761076,1.174561001,-2.897300005
groundtruth,72,1.772927222,1.227508152,1.940470086,-1.097871882,-0.6214731635,1.102296437,-2.792697749
groundtruth,72,-0.1050952461,-1.336935017,0.9055191212,-1.08997571,2.449849018,0.2861831593,2.736708101
groundtruth,72,-1.137009162,-1.526922135,-0.6961433713,-1.043640606,-1.112921448,0.8540735193,-2.602976723
groundtruth,72,-1.02651944,-0.452376914,-2.599461796,-1.119393009,0.4024909946,1.180745892,2.887942068
groundtruth,72,-0.2172861145,-0.4917191117,2.4558138,-1.071270494,0.8530585602,0.9936246019,2.66669477
groundtruth,72,-1.203738352,-1.467966338,-0.8245988504,-1.055804902,-0.9918370059,0.9204214438,-2.638464822
groundtruth,72,-1.421892544,-1.071592102,-1.394879193,-1.117631097,-0.4230852667,1.174592917,-2.897300005
groundtruth,72,0.001652931313,-0.6679618732,1.955494138,-1.041334091,1.138247223,0.8400668195,2.574571447
groundtruth,72,-0.150645607,-1.397995588,0.8255101521,-1.112453893,2.661874743,0.2470142702,2.844883482
groundtruth,72,-1.024030333,-0.4517610447,-2.603303475,-1.119265659,0.4039937481,1.1803077,2.887092709
groundtruth,72,-0.2501888839,-0.4789073755,2.513376162,-1.074238084,0.8274868084,1.006603257,2.677010871
groundtruth,72,-0.8270501341,-0.4199927027,-2.897300005,-1.109438918,0.5111160618,1.145324554,2.82786757
groundtruth,72,-1.411880127,-1.110140288,-1.348349414,-1.113328467,-0.4706975668,1.159351862,-2.871801328
groundtruth,72,-0.04950586636,-1.245795673,1.031530404,-1.059873746,2.187823208,0.3557529047,2.629299406
groundtruth,72,-1.399441663,-1.149854003,-1.299724067,-1.108497689,-0.5205892552,1.141897016,-2.844778896
groundtruth,72,-1.380041167,-1.201246756,-1.23512721,-1.101607307,-0.586779336,1.116499667,-2.810193749
groundtruth,72,-0.8910085203,-0.4270342005,-2.803456771,-1.112621433,0.4782385416,1.15681331,2.845685666
groundtruth,72,-0.03259704281,-1.213092414,1.078201727,-1.051123601,2.105563524,0.3824571991,2.602632136
groundtruth,72,1.780437368,1.243582823,1.961704015,-1.095454973,-0.6430665992,1.093105562,-2.782047652
groundtruth,72,-0.03937373763,-0.6120584191,2.080788682,-1.04931506,1.053907298,0.8865748002,2.597313312
groundtruth,72,-0.6343463068,-1.664241447,0.1726418104,-1.041758636,-2.008062217,0.4170681062,-2.597722608
groundtruth,72,-1.155551773,-1.511960163,-0.7312187039,-1.046744114,-1.080023185,0.872219957,-2.611836347
groundtruth,72,-1.357567938,-1.251041237,-1.169931674,-1.094374518,-0.6531587315,1.088775502,-2.777115741
groundtruth,72,-0.5142521524,-1.63928533,0.3585668472,-1.070812116,-2.28455769,0.32731721,-2.687110999
groundtruth,72,-0.4738584103,-1.626221348,0.4171623088,-1.083159044,-2.390775069,0.2998064869,-2.731690396
groundtruth,72,1.71972537,1.071656804,1.746787692,-1.117609603,-0.4231696131,1.174562982,-2.897300005
groundtruth,72,-0.01554257267,-0.6417001708,2.012112033,-1.044941355,1.098872261,0.8618295021,2.584703292
groundtruth,72,1.719883428,1.072331638,1.747599026,-1.117537809,-0.4239990269,1.174308714,-2.897300005
groundtruth,73,0.6011835793,0.2504494933,0.5801770748,-0.2989431747,2.22182283,0.8217578598,-2.811827428
groundtruth,73,-2.062274505,-0.5570814149,0.4414425528,-0.3037760731,-1.067165947,0.9697901683,-2.561351988
groundtruth,73,-2.290202368,-0.5632722067,-0.07493387386,-0.2849426958,-0.3951733814,1.026337855,-2.639320842
groundtruth,73,-1.218568219,-0.2677447959,1.433812612,-0.6455331534,-2.897395425,0.6219303289,-2.617019996
groundtruth,73,-1.783905136,-0.6240569142,0.6205431902,-0.5300471172,-1.407510023,0.9282732552,-2.432029309
groundtruth,73,1.343281032,0.6311888395,-2.546192311,-0.5321004795,-1.370669541,0.9374506,-2.432825443
groundtruth,73,-2.348095566,-0.7575134138,-0.1129897107,-0.6425641347,-0.2954641683,1.184995143,-2.601698538
groundtruth,73,0.6542464725,0.7439657721,2.89407984,-0.6521670438,-0.07410177454,1.202805092,-2.669874844
groundtruth,73,-2.015884585,-0.05877031145,2.790654756,-0.6203855787,2.605643766,0.6576461917,-2.850065276
groundtruth,73,-1.953491244,-0.6960433675,0.3480446921,-0.5633884771,-1.008058996,1.030362933,-2.456196105
groundtruth,73,1.117345722,0.718419658,-2.891806587,-0.5809773003,-0.8619374929,1.068118779,-2.474434461
groundtruth,73,0.5876297171,0.7313188524,2.830314977,-0.6526814788,0.03181297611,1.203752757,-2.703836594
groundtruth,73,1.132536835,0.5462205534,-2.573636044,-0.308539767,-1.232755965,0.9487053948,-2.548814281
groundtruth,73,-2.766221798,-0.0718709473,-2.613762317,-0.6014686635,2.443875118,0.6865519505,-2.88510457
groundtruth,73,0.5413370348,0.7201106595,2.785431148,-0.6513689594,0.1063195212,1.201432753,-2.727562488
groundtruth,73,1.273146012,0.3409174854,-1.315527576,-0.2862227767,-2.676000655,0.7909696006,-2.6299331
groundtruth,73,-1.879525465,-0.6674389353,0.4610378158,-0.5460804572,-1.173968822,0.9873382921,-2.442137935
groundtruth,73,1.922982464,0.2677145293,-1.707786752,-0.6455168572,-2.897500038,0.6219276642,-2.617046632
groundtruth,73,0.7074688422,0.2430404562,0.3238937405,-0.2934328919,2.388854918,0.8080228907,-2.793268149
groundtruth,73,-2.730900544,-0.2957288334,-1.984497143,-0.3110560377,1.804673366,0.8687757453,-2.844286939
groundtruth,73,-2.247432389,-0.7560133433,-0.01094939904,-0.6283169239,-0.459768613,1.159318051,-2.556224057
groundtruth,73,-1.714261375,-0.5896238578,0.7403059756,-0.5264170725,-1.585780633,0.8845539682,-2.430261079
groundtruth,73,-2.854623934,-0.0781508957,-2.500814138,-0.5977782335,2.413976345,0.6924479095,-2.890754943
groundtruth,73,0.4742878816,0.06677127902,0.4062020237,-0.6049015274,2.471815254,0.6811737561,-2.879592058
groundtruth,73,1.227005611,0.6816100928,-2.73541279,-0.5539695092,-1.093610594,1.008116247,-2.448141946
groundtruth,73,0.6076241195,0.2496366606,0.5636257534,-0.2988136677,2.232936641,0.8206306992,-2.810743199
groundtruth,73,0.251646615,0.08130396031,0.6875633548,-0.5960411765,2.40012815,0.6952350214,-2.893274791
groundtruth,73,1.169921809,0.7023200831,-2.819747469,-0.5679720096,-0.9693276321,1.040450179,-2.46043572
groundtruth,73,0.3561102218,0.6543398074,2.592070162,-0.6319918077,0.4214134203,1.166092324,-2.820992699
groundtruth,73,0.3755738265,0.6629470438,2.614079483,-0.6351414407,0.3863311857,1.171875845,-2.811458417
groundtruth,73,1.219693856,0.6845235581,-2.74666745,-0.5558499451,-1.077115405,1.012421783,-2.449499885
groundtruth,73,1.263680845,0.6668409589,-2.678110518,-0.5458562176,-1.177586172,0.986421693,-2.441852223
groundtruth,73,0.6399241347,0.7415653452,2.880411974,-0.652461455,-0.0514352841,1.203378968,-2.677208013
groundtruth,73,-1.968479307,-0.7012216414,0.3264220979,-0.5671315433,-0.9760968904,1.038682417,-2.4596785
groundtruth,73,-2.775599608,-0.3447987988,-1.645522966,-0.313255882,1.503611764,0.9107739395,-2.849293569
groundtruth,73,-2.232187866,-0.7550138321,0.005115376955,-0.6257908619,-0.4852701092,1.154584333,-2.549698424
groundtruth,73,-1.298402014,-0.1104018867,1.886231164,-0.6430292465,2.857518497,0.6253638469,-2.782220744
groundtruth,73,-1.920075713,-0.6838569587,0.3976263731,-0.5554636874,-1.081103272,1.011395096,-2.449130479
groundtruth,73,-1.668244219,-0.5663661665,0.8171493017,-0.528710487,-1.703497883,0.8560642749,-2.431466808
groundtruth,73,0.5094236793,0.7112261352,2.754010856,-0.6496810982,0.1583289944,1.198375397,-2.743920816
groundtruth,73,0.3896173698,0.3987629356,1.790720144,-0.3075765012,1.193371447,0.9539265067,-2.835923435
groundtruth,73,0.5370439694,0.7191453907,2.781405882,-0.651471983,0.113118976,1.201227008,-2.729720734
groundtruth,73,0.6940589831,0.06014058313,0.1460400096,-0.6109359314,2.522200866,0.6718680767,-2.869076243
groundtruth,73,1.887088918,0.305642122,-1.76753752,-0.6362540764,-2.768252126,0.6347917743,-2.57945574
groundtruth,73,-2.068505617,-0.05823079442,2.851181278,-0.6192775175,2.595415614,0.6592997454,-2.852499811
groundtruth,73,-2.011648343,-0.7148194251,0.2665967988,-0.5778782815,-0.8871062829,1.061684322,-2.470862258
groundtruth,73,-2.642472061,-0.7081513624,-0.3978365725,-0.6489957526,0.1752619111,1.197129034,-2.749193777
groundtruth,73,0.6751908178,0.5329707574,2.648254696,-0.2808711692,0.1407964655,1.033976064,-2.712721921
groundtruth,73,0.5397485894,0.06425060263,0.3276119163,-0.6068359803,2.488106412,0.6781260443,-2.876261929
groundtruth,73,1.796966479,0.3784532136,-1.882612067,-0.6093950867,-2.50949208,0.6741824255,-2.515528833
groundtruth,74,-1.278652785,-1.328139792,1.75542577,-0.6562430664,1.064056848,1.133628797,-2.799415009
groundtruth,74,1.19764541,1.104111457,0.7215353511,-0.6931372566,-0.6691773693,1.2442498,-2.330204686
groundtruth,74,1.184105846,1.11735443,0.7702533256,-0.6891383595,-0.710462008,1.23377723,-2.320926694
groundtruth,74,1.207144675,1.095526234,0.6888004281,-0.6958965007,-0.6416724016,1.251069887,-2.33659115
groundtruth,74,-1.358452723,-1.63010551,0.8894881514,-0.6465472958,1.94588618,0.8737222445,-2.813073226
groundtruth,74,-1.764401667,-1.473518089,-0.8644563752,-0.2064272103,-2.340423992,0.9388196695,-2.460870433
groundtruth,74,1.095421258,1.481550028,1.82676412,-0.6361141063,-1.72224191,0.9369828473,-2.233780118
groundtruth,74,-1.446226205,-1.722737882,0.5530313146,-0.6779097877,2.316288387,0.7788129602,-2.762701107
groundtruth,74,1.516366282,1.003339807,-0.1118376014,-0.7319151701,-0.01776656772,1.336922237,-2.524177247
groundtruth,74,-2.03192268,-1.234351022,-2.002671254,-0.6582232619,-1.039482075,1.14095618,-2.263976664
groundtruth,74,-1.371261409,-1.121937835,2.342839755,-0.7062515896,0.5277681364,1.277056482,-2.694979848
groundtruth,74,-1.280103349,-1.427292678,1.490070318,-0.6394664829,1.325219961,1.054791212,-2.82229977
groundtruth,74,1.312889265,1.031918801,0.3801503578,-0.7170576532,-0.3925700203,1.302858483,-2.403422996
groundtruth,74,1.639571181,1.033086234,-0.4117308393,-0.7274241898,0.212198392,1.326744013,-2.600692946
groundtruth,74,-1.435907358,-1.714503833,0.5866480381,-0.6741909842,2.278201105,0.7877453626,-2.769605744
groundtruth,74,1.173367765,1.128985471,0.8112453173,-0.6856849096,-0.7456001358,1.224578873,-2.313408536
groundtruth,74,-1.883768862,-1.733781409,-0.5308084835,-0.7059313811,-2.610237877,0.7196330831,-2.364385261
groundtruth,74,1.645788735,1.035697892,-0.4277615882,-0.7268703203,0.2246996677,1.325521786,-2.604779303
groundtruth,74,1.228667317,1.077750791,0.6181421616,-0.7023086669,-0.5831727708,1.265577889,-2.350605028
groundtruth,74,-1.855869661,-1.751868063,-0.4535460128,-0.7139874233,-2.706780634,0.7047216101,-2.391083495
groundtruth,74,1.178621272,1.123152243,0.790886931,-0.6874187316,-0.7281023009,1.229194374,-2.317106982
groundtruth,74,1.853414495,1.274991296,-1.245074343,-0.6679541361,0.9293273011,1.173370541,-2.780616432
groundtruth,74,-1.919452566,-1.705066109,-0.6396406079,-0.6937851413,-2.477206466,0.7440150655,-2.331253036
groundtruth,74,1.378452688,1.474617812,2.290807798,-0.2061757064,-2.354892061,0.937976877,-2.461936314
groundtruth,74,-1.293778797,-1.493160367,1.306369313,-0.6342739631,1.51084923,0.9990773127,-2.828673817
groundtruth,74,1.15332608,1.62440008,2.238116026,-0.6657598628,-2.168189193,0.8147887039,-2.271277893
groundtruth,74,-1.918103879,-1.082352369,-2.506132164,-0.6999558685,-0.597400255,1.261556259,-2.347391786
groundtruth,74,-1.395127277,-1.098798886,2.424985296,-0.7120509448,0.4583882356,1.291053626,-2.675933568
groundtruth,74,1.120769706,1.55990927,2.049345258,-0.6474818593,-1.959970928,0.8698463103,-2.248490173
groundtruth,74,1.324538293,1.027475988,0.3498898872,-0.7186885112,-0.3689703151,1.306704784,-2.41046598
groundtruth,74,1.091933168,1.295340458,1.311325531,-0.6461170386,-1.202968217,1.091776895,-2.246601941
groundtruth,74,1.607202023,1.021454067,-0.3300587865,-0.7297041114,0.1486739841,1.33194272,-2.579910133
groundtruth,74,-1.504142345,-1.759612311,0.3823735294,-0.6971489786,2.514352676,0.7368309514,-2.720236519
groundtruth,74,-1.549882232,-1.016914057,2.849666924,-0.7305028272,0.1193023829,1.333737406,-2.570168059
groundtruth,74,1.154025118,1.153000279,0.8917505494,-0.6788287096,-0.8156614833,1.205612267,-2.299437197
groundtruth,74,1.173321567,1.12901074,0.8113709819,-0.6857087972,-0.7457023893,1.224565538,-2.313378088
groundtruth,74,1.463465924,1.001525433,0.01234858117,-0.7307396462,-0.1114799846,1.334173941,-2.492750641
groundtruth,74,-1.989844703,-1.619714751,-0.9158465065,-0.6627906288,-2.155376598,0.8180098835,-2.271170718
groundtruth,74,1.603704245,1.020374678,-0.3214035916,-0.7298973726,0.1419939276,1.33238332,-2.577699917
groundtruth,74,-1.742729578,-1.4902951,-0.6404770725,-0.2044197149,-2.57802444,0.9262334273,-2.479144983
groundtruth,74,1.140791024,1.172407952,0.9536199722,-0.6735118744,-0.8704641498,1.190258835,-2.289471681
groundtruth,74,-2.04892447,-1.291914854,-1.839830615,-0.6466682395,-1.193764835,1.094556529,-2.247414954
groundtruth,74,1.808705613,1.588713225,-2.119615488,-0.6389901439,1.805348826,0.9131329143,-2.82290025
groundtruth,74,1.170347581,1.132455294,0.8231909134,-0.68467762,-0.7559087003,1.221843946,-2.311268048
groundtruth,74,-1.996457084,-1.165722562,-2.209020215,-0.6753136302,-0.8517288224,1.195550685,-2.292785803
groundtruth,74,-1.289571506,-1.481590132,1.339860377,-0.636654529,1.476898579,1.009734027,-2.828428359
groundtruth,74,1.15341446,1.153843722,0.8944815443,-0.6785859636,-0.8180651417,1.204945357,-2.298985211
groundtruth,74,-1.469263491,-1.048138139,2.643678448,-0.7242893512,0.2801236312,1.319360077,-2.62248412
groundtruth,74,-2.005736094,-1.180436729,-2.163029514,-0.6713843423,-0.8927911441,1.183897528,-2.285651152
groundtruth,74,-2.048359326,-1.47130948,-1.343479044,-0.6353095681,-1.692282255,0.9456769455,-2.232888089
groundtruth,75,0.1763681124,-1.396186991,2.447795174,-2.34604281,2.684821633,3.567687088,0.6934032126
groundtruth,75,-2.193480105,1.734368399,-0.6347195908,-2.75257484,1.334244441,2.55480388,2.434620093
groundtruth,75,-2.229265366,1.706813638,-0.6423497784,-2.75608869,1.303065341,2.594796417,2.449012884
groundtruth,75,0.4452020473,1.49407378,0.9694161986,-2.865898787,-2.735955638,0.6906669226,-2.648980995
groundtruth,75,2.882594096,0.589743714,-0.6850768252,-2.739920968,-1.498686583,2.279401621,-1.977045228
groundtruth,75,0.3828931661,-1.629148747,2.13635385,-2.357444138,-2.598835717,3.578254254,-0.3767047406
groundtruth,75,1.697891172,0.4746179949,0.3558090578,-2.745320682,-1.731634898,1.748353887,-1.998549932
groundtruth,75,-2.454253107,1.513642515,-0.6893863055,-2.800785903,0.9811970669,2.848497477,2.645090385
groundtruth,75,-2.884906785,1.01329885,-1.023828091,-2.781840555,-1.111533573,2.773382063,-2.151433048
groundtruth,75,-2.232168406,1.704546488,-0.6429459402,-2.756408594,1.300388085,2.598058296,2.450305588
groundtruth,75,-2.699289133,1.239628739,-0.9805054784,-2.861770445,-0.4601819112,2.981508837,-2.609849636
groundtruth,75,1.57803903,0.4982060272,0.4600769674,-2.747364239,-1.75539114,1.693528807,-2.006741277
groundtruth,75,0.4457538953,-1.715902689,2.072833432,-2.400974859,-2.33645744,3.630499281,-0.6437228507
groundtruth,75,0.2831545252,-1.046371489,2.110918556,-2.789462818,-1.059178873,2.807021588,-2.185552667
groundtruth,75,-0.4479100063,-0.5210119371,2.615223897,-2.738597937,-1.551079381,2.169139815,-1.971840531
groundtruth,75,1.020574534,0.7639560042,0.8983023211,-2.768649026,-1.936616103,1.325740372,-2.094423591
groundtruth,75,0.1680741843,-0.9086776007,2.154413038,-2.763753429,-1.241542394,2.663670374,-2.073833173
groundtruth,75,-1.672771151,-0.5271908491,-2.588246241,-2.74967611,-1.779624933,1.63878803,-2.016033647
groundtruth,75,-2.670838027,1.270954307,-0.9400034681,-2.874467909,-0.2596689427,2.998776005,-2.753373422
groundtruth,75,-2.753638414,1.177078124,-1.023255651,-2.832971596,-0.7423248478,2.931892096,-2.406917046
groundtruth,75,-2.057474932,-0.7144672828,-2.286047389,-2.764385667,-1.904858676,1.382482568,-2.076476852
groundtruth,75,-1.496180652,-0.4839847417,-2.739924114,-2.746162121,-1.741738207,1.724914162,-2.001918372
groundtruth,75,0.8479393128,-1.655251893,2.486554078,-2.764210727,1.237898467,2.667235899,2.482661465
groundtruth,75,0.5967478962,-1.420180234,2.407231097,-2.839831556,0.6843919625,2.945310964,2.855432525
groundtruth,75,0.2583761905,-1.015457217,2.117118055,-2.782334217,-1.108529032,2.776024544,-2.153262232
groundtruth,75,-0.5368917317,-0.4979989373,2.692145545,-2.738490601,-1.57128711,2.124275182,-1.971416917
groundtruth,75,-2.646098922,1.298623907,-0.8945231978,-2.88005118,-0.05733696578,3.005153932,-2.897283136
groundtruth,75,0.5846233544,-1.406373195,2.396459216,-2.846395932,0.6248793442,2.957128784,2.897300005
groundtruth,75,1.92007561,0.4492971684,0.1592141327,-2.742466633,-1.692338449,1.84080312,-1.987167412
groundtruth,75,-2.383367852,-1.048309195,-2.115174453,-2.798620002,-2.145287458,1.034759393,-2.227872679
groundtruth,75,-2.727798636,1.670437661,-1.039793818,-2.378505685,-2.463266955,3.60081839,-0.5166531553
groundtruth,75,-2.481891956,1.486635565,-0.6988345956,-2.810810506,0.9106019407,2.878949899,2.694111291
groundtruth,75,0.3381340819,-1.573156536,2.197082779,-2.332232993,-2.814008667,3.556108752,-0.1491170934
groundtruth,75,2.897300005,0.5964909384,-0.6971026462,-2.74011003,-1.493840848,2.289109867,-1.977817475
groundtruth,75,0.813435778,-1.626525879,2.480144894,-2.769781446,1.196717869,2.706425097,2.506112044
groundtruth,75,0.3411450446,-1.119570636,2.106453626,-2.810796451,-0.910758234,2.878905451,-2.287135061
groundtruth,75,0.1246231296,-0.8621138211,2.177927833,-2.757906324,-1.287839074,2.613027088,-2.049592226
groundtruth,75,0.8361969074,0.9498669972,0.9991565134,-2.787030411,-2.065718605,1.130040363,-2.174557941
groundtruth,75,-2.460991228,1.507118607,-0.6914892433,-2.803122647,0.9650414805,2.855986508,2.656219771
groundtruth,75,-0.4356933846,-0.5245875004,2.604751795,-2.738632594,-1.548125871,2.175599029,-1.971976936
groundtruth,75,1.450463588,0.5323765284,0.5684879954,-2.750307731,-1.784416861,1.630397317,-2.018141754
groundtruth,75,-2.156642374,1.761964284,-0.6262968737,-2.749519526,1.363503577,2.513959744,2.422303364
groundtruth,75,2.143000987,0.4441212233,-0.04002757895,-2.740447396,-1.655477925,1.928386949,-1.979151411
groundtruth,75,0.2035384858,-1.423243096,2.410468167,-2.333706923,2.798121868,3.557282079,0.5729640869
groundtruth,75,0.8407746853,-1.649344816,2.485262095,-2.765310213,1.229756519,2.675464671,2.487231737
groundtruth,75,-2.556510608,1.406902186,-0.7446923782,-2.846143488,0.6272567913,2.956691232,2.896554465
groundtruth,75,0.1777299727,-1.39763821,2.44695774,-2.345779249,2.687067572,3.567436793,0.6909024867
groundtruth,75,-2.076926117,-0.7289009878,-2.272634178,-2.76560606,-1.914070184,1.365664357,-2.081592932
groundtruth,75,-2.175202098,1.748165595,-0.6306243722,-2.750984577,1.349110998,2.534492921,2.428205818
groundtruth,75,1.460478374,0.5297701841,0.5603801885,-2.749872031,-1.78160606,1.634342598,-2.016873583
groundtruth,76,1.027663869,1.04241893,-1.524065329,-2.338493771,-0.9312424869,2.126509126,-2.006202947
groundtruth,76,1.044813176,1.718718766,-1.586211148,-2.408537275,-0.1123434528,2.449221668,-2.567387672
groundtruth,76,0.7629754582,0.3685747967,-1.127602217,-2.289797135,-1.392228132,1.564488497,-1.801000418
groundtruth,76,0.9575764736,0.6515269308,-1.382732008,-2.304419845,-1.216990358,1.81760918,-1.858394193
groundtruth,76,1.044579751,1.745036127,-1.585405605,-2.409246796,-0.07130556857,2.451506583,-2.596988893
groundtruth,76,-2.130640074,-0.8897054279,1.659978193,-2.323223701,-1.052978611,2.011642669,-1.936998849
groundtruth,76,-2.897300005,-0.2016474618,2.57816329,-2.284864735,-1.512366916,1.375144345,-1.782273539
groundtruth,76,1.024826134,1.009854638,-1.516040463,-2.335036588,-0.958570832,2.102786274,-1.990034897
groundtruth,76,1.044952946,1.699222817,-1.58675353,-2.407813662,-0.1425594434,2.446877071,-2.545609471
groundtruth,76,1.045262649,1.5951277,-1.588259099,-2.401385102,-0.2995502792,2.425309257,-2.432862595
groundtruth,76,-2.111080503,-1.079445307,1.60900424,-2.342553481,-0.8990961795,2.152953276,-2.025630398
groundtruth,76,0.171983914,0.1934593804,-0.48767307,-2.284689849,-1.52142686,1.360756845,-1.781618463
groundtruth,76,-1.675940525,1.47908462,1.474350736,-2.402540931,2.864293238,0.3702517654,-2.848126763
groundtruth,76,1.045045343,1.684957276,-1.587103304,-2.407191703,-0.1645190306,2.44481153,-2.52978368
groundtruth,76,-2.1041496,-1.199422737,1.585647926,-2.356511682,-0.7864141294,2.234007613,-2.096670099
groundtruth,76,-2.09863369,-1.373070678,1.563085179,-2.377803285,-0.5961545588,2.335368848,-2.224111082
groundtruth,76,-0.2054845221,0.1726957036,-0.0951310057,-2.284272706,-1.561087088,1.298065831,-1.780046496
groundtruth,76,1.46355522,-1.50976648,-1.6707255,-2.398524551,2.794356034,0.3794054415,-2.897300005
groundtruth,76,1.045198869,1.641703894,-1.587935834,-2.404751563,-0.2303756357,2.436802089,-2.482437483
groundtruth,76,-1.67746041,1.501241952,1.471760826,-2.39970889,2.813509021,0.3766704014,-2.884434169
groundtruth,76,1.98953908,-0.2667614887,-2.244569574,-2.286590535,-1.685837074,1.108368632,-1.78880476
groundtruth,76,-2.114854188,-1.031146831,1.620222576,-2.337290456,-0.9407933932,2.118332787,-2.000524493
groundtruth,76,-1.111959803,0.2545128201,0.8535646981,-2.28622252,-1.676221189,1.122381607,-1.787396647
groundtruth,76,1.026635625,1.030183531,-1.521107079,-2.337181771,-0.9416190817,2.117638657,-2.00002436
groundtruth,76,0.855617968,0.4577833699,-1.240216891,-2.293539071,-1.337392359,1.64780227,-1.815432978
groundtruth,76,0.7218428291,0.3407271577,-1.079946136,-2.288782592,-1.409735363,1.537317202,-1.79714395
groundtruth,76,-2.106580557,-1.150879851,1.594329179,-2.350729377,-0.8336725273,2.202131969,-2.066371913
groundtruth,76,0.3219999389,0.2126262663,-0.6452377112,-2.285105416,-1.501653873,1.392160198,-1.783186138
groundtruth,76,-0.7509564214,0.1919181705,0.4713712408,-2.284641471,-1.617372076,1.210613958,-1.781436295
groundtruth,76,0.02532488452,0.1815741087,-0.3347220453,-2.284448293,-1.537940718,1.334586058,-1.780708017
groundtruth,76,-1.675483667,1.47251287,1.475188286,-2.403307232,2.879617595,0.3685451939,-2.837147012
groundtruth,76,-2.09720924,-1.462685393,1.55665798,-2.388330139,-0.4836786527,2.377991125,-2.302285726
groundtruth,76,-1.675378972,1.471016446,1.475383493,-2.403475405,2.883123222,0.3681705303,-2.834633806
groundtruth,76,0.08146737207,0.1854531572,-0.3931670377,-2.28453898,-1.531870636,1.344205465,-1.78099588
groundtruth,76,0.6096194123,0.2857423193,-0.9541028373,-2.28696629,-1.446057974,1.48035798,-1.791240235
groundtruth,76,-0.8141810256,0.1986577025,0.5375499327,-2.284787229,-1.625423482,1.198319321,-1.781984517
groundtruth,76,-1.586187439,0.7586416097,1.432002541,-2.322434917,-2.082213687,0.6654236137,-1.933583488
groundtruth,76,-0.5803820351,0.1792671932,0.2936614956,-2.284418323,-1.598031249,1.240365647,-1.780481767
groundtruth,76,-2.302300644,-0.4384217195,1.92194532,-2.292658835,-1.34921916,1.630092565,-1.812029384
groundtruth,76,-2.100927651,-1.284203393,1.572972307,-2.366870288,-0.6978971084,2.286210725,-2.155023312
groundtruth,76,-0.5348117758,0.1770596682,0.2462971876,-2.284346537,-1.593286132,1.247743905,-1.780328856
groundtruth,76,0.588607927,0.2775486412,-0.9310272963,-2.286773654,-1.451331384,1.47198999,-1.789488421
groundtruth,76,-2.132035565,-0.8798300447,1.663155374,-2.322326437,-1.060317351,2.003938432,-1.933091546
groundtruth,76,1.044400881,1.762096032,-1.58485481,-2.409539126,-0.04459430251,2.452442633,-2.616266179
groundtruth,76,-1.303880914,0.3330392755,1.065520775,-2.288964683,-1.735027608,1.038728047,-1.797813428
groundtruth,76,0.09507566132,0.1863431309,-0.407400367,-2.284693921,-1.530544713,1.346998494,-1.780586031
groundtruth,76,-0.1492293334,0.1739021313,-0.1534501698,-2.284298576,-1.555624985,1.306658612,-1.780138158
groundtruth,76,0.6415043308,0.2987943472,-0.9893789536,-2.287404331,-1.436931753,1.494710362,-1.791893869
groundtruth,76,1.466648522,-1.464858051,-1.665424744,-2.404142819,2.897500038,0.3667063251,-2.824355242
groundtruth,76,-2.096654189,-1.701369223,1.554895926,-2.407901103,-0.1392417974,2.447162026,-2.547999596
groundtruth,77,0.8258832778,1.231770296,2.58045274,-1.859193965,0.8995666037,1.822111652,-2.569984336
groundtruth,77,-2.508873668,0.8509064257,-2.391864749,-1.874144805,-2.377018182,0.5642977312,-1.524755873
groundtruth,77,2.686346608,-0.5723895284,-0.4518401716,-1.823272804,1.871644877,0.8757688944,-2.715157398
groundtruth,77,-0.4682623282,-1.565478688,0.3369549062,-1.830675647,-1.176714708,1.580068866,-1.33680241
groundtruth,77,-1.76540487,-1.518997338,-0.3694152103,-1.917242087,0.2438621304,2.118073592,-2.17533462
groundtruth,77,2.566451483,1.600704924,-2.873357562,-1.839446078,-1.083797643,1.668406425,-1.370735427
groundtruth,77,0.6028199941,1.0893181,2.526143453,-1.836275259,1.116046516,1.638486016,-2.665195177
groundtruth,77,-0.5520230582,-1.593748228,0.2831251147,-1.837446315,-1.103987495,1.649770459,-1.362873096
groundtruth,77,-1.836222076,-1.489447672,-0.39668351,-1.912326103,0.3364582065,2.098310715,-2.236390794
groundtruth,77,1.338986012,-0.551452182,0.3840655743,-1.914940618,2.850982747,0.4425585525,-2.206271638
groundtruth,77,2.609181416,1.587560603,-2.845841699,-1.835791281,-1.121066785,1.633754506,-1.356429668
groundtruth,77,-0.4891936395,-1.572991233,0.3235297954,-1.832286171,-1.158586502,1.597800222,-1.342965439
groundtruth,77,-0.3079684337,-1.497678867,0.4382053476,-1.820059922,-1.315903017,1.437534987,-1.297754595
groundtruth,77,0.1969042007,-1.174453276,0.7017597359,-1.818717668,-1.803408844,0.9352088404,-1.29294521
groundtruth,77,-1.885053407,-1.467637789,-0.4150895494,-1.908175471,0.3993617031,2.081066511,-2.277283733
groundtruth,77,-2.11021496,-1.353072301,-0.49588214,-1.883717432,0.6745073995,1.966783688,-2.447473617
groundtruth,77,0.07572052595,-1.26456511,0.6514646762,-1.813185393,-1.674128589,1.058529442,-1.273396013
groundtruth,77,-2.36537928,-1.200673578,-0.5750362828,-1.85357356,0.9501803968,1.782962192,-2.594551382
groundtruth,77,0.02790487807,-1.298455461,0.6286537556,-1.81219966,-1.625862686,1.107465069,-1.269895585
groundtruth,77,-0.903308242,-1.661689141,0.06025812422,-1.872222227,-0.7835422771,1.90318156,-1.514487413
groundtruth,77,-0.7773972168,-1.646398994,0.138782744,-1.858827082,-0.9026587459,1.819795122,-1.452001888
groundtruth,77,-0.03420430721,0.7202503427,2.536487054,-1.811997518,1.610900798,1.122900115,-2.754245892
groundtruth,77,1.863189536,-0.4874359166,0.0323448202,-1.873746299,2.373528835,0.565649631,-2.50073459
groundtruth,77,0.8691080233,-0.7153977825,0.6700638004,-1.908875404,-2.752175963,0.4576442951,-1.75262789
groundtruth,77,2.810873681,1.508401584,-2.717540348,-1.821353778,-1.296022666,1.458462982,-1.302407407
groundtruth,77,-0.6482158105,-1.620366481,0.2211622714,-1.846132061,-1.019298805,1.725723899,-1.397595057
groundtruth,77,-0.8203633841,-1.652689754,0.1117445089,-1.863269516,-0.8626892278,1.849116854,-1.4721939
groundtruth,77,-0.2071446417,-1.445757041,0.4995010312,-1.815362781,-1.405101683,1.342246081,-1.280997791
groundtruth,77,-2.847157783,1.099278398,-2.408944025,-1.826552749,-1.916004031,0.8390062632,-1.321399021
groundtruth,77,2.68043538,1.56286128,-2.80009457,-1.830123136,-1.182829374,1.573990184,-1.334783203
groundtruth,77,-2.411063817,-1.171672451,-0.5869885568,-1.848646324,0.9954693488,1.745910382,-2.615421127
groundtruth,77,-1.266069536,-1.65230727,-0.1463317258,-1.908429694,-0.3957240535,2.082150203,-1.748564093
groundtruth,77,-1.965650265,-1.429175661,-0.4448186105,-1.900224262,0.5009567147,2.046446146,-2.342017403
groundtruth,77,-2.207112505,0.6847531222,-2.50441085,-1.915293465,-2.857659094,0.441709562,-1.821633293
groundtruth,77,-0.2413048286,-1.464143339,0.4790051764,-1.816770416,-1.374637828,1.37498016,-1.285953114
groundtruth,77,-2.710441156,0.9941084238,-2.383606244,-1.842600017,-2.088808619,0.7139885034,-1.383314847
groundtruth,77,-2.700790483,0.9868331385,-2.382713224,-1.843938095,-2.101704253,0.705768612,-1.388718419
groundtruth,77,-1.313046375,-1.645580844,-0.1703368707,-1.912113017,-0.3398671161,2.097451878,-1.784878405
groundtruth,77,-0.0131144334,-1.326574284,0.607997719,-1.811812533,-1.585544259,1.149295875,-1.268618773
groundtruth,77,1.51788874,-0.5180178926,0.26340448,-1.901807726,2.659408046,0.4763166465,-2.330197606
groundtruth,77,1.359947677,-0.5468468016,0.3699763746,-1.913617286,2.826564225,0.4458124257,-2.222351522
groundtruth,77,0.02234036022,-1.302341378,0.625903374,-1.812099549,-1.620255704,1.113238323,-1.269521616
groundtruth,77,-2.860284429,-0.8868226629,-0.6454119473,-1.816363474,1.385503068,1.36365834,-2.739617047
groundtruth,77,-2.03914614,-1.391569967,-0.4711793689,-1.892082997,0.5906907602,2.00859301,-2.397483023
groundtruth,77,1.242700185,1.461245019,2.721337664,-1.906897628,0.4170252088,2.075657452,-2.288665244
groundtruth,77,0.3196842153,0.9097496089,2.496135192,-1.817756163,1.355414875,1.395545267,-2.733997088
groundtruth,77,-2.822100522,1.079836121,-2.402608879,-1.8290537,-1.946329277,0.815049567,-1.330757288
groundtruth,77,-1.841337538,0.5605424906,-2.73157545,-1.917237891,2.897500038,0.4371278526,-2.175434855
groundtruth,77,-0.3806119865,-1.530644028,0.3927316733,-1.824443059,-1.252633214,1.503565161,-1.313648859
groundtruth,77,0.6394046815,-0.8465170618,0.7484900109,-1.875219793,-2.387137566,0.5601641279,-1.530327429
groundtruth,78,0.005765035623,-1.248761867,-0.7576205396,-1.43652521,-2.895716265,0.8672867484,-1.177394068
groundtruth,78,-0.5120109346,-0.5910278533,-1.220092006,-1.356936959,-1.776801878,1.346331497,-0.7765439508
groundtruth,78,0.3737189727,0.01297465098,-2.782635587,-1.377073325,-1.0291753,1.845683386,-0.8443451529
groundtruth,78,-2.897047156,-0.0137880131,0.4861760711,-1.377250052,-1.026728892,1.847100369,-0.8450698154
groundtruth,78,-0.03913130712,-1.205893653,-0.7930392109,-1.43178735,-2.796648627,0.8830308535,-1.126642088
groundtruth,78,-1.152879378,0.6960330108,-1.935027226,-1.441599539,-0.01332458821,2.151471757,-1.300166207
groundtruth,78,-2.743802741,1.511166543,2.706511405,-1.419629149,2.61242618,0.9265884232,-1.577655805
groundtruth,78,2.896171062,0.9729541586,2.174992355,-1.396720573,-2.341155007,1.024806731,-0.9210196022
groundtruth,78,1.793693953,0.02309488466,2.106155493,-1.374562099,-1.060657694,1.827279203,-0.8356130768
groundtruth,78,1.598611731,-1.234091099,0.856022486,-1.38748262,0.9049355951,1.91381778,-1.731264254
groundtruth,78,-0.1484890468,-1.089785969,-0.8822753642,-1.415075574,-2.554120898,0.9442712374,-1.010094234
groundtruth,78,2.573255463,0.5004508167,1.86644745,-1.353476119,-1.660297435,1.425358152,-0.7670334672
groundtruth,78,-1.931285421,1.514557958,-2.719378032,-1.35322847,1.498051127,1.538740829,-1.848257174
groundtruth,78,0.2424048838,0.01376577899,-2.653279784,-1.377197703,-1.02673571,1.847026283,-0.845035488
groundtruth,78,-1.336952866,-0.02351033601,-1.045878308,-1.374515395,-1.061275809,1.826914851,-0.8354455967
groundtruth,78,-2.897300005,-0.01378158951,0.4864458435,-1.377235588,-1.026738181,1.847084097,-0.8450574783
groundtruth,78,-2.036798131,1.554565397,-2.83874873,-1.35311756,1.634881261,1.443015944,-1.848586622
groundtruth,78,-0.6497366201,-0.3706332132,-1.347849331,-1.353249826,-1.49736751,1.539251071,-0.766291087
groundtruth,78,1.843547568,-0.9264547505,1.093109804,-1.430044277,0.3753547515,2.110577095,-1.50316873
groundtruth,78,1.14354423,0.01294340078,2.740774501,-1.376056547,-1.041587973,1.838477494,-0.840855677
groundtruth,78,1.795842038,0.02317815781,2.104106994,-1.374554502,-1.060780486,1.827208717,-0.8355788278
groundtruth,78,1.630966965,-1.199743471,0.8900572735,-1.39288299,0.8442262278,1.944344802,-1.709868019
groundtruth,78,-1.239285672,0.8364605297,-1.999932723,-1.436904267,0.2223903249,2.136089001,-1.425159968
groundtruth,78,-0.5076544008,0.03805397152,-1.93350588,-1.380330228,-0.9888514127,1.86860314,-0.8562296157
groundtruth,78,1.722352096,-1.092756017,0.9821595021,-1.409709187,0.6590940584,2.026281781,-1.635659984
groundtruth,78,0.02644325092,0.0161085505,-2.441428798,-1.377656759,-1.021635316,1.850017404,-0.8465065143
groundtruth,78,-0.9077110798,0.2794722705,-1.775830794,-1.409077396,-0.6594666624,2.024886383,-0.9783464627
groundtruth,78,2.254999034,-0.24820865,1.375106008,-1.405265582,-0.7036801191,2.007343539,-0.9596388284
groundtruth,78,1.73683266,-1.073896716,0.9963643012,-1.411837848,0.6267250969,2.037156692,-1.621935915
groundtruth,78,-2.782765062,1.493142785,2.671623363,-1.424297297,2.680628797,0.9079763754,-1.544844857
groundtruth,78,2.385305787,-0.109984655,1.382181143,-1.388550772,-0.8927960716,1.920154929,-0.8873736208
groundtruth,78,-1.102303525,0.6094769682,-1.898960944,-1.439524513,-0.1555332051,2.144496354,-1.224669748
groundtruth,78,1.838275673,0.02488016345,2.063736545,-1.374350276,-1.063290476,1.825684532,-0.8349269194
groundtruth,78,0.2858765277,-1.455544049,-0.5334060244,-1.432595787,2.811716707,0.8802926255,-1.480262131
groundtruth,78,-1.242747917,0.8423762865,-2.003013116,-1.437053795,0.2326116621,2.135857999,-1.43030287
groundtruth,78,-0.3901463686,-0.7752355454,-1.102035972,-1.370801355,-2.030735001,1.184635966,-0.822640538
groundtruth,78,1.312128884,0.01408320054,2.574819784,-1.375805126,-1.044826068,1.836588393,-0.8399520068
groundtruth,78,-1.627162385,-0.01640018798,-0.7650982646,-1.375414137,-1.049718855,1.833721306,-0.8385997639
groundtruth,78,-1.267588705,0.8807655065,-2.023064061,-1.434217691,0.2976958979,2.12578916,-1.463857129
groundtruth,78,2.143166167,-0.4286562464,1.313025456,-1.426001897,-0.440068359,2.095217447,-1.07940941
groundtruth,78,1.89926342,-0.8417175707,1.138901527,-1.437085664,0.231465259,2.135973873,-1.42965477
groundtruth,78,-0.2213651564,-1.00314892,-0.9451678014,-1.401380726,-2.393666441,1.0026485,-0.9415679779
groundtruth,78,-1.093249821,0.5937877684,-1.892638361,-1.438808225,-0.1809509459,2.142015749,-1.211292404
groundtruth,78,-0.3438309085,-0.8414133165,-1.057613078,-1.378388104,-2.129071577,1.128955129,-0.8491752625
groundtruth,78,-2.582402794,-0.01225989813,0.1760156543,-1.376797798,-1.032294872,1.843872899,-0.8434762851
groundtruth,78,1.958608223,-0.7461839281,1.184526518,-1.441147843,0.07037545164,2.150072522,-1.344744445
groundtruth,78,0.2407208947,-1.428940343,-0.5712606794,-1.436586468,2.897500038,0.8670499795,-1.436191116
groundtruth,78,-1.152445047,0.6952236399,-1.934646779,-1.441553518,-0.01464775284,2.151446408,-1.299459362
groundtruth,78,-2.45698808,-0.01204894323,0.05218402191,-1.376639585,-1.034257569,1.842736699,-0.8429141488
groundtruth,78,-0.6082482525,-0.4365145773,-1.311975419,-1.352747781,-1.579510885,1.481679894,-0.7648189021
groundtruth,79,-0.3593330998,-0.7416028785,-0.4204398958,-1.00298289,-0.05127859083,2.404898927,-0.6865569185
groundtruth,79,-0.1810950808,-0.7896788484,-0.3599460792,-0.9929601532,-0.3550898795,2.380188668,-0.5639390728
groundtruth,79,-0.1153470359,-0.8046948921,-0.3331363824,-0.9861294896,-0.466067659,2.362184489,-0.5224366848
groundtruth,79,-1.533864721,0.5843207736,-2.531382868,-0.9973984535,-2.878686073,1.514967732,-0.599957246
groundtruth,79,-0.6237730135,-0.6545091392,-0.4899705492,-0.991138189,0.3870111923,2.375488474,-0.8639916286
groundtruth,79,0.1074515668,-0.8434104327,-0.2211196003,-0.9572990711,-0.8320222247,2.271681238,-0.4071995339
groundtruth,79,1.839249872,0.4221036284,2.554484644,-0.927630658,1.266375865,2.114466212,-1.089498093
groundtruth,79,2.133464362,-0.4079275259,0.5957801235,-0.9980325305,2.892039017,1.513140759,-0.8103550929
groundtruth,79,-0.2137746464,0.2659082624,-2.847960102,-0.9646924638,2.398802631,1.63490633,-0.984013798
groundtruth,79,2.727626405,0.724950396,2.705400142,-1.003100255,0.04145498735,2.405101127,-0.7251121126
groundtruth,79,0.5776692984,-0.857087509,0.0973509794,-0.9205043499,-1.547469178,1.994482011,-0.3096506882
groundtruth,79,-0.8011734866,0.3557665171,-2.598336921,-0.9899611669,2.735285953,1.540048188,-0.8712603295
groundtruth,79,-1.636620813,0.622370905,-2.55124392,-0.9915169395,-2.761277248,1.534755444,-0.5542991431
groundtruth,79,-0.8942120156,-0.5568294398,-0.5483360634,-0.9610650068,0.7869453102,2.285242888,-0.9964775755
groundtruth,79,-0.6390698713,-0.6490709209,-0.4936099552,-0.9896488135,0.411242911,2.371641869,-0.87313343
groundtruth,79,0.8470452034,-0.8206077546,0.286093853,-0.9301031638,-1.925687242,1.825707033,-0.3322440326
groundtruth,79,0.882556206,-0.8134375381,0.309263146,-0.9327386067,-1.973970948,1.804506951,-0.3388470048
groundtruth,79,0.44303221,-0.8631000014,3.897684346e-06,-0.9242113408,-1.350092273,2.07976448,-0.3183579413
groundtruth,79,-0.5883285951,-0.66709157,-0.4812872872,-0.9946686445,0.3309320929,2.384399666,-0.8433885151
groundtruth,79,2.696699303,0.7151395626,2.696858409,-1.002473506,0.09366987846,2.403665772,-0.7467649007
groundtruth,79,-1.645505042,-0.3381664645,-0.5421999671,-0.9203760963,1.560768396,1.98859394,-1.106135887
groundtruth,79,-0.1906074957,-0.7873742827,-0.3636032462,-0.9938228281,-0.3389478566,2.382411707,-0.5701694607
groundtruth,79,-1.62523784,0.6181756517,-2.548666874,-0.9922776145,-2.774498278,1.532187056,-0.5593384981
groundtruth,79,-0.148807028,0.2603701355,-2.881733344,-0.9621601429,2.368288008,1.645608294,-0.9926857845
groundtruth,79,-0.1220721502,-0.8032181216,-0.3360160418,-0.9868631573,-0.4547555167,2.364225361,-0.526552239
groundtruth,79,-1.207632435,-0.4504603648,-0.5861590066,-0.932711912,1.168536006,2.153510531,-1.077045363
groundtruth,79,-0.3177374456,-0.7537261973,-0.4076816089,-1.001942296,-0.1222222194,2.402419125,-0.6571932064
groundtruth,79,2.620341686,0.6900310566,2.67683093,-0.999186225,0.2209871854,2.395666505,-0.7989072401
groundtruth,79,-2.335378891,0.8281495705,-2.882748216,-0.9273353876,-1.869752241,1.850505023,-0.325674831
groundtruth,79,-2.348799578,-0.2514540361,-0.2592705367,-0.9320906715,1.96228104,1.809621173,-1.078582977
groundtruth,79,2.319923361,0.5830548032,2.607430142,-0.9693887132,0.6858232636,2.313226445,-0.9670664073
groundtruth,79,-0.09166079494,-0.8097110253,-0.3228052908,-0.9833590405,-0.5057601822,2.354617957,-0.5082171833
groundtruth,79,-0.5739691686,-0.6719525631,-0.4779378533,-0.9954458838,0.3071632032,2.386504625,-0.8331898618
groundtruth,79,0.3571894018,-0.8627326218,-0.06068681768,-0.9298078333,-1.221217132,2.132687697,-0.3315962324
groundtruth,79,1.298166166,-0.6962894716,0.5267221142,-0.9739896122,-2.512694052,1.597760461,-0.4665618556
groundtruth,79,-0.3039464724,0.2748630382,-2.802567827,-0.9683229763,2.442772951,1.620023398,-0.9710178958
groundtruth,79,2.120482937,0.5119282769,2.57248799,-0.9476599874,0.9525122638,2.232796871,-1.037670453
groundtruth,79,0.1877658418,-0.8525088869,-0.1729496449,-0.9470686212,-0.9595890535,2.230243639,-0.3766383989
groundtruth,79,-2.353499448,-0.2511814431,-0.2568345636,-0.9322127866,1.964434428,1.808678775,-1.078278788
groundtruth,79,2.099393886,0.5046607991,2.5696892,-0.9456378751,0.9783599822,2.223775624,-1.043143857
groundtruth,79,2.602261201,-0.3059432106,0.4470878515,-0.978356953,2.568888927,1.581223162,-0.9306464005
groundtruth,79,0.2362792859,-0.8567188479,-0.1421185699,-0.9414470348,-1.035537228,2.203536421,-0.3610628878
groundtruth,79,0.2544351623,-0.8580056691,-0.130290356,-0.9394214284,-1.0637258,2.193250944,-0.3558115294
groundtruth,79,2.421256019,-0.3385196337,0.5167666536,-0.9864257191,2.680446473,1.552255538,-0.8914944761
groundtruth,79,-0.7796198289,-0.5983511286,-0.5253444709,-0.9742993911,0.6250490196,2.328455964,-0.9479445114
groundtruth,79,-0.1227355369,-0.8030696424,-0.3362991265,-0.9869336003,-0.4536347867,2.36442064,-0.5269632012
groundtruth,79,-2.111976713,-0.2698402463,-0.3751223295,-0.9263504403,1.847284536,1.860517765,-1.09239864
groundtruth,79,-0.3327932935,-0.7493978871,-0.412381338,-1.002415972,-0.09652538815,2.403551022,-0.6678024929
groundtruth,79,2.207769119,0.5426101594,2.586132378,-0.9566398233,0.8401765017,2.269179141,-1.010672003
groundtruth,79,-0.558586076,-0.6772695378,-0.4741441009,-0.9966288052,0.2821715029,2.389449383,-0.8233374806
groundtruth,80,-0.886658083,0.4044935412,0.3634889202,-0.4546728493,-1.537347519,2.503042629,0.06907364608
groundtruth,80,-1.266780369,0.5990904796,1.631186265,-0.5689236661,-2.439435087,2.289030361,0.01325319582
groundtruth,80,2.636498676,-0.9136751858,0.5045107684,-0.4558647253,1.613191396,2.487280955,-0.4914099572
groundtruth,80,-0.1999303093,0.4777457294,-1.248306775,-0.6091887705,-0.4239196494,2.732492956,-0.05908305319
groundtruth,80,-0.9422678592,0.41432996,0.5098352018,-0.4554788446,-1.63369794,2.482908297,0.06916891132
groundtruth,80,-1.197126994,0.5016412987,1.251266234,-0.5180214814,-2.142403893,2.36533734,0.05663369507
groundtruth,80,2.131170218,-0.950579574,-0.5876904239,-0.6269612614,2.897500038,2.199140165,-0.3021545305
groundtruth,80,2.664147607,-0.9000489232,0.5884373133,-0.4553921936,1.510773956,2.508625477,-0.4908523481
groundtruth,80,-0.7143719737,0.3823646862,-0.06002477235,-0.4764656425,-1.270550406,2.560883238,0.06936302164
groundtruth,80,-1.270736032,0.634610665,1.735648674,-0.5831309308,-2.530204733,2.26700931,-0.007120798147
groundtruth,80,-1.250742653,0.5595937347,1.498370495,-0.5502899389,-2.330599389,2.316772757,0.03319509476
groundtruth,80,-0.8595038455,0.9961152053,2.819119985,-0.5926717064,2.593541888,2.25245472,-0.3984686761
groundtruth,80,1.928453176,-0.7879423586,-1.027639188,-0.6269586554,-2.897500038,2.199144244,-0.1195196661
groundtruth,80,-0.5752375801,0.9493527463,-2.848249307,-0.4762358719,1.868613817,2.431872344,-0.4911287238
groundtruth,80,-0.1469275209,0.5546689132,-1.485991463,-0.6338777125,-0.125151579,2.758869357,-0.163190404
groundtruth,80,-1.010299617,0.9506371001,2.554121665,-0.6269428277,2.897500038,2.19916942,-0.3022441426
groundtruth,80,-0.4326472246,0.3913435036,-0.6770620802,-0.5370037274,-0.8882528551,2.647514662,0.04447827223
groundtruth,80,-0.2366709862,0.762977954,-1.95122523,-0.5717134911,0.6840804789,2.689856627,-0.4311659763
groundtruth,80,-0.5302198984,0.925829917,-2.713128338,-0.4593315511,1.705224286,2.467830616,-0.4912134864
groundtruth,80,-0.2469493193,0.4469239027,-1.11188479,-0.5912613525,-0.5573732469,2.712531857,-0.0207671619
groundtruth,80,-0.541109844,0.932091982,-2.747368924,-0.4633251689,1.746848371,2.458917279,-0.4918018351
groundtruth,80,2.630212607,-0.382249626,2.634565766,-0.518322184,-0.997648344,2.62307997,0.05651566812
groundtruth,80,-0.9795286021,0.5147485617,0.8811949969,-0.3493339132,-1.914448491,2.431068479,-0.008806212015
groundtruth,80,2.438204744,-0.9933152193,-0.0222833777,-0.5354880299,2.244594576,2.339028532,-0.4672894623
groundtruth,80,-0.2019270879,0.7265883369,-1.861189481,-0.5951759143,0.5305104542,2.716921048,-0.3937316702
groundtruth,80,1.928484589,-0.7880039554,-1.027437198,-0.626988993,-2.897500038,2.199099214,-0.1196535365
groundtruth,80,1.889236813,-0.5624309685,-1.632942076,-0.551718294,-2.338805938,2.314650644,0.03186633668
groundtruth,80,-0.1734084187,0.5043541903,-1.342670327,-0.6207269946,-0.3172077279,2.745001602,-0.09387189948
groundtruth,80,-0.2181536764,0.7447553259,-1.904581847,-0.584134475,0.605780032,2.704298974,-0.413249
groundtruth,80,2.36636907,-1.001033418,-0.1672019778,-0.5644356372,2.413921043,2.295477247,-0.4400357851
groundtruth,80,-1.215016723,0.7853713237,2.107977599,-0.6265059122,-2.891458946,2.199880994,-0.1172723125
groundtruth,80,-0.5397145068,0.3803638573,-0.4460793237,-0.5119491498,-1.035559975,2.614449202,0.05965194929
groundtruth,80,2.188613563,-0.4162967231,-2.603195918,-0.4562944661,-1.65357651,2.478626762,0.06996081313
groundtruth,80,-1.009844147,0.4279670321,0.6904359119,-0.4633396203,-1.754260868,2.457305421,0.06973444868
groundtruth,80,-0.1458421072,0.6211095385,-1.636993777,-0.6338672665,0.1227173186,2.75892046,-0.2575802292
groundtruth,80,2.58870013,-0.9381975021,0.3586865864,-0.4673471789,1.789809274,2.449540633,-0.4917822651
groundtruth,80,1.911575818,-0.7630387586,-1.085482745,-0.6221375694,-2.837491942,2.206920503,-0.09832883884
groundtruth,80,-0.9807283883,0.4217856166,0.6123048371,-0.4590671883,-1.701942504,2.468527331,0.06948919621
groundtruth,80,2.554140676,-0.9552235762,0.2589063091,-0.4817471657,1.910047091,2.422388702,-0.4904000654
groundtruth,80,-1.008577509,0.9514431643,2.557200647,-0.6266871391,2.89401847,2.199581421,-0.3035006761
groundtruth,80,2.377186662,-0.8576913074,-0.212316299,-0.3179349635,2.389748884,2.372591616,-0.3432693042
groundtruth,80,-1.126364801,0.4627876405,1.017302075,-0.4915273938,-1.976323795,2.406584935,0.06701838386
groundtruth,80,-0.8760847326,0.8034973774,2.4788913,-0.300527687,2.86228518,2.342850096,-0.2612230876
groundtruth,80,-0.4903636811,0.3840904165,-0.5522146837,-0.5231713301,-0.9691806517,2.629521935,0.05382529649
groundtruth,80,1.872200267,-0.6582257977,-1.341680374,-0.5918933255,-2.58817576,2.253649837,-0.02179544775
groundtruth,80,-1.00839267,0.9515229428,2.557521982,-0.6266502975,2.893648087,2.199628934,-0.3036309323
groundtruth,80,-0.9665365678,0.9688521799,2.631337885,-0.6192576552,2.809236284,2.211206635,-0.3329484105
groundtruth,80,2.657296485,-0.9030599202,0.5684984871,-0.4546565906,1.535102354,2.503504634,-0.4907270686
groundtruth,80,-0.2825810014,0.4304394253,-1.020309941,-0.579203611,-0.6366293392,2.698702472,-0.001131427388
groundtruth,80,-0.222438024,0.4612781345,-1.17993898,-0.6002732349,-0.4934323582,2.722653797,-0.03834165181
groundtruth,81,1.954414085,1.544514477,-1.581371545,-0.5915213418,-2.138820183,2.901280229,0.9135383617
groundtruth,81,-1.1903322,-1.368222671,2.007811473,-0.6801034178,-2.462475989,2.774344258,0.7676199942
groundtruth,81,-1.707221354,-1.547949568,-1.387864301,-0.144386136,1.813952236,2.942377572,-0.09812982454
groundtruth,81,1.098586146,1.5692752,1.572999675,-0.6739065846,2.441138434,2.783317632,-0.5694791875
groundtruth,81,-1.187041733,-1.380448505,1.978230846,-0.6746525667,-2.443540977,2.782306176,0.7798538014
groundtruth,81,-1.198511473,-1.581276114,1.450558499,-0.5712744494,-2.046820828,2.932025001,0.9343409945
groundtruth,81,1.134124485,1.32845368,1.045741444,-0.7572122743,2.758070238,2.657979521,-0.3100649864
groundtruth,81,-1.574243231,-1.593554836,0.3716353912,-0.1348473257,-0.1850188338,3.011864502,0.1417535539
groundtruth,81,1.094105344,1.476447022,1.366691875,-0.7112676998,2.572279322,2.728422813,-0.4761083835
groundtruth,81,1.878889339,1.233982221,-0.7873214974,-0.7353953369,-2.664150697,2.691810321,0.61017203
groundtruth,81,-1.177438703,-1.446323076,1.818219036,-0.6433195648,-2.33526616,2.827086684,0.8403700738
groundtruth,81,1.884282623,1.691011679,-2.090994896,-0.5245777308,-1.677316384,3.034920367,0.9675431941
groundtruth,81,-1.694887365,-1.50362637,-1.934881877,-0.1398593344,2.308693069,2.912629899,-0.0442532857
groundtruth,81,1.941675568,1.33935906,-1.063596678,-0.6927919634,-2.506332573,2.755888576,0.7377016771
groundtruth,81,-1.218943071,-1.627504682,1.296549878,-0.5472131246,-1.909884355,2.97339164,0.9539060863
groundtruth,81,1.95971748,1.519319448,-1.511260326,-0.6053185025,-2.195014584,2.881219125,0.8970021125
groundtruth,81,1.708272042,1.117164369,-0.3360640258,-0.7800169176,-2.884910291,2.62125741,0.3913223226
groundtruth,81,1.1249517,1.348786477,1.091460674,-0.7516133504,2.732832498,2.666634908,-0.3345030312
groundtruth,81,1.199419572,1.23258998,0.807567094,-0.7797006017,2.88278641,2.621771349,-0.1817645101
groundtruth,81,-2.042294241,-1.573283275,-1.559190786,-0.6721130336,2.434928793,2.785924255,-0.5733681321
groundtruth,81,1.715100796,1.119733701,-0.3515236913,-0.7789697438,-2.877876552,2.622970973,0.3988247606
groundtruth,81,-1.189451139,-1.371343823,2.000257569,-0.6787122381,-2.457676579,2.776370765,0.7707758679
groundtruth,81,-2.006306246,-1.675077455,-1.29175201,-0.6190486543,2.247639555,2.861554404,-0.6666262708
groundtruth,81,1.547087184,1.450684598,-0.06986157009,-0.1349634458,-2.896007127,2.892929155,0.1534484226
groundtruth,81,-1.220946607,-1.294201037,2.191042627,-0.7116353945,-2.573541878,2.727901988,0.686960095
groundtruth,81,-1.19749247,-1.578521776,1.459131484,-0.5728082301,-2.05421706,2.929650298,0.932963364
groundtruth,81,1.949094879,1.563554069,-1.636945016,-0.5810262519,-2.092827262,2.916972841,0.9248572642
groundtruth,81,-1.282810927,-1.726426679,0.8992073023,-0.5224665262,-1.52848074,3.071130124,0.9685433129
groundtruth,81,-2.020444656,-1.645945919,-1.375561866,-0.6357654476,2.308632,2.837794879,-0.6411492314
groundtruth,81,1.705855663,1.116206263,-0.3305417683,-0.7805001338,-2.887414506,2.620650011,0.3886364645
groundtruth,81,-2.000762305,-1.684793308,-1.261910775,-0.6131504069,2.225387838,2.869970849,-0.6748433334
groundtruth,81,1.101038558,1.581999205,1.603051172,-0.6681030483,2.421176391,2.791684733,-0.5817414717
groundtruth,81,1.872533763,1.226708349,-0.7660617198,-0.7381916344,-2.675454589,2.687511059,0.5999828886
groundtruth,81,1.841339954,1.195681843,-0.6697334486,-0.7500380175,-2.725408235,2.669218908,0.5535342249
groundtruth,81,1.89225408,1.679090858,-2.041948209,-0.5272623604,-1.724693869,3.023009456,0.966121515
groundtruth,81,1.958618817,1.525405628,-1.527878128,-0.6020091623,-2.181888601,2.885993798,0.9011571497
groundtruth,81,-1.206347049,-1.323732792,2.116565074,-0.6994093161,-2.529679828,2.746095,0.7206583901
groundtruth,81,1.098887135,1.437507034,1.283477639,-0.7247488985,2.622474813,2.708088616,-0.4347842278
groundtruth,81,1.100076227,1.430510004,1.268616694,-0.7271845044,2.631369232,2.70455281,-0.4273208877
groundtruth,81,1.943199913,1.580952341,-1.690023514,-0.5714511653,-2.047690687,2.931746103,0.9341766549
groundtruth,81,1.631821891,1.552639826,-1.965252084,-0.1430090138,-1.144088669,2.984028344,0.2952663906
groundtruth,81,1.95762209,1.394208317,-1.196534605,-0.6683089162,-2.42186199,2.791397781,0.7931644964
groundtruth,81,1.899065373,1.259903392,-0.8600196302,-0.725318685,-2.624617641,2.707241312,0.6446914048
groundtruth,81,1.625789925,1.560188443,-2.075423266,-0.1418191694,-1.020020016,2.990057816,0.2815127731
groundtruth,81,-1.196273247,-1.575021353,1.469931528,-0.5747041768,-2.063432106,2.926662067,0.9311102761
groundtruth,81,1.899378817,1.260370573,-0.8612359588,-0.7251046953,-2.624029953,2.707526547,0.6453658754
groundtruth,81,1.874720509,1.229174677,-0.7733103468,-0.7372391916,-2.671609384,2.688968912,0.6034573785
groundtruth,81,1.104362529,1.410997069,1.226892441,-0.733358167,2.655806426,2.695007869,-0.4058466419
groundtruth,81,-2.024315829,-1.368241618,-2.007133891,-0.746201261,2.708786585,2.675161782,-0.3573958938
groundtruth,81,1.956124965,1.387444546,-1.180177773,-0.6713169308,-2.432606466,2.787021798,0.7866444317
groundtruth,82,2.554927453,-1.762799978,-1.235344618,-2.853428022,-2.004613976,1.755297221,2.660642433
groundtruth,82,0.08279228692,-1.67777842,1.250411077,-2.839442959,1.94060721,1.916793948,0.7469608585
groundtruth,82,-2.72103401,0.8851979669,-2.081138083,-2.786350672,1.728294673,2.68022828,0.5287313349
groundtruth,82,-1.251648725,0.4077418646,2.885045027,-2.752459967,1.486560471,3.513291943,0.3937886839
groundtruth,82,0.8796990881,-0.5135998194,0.6767440733,-2.755556455,1.655669518,3.107615312,0.4060749577
groundtruth,82,1.977823184,-0.4174340963,-0.3376267817,-2.748896885,1.485189138,3.546508508,0.3796722557
groundtruth,82,0.2136552215,-1.292972598,1.193681548,-2.812701763,1.827105603,2.276427704,0.6353877755
groundtruth,82,1.036674766,-0.4720833625,0.03898382964,-2.907802958,-0.8457175879,3.327959023,2.401529462
groundtruth,82,1.058296175,-0.3671012556,0.04662821183,-2.540431091,-2.431393855,3.320041331,-2.259461713
groundtruth,82,0.9691079683,-0.4512366038,0.04927029,-2.842273249,-1.18829757,3.340463278,2.708929938
groundtruth,82,1.068118451,-0.4028565656,-0.04953491114,-2.674877034,-1.878462433,3.298891833,-2.897300005
groundtruth,82,0.056858644,-1.762799978,1.258526181,-2.845919288,1.969830912,1.839704724,0.7747150794
groundtruth,82,2.554928773,-1.762799978,-1.235345016,-2.853428355,-2.00461554,1.755293598,2.660640976
groundtruth,82,1.056779426,-0.3976501836,-0.03250663674,-2.656595413,-1.945660815,3.304367986,-2.821542423
groundtruth,82,-0.807110535,1.180573572,2.005338063,-2.810993104,-1.820247917,2.301637456,2.83956947
groundtruth,82,1.022874294,-0.4678951092,0.03774444962,-2.895045327,-0.9219932324,3.329736852,2.467246502
groundtruth,82,1.406448372,-0.4277689694,0.1755998886,-2.83718284,1.211001462,3.342079381,0.7373488216
groundtruth,82,0.4806110562,-0.8060887727,1.01476779,-2.781211541,1.709708879,2.762246968,0.5075322516
groundtruth,82,-1.260220782,0.4069761108,2.892971378,-2.752825759,1.486572073,3.510126331,0.3952473933
groundtruth,82,1.067796998,-0.3631019231,0.05635579146,-2.524957568,-2.514314634,3.320614369,-2.162015227
groundtruth,82,1.283429931,-0.3815773471,0.2810343231,-2.640359608,2.006644692,3.307962369,-0.06291174388
groundtruth,82,1.26217419,-0.3592959682,0.2376688386,-2.550338755,2.382737917,3.31922353,-0.498360955
groundtruth,82,-0.5902982829,1.75172615,1.907379696,-2.852493417,-2.000314108,1.76529073,2.664730485
groundtruth,82,-2.139771838,0.4693358713,-2.575216318,-2.747514617,1.657518654,3.173972465,0.3741956795
groundtruth,82,-2.448911455,0.6130910201,-2.300633875,-2.766424716,1.670315992,2.979037549,0.4492091464
groundtruth,82,-1.86503696,0.3672359209,-2.887041122,-2.585378557,2.225739675,3.31587155,-0.3147222715
groundtruth,82,2.554919556,-1.762799978,-1.235342238,-2.85342603,-2.004604619,1.755318903,2.660651154
groundtruth,82,0.07593927122,-1.70007081,1.252655114,-2.841114495,1.948087308,1.896504238,0.7540911294
groundtruth,82,2.276728128,-1.068056505,-1.100554034,-2.803558306,-1.791024433,2.413200762,2.869973395
groundtruth,82,1.341376123,-0.4578165813,0.1792867374,-2.910031391,0.8316961624,3.32766724,1.07838734
groundtruth,82,2.504350318,-1.610981235,-1.218377143,-2.841399774,-1.949367573,1.893069123,2.712665983
groundtruth,82,-0.7821705413,1.23445917,1.991030455,-2.814590367,-1.834745263,2.248884865,2.824808073
groundtruth,82,1.047243364,-0.3783147654,0.01725826657,-2.583972134,-2.231647421,3.316024035,-2.493608009
groundtruth,82,1.139145526,-0.4912341913,0.07555645065,-2.967599227,-0.2928296235,3.321354647,1.95688046
groundtruth,82,1.143535837,-0.4915397353,0.07772018993,-2.968822393,-0.269939834,3.321238782,1.939299915
groundtruth,82,0.9903774774,-0.4575052115,0.04128158968,-2.862665539,-1.092745516,3.335416518,2.619748788
groundtruth,82,1.046251845,-0.3810906284,0.01044167333,-2.594695312,-2.186764467,3.314820681,-2.545655842
groundtruth,82,1.268845905,-0.3947951124,0.3099275475,-2.68063453,1.857617822,3.296690766,0.1061388212
groundtruth,82,1.100534487,-0.4867198503,0.0579593871,-2.952318348,-0.4965198221,3.322853141,2.115516698
groundtruth,82,-0.9887024579,0.4479692727,2.643940428,-2.742311134,1.477255958,3.618647334,0.3535686955
groundtruth,82,-0.7657405218,1.27180969,1.982000881,-2.817118451,-1.845070285,2.212664985,2.814441943
groundtruth,82,-0.6203773474,1.660823592,1.91716918,-2.845250186,-1.966779404,1.847483239,2.696148675
groundtruth,82,0.1005220874,-1.620775371,1.244252118,-2.835238439,1.922017602,1.968949477,0.7291212432
groundtruth,82,1.094078905,-0.3531340986,0.09445839005,-2.487589797,-2.764688075,3.323771995,-1.862006001
groundtruth,82,-2.329085473,0.5440793763,-2.405055493,-2.759454863,1.658941591,3.065956823,0.4215368226
groundtruth,82,1.201036637,-0.3463342277,0.1880050449,-2.481395891,2.822099893,3.324352464,-1.022086291
groundtruth,82,1.210274669,-0.347332764,0.1947433169,-2.487625579,2.764344614,3.323774327,-0.9527902812
groundtruth,82,-0.9398461688,0.4596068624,2.599788015,-2.740473177,1.473981366,3.640770512,0.3462796581
groundtruth,82,0.05790010108,-1.759428121,1.25822033,-2.845651684,1.968609549,1.842810649,0.7735616314
groundtruth,82,1.333449027,-0.4612303528,0.1766036566,-2.917774551,0.7810740684,3.326684826,1.12112404
groundtruth,83,-0.8614292677,0.0383046084,-0.1923601834,-2.541767351,1.613260162,2.407178228,1.799260225
groundtruth,83,2.749109578,-0.04759914358,2.477965454,-2.542024053,1.622631005,2.387502436,1.800272115
groundtruth,83,-2.301864624,0.1213560079,1.260968204,-2.541235799,1.558210606,2.516675379,1.797217423
groundtruth,83,-2.287671198,0.8176411399,1.062281886,-2.173385945,-2.564718906,3.514010521,-0.8916692567
groundtruth,83,-1.436589573,0.04063705787,0.3851354496,-2.541520098,1.603542835,2.42723406,1.798322846
groundtruth,83,0.3460594036,-1.708776851,-1.78897891,-2.54127337,-1.587303138,2.460127885,-2.395110497
groundtruth,83,-2.10077155,0.6217018389,0.7732632204,-2.282322714,-1.976257472,3.659253062,-1.436642241
groundtruth,83,-1.963449997,0.06168279294,0.9155478634,-2.541301738,1.588748732,2.457268146,1.797421604
groundtruth,83,0.4362443891,-1.331986417,-1.839643971,-2.553623802,-1.363530371,2.80538659,-2.443416702
groundtruth,83,0.5069758451,-1.057995493,-1.868791886,-2.61163707,-0.9709914279,3.045349485,-2.692447438
groundtruth,83,-2.611932974,0.8956191828,1.408707392,-2.696619323,-0.06732542759,3.145199182,2.894566181
groundtruth,83,-2.128063803,0.6402656518,0.8053217557,-2.274820687,-2.015438933,3.640204851,-1.405667113
groundtruth,83,0.4313833144,-1.35103757,-1.836577004,-2.551922478,-1.378993831,2.788132905,-2.43682851
groundtruth,83,-0.2692040776,0.05307455914,-0.7877698378,-2.542137503,1.626125323,2.380112344,1.800720877
groundtruth,83,-2.713300588,-0.5163778735,1.609943509,-2.557888137,1.814639418,1.957721249,1.862802184
groundtruth,83,0.4616016118,-1.235726567,-1.855113485,-2.565227815,-1.270989071,2.892292313,-2.490219576
groundtruth,83,0.824441583,-0.875229223,-1.989923857,-2.143250492,-2.822453278,3.494792465,-0.6290783722
groundtruth,83,-1.438235008,0.04066438456,0.3867884968,-2.541519448,1.603511348,2.427298721,1.798320336
groundtruth,83,0.5198970849,-0.9897824375,-1.850405348,-2.645396473,-0.7404394275,3.09764916,-2.867846129
groundtruth,83,-2.285729679,0.8141866118,1.057186816,-2.175538405,-2.550330023,3.515464092,-0.9061410076
groundtruth,83,-2.202511164,0.7034703048,0.9016903658,-2.24418463,-2.170086883,3.583596386,-1.272789899
groundtruth,83,-2.621724389,0.9899714161,1.291090905,-2.64528768,-0.7412552981,3.097514721,-2.867216326
groundtruth,83,-0.765721475,0.03921837014,-0.288496354,-2.541792486,1.614920392,2.403684733,1.799379312
groundtruth,83,0.5379498721,-0.8617412246,-1.667199793,-2.689584402,0.2767002787,3.140079742,2.629405696
groundtruth,83,0.5090936736,-1.048426498,-1.867757108,-2.61565731,-0.9451265186,3.053089594,-2.711714757
groundtruth,83,2.44925713,-0.04018769477,2.77939002,-2.541834471,1.61622359,2.400946558,1.799530795
groundtruth,83,0.4716200255,-1.198081756,-1.860636856,-2.571686374,-1.225904404,2.925766683,-2.516713626
groundtruth,83,-2.392523264,0.1701438055,1.356963083,-2.541624668,1.533622757,2.56186681,1.798727731
groundtruth,83,0.5130615961,-1.029112764,-1.864393493,-2.624481159,-0.8874931673,3.068264315,-2.75512547
groundtruth,83,0.7788408984,-0.988755734,-1.802217239,-2.137075102,2.894932522,3.493130624,-0.0435503146
groundtruth,83,0.532372174,-0.8819305497,-1.704625407,-2.696475356,0.07624054227,3.145111886,2.783998465
groundtruth,83,0.9145607347,-0.7300829129,-2.202634717,-2.228901962,-2.247486018,3.563513669,-1.201589963
groundtruth,83,0.4655714953,-1.220809106,-1.857367453,-2.567632311,-1.253874411,2.905599426,-2.500034393
groundtruth,83,-2.306806661,0.8545108344,1.11856023,-2.152234217,-2.72702257,3.501089874,-0.7268381762
groundtruth,83,0.5164984738,-1.010679831,-1.859262754,-2.633779763,-0.824334444,3.082344592,-2.803280409
groundtruth,83,0.7016329577,-0.217296053,-1.732145909,-2.542374067,1.508941088,2.604825375,1.801636368
groundtruth,83,-1.804512227,0.0516959929,0.7551737817,-2.541364089,1.594719547,2.445210991,1.797717347
groundtruth,83,0.1699486784,0.1107955309,-1.233837857,-2.543312933,1.653776882,2.320527196,1.805281221
groundtruth,83,0.5045014294,-1.068486488,-1.86925186,-2.607983164,-0.9939260876,3.037179331,-2.676561359
groundtruth,83,-2.682853578,1.246498129,1.288146432,-2.563607371,-1.282797351,2.882653174,-2.483635577
groundtruth,83,-1.594764129,0.04401610467,0.5440980678,-2.54145648,1.600270272,2.433936265,1.798074332
groundtruth,83,-2.063940244,0.5995000176,0.7314801,-2.290423567,-1.932377054,3.683616533,-1.469560137
groundtruth,83,-1.786898705,0.05085836372,0.737430496,-2.541372452,1.595264316,2.444108795,1.797749595
groundtruth,83,-0.7165881694,0.03984145016,-0.3378434045,-2.541816385,1.615793873,2.401860136,1.799473276
groundtruth,83,0.4340676179,0.5819894405,-1.543115762,-2.561183223,1.840639618,1.900559689,1.876068839
groundtruth,83,-2.807670354,1.762799978,1.357499832,-2.541705687,-1.611643906,2.410507407,-2.396807075
groundtruth,83,0.5606529203,-0.7879108791,-1.600638571,-2.643841593,0.7520542922,3.095730983,2.261114848
groundtruth,83,-2.600347613,0.8514088737,1.490006635,-2.683936742,0.3675059429,3.135687458,2.559179601
groundtruth,83,0.3339306732,-1.762799978,-1.784095969,-2.541705267,-1.611627397,2.41054171,-2.396805445
groundtruth,83,-2.00592951,0.5697539741,0.6678122221,-2.300006894,-1.877410501,3.719287293,-1.507762697
groundtruth,84,-2.771257717,1.240497767,0.342117192,-1.754742778,2.392537101,0.1414675292,0.6675669745
groundtruth,84,-0.04905331085,-1.511649574,-2.378583903,-1.673625107,1.631768755,0.5323208331,0.342116275
groundtruth,84,1.848691346,-1.729341276,2.108189219,-1.712996829,-1.053726512,1.131537301,1.974908504
groundtruth,84,1.257489306,-1.218981498,2.776080739,-1.675450973,-1.689816327,0.4832494029,2.110955041
groundtruth,84,-2.865120385,1.28326547,0.4229282355,-1.72312369,2.163045612,0.2097839717,0.5248013187
groundtruth,84,-0.1507587201,-1.620421186,-2.265005944,-1.674278,1.496280365,0.6602028265,0.3427276225
groundtruth,84,2.884943797,1.76144301,0.9963616575,-1.68108869,1.352846289,0.8090930687,0.3674969823
groundtruth,84,-0.1185737909,-1.583628408,-2.301016021,-1.673180671,1.538628219,0.618041721,0.3405380064
groundtruth,84,0.2867316895,-1.27821426,-2.728133029,-1.726203327,2.185415462,0.2016803736,0.5375362706
groundtruth,84,1.491210053,-1.341157959,2.514365922,-1.674918708,-1.454314576,0.7011637117,2.111639082
groundtruth,84,-0.03411826956,-1.497496773,-2.395131406,-1.674104399,1.65197566,0.5148424705,0.3436888876
groundtruth,84,-1.293977304,1.727637846,-1.032189017,-1.712802325,-1.055195308,1.130021356,1.975663313
groundtruth,84,-2.642728485,1.193707154,0.2614591634,-1.800585087,2.825960416,0.07748369431,0.9837690626
groundtruth,84,1.190518832,-1.196505062,2.849800494,-1.679696625,-1.762558514,0.4273955662,2.097751727
groundtruth,84,1.869341562,-1.762799978,2.084908161,-1.716815025,-1.024999984,1.160863047,1.959866092
groundtruth,84,-0.2575807877,-1.762799978,-2.144160688,-1.681174613,1.351549253,0.8104927498,0.3678091498
groundtruth,84,-0.244772899,-1.744080833,-2.158653678,-1.679945601,1.369201595,0.7915178263,0.3635628811
groundtruth,84,-1.932515274,1.202704092,-0.3123300982,-1.677628335,-1.741462229,0.4419132165,2.102477425
groundtruth,84,0.09234122992,-1.393471041,-2.532818,-1.685158579,1.834631194,0.377056661,0.381151702
groundtruth,84,1.553526488,-1.387655858,2.443939959,-1.678599621,-1.392879027,0.766624279,2.100812634
groundtruth,84,-0.02818283002,-1.491984186,-2.401696406,-1.674382481,1.660214627,0.5078513109,0.3446361296
groundtruth,84,0.5166378008,-1.188444212,-2.888100238,-1.804984168,2.897500038,0.07263628504,1.039040924
groundtruth,84,1.842763703,-1.720002773,2.114886151,-1.711937963,-1.061794709,1.123206915,1.979031286
groundtruth,84,-1.272254549,1.762799978,-1.056680603,-1.716814368,-1.025004876,1.1608581,1.9598687
groundtruth,84,-0.2261224438,-1.717660842,-2.179752701,-1.678327136,1.394670521,0.7643558477,0.3580321777
groundtruth,84,-0.07265350411,-1.534931284,-2.352341048,-1.673134398,1.599945476,0.5607025958,0.3404323
groundtruth,84,-2.752972337,1.232949525,0.3282495973,-1.761790815,2.445148708,0.1299965496,0.7035113221
groundtruth,84,-0.1066468345,-1.570544641,-2.314362437,-1.673030864,1.554490892,0.6028861079,0.3400868748
groundtruth,84,-2.240351427,1.150306255,0.008916423256,-1.723354516,-2.164730688,0.2091610796,1.933453126
groundtruth,84,-0.1046316184,-1.568612375,-2.316461533,-1.67273475,1.556774565,0.6002164181,0.34014954
groundtruth,84,-2.892779763,1.297368797,0.449054319,-1.715349872,2.105524408,0.2322932314,0.4934885065
groundtruth,84,0.06727281354,-1.412158816,-2.505923853,-1.681582364,1.795768837,0.4027497889,0.3692829319
groundtruth,84,-1.391138384,1.589149549,-0.9216866966,-1.697812516,-1.179221777,0.9991057195,2.033139387
groundtruth,84,-2.462580634,1.157310002,0.1839254356,-1.793121986,-2.730577039,0.08612441998,1.548142656
groundtruth,84,-0.2575795057,-1.762799978,-2.144162397,-1.681166948,1.351577103,0.8104888567,0.3677856192
groundtruth,84,-1.276023215,1.756613087,-1.052437846,-1.716102459,-1.030321471,1.155471312,1.962694709
groundtruth,84,-0.2532863291,-1.756487558,-2.149020006,-1.680749932,1.357481638,0.8041025857,0.3663451273
groundtruth,84,-2.271558335,1.149288991,0.03817716251,-1.731593225,-2.224022295,0.1885157797,1.898986491
groundtruth,84,0.01493174671,-1.453968089,-2.449106828,-1.67684591,1.720110764,0.4590238223,0.35298198
groundtruth,84,2.889869181,1.753577069,0.9903483484,-1.681219169,1.360786747,0.8019544556,0.3653514536
groundtruth,84,0.2894863904,-1.27687462,-2.730653112,-1.727047413,2.191519941,0.1995287332,0.5410619195
groundtruth,84,2.884011759,1.762799978,0.9974320869,-1.681174624,1.351549105,0.8104929094,0.3678091868
groundtruth,84,-1.805177052,1.251829134,-0.4531435906,-1.673229803,-1.608648826,0.5528255298,2.118401214
groundtruth,84,-0.2485903542,-1.749619455,-2.154333629,-1.680298602,1.363950942,0.797148316,0.3647914597
groundtruth,84,-1.314297318,1.696200335,-1.009201724,-1.709256824,-1.082500374,1.101657067,1.989400408
groundtruth,84,-2.10552179,1.162952943,-0.1265129526,-1.696334613,-1.952148142,0.3054123352,2.037694948
groundtruth,84,0.06162914905,-1.416451222,-2.499843512,-1.680984885,1.787410846,0.4086955819,0.3671548465
groundtruth,84,-0.2575808331,-1.762799978,-2.144160636,-1.681174617,1.35154919,0.8104928176,0.3678091655
groundtruth,84,1.726084474,-1.559276437,2.247479657,-1.694360555,-1.207359364,0.9677276108,2.044850688
groundtruth,84,1.867236576,-1.75935937,2.087277235,-1.716415906,-1.027976094,1.157851275,1.961451406
groundtruth,85,0.1108216682,-1.526840088,-0.2082101015,-1.374527758,0.6040582575,1.421099276,0.5385716938
groundtruth,85,2.257407345,0.5729671225,1.795917566,-1.358328337,2.383258326,0.3973704464,0.4600868001
groundtruth,85,2.538077525,1.030086152,2.153288662,-1.299171189,1.577513331,0.7883080055,0.2504482359
groundtruth,85,-0.6566048474,-0.9578124725,-1.05758993,-1.300775064,1.689108405,0.7164919088,0.2552053917
groundtruth,85,-0.8742819197,-0.01525745362,-1.807830246,-1.367312927,-2.467204645,0.3744346553,1.301820456
groundtruth,85,-1.714813992,0.9431741039,-2.158885106,-1.328141418,-1.042679745,1.163571242,1.460732989
groundtruth,85,-0.8916317964,-0.5586558894,-1.353196465,-1.36173603,2.414802252,0.3883806341,0.4753994993
groundtruth,85,0.9163821367,-1.401606119,0.5050404796,-1.397936318,-0.3224553308,1.522293243,1.103036331
groundtruth,85,0.9988685262,-1.351061424,0.5770324436,-1.390456083,-0.4278599345,1.491294,1.165880402
groundtruth,85,-0.235809082,-1.377859231,-0.5569255522,-1.331395287,1.009691455,1.185989938,0.3542910028
groundtruth,85,-0.4504805325,-1.204326795,-0.7987221162,-1.30686498,1.309283012,0.9749100288,0.273612263
groundtruth,85,0.3499934261,-1.555032522,0.01263815259,-1.396802869,0.3398360438,1.517755137,0.6899734271
groundtruth,85,-1.682810859,0.9013591305,-2.124814791,-1.323048393,-1.096034541,1.12667786,1.477994274
groundtruth,85,-0.9790300893,-0.3860203326,-1.421609142,-1.399217471,2.840665618,0.3080835926,0.7135708831
groundtruth,85,2.356021866,0.754070797,1.913156757,-1.321392088,2.026566047,0.5320047951,0.3197526937
groundtruth,85,0.06992088073,-0.004673649155,-2.763811658,-1.36428166,-2.438503,0.3819206638,1.316359654
groundtruth,85,-1.865408185,1.117243056,-2.310519303,-1.352794604,-0.8092432924,1.31311641,1.367270974
groundtruth,85,2.264479172,0.0154042125,1.336730885,-1.367348448,-2.467541825,0.374349192,1.301649122
groundtruth,85,-0.8126339984,-0.7061699287,-1.263076179,-1.329617396,2.114154093,0.4931765799,0.3480358813
groundtruth,85,-0.175521324,-1.414296141,-0.4931009636,-1.339244585,0.9345896576,1.235651687,0.3826169916
groundtruth,85,2.80013899,1.301629113,2.468798694,-1.318327887,1.149439818,1.089123153,0.3098921199
groundtruth,85,-0.4858269679,-1.168239571,-0.8411311539,-1.303933463,1.365780254,0.9345626685,0.2647185158
groundtruth,85,0.9277056348,-1.394888046,0.5151648585,-1.396675815,-0.3376421757,1.517854193,1.112076694
groundtruth,85,-0.5336093218,-1.115662006,-0.8997341258,-1.300982198,1.446826579,0.8774231348,0.2556796694
groundtruth,85,-2.5262852,1.522658671,-2.895740818,-1.408082475,0.04035315638,1.562725165,0.8761060846
groundtruth,85,2.379686371,0.7944029224,1.944041609,-1.315342782,1.955755359,0.5662245547,0.300222693
groundtruth,85,-1.929234093,1.180440894,-2.37128231,-1.362791791,-0.7169698932,1.364877371,1.323275446
groundtruth,85,-2.390040261,1.47960111,-2.778516137,-1.406792059,-0.1200402107,1.557658528,0.9776165107
groundtruth,85,0.8222300538,-1.449758343,0.4237810594,-1.403980423,-0.2055206418,1.546626669,1.031152574
groundtruth,85,-0.9253842202,-0.4930704807,-1.383945057,-1.377424729,2.566812641,0.3512120129,0.5544664322
groundtruth,85,-1.979348401,0.006618346258,-0.7200006445,-1.362208395,-2.424905042,0.3851383644,1.323574726
groundtruth,85,-2.258686295,1.419857851,-2.665516278,-1.400377629,-0.2805042155,1.532231053,1.077481532
groundtruth,85,-0.6585290381,-0.9550686616,-1.060128937,-1.300893047,1.69339452,0.7138276265,0.2555568865
groundtruth,85,-0.03431791396,-1.481460414,-0.3492762667,-1.357306747,0.7677133912,1.337017205,0.455607667
groundtruth,85,1.59353383,-0.705141509,1.169278954,-1.305123207,-1.341899459,0.9515912896,1.535309458
groundtruth,85,0.1602009059,-0.004557497684,-2.854484322,-1.364174896,-2.437562904,0.382173797,1.31683021
groundtruth,85,2.896994864,1.37214035,2.575234352,-1.330274338,1.020881803,1.178422978,0.3503243693
groundtruth,85,-0.7321970859,-0.8432570801,-1.158125213,-1.309361814,1.873084521,0.6092758409,0.2813256645
groundtruth,85,-0.9649608078,-0.4144692054,-1.412977624,-1.394288877,2.764957921,0.3171243026,0.6679055432
groundtruth,85,-0.6600254531,-0.9529312727,-1.062103558,-1.300991066,1.696736589,0.7117537784,0.2558380931
groundtruth,85,-2.22467893,1.401290578,-2.636078295,-1.397869772,-0.323138432,1.522108285,1.103449119
groundtruth,85,-0.8333230936,-0.01342028016,-1.850514098,-1.366864531,-2.462938892,0.3755244668,1.304002157
groundtruth,85,-2.897300005,0.004476616748,0.2026954401,-1.364087903,-2.436698858,0.3824111154,1.31727188
groundtruth,85,0.7604587865,-1.476129727,0.3707228458,-1.406519995,-0.1307273902,1.556596182,0.9843402306
groundtruth,85,-0.575791517,-1.065301487,-0.9527845379,-1.299462974,1.523712272,0.8244252428,0.2512116636
groundtruth,85,0.1900878778,-1.542359604,-0.1336149671,-1.382890371,0.5163398755,1.458799732,0.5868487887
groundtruth,85,-2.473440359,0.00460055312,-0.2229365622,-1.363637362,-2.432546329,0.3835287186,1.319348569
groundtruth,85,-0.5157179938,-1.136155966,-0.8773380073,-1.302094131,1.415160382,0.8997232798,0.2593671775
groundtruth,85,-0.7095673148,-0.8790254259,-1.127934935,-1.305873674,1.814357405,0.641844411,0.2705565717
groundtruth,85,0.1278241938,-1.530708896,-0.1920695923,-1.376402818,0.5851730683,1.429679304,0.5487560452
groundtruth,86,-2.073726432,-1.744411775,-2.154893431,-0.9354710216,1.880524767,0.6893801627,0.7376820016
groundtruth,86,1.566181628,1.437520542,0.07763008711,-1.018162962,-2.894879416,0.4349616813,1.312687485
groundtruth,86,-2.084828341,-1.762799978,-2.119143947,-0.9331887141,1.836753222,0.7067717895,0.7323024294
groundtruth,86,1.715074544,1.450092874,-0.1469074283,-0.9894716287,-2.508520433,0.4939292692,1.481242994
groundtruth,86,-1.024122283,-1.729416442,2.131713837,-0.9280462233,-1.449369759,0.8750700126,1.663575927
groundtruth,86,1.390283634,1.473494416,0.3277810783,-1.018291384,2.897500038,0.4347232584,1.072469858
groundtruth,86,-2.043580363,-1.699972717,-2.243599142,-0.9425710376,1.992530352,0.6468185477,0.7552155992
groundtruth,86,-1.13518404,-1.599442105,2.429492495,-0.9305441166,-1.775136268,0.7318997826,1.657799046
groundtruth,86,1.247121628,1.550999874,0.5631653446,-0.9862999899,2.475291177,0.501306084,0.8900859268
groundtruth,86,-2.084271013,-1.762799978,-2.119627628,-0.9321703529,1.836683089,0.7062323091,0.7318811242
groundtruth,86,2.125397247,1.741876399,-1.034979744,-0.9286847171,-1.422755383,0.8873140921,1.662014448
groundtruth,86,2.120671166,1.734373685,-1.019917424,-0.9282900659,-1.438710997,0.8799765509,1.662994145
groundtruth,86,1.805925414,1.476812785,-0.3013220185,-0.9675828769,-2.282476116,0.5513265577,1.558769293
groundtruth,86,1.174438576,1.612191257,0.709973881,-0.9644066179,2.249576053,0.5609896838,0.8154722452
groundtruth,86,-1.156503271,-1.58104849,2.479127205,-0.9329566903,-1.831819405,0.7087551575,1.652160805
groundtruth,86,1.24190375,1.554831392,0.5729364854,-0.9847733069,2.459496228,0.5050158972,0.8842944113
groundtruth,86,1.918142656,1.532654816,-0.5170286195,-0.943423671,-2.003817808,0.6426788615,1.626644866
groundtruth,86,1.709439222,1.448958223,-0.1378295531,-0.9907343288,-2.522644895,0.490904112,1.475843733
groundtruth,86,-2.040982967,-1.696402087,-2.250862085,-0.9433028133,2.001900599,0.6433727299,0.7568998842
groundtruth,86,-2.084828093,-1.762799978,-2.11914499,-0.9331887318,1.836754407,0.7067712679,0.7323024704
groundtruth,86,2.032373778,1.624874376,-0.7760074431,-0.9272321494,-1.702730844,0.761777302,1.662885667
groundtruth,86,1.312512571,1.509421822,0.4488932942,-1.003672074,2.670716706,0.4629833663,0.9688136381
groundtruth,86,2.112975757,1.722624954,-0.996005317,-0.9277299934,-1.464135434,0.8682903375,1.664294751
groundtruth,86,1.178419886,1.608231774,0.7012453456,-0.9659394951,2.262911364,0.5571641605,0.8192096828
groundtruth,86,-1.87648751,-1.538411419,-2.611275446,-0.9914302352,2.529635232,0.4893979005,0.9108201544
groundtruth,86,1.210816785,1.579339866,0.6334080921,-0.9755051945,2.364077912,0.5287698043,0.8509502025
groundtruth,86,1.325659654,1.502377979,0.4274893996,-1.006681352,2.709501647,0.4568992416,0.9857960005
groundtruth,86,1.069321467,1.742112755,0.9821877205,-0.9357623887,1.886114014,0.6871967894,0.7384391072
groundtruth,86,-2.080082621,-1.754779424,-2.134678795,-0.9341556158,1.855677632,0.6991895496,0.7345256655
groundtruth,86,-2.055583194,-1.716822514,-2.209545767,-0.9395849391,1.948938001,0.6630459557,0.7477581804
groundtruth,86,-1.052436233,-1.689345636,2.21581282,-0.9267455833,-1.539384065,0.8340819558,1.666510409
groundtruth,86,-2.064077194,-1.729403622,-2.184463299,-0.9375870828,1.917315876,0.6750921689,0.7428564111
groundtruth,86,1.257639897,1.543537696,0.5438202131,-0.98930625,2.507154995,0.4942422162,0.9021484697
groundtruth,86,1.390281405,1.47349667,0.3277882029,-1.018287444,2.897500038,0.4347337179,1.072487885
groundtruth,86,1.784202654,1.46905071,-0.2629340635,-0.9727711035,-2.33617696,0.536258878,1.542065584
groundtruth,86,-1.186377443,-1.557834666,2.545824321,-0.9371160148,-1.909496942,0.6781053541,1.642195129
groundtruth,86,1.806745359,1.477136493,-0.3028027693,-0.9673666342,-2.280438777,0.5519222488,1.559375418
groundtruth,86,-1.055578171,-1.6852351,2.224750734,-0.926720871,-1.549015629,0.829745694,1.666632586
groundtruth,86,-2.02238141,-1.672541581,-2.30027878,-0.9482281373,2.066914251,0.6201925218,0.7698079564
groundtruth,86,-2.04861662,-1.706916886,-2.2294986,-0.9412967496,1.974384799,0.6535188737,0.7520127474
groundtruth,86,-1.81438775,-1.501565301,-2.716596034,-1.007040098,2.714040131,0.4562133876,0.9877948702
groundtruth,86,1.148256221,1.63899266,0.7696036211,-0.9566028026,2.164663552,0.5873564145,0.7925075865
groundtruth,86,1.26995778,1.535173723,0.521648508,-0.9927676296,2.544226032,0.4863679382,0.9165536863
groundtruth,86,-2.080988159,-1.756314819,-2.131715541,-0.933945725,1.852067113,0.7006441061,0.7340943391
groundtruth,86,1.138972935,1.647865314,0.7901855283,-0.9557789053,2.136335906,0.5972336287,0.7852457288
groundtruth,86,2.124055958,1.739748851,-1.030682122,-0.9285351819,-1.427289091,0.8852111065,1.662314789
groundtruth,86,1.836738302,1.489443399,-0.3575425589,-0.9603785221,-2.206411849,0.5741390902,1.580437272
groundtruth,86,1.964727651,1.564922059,-0.6166668299,-0.93569962,-1.884954724,0.6876495661,1.645624088
groundtruth,86,1.294711592,1.519626314,0.4786649376,-0.9993235542,2.618095499,0.472054599,0.9465424602
groundtruth,86,1.739546377,1.455834831,-0.1869675004,-0.9835870297,-2.447170297,0.5079211195,1.504102145
groundtruth,87,-0.2764039642,0.2796767614,0.521940106,-0.5410116104,2.086417618,0.7855717303,1.495486181
groundtruth,87,2.586487172,-0.4722200219,-1.611983784,-0.5148836443,1.320848852,0.9650714561,1.480981916
groundtruth,87,2.588921153,-0.6012748338,-1.194250575,-0.5588781395,0.9100663326,1.067828104,1.510474276
groundtruth,87,-2.886185134,-0.8651805708,0.330703303,-0.5429365134,-1.036701241,1.035745883,1.95823577
groundtruth,87,2.678090033,-0.7322340985,-0.8559184517,-0.6078365496,0.5219207056,1.157778072,1.579642284
groundtruth,87,-0.4507560872,0.3489724282,0.9786704079,-0.5122605775,1.780818149,0.8569349573,1.479882195
groundtruth,87,0.1848711859,0.424641831,-0.523088459,-0.2968782215,2.840818818,0.7945769766,1.68457772
groundtruth,87,-0.5619816511,0.4924444309,1.60497986,-0.521045057,1.251903017,0.9820250506,1.483150012
groundtruth,87,-0.01817634103,0.3957758136,0.1297231217,-0.3117935477,2.32272333,0.8232732436,1.615767526
groundtruth,87,-0.5650582601,0.5173417351,1.690802584,-0.5281778849,1.169895426,1.002226062,1.487482609
groundtruth,87,2.785558512,-0.8154066325,-0.6400319234,-0.632003653,0.2465139174,1.20027812,1.652707527
groundtruth,87,2.584854472,-0.4721353964,-1.61063286,-0.5161209434,1.320595698,0.965273247,1.480332403
groundtruth,87,-2.524674198,-0.6264383706,1.232169453,-0.5586352127,-2.228539805,0.7533095035,1.945388753
groundtruth,87,-0.5617129271,0.4955608726,1.615288213,-0.5212021019,1.241582424,0.9844280573,1.483915509
groundtruth,87,-0.2935011873,0.8492620541,2.603429704,-0.6380553909,0.1111442906,1.210787421,1.693342538
groundtruth,87,0.09195935969,0.2408337582,-0.13840888,-0.5848410311,2.429911968,0.7109143503,1.540354692
groundtruth,87,-0.2333944456,0.4220680103,0.8117091171,-0.3314595275,1.804275716,0.8815093702,1.568787864
groundtruth,87,-0.2433159114,0.8707455252,2.679372911,-0.6395766924,0.008932925866,1.213480148,1.724947123
groundtruth,87,-2.825207569,-0.8363821338,0.4663887313,-0.524510394,-1.209048652,0.9925029767,1.970154989
groundtruth,87,0.2997329587,0.8447332049,-2.713583558,-0.5290471374,-1.160346273,1.004589438,1.967350378
groundtruth,87,-0.1614404421,0.2586234372,0.2962427826,-0.5564025472,2.21253651,0.7569286116,1.508214846
groundtruth,87,-0.4793903709,0.7158300871,2.244880272,-0.6021521355,0.5716842082,1.14767331,1.568361118
groundtruth,87,-0.3107604652,0.2888420236,0.5972243372,-0.5354881724,2.041012493,0.7961618207,1.492065706
groundtruth,87,-0.05583551463,0.2473387772,0.108605783,-0.5690070969,2.309005837,0.7358012879,1.520785616
groundtruth,87,-0.1034855875,0.251592566,0.1915922767,-0.5635760483,2.267062415,0.7448457621,1.514963297
groundtruth,87,-0.4600485673,0.7356064581,2.294074229,-0.6089759148,0.5115748255,1.159800525,1.582071135
groundtruth,87,-0.5024068936,0.6889186727,2.177703692,-0.5924486143,0.6518860585,1.130245022,1.551620368
groundtruth,87,2.809870097,-0.2950222984,-2.496393108,-0.5323038525,2.011183488,0.8030812057,1.489937079
groundtruth,87,-2.485578448,-0.583785424,1.340572955,-0.5796084064,-2.38966078,0.718965994,1.922080583
groundtruth,87,-0.3268354191,0.8322608001,2.550394538,-0.635422002,0.1819291267,1.206240397,1.671842409
groundtruth,87,-2.833688327,-0.8405817254,0.4468750922,-0.526615226,-1.18427436,0.9986203122,1.968718482
groundtruth,87,2.864015907,-0.8565878369,-0.5136388576,-0.6388365272,0.07822669355,1.212157071,1.703473873
groundtruth,87,-0.5624615792,0.4978288147,1.623561079,-0.5221145806,1.233985927,0.9863340045,1.484144971
groundtruth,87,0.3134699008,0.2486065277,-0.4998132951,-0.6068973811,2.609365013,0.6785924225,1.577213641
groundtruth,87,-0.4274161907,0.3348055594,0.9012690807,-0.516339983,1.837977097,0.8435620209,1.481428605
groundtruth,87,-0.5513564327,0.6048464795,1.957302802,-0.5602698127,0.8994298511,1.070510367,1.511784294
groundtruth,87,-2.678778697,-0.74627977,0.841856256,-0.5078612805,-1.689361012,0.8782324417,1.977271316
groundtruth,87,-0.3083274696,0.84196205,2.580122687,-0.637015239,0.142313899,1.209033771,1.683821142
groundtruth,87,2.689361378,-0.7430909154,-0.8288727652,-0.6115379255,0.488535968,1.164233508,1.587563827
groundtruth,87,-0.5424154945,0.4436866292,1.417714166,-0.5092092775,1.421258986,0.9410001029,1.478574169
groundtruth,87,-0.005714750914,0.2437120444,0.0233266296,-0.5751277095,2.351115709,0.7266919434,1.526920456
groundtruth,87,-0.3182624236,0.2910250217,0.614255676,-0.5342913101,2.030485075,0.7986125965,1.491313966
groundtruth,87,0.618936944,0.6243157203,-1.90368515,-0.5595560485,-2.236826639,0.7515158756,1.944339792
groundtruth,87,0.7173151899,0.4510439859,-1.493565974,-0.6286933559,-2.844734835,0.6481306542,1.817232029
groundtruth,87,0.4090615372,0.7818106768,-2.441796741,-0.5068894319,-1.505770495,0.9210335355,1.978053364
groundtruth,87,2.692791391,-0.347473618,-2.170366489,-0.5128194418,1.786519815,0.8555808526,1.47992085
groundtruth,87,-0.3694682865,0.8069627675,2.478121815,-0.6300348301,0.2772631277,1.196849154,1.643806754
groundtruth,87,-0.4758053091,0.7199337371,2.255018301,-0.6038126965,0.5595288775,1.150290967,1.571077472
groundtruth,87,-2.5254553,-0.6270366472,1.230595162,-0.5581689297,-2.226117516,0.7538972485,1.945622105
groundtruth,87,0.2637283802,0.8617638728,-2.793444297,-0.540514443,-1.058920734,1.030160176,1.960233054
groundtruth,88,0.5651743538,-0.1072059743,-0.1959500906,-0.8231437326,0.624904877,1.516176189,2.087857535
groundtruth,88,-2.221058587,-0.7033573874,0.4749920248,-0.8419617786,2.788545095,0.8535420056,2.16888462
groundtruth,88,-1.30984264,0.3014311977,2.238688393,-0.8520231594,0.04718912684,1.602212716,2.273784405
groundtruth,88,0.7369650038,-0.1133252463,-0.3283312299,-0.8262749551,0.5848484804,1.52630731,2.098772426
groundtruth,88,2.536476491,-0.6221427668,-0.6901239131,-0.8049848705,-0.8467196975,1.451952324,2.545977747
groundtruth,88,1.038032642,0.6568543757,-2.596807916,-0.8275919095,2.57354953,0.8893837746,2.103459414
groundtruth,88,-2.230923702,-0.7069689381,0.4692805958,-0.8429468693,2.806726073,0.8512240453,2.17481491
groundtruth,88,-2.486022154,0.1100414692,2.875538091,-0.824762279,0.6042980377,1.521450664,2.093424843
groundtruth,88,0.8616439426,0.7241864073,-2.700435191,-0.8471825074,2.89727339,0.8414332249,2.205068597
groundtruth,88,0.4563222538,-0.1048538263,-0.1105657421,-0.8213166499,0.6486864307,1.509943608,2.08153733
groundtruth,88,1.612824503,-0.2296165306,-0.857137415,-0.8478564431,0.2270086659,1.590649014,2.210971934
groundtruth,88,-1.636083052,0.2026782348,2.324680587,-0.844872922,0.2966940871,1.582215166,2.187430988
groundtruth,88,-0.7950392916,-0.1628074215,0.7996633443,-0.793833008,0.9890205774,1.405162009,2.008418257
groundtruth,88,-1.101706312,-0.2257114526,0.9176614519,-0.7815895701,1.173895556,1.340301499,1.982626952
groundtruth,88,1.751815807,-0.2725374119,-0.8922486951,-0.8510053622,0.119044093,1.599395629,2.248436185
groundtruth,88,-2.76503553,-0.8212803601,0.1421607629,-0.8216019005,-2.497532379,0.905539051,2.498234586
groundtruth,88,2.856906576,-0.739450517,-0.4378157991,-0.7734512351,-1.353142755,1.275106528,2.613954814
groundtruth,88,-0.6882566949,0.5854190521,2.399661913,-0.8151764892,-0.7233149583,1.489255021,2.518239889
groundtruth,88,-2.863902129,-0.824289911,0.06663872351,-0.80726597,-2.321570608,0.9489188915,2.540366569
groundtruth,88,-0.4214660549,-0.1235734664,0.5654971152,-0.8046344477,0.851085738,1.450572263,2.034136774
groundtruth,88,1.749503584,-0.2717406218,-0.89184184,-0.8509571218,0.1210230538,1.599280709,2.247741174
groundtruth,88,1.862651041,-0.3133921226,-0.9050847808,-0.8521864767,0.01747435072,1.602666198,2.284313697
groundtruth,88,2.114214175,-0.424039408,-0.8820151556,-0.8464539914,-0.2625020007,1.586633709,2.382115514
groundtruth,88,1.453619624,-0.1914293051,-0.7938487493,-0.8433811018,0.3265924189,1.577948831,2.177530965
groundtruth,88,0.2840594851,0.4068028442,-2.897300005,-0.08200016052,-2.628261086,1.184098743,2.307637853
groundtruth,88,0.5905369221,0.7954017595,-2.856809219,-0.8466782428,-2.885026304,0.8425843653,2.380106917
groundtruth,88,-2.12236364,-0.6646907652,0.533400132,-0.8301321247,2.607700201,0.8827032559,2.113206224
groundtruth,88,-0.984337913,-0.197269011,0.8838065268,-0.7865929556,1.092259626,1.369369531,1.9927868
groundtruth,88,1.575044813,0.4009393186,-2.277399947,-0.7707239468,1.680043833,1.155928804,1.962089808
groundtruth,88,1.1442597,-0.1435997279,-0.618663157,-0.8350163034,0.4651577051,1.55336964,2.133599233
groundtruth,88,1.790793585,0.3075741782,-2.213252129,-0.7718956433,1.406164444,1.255654362,1.964216366
groundtruth,88,0.940742092,-0.1251428327,-0.4791295297,-0.830372704,0.5307785561,1.539157798,2.114102917
groundtruth,88,-0.007996637083,-0.1057561406,0.2557519061,-0.8131669334,0.7474687359,1.482234345,2.057022849
groundtruth,88,1.125965264,-0.141599919,-0.6067295191,-0.8345700168,0.4716960816,1.552024009,2.13161593
groundtruth,88,-2.81486474,-0.8234699215,0.1048839041,-0.8143473261,-2.408625081,0.9264824214,2.520552371
groundtruth,88,0.9976411252,0.6735350087,-2.621197933,-0.8329964807,2.64708565,0.8754317687,2.124763832
groundtruth,88,0.5654534119,0.7998371798,-2.872242716,-0.8446042989,-2.839110699,0.847379628,2.395516738
groundtruth,88,0.5652904566,0.7998593664,-2.87233921,-0.8445804183,-2.838820093,0.8474163713,2.395612091
groundtruth,88,1.235686845,0.5668717476,-2.472218823,-0.7991498037,2.222044642,0.9767760965,2.020685306
groundtruth,88,-2.823588251,-0.8237341225,0.09818319393,-0.8131210486,-2.393075917,0.9303280072,2.52425192
groundtruth,88,2.354207922,-0.5393050915,-0.7951499717,-0.8265795661,-0.5809063762,1.527277003,2.481152823
groundtruth,88,-2.116132504,0.1318916628,2.602736964,-0.8322406963,0.5051875277,1.544892065,2.121585392
groundtruth,88,1.104826554,0.6278226134,-2.555489972,-0.8179911091,2.452979807,0.9157679307,2.071341924
groundtruth,88,0.9113503752,-0.1230764341,-0.4579432806,-0.8297457736,0.5391694061,1.537227473,2.111680516
groundtruth,88,1.635057381,0.373251432,-2.253125806,-0.769834684,1.597213892,1.1857783,1.960531385
groundtruth,88,1.436927085,-0.1880389243,-0.7859729399,-0.8429009901,0.3357297816,1.576569015,2.174532171
groundtruth,88,-1.040427332,0.4178498395,2.256583765,-0.8471036789,-0.2464188674,1.588518721,2.376665062
groundtruth,88,1.480595404,-0.1971469068,-0.8061002878,-0.844162012,0.3113249932,1.580177901,2.182568164
groundtruth,88,-0.1556192782,-0.109942036,0.369669967,-0.8103608385,0.7812406671,1.47218013,2.049238401
groundtruth,88,-1.666713239,-0.4491085397,0.8147338954,-0.7748912872,1.828369737,1.103543398,1.969734541
groundtruth,89,0.9523138414,-1.725749922,0.9730640137,-2.648281068,0.38523362,1.495417419,1.7435455
groundtruth,89,0.6946239184,1.348548312,2.331129787,-2.462220424,-0.764282113,0.5528965957,-2.370262951
groundtruth,89,1.600707514,-1.012972002,0.6593393247,-2.666478484,-0.1992586511,1.584146844,2.490979855
groundtruth,89,-2.215996766,1.762799978,-2.167393904,-2.644963866,0.4090929854,1.478751911,1.70996491
groundtruth,89,1.008209108,-1.647807499,0.9665040063,-2.654714037,0.3329403221,1.527325572,1.815294685
groundtruth,89,1.016195161,-1.636711309,0.9651149148,-2.655572975,0.3252561463,1.531514552,1.82566099
groundtruth,89,1.218118305,-1.37062142,0.8965875246,-2.670431526,0.1232278478,1.602766304,2.086868931
groundtruth,89,0.5186956312,1.191307732,2.377054649,-2.497469367,-0.7851518763,0.7019835645,-2.563924705
groundtruth,89,-2.387259359,-1.40586974,-0.8199754217,-2.448133756,-0.746369802,0.5007624102,-2.291293175
groundtruth,89,0.9565447534,-1.719862826,0.9727684001,-2.64879072,0.3813845243,1.497970743,1.748906828
groundtruth,89,-1.649272123,1.093339737,-2.407015252,-2.670491536,-0.1214158586,1.603061695,2.392354806
groundtruth,89,-2.377091342,-1.415772728,-0.8212824261,-2.445619629,-0.7426259346,0.4918906481,-2.277046199
groundtruth,89,0.5112015551,1.185071177,2.379604701,-2.498788565,-0.7852888124,0.7080983888,-2.571180226
groundtruth,89,1.086486981,1.733938432,2.307852526,-2.349372018,-0.457857626,0.2406227019,-1.638571776
groundtruth,89,1.076858181,-1.553169086,0.9509792416,-2.661463162,0.2654470288,1.560130015,1.904943713
groundtruth,89,1.041659455,1.689980686,2.307958082,-2.363790949,-0.522242936,0.2692364295,-1.755577977
groundtruth,89,-1.746297542,1.178892096,-2.343862576,-2.67255322,-0.04231416736,1.612682119,2.293431095
groundtruth,89,1.283268456,-1.29425241,0.8632652676,-2.671950198,0.05943396171,1.610627599,2.166381198
groundtruth,89,-2.085433909,1.581418509,-2.185099722,-2.659582568,0.2860707157,1.551069791,1.877854253
groundtruth,89,-2.032882444,-1.755669798,-0.8340179235,-2.342318902,-0.4218338636,0.2277653664,-1.575952859
groundtruth,89,1.634068194,-0.9912039045,0.6354353719,-2.664988792,-0.2210956603,1.577063784,2.519000454
groundtruth,89,-1.630532036,1.078354358,-2.419721718,-2.669905818,-0.1356514855,1.600290622,2.410285118
groundtruth,89,0.2243473552,0.9842168803,2.509015866,-2.540697556,-0.7613472482,0.9169685555,-2.802397724
groundtruth,89,-2.17047199,1.69953317,-2.170105465,-2.650526131,0.3679739714,1.506620771,1.76748584
groundtruth,89,-2.032753557,-1.755807595,-0.8339620654,-2.34230905,-0.4217221553,0.2277255883,-1.575710031
groundtruth,89,-2.230847261,-1.560384979,-0.8321211981,-2.405403852,-0.6594495726,0.3675194717,-2.038938823
groundtruth,89,1.152749985,-1.452416315,0.925131839,-2.667130954,0.1888676483,1.587235335,2.003787234
groundtruth,89,-2.60566181,-1.205111239,-0.7705324808,-2.494025764,-0.7840574946,0.687382342,-2.546852302
groundtruth,89,-2.10961112,1.614790941,-2.179560096,-2.657207135,0.3098935358,1.539534466,1.846236835
groundtruth,89,1.571272067,-1.033303152,0.6801656896,-2.667705766,-0.1791832521,1.589956869,2.465373255
groundtruth,89,1.887432587,-0.8645250916,0.4464310254,-2.65157805,-0.359551606,1.511843931,2.702423969
groundtruth,89,2.208664782,-0.7802154984,0.1971535468,-2.632656605,-0.4863036953,1.415046578,2.883854747
groundtruth,89,0.9484742963,-1.731101428,0.9733095132,-2.647811098,0.3887127411,1.493069277,1.738683236
groundtruth,89,0.9840376473,-1.681506621,0.970028715,-2.65202462,0.355911138,1.514052648,1.784057885
groundtruth,89,0.5375647357,1.207119618,2.37084084,-2.494090454,-0.7847110695,0.6865791948,-2.545498068
groundtruth,89,-2.17750359,-1.613380973,-0.8331649128,-2.388956657,-0.6122402219,0.3252719384,-1.93319347
groundtruth,89,-2.060021839,-1.729128575,-0.8337236638,-2.350949304,-0.4654515012,0.2435930686,-1.651979835
groundtruth,89,1.954868099,-0.8406524473,0.3946216315,-2.647675477,-0.3897234504,1.492382756,2.744227596
groundtruth,89,0.9256037546,-1.762799978,0.974198609,-2.644964861,0.4090860808,1.478756936,1.709974713
groundtruth,89,-2.216180169,-1.574977727,-0.8325180803,-2.400968829,-0.6475187327,0.3556642968,-2.011034487
groundtruth,89,1.897615183,-0.8606845469,0.4386370184,-2.650993654,-0.3642593551,1.508944196,2.708892627
groundtruth,89,1.404984491,-1.169738567,0.7916476346,-2.672430739,-0.05061591149,1.612112456,2.303778003
groundtruth,89,0.07438680425,0.9079071877,2.596717999,-2.557514796,-0.7361917968,1.007300835,-2.897300005
groundtruth,89,1.045905803,-1.595550636,0.9589623044,-2.658591623,0.2962174727,1.546275982,1.864428899
groundtruth,89,-1.201511547,0.8455766468,-2.735573709,-2.648536733,-0.3833046783,1.496700118,2.735263728
groundtruth,89,1.569095351,-1.034849599,0.6816951673,-2.66779292,-0.1776678846,1.590368607,2.463445837
groundtruth,89,-1.92086755,1.367513795,-2.246245372,-2.670523021,0.1206523819,1.603199985,2.090106158
groundtruth,89,-2.2945343,-1.497083941,-0.8291212782,-2.423843095,-0.7030382237,0.4206045783,-2.150895574
groundtruth,89,-1.450477606,0.9569653949,-2.54767704,-2.662242274,-0.2562920962,1.563913242,2.564592491
groundtruth,89,0.9259774251,-1.7623419,0.9741917924,-2.645012129,0.4087581,1.478995465,1.710440365
groundtruth,90,-0.0854274505,0.2097898956,-0.2539314639,-2.038853694,1.197312576,0.9946727604,2.714155811
groundtruth,90,-2.348412613,-0.5773974449,1.832357942,-2.010713789,1.452291709,0.5990108964,2.608508837
groundtruth,90,1.600746857,-1.691508008,-1.431318264,-2.169802398,-0.01556419645,1.862871772,-2.6142914
groundtruth,90,-2.291860399,-1.74235107,1.539888913,-2.026258276,-1.851840311,0.1764521261,-1.637569635
groundtruth,90,-0.9710878636,0.2555662834,0.6994084315,-2.055560692,1.089586272,1.155734175,2.781055924
groundtruth,90,0.8506242503,1.727928631,-1.595193586,-2.028691412,-1.871133707,0.1643115925,-1.646858087
groundtruth,90,-1.529884558,1.762799978,1.72806308,-2.169060272,-0.0822818847,1.859647553,-2.558063281
groundtruth,90,-0.531186798,0.2068410914,0.2229649042,-2.046163764,1.149018535,1.068374126,2.74308146
groundtruth,90,-1.52988133,1.762799978,1.728068119,-2.169059932,-0.08230011095,1.85964607,-2.558047924
groundtruth,90,-1.552291698,1.602773915,1.689509338,-2.169317043,0.06717392663,1.860763907,-2.684026323
groundtruth,90,-1.264070616,0.3565585823,1.034782031,-2.067548036,1.016065888,1.257408836,2.831312052
groundtruth,90,-2.292144953,-1.74627283,1.538084074,-2.025587743,-1.84667402,0.1797625983,-1.635139494
groundtruth,90,-2.291797639,-1.740252345,1.540866915,-2.026424013,-1.85411965,0.1746755043,-1.638443808
groundtruth,90,-1.274243995,0.3624170449,1.047096478,-2.068179063,1.012200015,1.262539279,2.83404197
groundtruth,90,0.5256090087,0.3263003341,-0.9344794804,-2.024974584,1.299891042,0.8335749507,2.661199497
groundtruth,90,-0.2932403936,0.2029804215,-0.03137792423,-2.042247398,1.17469484,1.0294503,2.727557353
groundtruth,90,0.8551601553,1.645816619,-1.561263965,-2.047859221,-2.003472142,0.09642191341,-1.721475561
groundtruth,90,-1.563637804,1.490752871,1.664326828,-2.166537202,0.170398634,1.84858382,-2.770968519
groundtruth,90,-1.559443084,1.536103689,1.674461867,-2.167944691,0.1288438323,1.854775205,-2.735981884
groundtruth,90,-2.285549802,-1.628807257,1.586416083,-2.053183641,-2.037178695,0.0827012511,-1.742971901
groundtruth,90,-0.1058466084,0.2087027549,-0.2320147218,-2.039198782,1.195082821,0.9981330342,2.715626717
groundtruth,90,2.005430386,-0.2998998622,-2.256788646,-2.061162731,1.055024014,1.204487942,2.804277362
groundtruth,90,0.8655754133,1.496146899,-1.535283037,-2.119080773,-2.455688093,-0.01597785874,-2.055828073
groundtruth,90,0.1514978412,0.2317292409,-0.5104547522,-2.034606593,1.226916636,0.9486254595,2.697817626
groundtruth,90,-0.2317259076,0.2039855964,-0.09713513903,-2.041251409,1.181272484,1.019387254,2.723655987
groundtruth,90,1.766838311,-0.4377444254,-1.967847794,-2.076155921,0.9636873311,1.324925171,2.86890947
groundtruth,90,1.611711579,-1.762799978,-1.413524135,-2.169059905,-0.08230155484,1.859645953,-2.558046707
groundtruth,90,-1.554647093,1.582011931,1.684790328,-2.168980584,0.08644017406,1.85930047,-2.700260948
groundtruth,90,-2.277164081,-0.8705583512,1.632070733,-2.008892107,1.654663199,0.3417500616,2.601897581
groundtruth,90,-0.4074064314,0.2032847794,0.09061571807,-2.044089822,1.162513769,1.047996635,2.73484198
groundtruth,90,-0.228149939,0.2040567003,-0.1009675478,-2.041209047,1.181662772,1.018793601,2.723434413
groundtruth,90,0.5818185475,0.3543951376,-1.003241953,-2.02283917,1.317879543,0.8051660605,2.653197565
groundtruth,90,1.603227791,-1.708488617,-1.427222257,-2.169682417,-0.03127256574,1.862401457,-2.600852491
groundtruth,90,1.574391843,-1.446760154,-1.487115709,-2.164820808,0.2103197355,1.840974121,-2.804554915
groundtruth,90,-1.529887143,1.762799978,1.728059048,-2.16906055,-0.08226728399,1.859648746,-2.558075581
groundtruth,90,2.126326984,-0.2652560727,-2.393191971,-2.056897083,1.081505012,1.167328376,2.786426664
groundtruth,90,-1.57292696,1.357232456,1.634056582,-2.160338117,0.2901153909,1.820758194,-2.871585878
groundtruth,90,1.567047321,-1.323587035,-1.515440008,-2.158338007,0.3195265173,1.811575213,-2.896248087
groundtruth,90,1.570252742,-1.385507397,-1.501006053,-2.1618898,0.2651434267,1.82781379,-2.850626025
groundtruth,90,-0.1325571077,0.2073897923,-0.2033491455,-2.039639561,1.192095182,1.002743614,2.717347466
groundtruth,90,1.5940381,-1.641676075,-1.44311906,-2.169720926,0.03096173378,1.86251889,-2.65350715
groundtruth,90,-0.5737643445,0.2088887244,0.2685641302,-2.04690815,1.144223232,1.075571863,2.746041514
groundtruth,90,0.8574620144,1.602719759,-1.54678531,-2.062556791,-2.094963501,0.06195358089,-1.781725787
groundtruth,90,0.7087609302,0.4522795846,-1.172075857,-2.016570691,1.377330821,0.7121016149,2.629934079
groundtruth,90,-2.286590923,-0.7916141581,1.677242681,-2.007205694,1.593541714,0.4104137088,2.595721019
groundtruth,90,-1.529884102,1.762799978,1.728063792,-2.169060224,-0.08228446062,1.859647343,-2.55806111
groundtruth,90,1.567537205,-1.333471878,-1.513056218,-2.158849768,0.3105402578,1.814208761,-2.889682443
groundtruth,90,-2.270263724,-1.008842916,1.561620481,-2.018709606,1.786005537,0.2227405153,2.637845748
groundtruth,90,1.610949931,-1.758297141,-1.414715805,-2.169138601,-0.07798015544,1.859988516,-2.561688025
groundtruth,90,1.582905892,-1.544184502,-1.465277963,-2.168227902,0.1211845149,1.855869401,-2.728857844
groundtruth,91,-1.301300589,1.089570678,-2.350171367,-1.704062951,2.085930679,1.049182295,-2.598364152
groundtruth,91,-0.8674702705,-0.8210187238,-0.96836943,-1.768029862,-0.3390531397,2.266504403,-1.823078836
groundtruth,91,1.617165965,-1.287811664,0.6864601362,-1.7380041,2.430623051,0.8554408618,-2.447024115
groundtruth,91,0.8433199312,-1.702601123,0.2523778373,-1.743827992,-2.491293588,0.8303787355,-1.64638907
groundtruth,91,-2.228636384,1.684805358,-2.839548747,-1.752825021,-2.591921445,0.7944833091,-1.701110296
groundtruth,91,-1.410044427,-0.43054644,-0.7745727261,-1.765114929,0.3866154367,2.255746353,-2.267044438
groundtruth,91,-0.3557111166,-1.358367746,-0.7560697408,-1.694480915,-1.168047079,1.84551136,-1.427295508
groundtruth,91,2.433019886,0.9923407543,2.193852219,-1.746173478,-0.6249690274,2.178596049,-1.659897595
groundtruth,91,-2.040945843,1.617793757,-2.719308697,-1.772815395,-2.897500038,0.7250940018,-1.880414909
groundtruth,91,-0.7878504338,-0.9052273891,-0.9638685495,-1.758261132,-0.4828884032,2.229343628,-1.738833867
groundtruth,91,0.9932725102,0.2738622493,2.895635889,-1.73299249,0.7621873898,2.115548539,-2.472687253
groundtruth,91,1.504646156,-1.377015666,0.6311215599,-1.755831199,2.628156615,0.783211862,-2.340420632
groundtruth,91,0.4849282924,-1.734184145,-0.03530931847,-1.701618861,-2.058752892,1.068247556,-1.454067831
groundtruth,91,-1.315911403,-0.4745335109,-0.8273745493,-1.770152847,0.3011524759,2.27402981,-2.216041325
groundtruth,91,0.3502477514,0.2714038916,-2.878286094,-1.71365832,0.9549996023,2.002635174,-2.55988536
groundtruth,91,-0.7555361471,-0.9403577733,-0.9587024109,-1.753353671,-0.5409272088,2.209726263,-1.706226494
groundtruth,91,-0.7141151095,-0.9861952399,-0.9492595783,-1.747078429,-0.6151652243,2.182569269,-1.665180625
groundtruth,91,-1.227494242,-0.52392704,-0.8715361978,-1.774293738,0.2067547928,2.288763616,-2.158692097
groundtruth,91,-2.896062647,-0.2796749977,0.3439356249,-1.710554335,0.9866889734,1.981320415,-2.572569934
groundtruth,91,-0.03002749139,-1.589749689,-0.4881518965,-1.677549994,-1.540524748,1.512455641,-1.367843921
groundtruth,91,2.754966528,1.330237186,2.36296531,-1.697782091,-1.127327426,1.877973033,-1.439541427
groundtruth,91,1.926522375,0.5315697463,2.264339844,-1.774804722,0.1922414535,2.290533455,-2.149798325
groundtruth,91,-0.007965027849,0.3127231295,-2.611014684,-1.702738836,1.070732519,1.921268224,-2.603666798
groundtruth,91,-2.896148933,1.697205897,2.896976749,-1.684027163,-1.81540773,1.261258617,-1.389985283
groundtruth,91,2.302614277,0.8506220469,2.173512599,-1.764877484,-0.3903313565,2.254846341,-1.792638724
groundtruth,91,-1.712690009,-0.3353749809,-0.5755827573,-1.749783589,0.5847481919,2.194422791,-2.380148134
groundtruth,91,-0.667315577,-1.038137693,-0.9347998713,-1.739361036,-0.6969910616,2.147256157,-1.622006579
groundtruth,91,2.617310445,1.193793542,2.273505638,-1.716203952,-0.9304504576,2.018980649,-1.512523644
groundtruth,91,-2.897300005,-0.2797874224,0.3449005304,-1.71051172,0.9870764484,1.981054592,-2.572720672
groundtruth,91,1.966606669,-0.9701589458,0.8413102952,-1.690307715,1.917545403,1.175666288,-2.64970652
groundtruth,91,0.07383739608,-1.638644328,-0.3967821239,-1.677653956,-1.645671293,1.412950215,-1.369481463
groundtruth,91,2.670033651,1.247983935,2.305367887,-1.708417439,-1.008947737,1.965916386,-1.480701339
groundtruth,91,0.003692095741,-1.606994545,-0.4586375017,-1.677448752,-1.575105945,1.480008034,-1.367502446
groundtruth,91,-0.5462182365,-1.170501383,-0.8802698503,-1.719479107,-0.896417297,2.039956195,-1.526738047
groundtruth,91,0.3565397203,0.2710386551,-2.883166878,-1.713978645,0.9537882066,2.004143145,-2.559129227
groundtruth,91,2.639456961,1.216783805,2.286491308,-1.712784756,-0.9638573351,1.996745214,-1.498402017
groundtruth,91,1.361182198,-1.477475109,0.5605881219,-1.772816131,2.897500038,0.7250908963,-2.181450628
groundtruth,91,1.57903437,0.3750612232,2.462615392,-1.756940055,0.4986742717,2.224202012,-2.332802383
groundtruth,91,2.897300005,1.451013373,2.472163049,-1.685144723,-1.30569729,1.728621251,-1.393891216
groundtruth,91,-0.5047210928,-1.21408699,-0.8566510871,-1.713148841,-0.9599642772,1.999322794,-1.499973182
groundtruth,91,-0.4106574363,-1.307685094,-0.7956127654,-1.700565773,-1.094835003,1.903090774,-1.450037819
groundtruth,91,-1.037053465,-0.6617182793,-0.9429272574,-1.777895727,-0.05184478609,2.300973609,-1.998743561
groundtruth,91,-0.5363572709,-1.180975846,-0.8748717856,-1.71795125,-0.911759791,2.030437487,-1.52010701
groundtruth,91,0.2859418716,-1.706936637,-0.2087875496,-1.686274761,-1.855489556,1.226975284,-1.397835766
groundtruth,91,2.281350622,0.8284664295,2.173161209,-1.76726769,-0.3520248262,2.263717261,-1.815340894
groundtruth,91,-0.3352845364,-1.376400397,-0.7407657554,-1.692481675,-1.194309042,1.82406131,-1.419971218
groundtruth,91,-0.5695940218,-1.145428076,-0.8925759751,-1.723170009,-0.8594867879,2.062129297,-1.543170697
groundtruth,91,1.01166396,0.275248166,2.8811762,-1.733560728,0.7560449625,2.118659228,-2.469666096
groundtruth,91,-0.1025978213,-1.54849397,-0.5509895564,-1.678727186,-1.464305851,1.583833178,-1.371792129
groundtruth,91,-0.4022643229,-1.31562574,-0.7897407906,-1.699570507,-1.106265333,1.894336412,-1.446272464
groundtruth,92,1.029114871,1.151554668,0.5247795853,-1.297308699,1.547431817,2.24467193,-2.145498498
groundtruth,92,-2.441094819,-1.494377623,-2.003665944,-1.345264927,0.8268472446,2.614657923,-1.980652888
groundtruth,92,0.6293893608,1.66931421,1.31039527,-1.381824322,0.4354305918,2.714949065,-1.788896973
groundtruth,92,-1.053654543,-1.511974527,2.025853019,-1.393546698,2.897500038,1.510634795,-1.680508685
groundtruth,92,0.7445575362,1.417891389,1.042557871,-1.329491474,0.984739851,2.554010575,-2.041042154
groundtruth,92,-2.535784422,-1.758908951,-1.760622743,-1.39469391,0.2175277335,2.742463076,-1.66509097
groundtruth,92,2.085794873,1.5077033,-1.111325687,-1.393264713,2.89162129,1.511751008,-1.683177878
groundtruth,92,-1.079364071,-1.464384509,2.077386389,-1.390269835,2.833485331,1.523717906,-1.717638565
groundtruth,92,1.763433957,1.162783679,-0.5738959462,-1.348790793,2.349291896,1.715270148,-1.965938782
groundtruth,92,0.6063140896,1.756605546,1.379252776,-1.394456927,0.2232369067,2.741982498,-1.668425793
groundtruth,92,1.000928088,1.167195137,0.5712225744,-1.297702146,1.507952937,2.270723845,-2.143864178
groundtruth,92,1.241188642,1.078468063,0.1941321613,-1.302700929,1.799088162,2.072744312,-2.129312817
groundtruth,92,1.086953339,1.124275097,0.4318108756,-1.297528249,1.622550397,2.194541835,-2.144817326
groundtruth,92,0.7637342557,1.389219658,1.002818188,-1.324049657,1.043744125,2.528506456,-2.060627921
groundtruth,92,0.6700082258,1.558933046,1.208133513,-1.359328374,0.6879270215,2.658176821,-1.91856626
groundtruth,92,1.893312011,1.255167783,-0.7736306268,-1.36606255,2.522968496,1.628858757,-1.884904756
groundtruth,92,-1.348106984,-1.180559974,2.522398265,-1.352610529,2.386536524,1.695240728,-1.949531949
groundtruth,92,1.475762875,1.070584203,-0.1516863489,-1.318787189,2.038536464,1.907317937,-2.07817682
groundtruth,92,1.701142169,1.131600379,-0.4811191507,-1.341323904,2.276143575,1.756739312,-1.996480493
groundtruth,92,1.876072634,1.240374724,-0.7464389699,-1.363631777,2.497746915,1.640275344,-1.897379999
groundtruth,92,0.7413111392,1.422990996,1.049379006,-1.330487909,0.9743861467,2.558357836,-2.037448467
groundtruth,92,-2.481310002,-1.582213376,-1.910051296,-1.364672789,0.6352369933,2.673178098,-1.893612735
groundtruth,92,-2.315135512,-1.310087532,-2.262338854,-1.311096188,1.201293405,2.451279725,-2.103192156
groundtruth,92,-1.074264277,-1.473327501,2.06746587,-1.390956398,2.845787009,1.52101142,-1.71045511
groundtruth,92,-1.933583084,-1.085366832,-2.897300005,-1.30112795,1.763213148,2.09775656,-2.134025219
groundtruth,92,0.6052207521,1.76157993,1.382957958,-1.394974901,0.2108999412,2.743010664,-1.661215937
groundtruth,92,-2.22185817,-1.222601639,-2.432298916,-1.300992471,1.382132334,2.349086968,-2.134475852
groundtruth,92,-1.055509421,-1.508265389,2.029752462,-1.393359443,2.892687315,1.511523482,-1.683378252
groundtruth,92,0.6049638639,1.762799978,1.383886477,-1.394931538,0.2085720236,2.742719105,-1.66011897
groundtruth,92,-2.409652904,-1.438150173,-2.072354642,-1.333498468,0.9434996065,2.571018307,-2.026395997
groundtruth,92,-2.512319842,-1.669682501,-1.830887755,-1.381896486,0.4345416785,2.71510465,-1.788402327
groundtruth,92,0.6095979595,1.742161345,1.368383217,-1.392855981,0.258943321,2.738693379,-1.689190403
groundtruth,92,0.6200665738,1.701198672,1.336532238,-1.387205996,0.3589564574,2.72682606,-1.746362731
groundtruth,92,1.794023121,1.180912955,-0.6200249208,-1.352652957,2.387225612,1.694885065,-1.949213218
groundtruth,92,-2.526431953,-1.719607409,-1.790535599,-1.389916266,0.3142712816,2.732596387,-1.721030112
groundtruth,92,0.8421146332,1.293198537,0.849739877,-1.308783166,1.235316643,2.43333531,-2.1105165
groundtruth,92,0.7554283304,1.401347529,1.019930504,-1.326327182,1.018205185,2.539605777,-2.052287684
groundtruth,92,1.098314794,1.119629709,0.4138360548,-1.297700279,1.636589959,2.185002623,-2.144296691
groundtruth,92,1.19542543,1.08836988,0.2634081947,-1.30060694,1.749371223,2.107388191,-2.135637688
groundtruth,92,-2.512080712,-1.668916704,-1.831531478,-1.381753092,0.4363742408,2.714788161,-1.789413786
groundtruth,92,-2.446769419,-1.505550964,-1.990890325,-1.347671287,0.8032196297,2.622697016,-1.970642329
groundtruth,92,1.218425635,1.083030499,0.2284825122,-1.301606189,1.774575091,2.089843901,-2.132621007
groundtruth,92,0.7784447524,1.368805021,0.9730506726,-1.320435211,1.083611042,2.509890713,-2.072581469
groundtruth,92,-2.530492667,-1.735893808,-1.777972555,-1.39207925,0.2743671384,2.737111558,-1.698113122
groundtruth,92,0.6303652508,1.666168535,1.307745457,-1.381255715,0.4429379209,2.713603723,-1.793028342
groundtruth,92,1.225200357,1.081588335,0.2182371692,-1.301939111,1.781915928,2.084729137,-2.131678503
groundtruth,92,0.6075207012,1.751207856,1.375212276,-1.393878942,0.2365989875,2.740808038,-1.676215633
groundtruth,92,1.837307239,1.210241898,-0.6861063844,-1.35847721,2.444780161,1.665560397,-1.924318535
groundtruth,92,-2.433940531,-1.480782764,-2.01958852,-1.342350834,0.8553707101,2.604588071,-1.992408374
groundtruth,92,-2.366200559,-1.372930465,-2.162411714,-1.321165745,1.075335938,2.513761972,-2.070142525
groundtruth,93,2.149189618,0.8051446639,-0.144417535,-0.9453552593,0.8077230907,3.047089714,-1.598612923
groundtruth,93,1.484904528,1.08225368,1.110724689,-0.8744200737,-1.449044957,2.85490298,-0.3286269194
groundtruth,93,-1.559587445,-0.9528910231,-2.367012354,-0.9060679189,-1.078640599,2.979802495,-0.4019142165
groundtruth,93,1.931250944,0.7883220442,0.1794552494,-1.021871043,0.1695254175,3.124965038,-1.184409121
groundtruth,93,1.642363974,0.9014116748,0.622550294,-0.935123834,-0.8741272304,3.032541046,-0.4812256998
groundtruth,93,-1.626898831,-1.637864977,-0.9589248381,-0.9532495527,-2.384220366,2.410894075,-0.5384657038
groundtruth,93,2.453220056,1.706362514,-2.321749227,-0.9992243149,2.709627339,2.274146929,-1.373989981
groundtruth,93,1.466045096,1.122326806,1.203040586,-0.8722831005,-1.539992406,2.818915866,-0.323882748
groundtruth,93,1.800891761,0.816066869,0.3402331145,-1.011446988,-0.3151202757,3.116540333,-0.8195319383
groundtruth,93,1.954880981,0.7869394717,0.1501852897,-1.016732617,0.2510248884,3.120881756,-1.245058015
groundtruth,93,1.635402066,0.9066684311,0.6385833375,-0.9315701343,-0.8975474406,3.02710597,-0.4707641377
groundtruth,93,1.77940344,0.8242056579,0.3705819063,-1.003429432,-0.3949615654,3.109696714,-0.7629665874
groundtruth,93,-0.8475017889,-0.8507711878,2.708612933,-0.8982612043,1.143912873,2.960504375,-1.728854796
groundtruth,93,2.498414203,1.647783759,-2.207091998,-0.9885939968,2.62503592,2.304662392,-1.430468748
groundtruth,93,2.604025807,1.30271126,-1.620808774,-0.9198677958,2.164504117,2.521793748,-1.67354557
groundtruth,93,-1.280199793,-0.7986763842,-2.878510449,-1.02505489,-0.08662383804,3.127452616,-0.9896756755
groundtruth,93,2.008803703,0.7870561476,0.07881102284,-1.000044683,0.4249334929,3.106705795,-1.369170248
groundtruth,93,-0.7137814436,-1.733640525,0.7617668223,-1.004028335,2.751516108,2.260668788,-1.3450226
groundtruth,93,1.59934452,0.9366014325,0.7276723608,-0.913960691,-1.019236192,2.996348204,-0.4221113446
groundtruth,93,-0.5456260604,-1.403882034,1.349886835,-0.9404386681,2.303100611,2.451562308,-1.615022223
groundtruth,93,-1.278528926,-0.7983104912,-2.880529133,-1.025212473,-0.08030944899,3.127576646,-0.9944765254
groundtruth,93,1.601576725,0.9346193829,0.7218721618,-0.9149817204,-1.011702175,2.998370265,-0.4248407525
groundtruth,93,-0.7375222688,-1.756164695,0.710552223,-1.007765929,2.787932832,2.249965177,-1.319369605
groundtruth,93,-0.5462481745,-1.210751896,1.687187328,-0.9019320332,2.029756663,2.59093596,-1.719745027
groundtruth,93,1.588715042,0.9464346956,0.7561081633,-0.9090535173,-1.055576197,2.986341054,-0.4094798993
groundtruth,93,-1.539072669,-0.9337817144,-2.422170841,-0.9154245964,-1.0085008,2.999226301,-0.4260123677
groundtruth,93,1.436330815,1.438704499,1.819589368,-0.9101419589,-2.093963699,2.558095513,-0.4121398663
groundtruth,93,-1.697327925,-1.473533629,-1.260090495,-0.9171523056,-2.145365416,2.531662687,-0.4305304916
groundtruth,93,1.428369508,1.384874616,1.723251143,-0.8998735895,-2.012537148,2.59968103,-0.3866191716
groundtruth,93,-1.607835522,-1.006800297,-2.219364497,-0.8871215085,-1.250817775,2.926333871,-0.3566506497
groundtruth,93,-1.690191764,-1.161325227,-1.85256579,-0.872676428,-1.622672378,2.78396568,-0.3249175143
groundtruth,93,-1.479029644,-0.8870063469,-2.563569307,-0.9456162631,-0.8060204549,3.047444651,-0.5136354857
groundtruth,93,-1.716114838,-1.330700023,-1.517214065,-0.8905649203,-1.927147419,2.642489195,-0.3645870845
groundtruth,93,-0.7978063258,-0.8748594524,2.594733271,-0.8866150823,1.256342777,2.924470588,-1.755858663
groundtruth,93,-0.8639279148,-0.844002963,2.744359689,-0.9024999064,1.107136662,2.971513698,-1.718333043
groundtruth,93,-1.430102033,-0.8567438566,-2.660149075,-0.9713273695,-0.6384497886,3.078473524,-0.6050968109
groundtruth,93,1.908034605,0.7906860661,0.2074373581,-1.025073473,0.08648056577,3.127462227,-1.121613159
groundtruth,93,1.739551364,0.8420251836,0.4326222753,-0.9854933319,-0.5395927198,3.093084906,-0.6660619007
groundtruth,93,-0.6886726215,-1.706706627,0.8191339622,-0.9992872273,2.71014322,2.273973362,-1.373637807
groundtruth,93,1.920014648,0.7893571041,0.1930731244,-1.023634757,0.129624826,3.126354691,-1.154327952
groundtruth,93,2.575865991,1.137353151,-1.308260095,-0.8889734924,1.910815265,2.650552601,-1.750475837
groundtruth,93,-0.6618624204,-0.978243374,2.225424458,-0.8722523154,1.585859194,2.799634814,-1.787375681
groundtruth,93,2.262622966,0.8381550863,-0.3651722135,-0.9067661518,1.073154554,2.981369639,-1.707714732
groundtruth,93,1.8148713,0.8113230015,0.3214566944,-1.015862983,-0.2625399424,3.120175955,-0.8578769546
groundtruth,93,1.429647085,1.396763761,1.744631754,-0.9021276122,-2.030778473,2.590419598,-0.3919069449
groundtruth,93,1.820058914,0.8096729083,0.3146641946,-1.017321843,-0.2429729312,3.12135557,-0.8722794244
groundtruth,93,-1.712030501,-1.260071125,-1.651076886,-0.8805406733,-1.808544459,2.699942274,-0.3419624758
groundtruth,93,-1.690446036,-1.162212179,-1.850681947,-0.8726381809,-1.624549145,2.783155492,-0.324880827
groundtruth,93,-1.265515186,-0.79567606,-2.896123522,-1.026042957,-0.03145829063,3.128215099,-1.031693718
groundtruth,93,-1.313895647,-0.8073565103,-2.83677606,-1.019274993,-0.2140991609,3.12292219,-0.8936769836
groundtruth,94,2.141020738,-0.2365498464,-0.7529049636,-0.4648759412,0.8012677173,3.289057066,-1.434543052
groundtruth,94,2.047782019,-0.3575527776,-0.7502329681,-0.7316557196,0.05240213521,3.401408204,-0.635559891
groundtruth,94,-1.089430377,-0.2225023953,0.6420251869,-0.5755185617,2.568692098,2.908609939,-1.352346817
groundtruth,94,0.4231283371,0.3864184906,-2.603262533,-0.2033205857,-2.897500038,2.98136328,-0.4344935363
groundtruth,94,-2.693974645,-0.6827373685,0.2506065232,-0.7023202164,-2.894763853,2.775619643,-0.1455388815
groundtruth,94,2.382747556,-0.3471935654,-1.239005639,-0.469266305,-0.7917616877,3.291907716,0.3380827314
groundtruth,94,-1.327784798,-0.2994135549,0.6366965263,-0.6342900286,2.696044625,2.8519376,-1.227528783
groundtruth,94,-0.9723223234,0.1636430588,2.118070837,-0.3808338958,0.9937519058,3.228525104,-1.383408539
groundtruth,94,2.537459678,-0.3739938522,-1.190182298,-0.3978652795,-0.9536070115,3.241529952,0.3054438347
groundtruth,94,-0.3563492541,0.3931392824,2.084160518,-0.2945434706,-1.125091137,3.168732514,0.1161643953
groundtruth,94,0.7416031797,0.266660494,-1.85353598,-0.2104405477,2.660802906,2.989909395,-0.7751264767
groundtruth,94,-0.2552918128,0.3612926561,1.995031569,-0.2442249996,-0.9345386131,3.156598769,-0.07601991998
groundtruth,94,-1.002416013,0.2098358686,2.310634853,-0.4323326059,0.8735430406,3.266858792,-1.42642182
groundtruth,94,1.607183395,0.3675831184,-2.520726826,-0.6730457049,2.796608493,2.809867446,-1.096642688
groundtruth,94,2.147598457,-0.3325269295,-0.6151252915,-0.6221107762,0.4734310922,3.369157276,-1.259272228
groundtruth,94,2.196373943,-0.3222124353,-1.191775444,-0.568570845,-0.5870914004,3.346819233,0.266341789
groundtruth,94,2.1631852,-0.3200691249,-1.167763868,-0.5885790389,-0.5458437787,3.355730008,0.2339161041
groundtruth,94,2.151634359,-0.2785814287,-0.6642436202,-0.5233507088,0.6789599774,3.324081442,-1.412987417
groundtruth,94,-0.1495993296,0.2547079316,1.471677664,-0.2011012551,-0.05349548597,3.160309733,-0.5233243222
groundtruth,94,-0.9976859526,0.2492244667,2.419558197,-0.4814170704,0.7658081865,3.299611708,-1.433157824
groundtruth,94,2.11009852,-0.3191584161,-1.115605982,-0.6234244802,-0.4706973559,3.36966476,0.1599546865
groundtruth,94,-0.1921168418,0.5535822395,2.810049915,-0.3995712246,-2.192005101,3.030580597,0.3070575496
groundtruth,94,-0.1840279881,0.524908983,2.756756609,-0.3574959348,-2.094258704,3.047609142,0.2543836352
groundtruth,94,-0.2561390172,0.3618087604,1.99709234,-0.2446874839,-0.9382245955,3.156605958,-0.07364802363
groundtruth,94,-1.321775994,-0.2973862084,0.6370980898,-0.6328931996,2.692968606,2.853371346,-1.231107644
groundtruth,94,-0.8502175992,-0.09917033526,0.7637788991,-0.4364017683,2.277285473,3.011063147,-1.428228067
groundtruth,94,-0.9886970927,0.284229794,2.486244985,-0.5321298315,0.6610908678,3.328786509,-1.405608529
groundtruth,94,-0.1766721874,0.5870583754,2.881765541,-0.4488650316,-2.305175112,3.003688139,0.3359438042
groundtruth,94,-1.150053625,-0.2420799408,0.64127322,-0.5922051784,2.603331917,2.89337107,-1.323693134
groundtruth,94,-0.986692281,0.2970620886,2.50367697,-0.5531277565,0.6185519101,3.339471887,-1.383462801
groundtruth,94,2.141801439,-0.3394970074,-0.6174911822,-0.6387998825,0.4345986352,3.375157891,-1.214365752
groundtruth,94,-0.988587152,0.3212876941,2.524211229,-0.5979630592,0.5260899903,3.359673041,-1.312682267
groundtruth,94,2.15512844,-0.2998208777,-0.6347081113,-0.5578572521,0.6089551678,3.34176831,-1.377552966
groundtruth,94,-0.1718173652,0.512344189,2.739745726,-0.3384781668,-2.055254074,3.052624784,0.2209961408
groundtruth,94,2.132038351,-0.3470506034,-0.624589048,-0.6590734411,0.3837170777,3.381902199,-1.149745277
groundtruth,94,-0.1333947181,0.2144365567,1.2743955,-0.2044222063,0.2950370284,3.15973868,-0.6859965521
groundtruth,94,2.141740443,-0.1972190599,-0.8749375606,-0.4178301074,0.9068807438,3.256400156,-1.418143142
groundtruth,94,-0.1832594256,0.5780322636,2.861818795,-0.4354518182,-2.275132184,3.011610264,0.3313840095
groundtruth,94,-0.1853594405,0.5752415107,2.855278325,-0.4313561313,-2.265413599,3.014058324,0.3299791924
groundtruth,94,-0.1944240751,0.1376581899,1.051348184,-0.2395755451,0.8956760983,3.156552963,-0.9959799578
groundtruth,94,-1.480533079,-0.3495912888,0.626420316,-0.6638270453,2.770654246,2.82021727,-1.132562161
groundtruth,94,-1.11049782,0.3522644927,2.342523107,-0.7324370963,-0.03464983899,3.401582025,-0.490437319
groundtruth,94,2.035104964,-0.3540227633,-0.7845115571,-0.7330746736,-0.009908747508,3.401734115,-0.531669461
groundtruth,94,-0.1894533408,0.5655241819,2.834866444,-0.41703709,-2.232885055,3.021779189,0.3211624262
groundtruth,94,-1.727228384,-0.4325257812,0.5923353905,-0.7008395284,2.889358281,2.777314036,-0.959183021
groundtruth,94,2.0249817,-0.3486610246,-0.8271024509,-0.7297583115,-0.0805639571,3.400982233,-0.4141114253
groundtruth,94,2.147810526,-0.2637804331,-0.6910164815,-0.5015057529,0.7237475376,3.31174403,-1.426498784
groundtruth,94,-2.777714667,-0.689905173,0.2057064151,-0.6888473481,-2.845915294,2.791607536,-0.07131712486
groundtruth,94,0.2952807785,0.4191321392,-2.874339974,-0.2118714877,-2.631987268,2.991436603,-0.3060697884
groundtruth,94,2.143376439,-0.3378910031,-0.6165862412,-0.6347919408,0.4441795527,3.37376023,-1.225885041
groundtruth,95,-0.5704901988,-1.666895055,1.920071756,-3.029922806,2.781061204,3.29316642,-1.007449363
groundtruth,95,2.571438643,1.644758616,-1.148857216,-3.050430741,2.654484541,3.293719895,-0.8083388829
groundtruth,95,-0.5700833365,-1.686161212,1.851770258,-3.016251638,2.896428784,3.293003091,-1.190588714
groundtruth,95,-0.570631935,-1.647915468,1.983834927,-3.04730161,2.670527098,3.29402763,-0.8337348978
groundtruth,95,-0.5705481319,-1.684291088,1.860348844,-3.017393636,2.882679724,3.293445127,-1.167939792
groundtruth,95,-0.5704493139,-1.657560408,1.951567197,-3.038031585,2.726777563,3.293330625,-0.9218084764
groundtruth,95,2.571517394,1.686345385,-1.290495355,-3.016142668,2.897500038,3.293003383,-1.192379587
groundtruth,95,-0.5700867178,-1.686323752,1.851060509,-3.016120432,2.897500038,3.29304209,-1.192492604
groundtruth,95,2.571163729,1.673612535,-1.24486783,-3.024655022,2.82081096,3.293087625,-1.070395044
groundtruth,95,-0.5703794678,-1.677745092,1.882220955,-3.021707328,2.845243273,3.292997309,-1.109195815
groundtruth,95,-0.570075064,-1.686350153,1.851079915,-3.01613987,2.897500038,3.293003359,-1.192425847
groundtruth,95,2.571415571,1.644319413,-1.147442408,-3.05088909,2.651840266,3.293712163,-0.8043319197
groundtruth,95,2.571392459,1.682994289,-1.278327123,-3.018184859,2.877190884,3.293019018,-1.159961856
groundtruth,95,-0.5703881003,-1.653376623,1.965299026,-3.041935385,2.702827706,3.293430303,-0.8841608846
groundtruth,95,-0.5703445035,-1.67792774,1.881457911,-3.021547332,2.846611964,3.293047255,-1.111349132
groundtruth,95,2.571411335,1.644521039,-1.14807584,-3.050681992,2.652971742,3.293706155,-0.8060977802
groundtruth,95,2.571359416,1.646440848,-1.154109116,-3.048730262,2.663692302,3.293641691,-0.822857588
groundtruth,95,2.57134613,1.64687232,-1.155449997,-3.048300156,2.666090493,3.293622839,-0.8265960824
groundtruth,95,-0.5704728161,-1.669421783,1.911337588,-3.027881709,2.795971904,3.2931363,-1.031041673
groundtruth,95,-0.5702800737,-1.648639995,1.980508119,-3.046532274,2.676079347,3.293573935,-0.8422206366
groundtruth,95,2.571141798,1.658009667,-1.191517844,-3.037623939,2.729370143,3.293321325,-0.9258923866
groundtruth,95,2.571100664,1.664607556,-1.213715166,-3.031825839,2.767632799,3.293202931,-0.9862609504
groundtruth,95,2.571137482,1.671674486,-1.238076764,-3.026122958,2.809287244,3.293107214,-1.052127679
groundtruth,95,2.571155253,1.657143457,-1.188660616,-3.038419009,2.724370695,3.293341316,-0.9180422525
groundtruth,95,-0.5700752372,-1.686345898,1.851095432,-3.016142369,2.897500038,3.293003377,-1.192384554
groundtruth,95,-0.5704722074,-1.669985477,1.909397,-3.027436473,2.799284496,3.293126703,-1.036282832
groundtruth,95,2.571123178,1.67032768,-1.233383859,-3.02716779,2.80130625,3.293122329,-1.039484966
groundtruth,95,-0.5703456482,-1.651141601,1.972532592,-3.044083735,2.690133785,3.293490669,-0.864244024
groundtruth,95,2.571153565,1.655811429,-1.184230547,-3.039648971,2.71667721,3.293363196,-0.9059384536
groundtruth,95,2.571761258,1.634041832,-1.116239565,-3.061761256,2.595482625,3.294165323,-0.7166737608
groundtruth,95,-0.5700750864,-1.686349656,1.851081715,-3.016140156,2.897500038,3.293003373,-1.192421058
groundtruth,95,-0.5704717546,-1.66812442,1.915760161,-3.028915339,2.788376068,3.293164199,-1.019064736
groundtruth,95,-0.5703554599,-1.677507904,1.882950607,-3.021839249,2.844098598,3.293052404,-1.107352982
groundtruth,95,-0.570408076,-1.674874723,1.892278415,-3.023722378,2.828340444,3.293076009,-1.082338271
groundtruth,95,2.571096657,1.666417201,-1.219525987,-3.030394913,2.777685865,3.293100511,-1.002042064
groundtruth,95,2.571202292,1.675828744,-1.252686525,-3.023030029,2.83404268,3.293067689,-1.091387253
groundtruth,95,-0.5705029288,-1.664193136,1.929390346,-3.03221272,2.764993819,3.293182511,-0.9821114531
groundtruth,95,-0.5700771239,-1.686344384,1.851068671,-3.016138709,2.897500038,3.293003452,-1.192445046
groundtruth,95,2.571217824,1.652638657,-1.17389717,-3.042640049,2.698628371,3.293449652,-0.8775691326
groundtruth,95,2.571119576,1.660091926,-1.198454207,-3.035747725,2.74138776,3.293279404,-0.9448186039
groundtruth,95,-0.5701119489,-1.686016754,1.85221213,-3.016314276,2.895690799,3.293056293,-1.189440498
groundtruth,95,2.571228068,1.652314647,-1.172877618,-3.04294623,2.696825389,3.293461618,-0.874747905
groundtruth,95,-0.5704895827,-1.66464252,1.927770795,-3.031800244,2.767861397,3.293201737,-0.9865917906
groundtruth,95,2.571076548,1.668377552,-1.226723662,-3.028699494,2.78994035,3.293137792,-1.021539227
groundtruth,95,2.571458548,1.642853928,-1.142889224,-3.052396984,2.643703179,3.293767068,-0.7916346279
groundtruth,95,-0.5704125308,-1.65524556,1.959143851,-3.040163119,2.713568626,3.293394009,-0.9010452593
groundtruth,95,2.571450769,1.643893184,-1.146144567,-3.051312848,2.64960865,3.293753708,-0.8008072956
groundtruth,95,-0.5702793948,-1.68045239,1.872422294,-3.019830472,2.861821778,3.293033735,-1.1355163
groundtruth,95,2.571515768,1.641331436,-1.138175724,-3.053995004,2.635299807,3.293822268,-0.7784839394
groundtruth,95,-0.5699753232,-1.637987525,2.01357524,-3.057507969,2.616924214,3.293972452,-0.7499440806
groundtruth,96,0.9343410198,-1.762635912,-0.9174428977,-2.933909055,-1.595585594,1.947065605,-2.157312877
groundtruth,96,0.2288511297,-0.7200503769,-0.2009984904,-2.544401611,2.77279762,3.534263475,0.4848597939
groundtruth,96,-0.438055488,-0.6771595548,-0.03984617319,-2.622174548,-2.287676946,3.622622261,-0.9065588968
groundtruth,96,0.04863364514,-1.050255895,-0.2938232961,-3.060641883,-0.3644913844,2.942227962,-2.84449044
groundtruth,96,-0.4995925994,-0.6800070437,-0.005824146467,-2.636185205,-2.218651075,3.647510937,-0.9772055376
groundtruth,96,0.7613530064,-1.545501537,-0.8824685246,-2.935786523,-1.486321798,2.207930019,-2.164812612
groundtruth,96,0.9345093034,-1.762799978,-0.917458881,-2.933910521,-1.595686679,1.946808972,-2.157318726
groundtruth,96,2.307717418,1.304424366,-2.454674209,-2.938582045,1.439691095,2.304750917,2.290348743
groundtruth,96,1.849085233,1.748201257,-2.3148472,-2.937722206,1.689220982,1.707025634,2.286876469
groundtruth,96,0.8738446094,-1.685057248,-0.9093999743,-2.933772754,-1.558692276,2.039329127,-2.156767922
groundtruth,96,-1.008132707,-1.454140593,0.7615399906,-2.934057796,1.537266872,2.09124093,2.272228837
groundtruth,96,1.844309701,1.75337218,-2.314410466,-2.937885187,1.691815301,1.700478104,2.287550285
groundtruth,96,-0.2366757583,-0.6747733538,-0.1282205737,-2.570877843,-2.5718006,3.557598807,-0.5986210372
groundtruth,96,-1.305133365,-1.761919546,0.8278494724,-2.93817358,1.696080818,1.689692182,2.28870918
groundtruth,96,0.2106722734,-1.092128844,-0.5342196663,-3.00997038,-0.8814627692,2.839930836,-2.49452772
groundtruth,96,-1.090353392,-1.534365858,0.7880651081,-2.93378506,1.581297195,1.983184934,2.271051097
groundtruth,96,0.8035887764,-1.596846921,-0.8943736585,-2.934661336,-1.514178927,2.145408309,-2.160314941
groundtruth,96,-0.1399448806,-0.6775504439,-0.1555463009,-2.547797919,-2.742090222,3.53697703,-0.4057277355
groundtruth,96,0.3256757502,-1.148503825,-0.6418028315,-2.982318435,-1.080541009,2.740672588,-2.361348167
groundtruth,96,-0.5254500588,-1.117165548,0.501846369,-2.962268683,1.222759603,2.622349139,2.388482945
groundtruth,96,0.2280911663,-0.7198897267,-0.2009130216,-2.54423462,2.774378558,3.534132392,0.4830302966
groundtruth,96,-1.280376648,-1.734958327,0.825539953,-2.937289511,1.682656523,1.723745701,2.285174917
groundtruth,96,0.247513007,-1.107611732,-0.5724889028,-3.000244909,-0.9549900148,2.811324261,-2.445206677
groundtruth,96,-0.7110796162,-0.6985520993,0.1268218794,-2.675002366,-2.029973352,3.746828282,-1.156561353
groundtruth,96,-1.199759779,-1.648025447,0.8138664306,-2.935093966,1.639417806,1.83471733,2.276367756
groundtruth,96,-2.46184097,0.8393158541,2.783477297,-2.666757308,2.070539299,3.720583297,1.234440363
groundtruth,96,0.190001043,-0.7129190471,-0.1962676871,-2.536605684,2.854338824,3.528290293,0.3909680699
groundtruth,96,1.835591064,1.762799978,-2.313673086,-2.938206042,1.696553118,1.688499953,2.28883968
groundtruth,96,-0.5033355105,-1.107687919,0.4860535748,-2.964984511,1.203166451,2.642143127,2.39959871
groundtruth,96,-0.1033713199,-1.032860506,0.0629884534,-3.05459765,0.4552347336,2.933148218,2.897300005
groundtruth,96,-2.888062028,1.110593752,2.563759001,-2.998645804,-0.9650483255,2.805094903,-2.437859343
groundtruth,96,-0.5397125586,-1.123610554,0.5118618247,-2.960614451,1.23541913,2.609301057,2.381052519
groundtruth,96,0.6824007653,-1.454248056,-0.8546359269,-2.939194232,-1.431345836,2.320969355,-2.178487953
groundtruth,96,0.7325789422,-1.511340672,-0.8728287587,-2.936794643,-1.466647636,2.249244538,-2.169227936
groundtruth,96,-0.6968217108,-0.6968345881,0.1173120829,-2.672843102,-2.040659885,3.739569089,-1.147121047
groundtruth,96,-0.979108862,-1.427183077,0.7507865189,-2.934436168,1.521535148,2.12836673,2.273739613
groundtruth,96,-2.449973853,0.843386779,2.777305372,-2.669225886,2.058459888,3.728051429,1.245449227
groundtruth,96,-0.2677596166,-0.6744479035,-0.1172571836,-2.57891396,-2.521684034,3.565782378,-0.6544515061
groundtruth,96,0.4569525216,-0.7724747576,-0.2570980111,-2.60914457,2.353891459,3.602782334,0.9512825189
groundtruth,96,-0.2656301604,-1.03908521,0.2839196576,-3.007407174,0.9007690291,2.832597673,2.595718196
groundtruth,96,0.142951035,-1.069258556,-0.4526738425,-3.030324708,-0.7151894367,2.889302389,-2.608105071
groundtruth,96,-2.448913497,0.8437815627,2.776763332,-2.669480518,2.057287817,3.72868566,1.246549804
groundtruth,96,-2.468790016,0.8369673503,2.787075005,-2.665290395,2.077702245,3.716272132,1.227870827
groundtruth,96,-0.2760781815,-1.040723662,0.2946199759,-3.004896767,0.9194318636,2.825124715,2.583031823
groundtruth,96,-0.2639085011,-1.038825569,0.282129338,-3.007820216,0.8976520591,2.833817904,2.597827418
groundtruth,96,0.4016663563,-1.197411602,-0.6998481237,-2.968399215,-1.178455072,2.665166078,-2.299971046
groundtruth,96,-0.206276591,-0.675343544,-0.1379203708,-2.563223944,-2.622984367,3.550307489,-0.5411105811
groundtruth,96,-0.4287177717,-0.6768171202,-0.04476547482,-2.619949459,-2.298819209,3.619029269,-0.8949629879
groundtruth,96,-0.9252743959,-1.379242707,0.7290155581,-2.935526838,1.491913059,2.195647943,2.278097563
groundtruth,96,0.8771239815,-1.689234943,-0.9099526072,-2.933758877,-1.56072098,2.034337862,-2.156715309
groundtruth,97,0.9615716496,-0.9633567268,-2.099835697,-2.507593848,1.798963195,0.17623592,-2.415822156
groundtruth,97,0.6095881955,-1.762799978,-1.883248866,-2.505852521,1.359670721,0.9445048958,-2.424026019
groundtruth,97,-0.7946701761,0.2550720142,0.08213917076,-2.49114604,-1.577633854,0.4670096104,-0.2789036888
groundtruth,97,-2.03932584,0.7620677326,0.9620384896,-2.588472207,2.295159058,-0.01635319235,-2.057893954
groundtruth,97,0.2768229845,0.4575505664,-1.000016455,-2.499824501,-1.4119241,0.821608781,-0.3126654296
groundtruth,97,-1.55696981,0.3781544294,0.8508516548,-2.500632184,-1.737437611,0.2367740299,-0.3158858794
groundtruth,97,2.688459358,-0.2629412271,2.879517547,-2.491531879,-1.537073503,0.544975905,-0.2804665925
groundtruth,97,2.726091258,-0.2657664053,2.841578672,-2.491633493,-1.532535542,0.5540933681,-0.2808933867
groundtruth,97,1.377492013,-0.4927464311,-2.086503839,-2.521884668,-1.893007005,0.1111695877,-0.4008028964
groundtruth,97,2.896768814,-0.2844507491,2.66942475,-2.492405578,-1.511090335,0.5985765159,-0.2838677865
groundtruth,97,0.8584561829,-1.139116626,-2.02024816,-2.493264341,1.64803325,0.3504770015,-2.473265137
groundtruth,97,-2.531794285,1.762287,1.258293317,-2.505821984,1.359911839,0.9439379537,-2.424146645
groundtruth,97,1.098423755,-0.7670826386,-2.1797321,-2.584873043,2.269388647,-0.01103067252,-2.078794896
groundtruth,97,0.8942842353,-1.073112378,-2.04745888,-2.496618026,1.695714914,0.2852959717,-2.460260964
groundtruth,97,0.1054518029,0.3696723916,-0.8261724688,-2.495958775,-1.454619297,0.7230295876,-0.2973761536
groundtruth,97,0.7002513681,1.331906078,-1.406255501,-2.558150339,-1.032488135,1.600252373,-0.5561019711
groundtruth,97,0.7910355267,-1.279752909,-1.972039903,-2.491117015,1.566449293,0.4878152036,-2.48156457
groundtruth,97,2.670954321,-0.2617985447,2.897184779,-2.491454236,-1.539156785,0.5408009037,-0.2802969969
groundtruth,97,0.0939246857,0.3653141056,-0.8145236889,-2.495715268,-1.456881414,0.7177057864,-0.2966991963
groundtruth,97,0.6095103851,-1.762799978,-1.883230281,-2.505863804,1.359581366,0.9447150171,-2.423981256
groundtruth,97,-0.5875818834,0.2562230421,-0.1265599933,-2.491229115,-1.552934713,0.5136577336,-0.2793213943
groundtruth,97,-1.393961596,0.3254751506,0.6865548397,-2.495395137,-1.680549078,0.3048504139,-0.295454664
groundtruth,97,-1.854336763,0.5661897499,1.133066474,-2.54960548,-2.05897812,0.03775250192,-0.5179863873
groundtruth,97,1.375347359,-0.494324089,-2.084491053,-2.522320958,-1.89576632,0.1095511467,-0.4025856042
groundtruth,97,-2.363613238,-1.762799978,1.722551822,-2.600462849,-0.7655957,1.915174788,-0.76740478
groundtruth,97,-0.2678994163,0.2812898898,-0.4488840963,-2.492278374,-1.514124411,0.5921869291,-0.2833760121
groundtruth,97,0.7779678612,1.762799978,-1.419044509,-2.600456187,-0.7656424197,1.915133971,-0.7673672132
groundtruth,97,0.709392402,1.379824161,-1.411164894,-2.562419138,-1.007251884,1.638005837,-0.5755783457
groundtruth,97,-2.186426075,0.9727998502,1.046875332,-2.506898264,1.790071822,0.1855957766,-2.419886957
groundtruth,97,-2.092544277,0.8382988344,0.9790885073,-2.542098628,2.015024462,0.05321857279,-2.275077496
groundtruth,97,0.5737630174,0.85578052,-1.299624134,-2.521975795,-1.248009138,1.199166507,-0.4011684894
groundtruth,97,-1.208663171,0.2883980003,0.4995523511,-2.492783945,-1.63875989,0.364434738,-0.2853314942
groundtruth,97,0.6944304712,1.302255499,-1.402791326,-2.555571494,-1.047675252,1.576621719,-0.54447047
groundtruth,97,-0.02383526913,0.328134086,-0.6953682693,-2.494165922,-1.478453823,0.6692528319,-0.29068696
groundtruth,97,-2.887150308,-0.4430509,2.164303894,-2.499144081,-1.418519766,0.8061713889,-0.3100626852
groundtruth,97,-2.579761847,-0.8261720346,1.853621262,-2.520114176,-1.260122243,1.172779774,-0.3934600394
groundtruth,97,0.7445989598,1.575665795,-1.422369708,-2.581069325,-0.8937394077,1.785873515,-0.6648300045
groundtruth,97,0.6558855181,-1.62905326,-1.897764662,-2.499575265,1.412267654,0.8199898994,-2.448146468
groundtruth,97,-2.496030717,1.658343466,1.247599278,-2.50098762,1.400878393,0.8474981443,-2.443182904
groundtruth,97,0.9770890532,-0.9397060477,-2.111621936,-2.512455088,1.830658816,0.1526782329,-2.397762563
groundtruth,97,2.774696235,-0.270041758,2.792564811,-2.491821823,-1.526644944,0.5661855567,-0.2816113887
groundtruth,97,0.6658772248,1.168042492,-1.382690391,-2.544439845,-1.112837227,1.467247801,-0.4954738592
groundtruth,97,-0.6905819701,0.254299625,-0.02276067629,-2.491123006,-1.565071929,0.490415984,-0.278912504
groundtruth,97,0.7779789353,1.762799978,-1.419044339,-2.600462877,-0.7656103849,1.915167576,-0.7673997013
groundtruth,97,-0.9992091291,0.264863429,0.2883021728,-2.491530458,-1.604662716,0.4194240109,-0.2804851794
groundtruth,97,0.7622814662,1.676045294,-1.422427206,-2.591310171,-0.8278003011,1.85690188,-0.7174719911
groundtruth,97,-2.363619333,-1.762799978,1.722538885,-2.600460118,-0.7656389792,1.91515154,-0.7673848968
groundtruth,97,-1.273498592,0.2992659381,0.5649796461,-2.493474609,-1.651671597,0.3451277428,-0.2879901824
groundtruth,97,2.858548595,-0.2792582354,2.708029397,-2.492400774,-1.516530693,0.5881190085,-0.2840069393
groundtruth,97,-0.1722031703,0.2956319727,-0.5453948597,-2.49340388,-1.502320899,0.6198864382,-0.2856036863
groundtruth,98,-1.387074378,0.581969988,-2.41515391,-2.243423019,-0.6563511251,1.53610035,-0.7348395753
groundtruth,98,0.8884212959,-1.562109327,0.9957924419,-2.285913568,0.2723268533,1.757046835,-1.603341904
groundtruth,98,1.366506628,-0.8822008216,0.9406746555,-2.277210296,-0.3866589596,1.714486061,-0.9900428845
groundtruth,98,1.365318803,1.290708511,2.275010254,-2.063429015,-1.449279109,0.09464525035,0.04917636579
groundtruth,98,-1.773495433,0.8804624115,-2.201580307,-2.277054099,-0.3882718635,1.713736064,-0.9884966764
groundtruth,98,1.369002743,-0.8794751078,0.9396467706,-2.27697319,-0.3891692124,1.713334733,-0.9876898647
groundtruth,98,-1.632267835,0.7444702051,-2.268094243,-2.263654851,-0.5113745787,1.646373023,-0.8726239597
groundtruth,98,-0.9501705156,0.4376560107,-2.734737369,-2.218217071,-0.8033252509,1.38344969,-0.5934837285
groundtruth,98,-0.7800902236,0.4111417957,-2.869203951,-2.21070067,-0.8427517697,1.334452181,-0.5552514769
groundtruth,98,-2.211046599,1.498585871,-2.136511987,-2.290011566,0.2115880327,1.774800932,-1.546595833
groundtruth,98,0.7498202668,-1.758595475,0.9435033033,-2.270198619,0.4553087439,1.679809218,-1.774655994
groundtruth,98,-1.433658663,0.6068714108,-2.384760185,-2.246862379,-0.633851,1.555637059,-0.7563251562
groundtruth,98,2.331370197,-0.4149651093,0.2964391534,-2.211977849,-0.8361747108,1.342878641,-0.5616434399
groundtruth,98,-2.309928176,-0.7493650122,-0.8724813447,-2.127788893,-1.20828876,0.688699683,-0.1942086334
groundtruth,98,-0.7602714159,0.4088288863,-2.885064012,-2.209884158,-0.846989814,1.328957623,-0.5511230987
groundtruth,98,-1.756737315,-1.311878878,-0.8592176056,-2.060816146,-1.458791083,0.07011558954,0.05874351049
groundtruth,98,-0.9963613246,0.4471052314,-2.698871394,-2.220396572,-0.7914663492,1.397459297,-0.6049163921
groundtruth,98,2.59878243,-0.392418458,0.08099654145,-2.201202623,-0.8903909638,1.270268397,-0.5088679281
groundtruth,98,-2.243948963,1.548769187,-2.143583802,-2.287206902,0.2599141042,1.761946084,-1.591624564
groundtruth,98,-2.351461042,1.704575406,-2.179758672,-2.275354207,0.4061360048,1.705329383,-1.728403179
groundtruth,98,1.405152395,1.333662909,2.290484115,-2.058103856,-1.468635686,0.04469489861,0.06868384804
groundtruth,98,0.769018025,0.7028204455,2.292472092,-2.133612186,-1.185304518,0.7397620894,-0.217249266
groundtruth,98,1.244568614,-1.029409308,0.9834496171,-2.28792687,-0.248336893,1.765277863,-1.119348123
groundtruth,98,-1.196748611,0.5021453469,-2.548041747,-2.231059366,-0.7317612809,1.463429156,-0.6625508489
groundtruth,98,2.677682913,-0.3903076184,0.01698077794,-2.198188664,-0.9051273857,1.249271873,-0.4944839777
groundtruth,98,1.428249725,-0.8181838618,0.9136575464,-2.271307788,-0.4451336738,1.685373184,-0.9351038932
groundtruth,98,0.2787299671,0.474582055,2.579481018,-2.167026938,-1.047304133,1.017359296,-0.3547290733
groundtruth,98,1.697355846,-0.6128743279,0.7635941283,-2.247671411,-0.6284637299,1.56017715,-0.7614638235
groundtruth,98,0.2824188072,0.4755976452,2.57684814,-2.166824905,-1.04810354,1.015880716,-0.3538744405
groundtruth,98,1.223927146,-1.05697442,0.9891223952,-2.289451805,-0.2218627031,1.772293355,-1.144010749
groundtruth,98,-0.872138167,0.4239614695,-2.796017197,-2.214669941,-0.8221449139,1.360510782,-0.5752455499
groundtruth,98,2.521725756,-0.3964130535,0.1434267902,-2.204209873,-0.8755758808,1.290828368,-0.523317757
groundtruth,98,-1.957120844,-1.090400787,-0.9122022954,-2.087385032,-1.361678599,0.3194650108,-0.03951555418
groundtruth,98,0.9391272373,-1.485304752,1.006631238,-2.290646294,0.1986940999,1.777753118,-1.534603749
groundtruth,98,1.758986977,-0.5796885077,0.7234768516,-2.243089815,-0.658422734,1.534243605,-0.7328596331
groundtruth,98,1.381992328,1.308789325,2.28126283,-2.061196586,-1.457386647,0.07371178225,0.05735689853
groundtruth,98,2.124294022,-0.451768033,0.4588621937,-2.221440459,-0.7858952284,1.403967251,-0.6103425473
groundtruth,98,-1.686441817,-1.386171043,-0.8292387431,-2.051419018,-1.492708612,-0.01750000007,0.09306620086
groundtruth,98,-1.494251169,0.6431100935,-2.346786866,-2.25163014,-0.6014676476,1.582138806,-0.7871804723
groundtruth,98,-1.955638759,-1.092034087,-0.912007361,-2.087192968,-1.362385847,0.3176738992,-0.03879641764
groundtruth,98,0.6055833926,0.6023272921,2.370834619,-2.146898891,-1.131775051,0.8534899055,-0.2707445238
groundtruth,98,-1.861095829,0.9832074053,-2.169156591,-2.285021082,-0.2923256148,1.751749261,-1.078313926
groundtruth,98,1.27639393,-0.9883614782,0.9737645908,-2.285363772,-0.2874422257,1.75336842,-1.082873691
groundtruth,98,-1.196306011,0.5019901312,-2.548365231,-2.231029698,-0.731899309,1.463270917,-0.6624038759
groundtruth,98,1.455107169,1.38615418,2.312344717,-2.051473878,-1.49284367,-0.01748287464,0.09290368417
groundtruth,98,-1.686712579,-1.385919568,-0.8293531444,-2.051503843,-1.492733715,-0.01720186703,0.09279448024
groundtruth,98,-1.767681876,-1.300041225,-0.8634051783,-2.062277369,-1.453457857,0.08385513825,0.05339398946
groundtruth,98,2.897300005,-0.3945782109,-0.1605881394,-2.189803161,-0.9450022666,1.189647497,-0.455445679
groundtruth,98,1.709738693,1.75879868,2.133609644,-2.060989958,1.458137997,0.07177251906,-2.758294316
groundtruth,98,-1.952080892,-1.095954329,-0.9115261732,-2.086729524,-1.364081877,0.313369655,-0.03707440697
groundtruth,99,0.09589849267,1.155222406,-0.05505964897,-1.565951456,-0.9599799045,0.3074783386,0.6973093579
groundtruth,99,-0.08333659246,1.171548433,0.1432589332,-1.522485232,-0.9622454171,0.1871895747,0.8686831396
groundtruth,99,0.9420171009,1.616502957,-0.9403416813,-1.722634832,-0.6254870231,0.9247218452,-0.01706493869
groundtruth,99,2.07616224,-1.759895635,-2.212391936,-1.580051821,0.9503780691,0.3530551616,-2.312948681
groundtruth,99,1.035846617,1.750265688,-1.027657287,-1.741143778,-0.545215824,1.004772879,-0.1313184348
groundtruth,99,1.043879996,1.762799978,-1.034879459,-1.742717775,-0.5376598305,1.011575443,-0.1417985518
groundtruth,99,0.01427159144,1.158265138,0.0348298078,-1.547647119,-0.9658035692,0.2532467535,0.7698021944
groundtruth,99,-0.911545241,1.60115486,0.7770569721,-1.52508704,0.9632314108,0.1935657086,-2.531658789
groundtruth,99,-1.015567303,1.702628604,0.8800974049,-1.563232117,0.9612925146,0.2990965115,-2.381305745
groundtruth,99,-0.1079508291,1.176663025,0.1707462211,-1.515319605,-0.958741433,0.1702161171,0.8967537393
groundtruth,99,0.7678960999,1.426004845,-0.7682521013,-1.689262205,-0.7417705857,0.7803381942,0.1617918386
groundtruth,99,-1.06813981,1.762799978,0.9315628298,-1.581139506,0.9498021533,0.3563286079,-2.30968279
groundtruth,99,-0.1884473261,1.198766493,0.2609161888,-1.488717113,-0.9367540357,0.1136058774,1.001382308
groundtruth,99,-0.04345602185,1.164807753,0.09883966712,-1.533298728,-0.9654081391,0.214385851,0.8262300713
groundtruth,99,-0.8024333204,1.517869902,0.669890426,-1.478137093,0.9241270521,0.09378063205,-2.716495227
groundtruth,99,1.038852161,1.754945655,-1.030364373,-1.741734817,-0.5424047419,1.007320251,-0.1352258782
groundtruth,99,0.4870558672,1.240667809,-0.4764869246,-1.63897893,-0.8678375187,0.5701396581,0.3951504483
groundtruth,99,-2.144381201,-1.692325069,2.149262289,-1.733515708,-0.5799763304,0.971866938,-0.08250020817
groundtruth,99,1.000572484,1.697203447,-0.9954416494,-1.734181142,-0.5770529547,0.9747388079,-0.08664681245
groundtruth,99,-2.147487402,-1.687843249,2.152142575,-1.732902784,-0.5826662554,0.969214511,-0.07868864365
groundtruth,99,1.022220428,1.729363706,-1.015309698,-1.738457231,-0.557761731,0.993197512,-0.1138050998
groundtruth,99,0.2806231243,1.174888385,-0.256278503,-1.601551292,-0.9270348668,0.4285613885,0.551331734
groundtruth,99,-2.097694508,-1.762799978,2.10671512,-1.742744563,-0.5376784661,1.011609995,-0.1418044417
groundtruth,99,-2.09771444,-1.762799978,2.106716862,-1.742723086,-0.5376705443,1.011573741,-0.1417960458
groundtruth,99,-0.9616547444,1.647208653,0.826787344,-1.544022659,0.9661157052,0.2431236463,-2.457266877
groundtruth,99,0.685446041,1.358007294,-0.6839083374,-1.674138228,-0.7852865067,0.7156993161,0.2354187559
groundtruth,99,-0.2271121763,1.212597719,0.304226058,-1.473577065,-0.9179386706,0.08569119443,1.061520361
groundtruth,99,0.8408736583,1.497475188,-0.8415711144,-1.703018386,-0.6975525345,0.8397289211,0.0912464391
groundtruth,99,1.000271137,1.696764766,-0.9951629864,-1.734121613,-0.5773158048,0.9744813765,-0.08627424242
groundtruth,99,2.386365005,-1.488649511,-2.516490548,-1.454142174,0.8873583986,0.05407535652,-2.812748596
groundtruth,99,-2.836578661,-1.17962453,2.85938237,-1.606671607,-0.9218920621,0.4457526774,0.5323339615
groundtruth,99,-2.097708941,-1.762799978,2.106711937,-1.742724167,-0.537665341,1.01157839,-0.1418032587
groundtruth,99,0.8761413934,1.536211913,-0.8764575932,-1.709784383,-0.6739314037,0.8690372405,0.05503800884
groundtruth,99,-2.228393731,-1.58006801,2.228971714,-1.716982202,-0.6474098893,0.9002504479,0.015222808
groundtruth,99,0.5094133895,1.251022287,-0.5001108617,-1.642889323,-0.8598660399,0.5859142344,0.3779763225
groundtruth,99,0.7078772075,1.37524727,-0.7069816238,-1.678234915,-0.7740694464,0.7330169966,0.2159501484
groundtruth,99,-2.259417362,-1.543115883,2.259221541,-1.710964261,-0.6697481541,0.8740928958,0.04869152561
groundtruth,99,1.043878556,1.762799978,-1.034876099,-1.742723153,-0.5376702197,1.011574031,-0.1417964957
groundtruth,99,0.4434450986,1.22236661,-0.4302473611,-1.631330605,-0.8825135583,0.5397203854,0.4283034753
groundtruth,99,0.7761374208,1.433523104,-0.776603243,-1.690794752,-0.7370619432,0.7869443792,0.1541010256
groundtruth,99,-0.3638410108,1.282248748,0.4515492183,-1.396543757,-0.7545264646,-0.01727661371,1.383770555
groundtruth,99,0.6433720007,1.328001627,-0.640383176,-1.666569828,-0.8051987281,0.6837081187,0.2710145558
groundtruth,99,-1.067521047,1.762072395,0.930954845,-1.580938535,0.949978762,0.3556401351,-2.310517124
groundtruth,99,-2.238343179,-1.567966135,2.238628558,-1.715042098,-0.6547123975,0.8918364074,0.02609620029
groundtruth,99,-1.067106958,1.761585858,0.930561274,-1.580792293,0.9500813985,0.3551796048,-2.311077784
groundtruth,99,-0.1387672394,1.184115239,0.2052399315,-1.505817697,-0.9525990282,0.1487710095,0.9340784191
groundtruth,99,0.5854893088,1.291441484,-0.58006235,-1.656279996,-0.8303536894,0.6407360939,0.3182477239
groundtruth,99,-0.1408592114,1.184665978,0.2075840357,-1.505141296,-0.9520861572,0.1473043011,0.9367283276
groundtruth,99,-2.097713119,-1.762799978,2.106715678,-1.742723345,-0.5376692941,1.011574858,-0.1417977795
groundtruth,99,0.521237594,1.25676272,-0.5125831548,-1.644971846,-0.8555249659,0.5943265632,0.3688375084
