solver,pose_id,q1,q2,q3,q4,q5,q6,q7
hjcdik,0,1.857292175,-1.427039385,2.344532251,-2.098053932,1.494331241,1.65929997,-0.3470184207
hjcdik,0,-1.393558145,1.32497716,-0.7132573128,-2.10168004,1.395941019,1.787243962,-0.3336068988
hjcdik,0,-1.775788665,1.092537642,-0.4036214352,-2.128843307,1.074837923,2.138569593,-0.2266563028
hjcdik,0,1.726953268,-1.307353735,2.444918156,-2.102649689,1.37759304,1.810367227,-0.3299905062
hjcdik,0,-2.390432358,0.9911333323,0.07235042006,-2.194449186,0.459803462,2.47756815,0.1352748424
hjcdik,0,-1.337545276,1.375004768,-0.7567241788,-2.099509478,1.445611715,1.723370194,-0.3416575193
hjcdik,0,2.007920265,-1.598868608,2.238144398,-2.097964287,1.643214822,1.460609794,-0.3473487198
hjcdik,0,-1.498466849,1.243445754,-0.629810214,-2.107233286,1.306051373,1.89755559,-0.3127169609
hjcdik,0,-1.130527496,1.602841496,-0.9055070281,-2.098037958,1.646540284,1.456207633,-0.3470785022
hjcdik,0,-1.455164671,1.275254965,-0.6645148993,-2.104727268,1.342757463,1.853449225,-0.3221989274
hjcdik,0,-1.771542907,1.094245076,-0.4070946276,-2.128452301,1.078420281,2.13535738,-0.2282908857
hjcdik,0,1.976642132,-1.560191631,2.259043455,-2.097417831,1.610682607,1.503872633,-0.3493545949
hjcdik,0,1.801456571,-1.372585893,2.386857748,-2.099595785,1.443281531,1.726403952,-0.3413376212
hjcdik,0,-1.208437204,1.509007454,-0.8523452878,-2.097181082,1.566968083,1.562345862,-0.3502215743
hjcdik,0,-1.293707013,1.417521477,-0.7900152802,-2.098264456,1.485602736,1.670858979,-0.3462457359
hjcdik,0,-0.3500163257,-1.48647058,-2.384735823,-2.125207424,-1.108621478,2.107610941,1.144381881
hjcdik,0,1.541191339,-1.177996278,2.594449759,-2.114158392,1.220965028,1.994014621,-0.2860185504
hjcdik,0,1.241478562,-1.049604654,2.839209557,-2.14094758,0.9678103924,2.226960421,-0.1742845178
hjcdik,0,-1.988931417,1.026668191,-0.2309547812,-2.150274277,0.8878349066,2.283783436,-0.1312381327
hjcdik,0,-2.865812302,1.083184958,0.3718488216,-2.208347321,-0.2358973175,2.5224154,0.6150399446
hjcdik,0,1.707948208,-1.292013407,2.459956646,-2.103590012,1.361190081,1.830792785,-0.3264710605
hjcdik,0,2.024225235,-1.619632483,2.227560759,-2.098383188,1.66056776,1.437688828,-0.3458076119
hjcdik,0,2.785831451,1.492101669,0.7603415847,-2.124498606,-1.115342379,2.101274729,1.147290826
hjcdik,0,-2.667692661,1.026286721,0.253629148,-2.212981939,0.07423365861,2.536195517,0.3996536732
hjcdik,0,-0.1238963678,-1.295196295,-2.526175976,-2.157324076,-0.8272343278,2.321930408,0.9994128346
hjcdik,0,1.309253931,-1.071355343,2.784150362,-2.13419652,1.02672255,2.180108786,-0.2039284557
hjcdik,0,-1.268597245,1.4432441,-0.8087365627,-2.097750664,1.509029984,1.639774561,-0.3481326103
hjcdik,0,0.2122423202,-1.107652545,-2.732227087,-2.203140259,-0.3361690044,2.506261826,0.6838331819
hjcdik,0,-2.138587475,1.001040816,-0.1133861616,-2.166866302,0.7432487607,2.368316412,-0.04678982496
hjcdik,0,2.677783728,1.60519588,0.8236476779,-2.112593651,-1.238747001,1.974566579,1.194761634
hjcdik,0,-1.606096029,1.174706697,-0.5424970984,-2.114583731,1.216241241,1.999115586,-0.2843540311
hjcdik,0,1.193791389,-1.036534071,2.877681732,-2.145893812,0.9253166914,2.258098841,-0.1517849565
hjcdik,0,1.718139768,-1.300175786,2.451882362,-2.103078127,1.369970679,1.819888473,-0.3283883631
hjcdik,0,-1.141494989,1.589051962,-0.8982924223,-2.097796679,1.634987593,1.471518993,-0.3479649723
hjcdik,0,-1.155140638,1.572156549,-0.8891837597,-2.09755373,1.620782495,1.490408063,-0.3488553464
hjcdik,0,-1.330686331,1.381458759,-0.7619792223,-2.099286556,1.45179832,1.715301394,-0.3424789906
hjcdik,0,-2.001235485,1.023962259,-0.2211423814,-2.151603222,0.8764563203,2.291259289,-0.1248792708
hjcdik,0,1.78414917,-1.356690288,2.400202036,-2.100209713,1.427799582,1.746471167,-0.3390665054
hjcdik,0,-1.120490789,1.615623593,-0.9120221138,-2.098295927,1.657222033,1.442098022,-0.3461300433
hjcdik,0,-1.662097335,1.144284844,-0.4967178106,-2.118961811,1.169809699,2.047754765,-0.2670392096
hjcdik,0,-1.551241279,1.207972288,-0.5871466994,-2.110650301,1.261836767,1.94874084,-0.2996369004
hjcdik,0,0.1147652492,-1.151554942,-2.673998833,-2.19223547,-0.4869001806,2.469882727,0.7854254842
hjcdik,0,1.782387733,-1.355098128,2.401565552,-2.100275517,1.4262321,1.748494029,-0.3388225436
hjcdik,0,-0.4561609328,-1.596750259,-2.322258711,-2.113340139,-1.230180502,1.98398447,1.191856146
hjcdik,0,1.789420605,-1.361483216,2.396127701,-2.100016356,1.43249929,1.740395546,-0.339782536
hjcdik,0,-1.230407,1.4843117,-0.8366427422,-2.097275019,1.545491815,1.591099262,-0.3498774171
hjcdik,0,-1.30973649,1.401625276,-0.7779265046,-2.098670006,1.470852494,1.690318704,-0.344753027
hjcdik,0,0.2616868317,-1.088339329,-2.761435986,-2.207338572,-0.2582128346,2.519342899,0.6304116845
hjcdik,0,-1.59681201,1.180088997,-0.5500706434,-2.113892317,1.223943591,1.990784407,-0.2870587409
hjcdik,0,0.3683179617,-1.053075552,-2.824403286,-2.212749958,-0.08945550025,2.535517931,0.5135758519
hjcdik,1,2.225006819,-0.1576410085,0.6469856501,-1.722184777,0.1181876138,2.408282757,1.05738461
hjcdik,1,2.457830191,-0.1371771693,0.4376973212,-1.723183036,0.05244186148,2.411361217,1.097258568
hjcdik,1,0.1846904606,0.1322758794,2.777696609,-1.721803188,-0.1351886094,2.40709877,1.211168647
hjcdik,1,-1.353073835,0.2534573972,-2.136714697,-1.714127302,0.3269156814,2.382493734,0.9327722192
hjcdik,1,1.788615942,-0.2534203231,1.004809022,-1.714130759,0.3268455863,2.382506371,0.9328132868
hjcdik,1,1.103447795,-0.9291118383,1.070032358,-1.633586287,1.281071305,1.909490466,0.5146498084
hjcdik,1,1.086386561,-0.9532911181,1.058216929,-1.631999612,1.309260607,1.886493087,0.5091665387
hjcdik,1,-2.663745403,1.580046535,-2.604151011,-1.657489657,2.161053181,1.177500963,0.6037377715
hjcdik,1,-1.394276261,0.2700954378,-2.108035326,-1.712331295,0.3580203354,2.376506805,0.9146248102
hjcdik,1,0.05963586271,0.1272770166,2.892697811,-1.722403884,-0.1072653458,2.408959627,1.194274664
hjcdik,1,0.9699903131,-1.111519933,0.9687999487,-1.625404835,1.49314642,1.728612423,0.4868561327
hjcdik,1,-0.5575610995,-1.725179553,-0.27166906,-1.70502913,-2.67535162,0.9330404997,1.405531049
hjcdik,1,1.336949944,-0.6038375497,1.173532367,-1.667469263,0.877561748,2.185395718,0.6455351114
hjcdik,1,0.4216730297,-1.613328576,0.4888917804,-1.664472461,2.233514786,1.131499052,0.632630229
hjcdik,1,1.204059362,-0.7848962545,1.129820347,-1.645948052,1.109353065,2.040002584,0.5590669513
hjcdik,1,1.069565654,-0.9769417048,1.046185136,-1.630589843,1.336748481,1.863703132,0.5043352842
hjcdik,1,1.6040169,-0.3469977677,1.118947744,-1.702995896,0.4929530025,2.343791485,0.8378150463
hjcdik,1,-1.901800513,0.7342683673,-1.995548606,-1.65137136,1.046822548,2.0829072,0.5796254873
hjcdik,1,-1.249007106,-1.263618708,-0.8531569242,-1.627801061,-1.739023209,1.50931716,1.763393998
hjcdik,1,1.553156376,0.8200925589,2.0318048,-1.637552381,-1.219044089,1.958632946,1.72971499
hjcdik,1,-2.400643349,-0.1955795884,-0.8543317914,-1.714993,-0.3109347224,2.385348797,1.31612277
hjcdik,1,0.2397743762,0.1352166831,2.727326393,-1.721476793,-0.1482075304,2.406083822,1.219031215
hjcdik,1,-1.890273809,0.7181527615,-1.990972996,-1.653203487,1.026591301,2.096218109,0.5867395997
hjcdik,1,0.106952399,0.1289114952,2.849095345,-1.722197294,-0.1176046282,2.408320665,1.200534463
hjcdik,1,2.181220293,-0.1630547047,0.6855043769,-1.721860409,0.1327662468,2.407277346,1.048567295
hjcdik,1,1.774731874,1.123495221,2.189167738,-1.624747872,-1.5690763,1.66091311,1.773597956
hjcdik,1,0.1014946252,0.1287076473,2.854119539,-1.722222567,-0.1163996235,2.40839839,1.19980514
hjcdik,1,-2.088004827,0.9992030263,-2.107158661,-1.629395008,1.362572432,1.841989517,0.5002669096
hjcdik,1,-0.9361816049,-1.542531013,-0.581374824,-1.657450318,-2.160645485,1.177770495,1.65468967
hjcdik,1,-1.437492847,0.2898970544,-2.079670429,-1.710077882,0.394030273,2.368858337,0.893802762
hjcdik,1,-1.413052797,0.2783841789,-2.095478296,-1.711403131,0.3732175827,2.37337327,0.9058116674
hjcdik,1,-1.634309053,0.420815587,-1.983209848,-1.692977071,0.6123227477,2.305319309,0.7731798291
hjcdik,1,-0.4024326801,-1.760883808,-0.1535034478,-1.718182445,-2.897500038,0.8840171099,1.276556253
hjcdik,1,0.07255507261,0.1276936084,2.880783081,-1.722349524,-0.1100647524,2.408792019,1.195970178
hjcdik,1,2.85637784,-0.1235679686,0.07049914449,-1.723314166,-0.03587497026,2.411761999,1.150946856
hjcdik,1,1.141162157,-0.8751781583,1.094587445,-1.637643933,1.217712045,1.959664822,0.5288835168
hjcdik,1,0.09435490519,0.1284471005,2.860694647,-1.722254872,-0.1148281619,2.408498049,1.198854089
hjcdik,1,-1.963881612,0.8226464987,-2.025570631,-1.642254353,1.155089259,2.006986618,0.5454575419
hjcdik,1,1.735141635,-0.2754167914,1.041738629,-1.71173811,0.3677983284,2.374506474,0.9089502692
hjcdik,1,0.2897926867,-1.677962303,0.3774769902,-1.681391954,2.405552387,1.037519693,0.7104896307
hjcdik,1,1.347575665,-0.5905089378,1.174943686,-1.669254065,0.8594658375,2.195147276,0.6533836126
hjcdik,1,2.168714762,-0.164714545,0.6964401007,-1.721756697,0.1370986402,2.406955719,1.04594934
hjcdik,1,1.314875603,-0.6322042942,1.169569969,-1.663743615,0.9155365825,2.164170504,0.6295407414
hjcdik,1,0.05512738228,0.1271366775,2.896857023,-1.722422004,-0.1062920764,2.409016371,1.193685293
hjcdik,1,1.847960114,1.212790608,2.250249386,-1.62594676,-1.675805569,1.565347433,1.769610643
hjcdik,1,2.871507168,-0.1234451532,0.05647080764,-1.723293304,-0.03897606581,2.41169858,1.152831554
hjcdik,1,-0.4024327993,-1.760883689,-0.1535035521,-1.718182206,-2.897500038,0.8840173483,1.276556492
hjcdik,1,0.3795663416,-1.635962248,0.4529077411,-1.669841409,2.288071394,1.09935689,0.6559926867
hjcdik,1,1.004302859,-1.06635499,0.9964792132,-1.626589656,1.440464973,1.774966359,0.4908108115
hjcdik,1,2.049477339,1.420031905,2.425053596,-1.639753103,-1.953465104,1.328853726,1.721862435
hjcdik,2,1.671031356,1.600823641,-1.174402475,-1.1695292,1.420352697,2.144237041,1.273801923
hjcdik,2,-2.807279825,-1.576113462,-1.977953076,-1.16754818,-1.598682284,2.042026281,2.295434952
hjcdik,2,0.6180492043,1.244193554,0.5362191796,-1.202473998,-0.9027686119,2.39118433,2.186365366
hjcdik,2,0.6759754419,1.212413788,0.4411931038,-1.212821007,-0.7877872586,2.432481289,2.147279739
hjcdik,2,1.152194858,1.155513048,-0.2185780853,-1.255999446,0.150911957,2.559159279,1.704293489
hjcdik,2,0.7765980363,1.17242372,0.2879729271,-1.230071187,-0.5923135877,2.489854813,2.06986618
hjcdik,2,-1.684243917,-1.304152012,2.467182159,-1.210595965,0.8123346567,2.424127817,1.407682538
hjcdik,2,-1.76575768,-1.245370269,2.603420258,-1.227176428,0.6265154481,2.480999231,1.479429483
hjcdik,2,-1.467887282,-1.607472897,1.957684875,-1.169248343,1.431121826,2.138237476,1.273016453
hjcdik,2,-1.496997833,-1.542563558,2.052489519,-1.17298615,1.322690487,2.1973598,1.283558846
hjcdik,2,1.016389847,1.139234781,-0.04014568776,-1.25664854,-0.1240709499,2.560706615,1.845725894
hjcdik,2,0.8179625273,1.160830736,0.2284024805,-1.236493707,-0.5124256015,2.508579254,2.03482914
hjcdik,2,0.9300810695,1.14197588,0.07408367842,-1.250491381,-0.2945747077,2.545714855,1.931683183
hjcdik,2,-1.858302951,-1.197301865,2.742616415,-1.24279201,0.4253615141,2.525858164,1.568948627
hjcdik,2,0.9112087488,1.143918753,0.09947456419,-1.248558044,-0.3314807117,2.540849924,1.949799657
hjcdik,2,-1.761484742,-1.248030901,2.596645594,-1.226358294,0.6360142827,2.478449583,1.475481749
hjcdik,2,-1.904139638,-1.179498196,2.807360411,-1.248736143,0.328250289,2.541299343,1.615515828
hjcdik,2,1.673680067,1.607409239,-1.183816791,-1.169250607,1.431018829,2.138294935,1.273024082
hjcdik,2,1.398517489,1.259987712,-0.5745519996,-1.22276032,0.6772024035,2.466948509,1.458693147
hjcdik,2,-1.814623952,-1.217824101,2.678557396,-1.23596108,0.5193222761,2.507071257,1.525816441
hjcdik,2,-2.699265242,-1.3977741,-2.26736784,-1.174683809,-1.286073208,2.216620207,2.27530551
hjcdik,2,0.8095299602,1.162982225,0.2404106706,-1.235227823,-0.5287161469,2.504983902,2.042114019
hjcdik,2,0.5466412306,1.294345975,0.6625882387,-1.190086007,-1.049897313,2.33054018,2.228408098
hjcdik,2,0.2828457355,1.740691781,1.390621305,-1.17399013,-1.841091752,1.897859931,2.277304649
hjcdik,2,0.2823095322,1.743380427,1.394157767,-1.17416811,-1.844856262,1.895620227,2.276792765
hjcdik,2,0.4436310232,1.396184206,0.8713018298,-1.174842119,-1.282871962,2.218285561,2.274848223
hjcdik,2,-1.486025572,-1.565282941,2.018766165,-1.171420693,1.361528635,2.176525354,1.279111266
hjcdik,2,1.232734799,1.17786932,-0.3276880383,-1.249270558,0.3183298111,2.542650223,1.620369434
hjcdik,2,0.7949633598,1.166951656,0.2613134384,-1.232987523,-0.5568473935,2.498506784,2.054528713
hjcdik,2,1.275907636,1.194185853,-0.3883933723,-1.243837833,0.4096258879,2.528633833,1.57636857
hjcdik,2,1.270141482,1.191819906,-0.3801712692,-1.24463141,0.3973615766,2.530723333,1.582187176
hjcdik,2,-1.42588675,-1.748606801,1.763798833,-1.167996168,1.646248937,2.013973236,1.269541502
hjcdik,2,1.064965844,1.1421175,-0.1037405357,-1.257949233,-0.0267053768,2.563781977,1.795647502
hjcdik,2,0.3275276124,1.592251062,1.187091947,-1.167733669,-1.623792648,2.027246237,2.294923544
hjcdik,2,1.259524941,1.187616467,-0.3651300669,-1.246039748,0.3748399913,2.534393787,1.592950344
hjcdik,2,-1.477945328,-1.583275557,1.992487431,-1.170380712,1.391584516,2.160133123,1.276182771
hjcdik,2,0.2873426378,1.719742894,1.362927556,-1.172672868,-1.81159389,1.915434361,2.28107357
hjcdik,2,-1.936195612,-1.169144869,2.851447105,-1.252069712,0.2611071169,2.549626589,1.648661613
hjcdik,2,0.548594594,1.292787313,0.6589694619,-1.190411806,-1.045760393,2.332360029,2.22735548
hjcdik,2,1.590125322,1.450381994,-0.9445980787,-1.182549238,1.152457833,2.283409357,1.311732769
hjcdik,2,1.655898094,1.565997601,-1.123877168,-1.171375871,1.362733483,2.175872803,1.278985262
hjcdik,2,1.488238096,1.331529856,-0.7307069898,-1.203958035,0.8860606551,2.397525072,1.382726431
hjcdik,2,1.024048686,1.139476776,-0.05018507689,-1.256962538,-0.108790651,2.56145215,1.837894797
hjcdik,2,1.604337811,1.471787214,-0.9794245958,-1.179835677,1.194098949,2.26321578,1.303553462
hjcdik,2,-2.423857212,-1.193656445,-2.765599012,-1.22017765,-0.7062657475,2.458395004,2.116557121
hjcdik,2,-1.611246586,-1.37454927,2.32863903,-1.194878817,0.9908827543,2.355885506,1.35106802
hjcdik,2,-1.544486523,-1.460700035,2.180097342,-1.181202054,1.172713995,2.273659945,1.307651043
hjcdik,2,-1.670348525,-1.316073656,2.442230701,-1.207620025,0.8452196121,2.412539721,1.396287441
hjcdik,2,-1.836516738,-1.20708251,2.710988998,-1.239517331,0.4720358551,2.51699996,1.547261238
hjcdik,2,0.532877326,1.305668354,0.6883903742,-1.187814236,-1.079276204,2.317430735,2.235661268
hjcdik,3,0.1522798687,0.604981482,-0.2332983911,-0.727486372,-1.797998309,2.467149019,2.83293581
hjcdik,3,0.2426054627,1.450441241,-2.66294384,-0.7256996632,1.383548021,2.608395576,1.934691191
hjcdik,3,0.549691081,0.8936228156,-1.455736279,-0.7848389745,-0.7384949327,2.783751965,2.711373091
hjcdik,3,0.0726473406,0.5961564779,-0.05989225581,-0.7335554361,-1.900825381,2.429827452,2.822587967
hjcdik,3,-0.3293146491,1.363542318,2.32399869,-0.8126818538,2.649343729,2.172309637,2.151198387
hjcdik,3,0.4864827394,1.243550181,-2.04011488,-0.8153238297,0.465931356,2.831933498,2.16231823
hjcdik,3,-0.3369814157,1.356229186,2.305521011,-0.8144280314,2.666632652,2.167816877,2.158478022
hjcdik,3,-0.3564411104,1.336334944,2.257508039,-0.8187824488,2.711664438,2.156703949,2.177883387
hjcdik,3,0.5341149569,0.8522238135,-1.359071493,-0.7697905302,-0.8657541871,2.755059958,2.749450445
hjcdik,3,0.1269576997,0.6013480425,-0.177474767,-0.7292454243,-1.831654906,2.455009222,2.829984665
hjcdik,3,0.5568605065,1.083714128,-1.791118503,-0.8385565877,-0.1198176891,2.862856627,2.445634604
hjcdik,3,0.5097154975,1.206079602,-1.975112557,-0.8277239799,0.3240143061,2.848932266,2.22581625
hjcdik,3,0.1982483566,1.469020247,-2.772350311,-0.722333014,1.505548954,2.568596363,1.929215193
hjcdik,3,-0.2976978719,1.390923738,2.398141623,-0.8053381443,2.580196619,2.191435814,2.12309432
hjcdik,3,0.4832632244,1.248235464,-2.048790693,-0.8135320544,0.4838778973,2.829372168,2.154711246
hjcdik,3,-2.706284761,-1.308179379,0.9675594568,-0.7871910334,0.7187213898,2.787881136,2.065735102
hjcdik,3,0.4858009815,0.7741410732,-1.140683651,-0.7442160249,-1.10807085,2.69157505,2.803232193
hjcdik,3,0.5080115795,1.209089398,-1.980079651,-0.8268681765,0.3353129327,2.847795963,2.220563889
hjcdik,3,-0.01516489126,1.012969613,0.9260374308,-0.09421493113,-2.522451878,2.449797869,2.418885708
hjcdik,3,-2.611206532,-0.8442107439,1.802592993,-0.7669486403,-0.8903599381,2.749112368,2.756029606
hjcdik,3,0.4721469283,0.7583325505,-1.089165688,-0.7398167849,-1.15854013,2.67711401,2.811409473
hjcdik,3,0.5654857159,0.9891955853,-1.641887426,-0.8180783391,-0.4374183416,2.835816622,2.595977783
hjcdik,3,0.01162813045,0.9931277633,0.3573780358,-0.09506551176,-1.983297944,2.467752695,2.438819647
hjcdik,3,0.5046995282,1.214799523,-1.98961401,-0.8251689672,0.3567970991,2.845527887,2.210663795
hjcdik,3,0.4375745654,1.30568409,-2.168206215,-0.7883816361,0.7087027431,2.789938211,2.069097757
hjcdik,3,2.893301487,-0.6380041838,-2.512117386,-0.7712424397,-2.288310528,2.287414312,2.746017694
hjcdik,3,-0.3722033203,0.7047310472,0.9375418425,-0.793084681,-2.472765446,2.224352598,2.68770647
hjcdik,3,0.4653190672,1.272615552,-2.096308231,-0.8034890294,0.578105092,2.814461946,2.116556406
hjcdik,3,-2.581713438,-0.9358052611,1.598044634,-0.8001876473,-0.6074358225,2.809334278,2.665262938
hjcdik,3,-0.2387663573,1.431866884,2.530333757,-0.7913123965,2.457687855,2.229236841,2.077596426
hjcdik,3,0.5647388697,1.028571963,-1.707061648,-0.8289029598,-0.3079375029,2.85048604,2.537249804
hjcdik,3,0.5107875466,0.8088380694,-1.244400978,-0.7549127936,-0.9994240999,2.721335411,2.782132149
hjcdik,3,-0.2293193936,1.437374473,2.551054478,-0.7890514135,2.438549519,2.235518456,2.071015596
hjcdik,3,0.5290023088,1.167894363,-1.914959788,-0.8362473249,0.182122454,2.85995388,2.294015169
hjcdik,3,0.08105434477,1.01317358,-0.9443979859,-0.09435515106,-0.7057265043,2.517027378,2.422894239
hjcdik,3,0.4309817553,1.312868118,-2.18514657,-0.7849436402,0.737616241,2.783937454,2.059503317
hjcdik,3,0.4680374265,1.269093871,-2.0891819,-0.8050075173,0.5644006729,2.816780567,2.121911287
hjcdik,3,0.4797806442,1.253188848,-2.058114767,-0.8115862608,0.5029050112,2.826558113,2.146760702
hjcdik,3,-2.620389223,-0.8264302015,1.848869205,-0.760782361,-0.9450545907,2.735462666,2.769742727
hjcdik,3,-0.3920307755,0.7210468054,0.9942734241,-0.7972998023,-2.508954525,2.212875843,2.674652815
hjcdik,3,0.01645551994,0.9915411472,0.2731672823,-0.09515883774,-1.903061748,2.471006155,2.440581083
hjcdik,3,-0.3023472428,0.6613439918,0.7568315864,-0.7800027132,-2.362481833,2.261289597,2.724258423
hjcdik,3,0.5638405085,0.9642903805,-1.597615361,-0.8100715876,-0.5174321532,2.824342251,2.629817963
hjcdik,3,-0.3117310405,1.379294634,2.365599632,-0.8086215258,2.610501528,2.18283391,2.135207653
hjcdik,3,-0.4272192717,1.242386699,2.060692787,-0.8330578804,2.897500038,2.121030092,2.263770819
hjcdik,3,0.4716922045,1.264267683,-2.079565525,-0.8070535064,0.5456728339,2.819866896,2.129338503
hjcdik,3,0.04402660951,0.5947886705,0.001197080594,-0.7360887527,-1.935997248,2.416921616,2.818127871
hjcdik,3,-2.577361822,-1.035005808,1.424357891,-0.830399096,-0.2864051461,2.852445126,2.527081013
hjcdik,3,-2.640527248,-1.220877528,1.141663551,-0.8232651353,0.3797326684,2.842958212,2.200224638
hjcdik,3,0.00679742964,0.9951766729,0.444621861,-0.09495377541,-2.066248655,2.464507103,2.436632156
hjcdik,4,-0.643543303,-0.6369646788,-0.05151099712,-0.619604528,-2.784259319,2.73756218,-2.856533051
hjcdik,4,0.5271866918,-0.4146308005,0.6411265135,-0.5333036184,2.528591394,2.82166791,2.554126978
hjcdik,4,-0.8500644565,-0.5920321345,-0.2081491947,-0.5519741178,-2.576363802,2.805240631,-2.715065956
hjcdik,4,0.2686631382,-0.5319699049,0.4408085048,-0.6255007386,2.807199717,2.731078625,2.73641777
hjcdik,4,0.7974111438,0.1507409811,2.353559494,-0.6575360894,0.165877983,3.282732964,2.897283316
hjcdik,4,0.1918109655,-0.5560739636,0.3981311917,-0.63980335,2.869960785,2.714962721,2.793306589
hjcdik,4,0.352385819,-0.5017145872,0.4915466607,-0.6052857637,2.733220339,2.752928495,2.675545931
hjcdik,4,-0.7820976973,-0.6118109822,-0.1499217302,-0.579890132,-2.653698206,2.778824806,-2.759027719
hjcdik,4,-2.349924326,-0.1478925347,-0.7802615762,-0.6539415717,0.191893965,3.281182766,2.870944977
hjcdik,4,-0.6677447557,-0.6337180138,-0.0674238801,-0.6138733029,-2.763112783,2.743780375,-2.839015007
hjcdik,4,0.1821079105,-0.558899343,0.3929130137,-0.6413677335,2.877640009,2.713169575,2.800545931
hjcdik,4,-0.6842389703,-0.6312535405,-0.07852209359,-0.6097121239,-2.7483778,2.748239756,-2.827170849
hjcdik,4,2.199052811,0.5482761264,2.824917555,-0.4918136597,-2.431083202,2.854346037,-2.666730404
hjcdik,4,1.218160033,0.1999987662,1.935508013,-0.5688932538,-0.5193666816,3.239682436,-2.739758968
hjcdik,4,0.435061574,-0.4663637578,0.5500165224,-0.5786485672,2.650062084,2.780048132,2.616935968
hjcdik,4,-2.737261295,0.4802968204,-2.614721537,-0.5895373225,2.682615995,2.769193888,2.638516188
hjcdik,4,0.5183514357,-0.4206728041,0.6298109889,-0.5390410423,2.542995453,2.816726923,2.560001135
hjcdik,4,0.3643319905,-0.4969955981,0.4993344545,-0.6019188762,2.721982718,2.756462812,2.666974306
hjcdik,4,-0.602096498,-0.6415708065,-0.02515625022,-0.6284788847,-2.819352865,2.727766037,-2.886863708
hjcdik,4,-0.8940179348,-0.5749496222,-0.2528605461,-0.528506875,-2.516734362,2.825721502,-2.68940568
hjcdik,4,-0.6232367754,-0.6393687725,-0.0384666957,-0.6240971088,-2.801616669,2.732630014,-2.871344805
hjcdik,4,-0.6307393909,-0.6385137439,-0.04325535148,-0.6224697232,-2.79524231,2.734422684,-2.865861416
hjcdik,4,-0.8522590399,-0.5912759304,-0.2102145255,-0.550927937,-2.573615551,2.80618763,-2.713718891
hjcdik,4,1.025958061,0.1824464798,2.083694935,-0.6288745999,-0.3206058145,3.269914627,-2.888311148
hjcdik,4,-2.600535154,0.4041933119,-2.480297089,-0.5230626464,2.503470659,2.830237389,2.544983625
hjcdik,4,1.041473627,0.1836732477,2.069664717,-0.6243040562,-0.3391620815,3.26777339,-2.87204814
hjcdik,4,0.3894761205,-0.4866712391,0.516350925,-0.5943498015,2.697582006,2.76429534,2.649039268
hjcdik,4,0.1830737591,-0.5586189032,0.393432349,-0.6412121058,2.876876593,2.71334672,2.799824715
hjcdik,4,1.955255628,0.2448945194,1.556202173,-0.3087615073,-0.7217055559,3.105033159,-2.875290871
hjcdik,4,1.090148211,0.1876928657,2.028139591,-0.6095866561,-0.3936518133,3.260695696,-2.826824427
hjcdik,4,-2.64079833,0.4317257404,-2.531908035,-0.5492138863,2.569128036,2.807732821,2.571781635
hjcdik,4,-2.853571653,0.5253763199,-2.689542294,-0.6213023663,2.790720463,2.735706329,2.722229719
hjcdik,4,-0.9369012713,-0.5521316528,-0.3078082502,-0.4971676767,-2.443028212,2.850443602,-2.668800116
hjcdik,4,2.251382589,0.576618731,2.892940521,-0.530790925,-2.522359371,2.823800325,-2.691497087
hjcdik,4,-1.201789379,-0.2479458898,-1.56087935,-0.3133538663,-0.7470976114,3.105647802,-2.859894037
hjcdik,4,0.4340492189,-0.4668376744,0.5492235422,-0.5790252686,2.651170015,2.779675722,2.617642879
hjcdik,4,-1.99541533,-0.1927371323,-1.15686512,-0.5920858383,-0.4511011839,3.251916885,-2.783778667
hjcdik,4,0.2390047908,-0.5416500568,0.4240123928,-0.6314463019,2.83187604,2.724444389,2.758270979
hjcdik,4,-0.684589088,-0.6311967969,-0.07876104116,-0.6096175313,-2.748060226,2.748338461,-2.826921225
hjcdik,4,1.163815737,0.1944333613,1.97199297,-0.5864723325,-0.4683246613,3.249017715,-2.771900415
hjcdik,4,1.038716674,0.1834542602,2.072128296,-0.6251209974,-0.3359172642,3.268157959,-2.874861479
hjcdik,4,-0.8571849465,-0.5895452499,-0.2149049789,-0.5485368371,-2.567370415,2.808338881,-2.710717678
hjcdik,4,-2.344185114,-0.1507407427,-0.7880289555,-0.6575360894,0.1658852249,3.282733202,2.897275925
hjcdik,4,-0.6568691134,-0.6352300048,-0.06022080779,-0.6165018678,-2.772681713,2.740939379,-2.846868038
hjcdik,4,-0.8668026924,-0.5860370398,-0.2242880613,-0.543705523,-2.554871321,2.812642097,-2.704945087
hjcdik,4,0.5122731924,-0.4246282578,0.6225284934,-0.5427293181,2.552376032,2.813501358,2.564063787
hjcdik,4,-2.344173908,-0.1507417858,-0.7880430818,-0.6575360894,0.1658622921,3.282732725,2.897300005
hjcdik,4,-0.9204088449,-0.5619875193,-0.2846200764,-0.51075387,-2.474196434,2.840111017,-2.675923109
hjcdik,4,2.236498356,0.5698347092,2.876011133,-0.5215080976,-2.49971652,2.831511021,-2.683509111
hjcdik,4,-0.8350507021,-0.5969815254,-0.1943879426,-0.5588494539,-2.594667673,2.79894042,-2.724423409
hjcdik,5,-1.356414318,1.633234382,-2.327920914,-2.657378674,2.897500038,3.302888393,1.695653558
hjcdik,5,1.785178542,-1.633234262,0.8136718869,-2.657378674,2.897500038,3.302888393,1.695653439
hjcdik,5,1.785178542,-1.633234262,0.8136719465,-2.657378674,2.897500038,3.302888393,1.695653558
hjcdik,5,-1.356414199,1.633234382,-2.327920914,-2.657378674,2.897500038,3.302888393,1.6956532
hjcdik,5,-2.786739349,-1.457844973,-0.1477346271,-3.041354895,-2.032705545,1.655591369,-0.9227838516
hjcdik,5,1.785178542,-1.633234262,0.8136718273,-2.657378674,2.897500038,3.302888393,1.695653558
hjcdik,5,1.785178542,-1.633234382,0.8136718273,-2.657378674,2.897500038,3.302888393,1.695653081
hjcdik,5,1.785178542,-1.633234382,0.8136718273,-2.657378674,2.897500038,3.302888393,1.695653558
hjcdik,5,1.785178542,-1.633234382,0.8136719465,-2.657378674,2.897500038,3.302888393,1.695653558
hjcdik,5,1.785178542,-1.633234382,0.8136718273,-2.657378674,2.897500038,3.302888393,1.6956532
hjcdik,5,-2.619506836,-1.496284008,-0.2287134081,-3.056932688,-2.112740993,1.507432222,-0.9937162995
hjcdik,5,-1.356414318,1.633234262,-2.327920914,-2.657378674,2.897500038,3.302888393,1.695653558
hjcdik,5,-1.356414318,1.633234382,-2.327920914,-2.657378674,2.897500038,3.302888393,1.695653439
hjcdik,5,1.834234715,-1.65868628,1.054257989,-2.834942341,1.987018585,3.267913818,2.83116889
hjcdik,5,1.785178542,-1.633234262,0.8136719465,-2.657378674,2.897500038,3.302888393,1.695653677
hjcdik,5,2.360566139,-1.537059903,0.2999394834,-2.964103699,-1.726490617,2.706300259,-0.598960042
hjcdik,5,1.83517468,-1.667222381,1.063056707,-2.850349188,1.931763411,3.26016593,2.897300005
hjcdik,5,1.785178542,-1.633234382,0.8136718869,-2.657378674,2.897500038,3.302888393,1.695653319
hjcdik,5,1.763196707,-1.682841182,0.4803685248,-2.747919559,-2.329770803,3.29121995,0.3473455608
hjcdik,5,-1.356414318,1.633234262,-2.327920914,-2.657378674,2.897500038,3.302888393,1.695653319
hjcdik,5,-1.356414318,1.633234262,-2.327920914,-2.657378674,2.897500038,3.302888393,1.695653439
hjcdik,5,1.788075686,-1.702509642,0.4110978842,-2.839132786,-1.971863747,3.26600337,-0.08717342466
hjcdik,5,2.505642891,-1.499070883,0.2584802806,-2.973348379,-1.752758741,2.565649748,-0.636377871
hjcdik,5,1.785178542,-1.633234262,0.8136718273,-2.657378674,2.897500038,3.302888393,1.695653319
hjcdik,5,-1.356414318,1.633234262,-2.327920914,-2.657378674,2.897500038,3.302888393,1.6956532
hjcdik,5,1.785178542,-1.633234382,0.8136718869,-2.657378674,2.897500038,3.302888393,1.695653439
hjcdik,5,2.852624178,-1.437683582,0.1356003582,-2.994844437,-1.828287601,2.238077879,-0.7242809534
hjcdik,5,-1.356414318,1.633234382,-2.327920914,-2.657378674,2.897500038,3.302888393,1.6956532
hjcdik,5,1.785178542,-1.633234382,0.8136718273,-2.657378674,2.897500038,3.302888393,1.695652604
hjcdik,5,-2.552277565,-1.516182661,-0.2622894347,-3.063853025,-2.150580645,1.448338866,-1.02633059
hjcdik,5,-1.356414199,1.633234262,-2.327920914,-2.657378674,2.897500038,3.302888393,1.695653558
hjcdik,5,1.929942608,-1.638594151,1.036651611,-3.048159122,1.074743032,3.339275122,-2.567669392
hjcdik,5,-1.183870435,1.666667461,-2.766125202,-2.928059578,-1.700647831,3.103767395,-0.4539756477
hjcdik,5,-2.567356825,-1.511486888,-0.2546950877,-3.062264204,-2.141756058,1.461561203,-1.018773794
hjcdik,5,0.5551353693,1.505733252,2.89646244,-3.060282469,-2.130866528,1.478337884,-1.009407282
hjcdik,5,-2.764345407,-1.462115645,-0.1584028155,-3.043319941,-2.042444468,1.635678649,-0.931568265
hjcdik,5,-1.377445221,1.653740168,-2.514766216,-2.663116932,-2.833249569,3.302304029,0.9839314818
hjcdik,5,2.369690418,-1.53448689,0.2975348234,-2.964701176,-1.728029132,2.697395563,-0.6013732553
hjcdik,5,1.940908194,-1.672179103,0.3773394525,-2.925196409,-1.704957962,3.120296478,-0.4424626529
hjcdik,5,1.789645433,-1.631610513,0.8421500325,-2.665367603,2.811316013,3.302070618,1.806331992
hjcdik,5,-1.374104619,1.690075159,-2.687993288,-2.775953293,-2.211872339,3.285882235,0.2023624331
hjcdik,5,0.5868222117,1.515396953,2.88056159,-3.063588858,-2.149107695,1.450523376,-1.025071144
hjcdik,5,1.929824471,-1.654118061,1.02088058,-3.066481113,0.9762256742,3.332154512,-2.482130051
hjcdik,5,-2.736781836,-1.46773684,-0.1716031134,-3.045787096,-2.054809332,1.611196756,-0.9426572919
hjcdik,5,-2.625979424,-1.494506955,-0.2255165428,-3.056287766,-2.109292269,1.51313889,-0.9907159805
hjcdik,5,1.852621675,-1.697935224,0.3874035478,-2.900165796,-1.765819311,3.205958366,-0.341402173
hjcdik,5,-2.685063839,-1.479386806,-0.1965881139,-3.050566673,-2.079225779,1.565349579,-0.9643518329
hjcdik,5,-2.777310371,-1.45961082,-0.1522203088,-3.042178154,-2.036773443,1.647204757,-0.926458776
hjcdik,5,-1.349820137,1.631039739,-2.286611795,-2.669791222,2.771800756,3.301604748,1.856961131
hjcdik,5,-2.743349552,-1.466360807,-0.1684508473,-3.045194387,-2.051824093,1.617027521,-0.9399864078
hjcdik,6,1.067756295,-0.6905044317,-0.849075079,-2.829581976,-0.65506953,3.057833195,-0.1670514494
hjcdik,6,-2.191025734,0.6412183642,2.532697916,-2.867928505,-0.02914549783,3.097596407,-0.6271215081
hjcdik,6,2.727165461,0.7797570229,-2.365338087,-2.718141079,1.551810265,2.389689207,-1.658152699
hjcdik,6,-2.08302021,0.6858962774,2.307041883,-2.833581209,-0.6191598177,3.062818527,-0.1937386692
hjcdik,6,1.627930641,-1.627770782,-1.220932841,-2.720757484,-1.664857149,2.126441479,0.3511194289
hjcdik,6,2.265071392,1.304764032,-2.11508584,-2.732749939,1.798685312,1.798342109,-1.599817038
hjcdik,6,1.091913104,-0.7036328316,-0.8847824931,-2.819096565,-0.7420991659,3.043544531,-0.1023366973
hjcdik,6,1.675843,-1.760237336,-1.216058731,-2.724393368,-1.716296792,1.998931766,0.3366796076
hjcdik,6,0.818787992,-0.5896024108,-0.3401710689,-2.830516338,0.6468364596,3.059019089,-1.123527527
hjcdik,6,-1.072631717,-1.655614376,1.061150551,-2.755665779,1.965800762,1.447529078,-1.504539847
hjcdik,6,-1.754705667,0.521889627,2.268434525,-2.333008051,2.770376682,3.499377489,2.897300005
hjcdik,6,0.4222967327,-0.5407080054,0.07894610614,-2.755708456,1.175507188,2.884660959,-1.504356265
hjcdik,6,-1.495652556,1.677900076,1.921838164,-2.721975803,-1.684407711,2.078123569,0.3462909758
hjcdik,6,0.09459707141,-0.2462843806,-0.05728865042,-2.474708319,-1.9547261,3.696414232,1.282094359
hjcdik,6,-0.7387343049,-1.099438667,0.9727015495,-2.723832846,1.709471226,2.015883207,-1.635611176
hjcdik,6,-0.8338860869,-1.236682653,1.012285352,-2.729430199,1.769025922,1.869300008,-1.613214254
hjcdik,6,1.579010963,-0.6856924891,-0.8836328387,-2.430578947,2.175587893,3.594241381,-2.772216558
hjcdik,6,2.202945709,1.410373569,-2.098571301,-2.738600254,1.845777988,1.690217495,-1.57598114
hjcdik,6,1.050944924,-0.6822169423,-0.8220432401,-2.83688879,-0.5880025029,3.066767454,-0.2168749571
hjcdik,6,-0.5376591682,-0.8769604564,0.8598188758,-2.718412638,1.605822802,2.268565178,-1.657082319
hjcdik,6,-0.7708903551,-1.143470883,0.9872279763,-2.725464344,1.728663325,1.968277931,-1.629106164
hjcdik,6,0.6831843853,-0.5584917068,-0.1753875762,-2.793709517,0.9262472987,2.999350071,-1.330437779
hjcdik,6,1.736563563,-0.8478017449,-0.9378528595,-2.487021446,1.886997581,3.744963408,-2.528234482
hjcdik,6,-1.875581741,0.8545883894,2.068735361,-2.755878448,-1.174378276,2.885412455,0.2069294304
hjcdik,6,-1.76662302,1.016784072,1.99146235,-2.731621981,-1.352677941,2.722772598,0.3076793551
hjcdik,6,-2.31155324,0.5932154059,2.78469491,-2.834425688,0.6113416553,3.063841343,-1.097153544
hjcdik,6,-1.500393391,1.664727449,1.921450377,-2.721636534,-1.679285884,2.090812683,0.3476363719
hjcdik,6,-2.04014945,0.7092412114,2.243609905,-2.815011978,-0.7738182545,3.037442684,-0.07876799256
hjcdik,6,-1.497867584,1.6717484,1.92165029,-2.721815825,-1.682016969,2.084048748,0.3469261229
hjcdik,6,1.195693851,-0.7800453901,-1.008271217,-2.778070688,-1.029814363,2.962091446,0.1084313989
hjcdik,6,0.7335827947,-0.5677114129,-0.2312394381,-2.805340767,0.8452949524,3.021585226,-1.270906091
hjcdik,6,-0.3648602664,-0.7474275827,0.7403950691,-2.71851635,1.531312227,2.432613134,-1.656672835
hjcdik,6,2.17000246,1.468957901,-2.091899872,-2.742220402,1.872810006,1.631186843,-1.561076403
hjcdik,6,-2.19938755,0.3331874311,2.382213116,-2.374722719,-2.469510078,3.529011965,1.769408107
hjcdik,6,-1.754708529,0.5218875408,2.268434286,-2.333007097,2.770386696,3.499376774,2.897300005
hjcdik,6,0.9981495738,-0.6597154737,-0.7220627069,-2.857985258,-0.3316155076,3.088795424,-0.4061617255
hjcdik,6,-1.024031758,-1.564913154,1.057312369,-2.748754978,1.919083238,1.535922408,-1.533843994
hjcdik,6,2.368636131,1.146383166,-2.153470039,-2.72557807,1.729927301,1.965150118,-1.628652811
hjcdik,6,-0.7957009673,-1.179095864,0.9976512194,-2.726899862,1.744100571,1.930178881,-1.623368263
hjcdik,6,1.482570767,-1.241772771,-1.199907422,-2.719746828,-1.496422052,2.501266241,0.3551167846
hjcdik,6,1.289925933,-0.8849667311,-1.092091084,-2.749488592,-1.217463374,2.854623318,0.2340589166
hjcdik,6,1.344932437,-0.9657641053,-1.131462455,-2.737065792,-1.307690144,2.77354002,0.2855621874
hjcdik,6,1.146696806,-0.394919008,-0.8578560948,-2.32848525,-2.816854239,3.496750116,2.139411926
hjcdik,6,1.275658727,-0.8665149808,-1.080774426,-2.753228903,-1.192077637,2.873299837,0.2182362825
hjcdik,6,-2.138092041,0.6618185043,2.408180714,-2.856120348,-0.3613298237,3.087043047,-0.3843348622
hjcdik,6,2.111322641,1.576489806,-2.083616972,-2.749596119,1.924867511,1.524549007,-1.530305743
hjcdik,6,1.104288816,-0.3797240555,-0.8430557847,-2.337495804,-2.729050636,3.502080441,2.044618845
hjcdik,6,-2.055624962,0.700260222,2.265286684,-2.821663618,-0.7216015458,3.047217607,-0.1175767556
hjcdik,6,-0.9229584336,-1.383055091,1.039332986,-2.737004519,1.833422899,1.717971206,-1.582512736
hjcdik,6,1.635628343,-0.7409088016,-0.9009379148,-2.455298185,2.053807974,3.64196372,-2.661180496
hjcdik,7,1.162082553,-1.203441381,1.685672164,-1.965890169,-1.552439451,0.8467972875,-0.8308606744
hjcdik,7,1.861602306,1.325470805,1.562226295,-1.978067994,1.299167275,1.173230529,-2.542960882
hjcdik,7,0.7558482289,-0.5095621347,2.329815149,-2.049397707,-2.433529377,0.2414882034,-1.191814065
hjcdik,7,-1.258344889,-1.672307253,-1.410877109,-2.002507687,1.072707534,1.453895211,-2.44755888
hjcdik,7,-1.968487382,1.32956624,-1.525146484,-1.967767477,-1.465147018,0.9562063217,-0.8376063704
hjcdik,7,-1.038785577,-0.6149353981,-2.122164488,-1.978546023,1.847981811,0.5400255322,-2.541176319
hjcdik,7,2.561617851,0.3928783834,0.4773448706,-2.027153492,2.258871794,0.2976677418,-2.339789152
hjcdik,7,0.6083122492,-0.4407967627,2.476529598,-2.075771093,-2.682094812,0.1912807971,-1.366950989
hjcdik,7,0.525503397,-0.4133289456,2.553571701,-2.086098433,-2.81679821,0.1749445796,-1.46582222
hjcdik,7,1.861501336,1.330800295,1.564925313,-1.978360891,1.295753837,1.177691817,-2.54186821
hjcdik,7,1.166166186,-1.630347252,1.462580681,-1.980700135,-1.269599319,1.211747289,-0.8851932287
hjcdik,7,1.131877661,-1.037791729,1.786426187,-1.96785903,-1.678934455,0.7015846968,-0.8379363418
hjcdik,7,-2.354213476,0.5286535621,-0.8454351425,-2.04270649,-2.379356384,0.2567401528,-1.155561924
hjcdik,7,-1.965859771,1.437378287,-1.581307411,-1.971178412,-1.393941641,1.048763752,-0.8499615192
hjcdik,7,1.157856703,-1.702667475,1.425781012,-1.985260725,-1.222897291,1.271791816,-0.9024873972
hjcdik,7,1.877559185,1.629889488,1.710310817,-1.998978734,1.101379991,1.420750976,-2.461926937
hjcdik,7,-1.980087161,1.673700571,-1.70101285,-1.983373523,-1.241652846,1.247816682,-0.8952948451
hjcdik,7,1.135604262,-1.053308249,1.776345968,-1.967414975,-1.666277647,0.7152476311,-0.8363372684
hjcdik,7,-2.044795752,0.9221125245,-1.274327397,-1.973305225,-1.780857563,0.5994243622,-0.8577336669
hjcdik,7,1.044283748,-0.804541707,1.963122606,-1.983762145,-1.903864026,0.4953175485,-0.8967729211
hjcdik,7,1.149841309,-1.756834745,1.3977983,-1.989002585,-1.187565684,1.316340566,-0.9168955088
hjcdik,7,1.861405611,1.396125078,1.59752965,-1.982178926,1.253919005,1.232031822,-2.52753067
hjcdik,7,-2.403365135,0.4996779561,-0.7933841348,-2.053001642,-2.463647366,0.2337575555,-1.212327242
hjcdik,7,1.168341279,-1.262046814,1.652903438,-1.966451287,-1.511182189,0.8977751136,-0.8328726292
hjcdik,7,1.020025492,-0.7626246214,2.001876593,-1.989077687,-1.954713941,0.4582456052,-0.9171863198
hjcdik,7,-1.280398488,-1.370599985,-1.556705594,-1.980638266,1.270271778,1.210874677,-2.533340216
hjcdik,7,0.6975317001,-0.4787630737,2.389676809,-2.060899973,-2.532794237,0.217864722,-1.260265589
hjcdik,7,0.662471354,-0.4626589417,2.424401045,-2.067172766,-2.59187746,0.2061636299,-1.302028537
hjcdik,7,1.155819654,-1.717493057,1.418167114,-1.986257672,-1.213264227,1.284022093,-0.9063061476
hjcdik,7,-1.96823132,1.530664325,-1.628700972,-1.97527504,-1.333642244,1.128021121,-0.8649816513
hjcdik,7,-1.254786611,-1.062098861,-1.724777102,-1.967539072,1.471627951,0.9478971362,-2.581516743
hjcdik,7,-1.993219137,1.114462614,-1.403556824,-1.966223478,-1.618203163,0.7689839005,-0.8320563436
hjcdik,7,1.170594335,-1.577352047,1.489338636,-1.977687597,-1.303649306,1.167367101,-0.8739222884
hjcdik,7,1.885365367,1.686608076,1.737626076,-2.003727913,1.062941551,1.464983582,-2.442535639
hjcdik,7,-1.9689188,1.544084549,-1.635475516,-1.975944638,-1.325015545,1.139353991,-0.8674558997
hjcdik,7,-2.096709967,0.8056548834,-1.179461956,-1.983634114,-1.902572989,0.4963029325,-0.8962850571
hjcdik,7,1.173469186,-1.528391242,1.514039874,-1.97516346,-1.335104108,1.126099706,-0.8645703793
hjcdik,7,-0.8000720143,-0.4612160027,-2.419557571,-2.003647566,2.078011274,0.3815422058,-2.442866564
hjcdik,7,-1.978144765,1.214716434,-1.462318659,-1.965952873,-1.544391751,0.8566223979,-0.8310863376
hjcdik,7,1.87037456,1.56341064,1.678471565,-1.993732929,1.145547152,1.368077874,-2.482887745
hjcdik,7,-2.114877224,0.7736050487,-1.150145769,-1.987590671,-1.940950632,0.4679497778,-0.9114352465
hjcdik,7,0.7403998971,-0.500867784,2.345956087,-2.052562952,-2.459940434,0.2346816361,-1.209789872
hjcdik,7,2.259984493,0.5002949834,0.818267107,-1.994890928,2.00598979,0.4241732359,-2.478297949
hjcdik,7,-2.138121605,0.737108469,-1.114650011,-1.992812157,-1.988057494,0.4357231855,-0.9317812324
hjcdik,7,-1.965900421,1.445851445,-1.58564496,-1.971508741,-1.388429165,1.055995941,-0.851165235
hjcdik,7,-2.006519794,1.051041603,-1.363783956,-1.967476249,-1.668113828,0.7132524252,-0.8365571499
hjcdik,7,-1.989109159,1.740126491,-1.735112429,-1.987819672,-1.198505878,1.302639842,-0.9123169184
hjcdik,7,-1.28039515,-1.37197578,-1.556021214,-1.980719686,1.269390702,1.212017655,-2.533033848
hjcdik,7,1.175720572,-1.440825701,1.558519602,-1.971311688,-1.391697764,1.05170691,-0.8504472971
hjcdik,7,-2.476942539,0.4636125565,-0.7193253636,-2.06679821,-2.588219166,0.206841141,-1.299423814
hjcdik,8,-1.359614968,-1.099493027,1.525773406,-1.581953168,-0.8046834469,1.735623717,-1.616576076
hjcdik,8,-1.359275579,-1.079271913,1.541421533,-1.579767704,-0.8262935877,1.722780943,-1.606742263
hjcdik,8,-1.737352133,-0.4665287435,2.416613579,-1.531663299,-1.501796842,1.203843951,-1.426565409
hjcdik,8,0.8767861128,0.3775788248,-0.03460918367,-1.534462452,-1.745383263,1.007371664,-1.435684085
hjcdik,8,0.7559749484,0.3789789081,0.117094405,-1.536585093,-1.795216441,0.9699818492,-1.442682743
hjcdik,8,-0.0276788678,0.7072407007,1.223219156,-1.596910477,-2.488360167,0.6026471257,-1.690510869
hjcdik,8,0.5983623862,0.3912359476,0.3161466122,-1.540336847,-1.864676714,0.9199874997,-1.455243349
hjcdik,8,0.6764191985,0.3836108744,0.2172597796,-1.538318038,-1.829356313,0.9450867176,-1.448453188
hjcdik,8,1.433697224,0.4788389802,-0.7674450874,-1.531980395,-1.483335853,1.219332457,-1.427593112
hjcdik,8,0.176231876,0.5140953064,0.8838016391,-1.562666655,-2.143020153,0.7482602596,-1.535879493
hjcdik,8,-0.07100079209,0.7925947309,1.315627933,-1.611055136,-2.648763657,0.5586841702,-1.776781678
hjcdik,8,1.246368647,0.4186267853,-0.508262217,-1.531166315,-1.586807489,1.133276701,-1.424960494
hjcdik,8,0.3903461993,0.4298265576,0.585816443,-1.547976255,-1.974909186,0.8462608457,-1.481621623
hjcdik,8,0.4373647869,0.4183486998,0.5237513781,-1.545874715,-1.947132468,0.8641564846,-1.474252701
hjcdik,8,1.237162113,0.4165719151,-0.4960387945,-1.531184554,-1.591241479,1.129641056,-1.425018072
hjcdik,8,-1.397680402,-1.383955598,1.323631525,-1.611898184,-0.4822055101,1.886964679,-1.78273046
hjcdik,8,-0.01642851718,1.695935845,1.96271348,-1.549350619,1.992345929,0.8352679014,-2.654195786
hjcdik,8,-0.1308995783,1.152995467,1.564744115,-1.626704216,2.897500038,0.5165783763,-2.219086409
hjcdik,8,-1.416231036,-0.7583502531,1.845769644,-1.548557878,-1.159240603,1.488137722,-1.483676672
hjcdik,8,-1.397315025,-1.382405519,1.324685812,-1.611750722,-0.4840744734,1.886309743,-1.781682014
hjcdik,8,-1.379943013,-1.297724724,1.382608771,-1.603295684,-0.5841444135,1.847440004,-1.726795912
hjcdik,8,-1.490202427,-1.654508233,1.133195996,-1.630491853,-0.1332520396,1.964273691,-1.988733172
hjcdik,8,-1.366137266,-1.199036479,1.451975703,-1.592779994,-0.6960960031,1.795126557,-1.668754101
hjcdik,8,1.733160973,1.426665187,-1.847007394,-1.615826964,-0.4301537871,1.904163599,-1.812231541
hjcdik,8,1.720899463,1.469933391,-1.876540303,-1.619509935,-0.3763084114,1.91984427,-1.843315363
hjcdik,8,1.493788719,0.5086003542,-0.8570533991,-1.532963157,-1.441820383,1.254282236,-1.430784225
hjcdik,8,-1.435359716,-0.7188910246,1.89555645,-1.545432806,-1.200499654,1.455172539,-1.472713828
hjcdik,8,-1.613057017,-0.5293507576,2.230396986,-1.533800125,-1.4147892,1.277083755,-1.433512926
hjcdik,8,0.7295268774,0.3801831603,0.1503470093,-1.53712821,-1.806404471,0.961756587,-1.444486976
hjcdik,8,-1.580110669,-0.5521059632,2.176990032,-1.534839272,-1.386458874,1.300979137,-1.436919093
hjcdik,8,-0.04719467089,0.7415335178,1.263024688,-1.602793217,-2.551857233,0.5835693479,-1.723807096
hjcdik,8,1.292161345,0.4299069941,-0.5696248412,-1.531143188,-1.564049244,1.152017832,-1.424885392
hjcdik,8,1.357693195,0.4495517313,-0.6594079137,-1.531331062,-1.52899456,1.18111372,-1.425492048
hjcdik,8,0.7065282464,0.3814999461,0.1792969257,-1.537626386,-1.816256642,0.954567492,-1.446146369
hjcdik,8,-0.1061139703,0.9032059312,1.40880692,-1.625362992,-2.868443012,0.5199623108,-1.904192805
hjcdik,8,1.549891233,0.543715179,-0.9455524087,-1.534442186,-1.396766782,1.292287588,-1.435615182
hjcdik,8,-0.1134825647,1.355865002,1.688439846,-1.599292278,2.513656378,0.5947765708,-2.437055111
hjcdik,8,-0.1294162422,1.200665236,1.592345119,-1.621803164,2.802360535,0.5291360617,-2.275671482
hjcdik,8,-0.1245478913,1.26784277,1.632425666,-1.612969875,2.673145771,0.5532006025,-2.350212812
hjcdik,8,-1.655432105,-0.5044257045,2.296172619,-1.532809377,-1.447425604,1.249556541,-1.430282712
hjcdik,8,-0.08709177375,0.8358381987,1.354997396,-1.617358804,-2.733121395,0.5410009623,-1.824683428
hjcdik,8,0.3841826916,0.4314750731,0.5940167308,-1.548272371,-1.978717685,0.8438438773,-1.482668996
hjcdik,8,1.618795872,1.7199862,-2.059965372,-1.631964445,-0.04153588042,1.969987392,-2.044855595
hjcdik,8,1.007204652,0.3836317658,-0.1990534216,-1.53275454,-1.692119718,1.04859519,-1.430104852
hjcdik,8,1.366303563,0.4524846077,-0.671410799,-1.531378746,-1.524125576,1.185174227,-1.425645351
hjcdik,8,0.0322566852,0.6275314093,1.112515807,-1.582750201,-2.344803095,0.6543255448,-1.620216012
hjcdik,8,-1.428964138,-1.496614337,1.246709704,-1.621607184,-0.3425300717,1.928591013,-1.863074064
hjcdik,8,-1.443297267,-1.53908968,1.21716857,-1.624632239,-0.2878304422,1.940982819,-1.895437837
hjcdik,8,-1.438716173,-1.52597785,1.226341367,-1.623742461,-0.3048381209,1.937363982,-1.885329843
hjcdik,8,-1.497045636,-1.669082284,1.122028232,-1.630946159,-0.1130969003,1.966044188,-2.001036406
hjcdik,9,-1.618596077,-1.4470191,2.877210617,-1.205549717,-2.424670935,0.7709162235,-1.57967782
hjcdik,9,1.83392477,1.629909158,-0.7423796058,-1.160700202,-1.813694119,1.035044909,-1.426234961
hjcdik,9,-2.119344473,-1.463240862,-2.797767162,-1.235244751,2.834670305,0.678839922,-2.056207657
hjcdik,9,1.419311762,1.422608495,-0.1295577288,-1.221993566,-2.625418901,0.7166250348,-1.660603762
hjcdik,9,1.420436263,1.422793508,-0.1309731752,-1.221828222,-2.623217821,0.7171251774,-1.659655213
hjcdik,9,-1.599764228,-1.453112602,2.851688623,-1.202402949,-2.388561726,0.7825270891,-1.56646049
hjcdik,9,0.9441481233,1.49813807,0.4423598945,-1.224762201,2.663322449,0.7083511949,-2.13474369
hjcdik,9,-2.197659492,-1.498248219,-2.698953152,-1.224728584,2.662847757,0.708450973,-2.134952784
hjcdik,9,1.406781435,1.420664787,-0.1138477325,-1.223804712,-2.649991512,0.7111890316,-1.671277046
hjcdik,9,0.7029746771,1.68446815,0.8052394986,-1.178505182,2.106133223,0.8917681575,-2.331932306
hjcdik,9,1.92358315,1.728833199,-0.9137528539,-1.155764222,-1.612503529,1.146482587,-1.412494063
hjcdik,9,1.322255373,1.413005352,-0.01051429939,-1.234393954,-2.818045616,0.6811370254,-1.747808456
hjcdik,9,-1.325287819,-1.613732576,2.430429459,-1.162331462,-1.850807071,1.01545465,-1.430871844
hjcdik,9,1.665014744,1.506979823,-0.4662511051,-1.182157397,-2.152360439,0.8717476726,-1.491906881
hjcdik,9,0.6723727584,1.71990478,0.8615344167,-1.172814965,2.028849125,0.9269632101,-2.34987855
hjcdik,9,-1.458149076,-1.51733017,2.647383928,-1.179324865,-2.116687059,0.8871275783,-1.482591748
hjcdik,9,1.048720479,1.453649759,0.3116130531,-1.237877011,2.892154455,0.6718341112,-2.028731346
hjcdik,9,1.453393579,1.428973913,-0.172885403,-1.216832399,-2.55896759,0.7326532602,-1.63252151
hjcdik,9,0.6964331269,1.691743135,0.816996634,-1.177258253,2.089829683,0.8990164995,-2.335935116
hjcdik,9,-1.633599043,-1.44254148,2.897300005,-1.208037853,-2.453491926,0.7620484233,-1.590542078
hjcdik,9,-1.272071123,-1.665591359,2.333920479,-1.158008575,-1.736632466,1.076781034,-1.418686867
hjcdik,9,1.642715335,1.495305061,-0.4330121577,-1.185685277,-2.19532609,0.8538623452,-1.503832579
hjcdik,9,1.401210666,1.419868469,-0.1068987772,-1.224592805,-2.660942316,0.7088521719,-1.676080704
hjcdik,9,-1.317486644,-1.620781064,2.41669178,-1.161586285,-1.834449768,1.024045587,-1.428748488
hjcdik,9,1.321564317,1.41298151,-0.009685730562,-1.23446691,-2.819437265,0.6809399128,-1.748464584
hjcdik,9,1.337737203,1.413704157,-0.02913384512,-1.232699752,-2.786947727,0.6857600808,-1.733235002
hjcdik,9,1.682130694,1.516571164,-0.4922017157,-1.179523706,-2.119234562,0.8860135078,-1.483238935
hjcdik,9,0.6598023176,1.735563278,0.8856851459,-1.170599818,1.996268749,0.9424159527,-2.356653214
hjcdik,9,1.821683645,1.618573546,-0.7206212282,-1.161813617,-1.839541316,1.021363974,-1.429396272
hjcdik,9,1.36693275,1.415878296,-0.06459816545,-1.229185581,-2.728699684,0.6955658197,-1.706408501
hjcdik,9,1.32912147,1.413276553,-0.01875730418,-1.233657837,-2.80423522,0.6831376553,-1.741316557
hjcdik,9,1.634653449,1.491305947,-0.4211482406,-1.18698287,-2.210817575,0.8475887179,-1.50831902
hjcdik,9,1.365848541,1.415777445,-0.06327243149,-1.22932303,-2.730853558,0.6951765418,-1.707388997
hjcdik,9,-2.124562263,-1.465260148,-2.791357517,-1.234667778,2.823304892,0.6803968549,-2.061583042
hjcdik,9,-1.633599043,-1.44254148,2.897300005,-1.208037853,-2.453491926,0.7620484233,-1.590541959
hjcdik,9,0.8239558935,1.573729396,0.6089690328,-1.20281148,2.393250704,0.7809888124,-2.243720055
hjcdik,9,-2.360684633,-1.608484983,-2.466825485,-1.194087386,2.293582201,0.8156849146,-2.277967691
hjcdik,9,1.297331452,1.412540674,0.01922439225,-1.236849308,-2.868422747,0.6745504737,-1.771742105
hjcdik,9,-1.486405253,-1.501722336,2.690067768,-1.183699846,-2.171318293,0.8637686372,-1.497074842
hjcdik,9,1.04872036,1.453649759,0.3116132617,-1.237877131,2.892154217,0.6718339324,-2.028731346
hjcdik,9,1.94111371,1.752165318,-0.9503905177,-1.155611753,-1.569795609,1.171001434,-1.412075043
hjcdik,9,1.469669938,1.432578087,-0.1939036399,-1.214266181,-2.527412653,0.7409408689,-1.619612694
hjcdik,9,1.003149867,1.470844626,0.3673949838,-1.233040452,2.793012857,0.6848249435,-2.07580781
hjcdik,9,-1.287784338,-1.649319053,2.363132,-1.159091592,-1.771026134,1.057986736,-1.421707034
hjcdik,9,1.307677746,1.41263485,0.006912452169,-1.235872388,-2.847462893,0.6771552563,-1.761738658
hjcdik,9,0.8473295569,1.556693792,0.5747660995,-1.207443357,2.446576834,0.7641435862,-2.223962307
hjcdik,9,1.460229635,1.43044281,-0.1816866547,-1.215761304,-2.545701504,0.73608464,-1.62705946
hjcdik,9,1.874139071,1.670539618,-0.8163825274,-1.157723665,-1.726399422,1.082421303,-1.417897463
hjcdik,9,-1.261027694,-1.677556038,2.312989712,-1.157354712,-1.71205771,1.090361238,-1.416874528
hjcdik,9,-1.220133185,-1.726109982,2.232194901,-1.155804038,-1.617583275,1.14358139,-1.412601829
hjcdik,10,-0.5587893724,0.9740436077,-2.557296276,-0.7968953252,0.8715705276,1.405982137,-1.78230381
hjcdik,10,-1.132977843,0.1547724456,0.1910471618,-0.7708703876,-1.257281303,1.272445083,-1.202847242
hjcdik,10,-0.8846205473,0.607542336,-1.522712111,-0.08720815927,0.1253098994,1.220561624,-1.525164843
hjcdik,10,-0.1004354805,0.3304859698,-1.424976587,-0.8153474331,-0.649353981,1.471802473,-1.31023407
hjcdik,10,1.588213682,-0.1973391473,-2.348220587,-0.7644912004,-1.447335243,1.203329086,-1.191166639
hjcdik,10,-0.9604946375,0.5586503148,-0.1127240062,-0.08805525303,-1.207720876,1.195354223,-1.485036969
hjcdik,10,2.115391016,-0.5699342489,-2.414637327,-0.08801411092,-1.992467046,1.164942026,-1.485903025
hjcdik,10,-0.4637562931,0.1803785264,-0.7139614224,-0.7859287858,-1.011989951,1.359292626,-1.233296394
hjcdik,10,-1.776784539,0.6262475848,1.98502636,-0.8181009293,-2.526299477,0.865801394,-1.319315553
hjcdik,10,-1.686812758,0.7442705035,2.158945084,-0.8398520947,-2.854997635,0.8128996491,-1.420175552
hjcdik,10,-0.4911392033,0.1767417192,-0.6740891337,-0.7849807739,-1.024981737,1.354830623,-1.231242537
hjcdik,10,1.887707233,-0.1607843041,-2.786986589,-0.7689138055,-1.301731348,1.256328225,-1.199195027
hjcdik,10,-1.22753346,0.1591647267,0.318595916,-0.7693331838,-1.291661859,1.259984374,-1.19997251
hjcdik,10,-0.5853353143,0.166717276,-0.5407321453,-0.7820997238,-1.065710187,1.340715766,-1.225125194
hjcdik,10,-0.6561261415,1.014671564,-2.69663763,-0.7821317315,1.065233827,1.340881467,-1.815753818
hjcdik,10,1.308679223,-0.5089911819,-1.351819754,-0.7935215831,-2.228280783,0.9405881166,-1.250509381
hjcdik,10,-0.9095762372,0.1519637108,-0.1049612984,-0.7747918367,-1.181702852,1.299667001,-1.210362673
hjcdik,10,-0.1929673105,0.2522646785,-1.170517683,-0.8012750149,-0.818505168,1.422735214,-1.269711494
hjcdik,10,-1.027550697,0.1522011608,0.05086477473,-0.7726581693,-1.221092343,1.285513997,-1.206239939
hjcdik,10,1.885609984,-0.1609216034,-2.784109831,-0.7688800693,-1.302544117,1.256032944,-1.199133515
hjcdik,10,-0.1667195112,0.6435636878,-1.968667626,-0.8467811346,-0.01851234958,1.565235615,-1.513870239
hjcdik,10,-0.4726815224,0.1791521311,-0.7008999586,-0.7856134176,-1.016292453,1.357817054,-1.232610583
hjcdik,10,-0.5045386553,0.1750940233,-0.6547858119,-0.784535706,-1.031122446,1.352714181,-1.230289459
hjcdik,10,-1.736341357,0.6847322583,2.072804213,-0.8299235106,-2.684430838,0.8359674811,-1.365116119
hjcdik,10,-1.429820776,0.1772336811,0.6034674048,-0.7662087679,-1.377868176,1.228626132,-1.194248557
hjcdik,10,2.103246689,-1.065372109,-0.1216607392,-0.7688601613,1.838581562,1.064141631,-1.841849566
hjcdik,10,2.244811535,-0.6390098929,0.9957184792,-0.08764921129,0.7514324188,1.210282803,-1.546230435
hjcdik,10,-1.190169692,0.15717417,0.2679174542,-0.7699344754,-1.277783632,1.265018821,-1.201092362
hjcdik,10,-1.754313111,0.6601441503,2.036435604,-0.8251157999,-2.616963625,0.8477547765,-1.344877005
hjcdik,10,-0.9816361666,0.1517850757,-0.009830227122,-0.773467958,-1.205708861,1.291051507,-1.207796931
hjcdik,10,1.924502492,-0.1585728824,-2.837203741,-0.7695006728,-1.287738323,1.261408329,-1.200283527
hjcdik,10,2.33918047,-0.1541455984,2.894758701,-0.7769088745,-1.145598769,1.312556982,-1.21453774
hjcdik,10,2.490871191,-1.012738347,0.4527743459,-0.7828764319,1.054511189,1.344615102,-1.814189196
hjcdik,10,-1.128103256,0.1546012759,0.1845279485,-0.7709520459,-1.255568027,1.273065209,-1.202999115
hjcdik,10,-1.044664979,0.5846306086,1.102040172,-0.08768305928,-2.355404377,1.153320551,-1.49376452
hjcdik,10,2.089598417,-0.6112032533,-1.506718278,-0.08725348115,-2.88963747,1.143262863,-1.511112094
hjcdik,10,2.091212273,-0.5946674347,-1.828081608,-0.08748304844,-2.56477046,1.148240209,-1.499938369
hjcdik,10,-1.386360645,0.9695814848,2.546145201,-0.8243907094,2.607242584,0.8495711684,-1.698904872
hjcdik,10,-0.8034979701,0.1541113704,-0.245391041,-0.7768867016,-1.145970583,1.31242466,-1.214492559
hjcdik,10,2.112809658,-0.5713566542,-2.371988535,-0.08798151463,-2.033228159,1.163491964,-1.486576438
hjcdik,10,-0.6157103777,0.9993134737,-2.638403893,-0.7879409194,0.9850030541,1.368493557,-1.803227663
hjcdik,10,1.312310338,-0.5197909474,-1.332375646,-0.7956702113,-2.254957914,0.9330527782,-1.255649805
hjcdik,10,1.867767215,-0.1621365547,-2.759570599,-0.7685981989,-1.309528232,1.253495574,-1.198612571
hjcdik,10,-0.8869206309,0.5983809829,-1.344161391,-0.08719582111,-0.04923901334,1.220820785,-1.518626928
hjcdik,10,2.353350639,-0.1546129137,2.875908852,-0.7772064805,-1.140731692,1.314287782,-1.215129018
hjcdik,10,-1.241738558,0.1600146294,0.3379771113,-0.7691070437,-1.297058225,1.258025408,-1.19955194
hjcdik,10,-0.9359560013,0.5628620386,-0.4119841754,-0.08782463521,-0.9309635162,1.204986453,-1.490146279
hjcdik,10,-0.7725265622,0.1551830322,-0.2866257429,-0.7775413394,-1.135296464,1.316218257,-1.215797901
hjcdik,10,-1.305881858,1.004654408,2.648174286,-0.8093326688,2.419491291,0.8900669217,-1.749097228
hjcdik,10,-0.6380733252,0.1624859869,-0.4680118263,-0.7806876898,-1.086489439,1.33344686,-1.222191691
hjcdik,11,-2.226175547,1.436951041,-1.659909606,-0.3069785535,-0.2420456856,1.476741433,-0.9495998621
hjcdik,11,-2.22590065,1.435056448,-1.6495924,-0.3071148098,-0.2523726523,1.476444364,-0.9483200312
hjcdik,11,1.085695028,-1.484205961,1.372703433,-0.6260702014,-0.1512994766,1.622438312,-0.941385746
hjcdik,11,0.9082809091,-1.469419837,1.302287579,-0.3055342734,-0.06225490198,1.479930043,-0.9720641375
hjcdik,11,0.9167287946,-1.378763914,1.795773149,-0.3133914173,-0.5552498698,1.462096453,-0.9118306637
hjcdik,11,0.9134991169,-1.448060751,1.42090106,-0.306299299,-0.1811721027,1.478243709,-0.9571713209
hjcdik,11,0.9158995748,-1.433542848,1.500233531,-0.3072258532,-0.260612458,1.4761976,-0.9473001361
hjcdik,11,1.067388415,-1.550082326,1.199007034,-0.6284571886,0.03279769793,1.626625896,-0.9882920384
hjcdik,11,0.9179775715,-1.401409745,1.673770666,-0.3103488982,-0.4339312017,1.469151497,-0.9261544347
hjcdik,11,-2.052639008,1.456760526,-1.698155642,-0.6230378151,-0.2259955257,1.617096543,-0.9228945971
hjcdik,11,0.9099570513,-1.463407516,1.335952878,-0.3056747019,-0.09601857513,1.47961843,-0.967826128
hjcdik,11,0.9149895906,-1.365998268,1.864976287,-0.3154025972,-0.6238147616,1.457331419,-0.9039728642
hjcdik,11,-2.052266121,1.450996399,-1.683276057,-0.6222579479,-0.2416553497,1.615720034,-0.919087708
hjcdik,11,1.089727759,-1.427272558,1.519931555,-0.6185404658,-0.3062371314,1.609139562,-0.9037030339
hjcdik,11,-2.542612314,1.338395953,1.051665783,-0.3070015907,-2.897499561,1.206820011,-0.9493463039
hjcdik,11,1.077229261,-1.521520972,1.275564551,-0.6283184886,-0.04833125696,1.626382709,-0.9675068855
hjcdik,11,0.4184832275,-1.509954095,-1.348978639,-0.5984356403,2.593626976,1.106713533,-1.107674122
hjcdik,11,-2.070515156,1.540379524,-1.916266441,-0.6285737157,0.004929258488,1.626829386,-0.9811509252
hjcdik,11,-2.063808918,1.519594431,-1.860952616,-0.6282564998,-0.05371456221,1.626276135,-0.9661303163
hjcdik,11,0.3996299207,-1.412234426,-1.610647798,-0.6221305728,2.897500038,1.067298055,-1.041276574
hjcdik,11,-2.052792549,1.45875752,-1.70330584,-0.6232977509,-0.2205705196,1.617553473,-0.9242196083
hjcdik,11,1.078419685,-1.517327309,1.286602616,-0.6281759143,-0.06003875658,1.62613678,-0.9645140767
hjcdik,11,-2.235807896,1.477430224,-1.884560823,-0.305437386,-0.01685767062,1.480138421,-0.9777683616
hjcdik,11,-2.057015419,1.490621328,-1.785458088,-0.6266160011,-0.1337562203,1.623394847,-0.945795238
hjcdik,11,-2.079293013,1.562099099,-1.975738406,-0.6280693412,0.06784678251,1.625945926,-0.9972541332
hjcdik,11,-2.568232536,1.433436394,1.59019196,-0.3081175089,2.822031021,1.20914042,-1.019736886
hjcdik,11,-2.05390811,1.470027328,-1.732345343,-0.6246426702,-0.1899373382,1.619929075,-0.9317576289
hjcdik,11,1.081466198,-1.505419254,1.317745686,-0.6276190877,-0.09306848049,1.625162363,-0.9560956359
hjcdik,11,0.8881146312,-1.518100142,1.017666936,-0.3067468405,0.2232106626,1.477252245,-1.007836938
hjcdik,11,0.3996299207,-1.412234426,-1.610647678,-0.622130692,2.897500038,1.067297935,-1.041276574
hjcdik,11,-2.223697424,1.408706307,-1.507092476,-0.3095116615,-0.3947774768,1.471053362,-0.9308720231
hjcdik,11,-2.058252096,1.496939778,-1.801815391,-0.6270884871,-0.1164251342,1.624225259,-0.950171411
hjcdik,11,-2.741961479,1.412234545,1.530945063,-0.6221281886,2.897500038,1.067298889,-1.041276455
hjcdik,11,1.088977575,-1.456463814,1.4442029,-0.6230023503,-0.2268023193,1.617029309,-0.9226974845
hjcdik,11,1.070996523,-1.540601969,1.2247262,-0.6285717487,0.005565134343,1.626827002,-0.9813139439
hjcdik,11,-2.567078829,1.420193553,1.518520117,-0.3070017397,2.897500038,1.206819892,-1.01042819
hjcdik,11,-2.054062128,1.47132051,-1.735676408,-0.6247860789,-0.1864193529,1.620180607,-0.9326289296
hjcdik,11,-2.5686481,1.445898294,1.657192945,-0.309412539,2.751441479,1.211885691,-1.028341651
hjcdik,11,0.3996298015,-1.412234426,-1.610647559,-0.6221308708,2.897500038,1.067297816,-1.041276693
hjcdik,11,-2.051857471,1.427614689,-1.622555614,-0.6186003685,-0.3053032458,1.6092453,-0.9039214253
hjcdik,11,-2.224911213,1.427002668,-1.60586679,-0.3077414036,-0.2961170375,1.475042224,-0.9429187179
hjcdik,11,-2.052330732,1.45213604,-1.686219692,-0.6224171519,-0.2385592908,1.615999699,-0.9198380113
hjcdik,11,1.076660156,-1.523447037,1.270479679,-0.6283715963,-0.04293798655,1.626477122,-0.9688867331
hjcdik,11,0.91656214,-1.428111315,1.529717803,-0.3076498508,-0.2901089489,1.475248337,-0.9436584711
hjcdik,11,-2.053827286,1.46934402,-1.730584741,-0.6245694757,-0.1917967051,1.619795918,-0.9312973022
hjcdik,11,-2.068134785,1.53355062,-1.897948623,-0.6285540462,-0.01448331401,1.626793504,-0.9761750102
hjcdik,11,-2.05284071,1.45935297,-1.704840899,-0.6233741045,-0.2189532518,1.617687583,-0.9246150255
hjcdik,11,0.4405594468,-1.256726503,-2.032489538,-0.6221269965,-2.897500038,1.067299604,-0.9184983373
hjcdik,11,1.059318066,-1.568554997,1.14774704,-0.6277449131,0.08695741743,1.625376701,-1.002124786
hjcdik,11,-2.05224514,1.41727221,-1.595410824,-0.6167307496,-0.3336046934,1.605924845,-0.8973546028
hjcdik,12,0.556827724,-1.115822911,0.5177533627,-2.916390181,-0.6146414876,1.75010705,-0.5581453443
hjcdik,12,2.579468012,-1.516645193,-0.763890028,-2.679829359,-1.007651925,0.2338215858,0.588938117
hjcdik,12,1.244508862,-0.9423972368,-0.02139363438,-2.853455782,-0.9288703203,1.333600283,-0.2005003542
hjcdik,12,0.8448899984,-0.9979926944,0.2865891159,-2.887643099,-0.7830203176,1.57572639,-0.3803284466
hjcdik,12,-2.260970592,0.9884682298,-2.883076191,-2.88437295,-0.7991337776,1.554148912,-0.3620279729
hjcdik,12,1.680536032,-0.9967517257,-0.3348956108,-2.817288637,-1.035387516,1.047875166,-0.02813434973
hjcdik,12,-1.583796382,0.9694307446,2.891366482,-2.82782793,-1.009179473,1.132821798,-0.07713215798
hjcdik,12,-0.8952175975,1.260646582,2.485166788,-2.754143715,-1.10511148,0.5754867792,0.2549510896
hjcdik,12,1.457932949,-0.9542733431,-0.1789858788,-2.836105824,-0.9858053923,1.198888421,-0.1162419245
hjcdik,12,0.76693964,-1.022333503,0.3482090831,-2.894986391,-0.7448706627,1.622891545,-0.4225839674
hjcdik,12,1.292120934,-0.9426429868,-0.05707730353,-2.849588871,-0.9424985051,1.30413115,-0.1814124882
hjcdik,12,0.7632786036,-1.023602486,0.3511171043,-2.895339012,-0.7429670691,1.625109911,-0.4246563613
hjcdik,12,-1.592218876,0.9679110646,2.897300005,-2.828534365,-1.007280231,1.138489962,-0.08044598997
hjcdik,12,1.352595568,-0.9449456334,-0.1019951776,-2.844685793,-0.9589996338,1.266275525,-0.1574792564
hjcdik,12,0.02604020014,-1.635221601,1.00029552,-2.958299398,0.08524683863,1.957311511,-1.192161202
hjcdik,12,-1.545357227,0.9769384265,2.864476204,-2.824579954,-1.017682552,1.106705904,-0.06194421276
hjcdik,12,0.9884178638,-0.9655079842,0.1744412929,-2.874825954,-0.8433750868,1.489152908,-0.3101374805
hjcdik,12,2.082585096,-1.159681678,-0.5787229538,-2.776427746,-1.097979307,0.7282567024,0.1562512964
hjcdik,12,0.1759484708,-1.432933331,0.854724586,-2.955248117,-0.1873847693,1.943950057,-0.9539282918
hjcdik,12,-1.592218876,0.9679110646,2.897300005,-2.828534365,-1.007280231,1.138489842,-0.08044598252
hjcdik,12,-0.8388311267,1.299868941,2.46219945,-2.745079517,-1.102654815,0.519880712,0.2950362563
hjcdik,12,-0.007050155662,-1.68717134,1.031174779,-2.9565835,0.1514610648,1.949828863,-1.250123858
hjcdik,12,-2.808450937,1.273087144,-2.43289876,-2.940907717,-0.4053258002,1.87767303,-0.7581973672
hjcdik,12,0.1037529781,-1.523711205,0.9249953628,-2.95865798,-0.06313494593,1.958865166,-1.062785745
hjcdik,12,0.2742686272,-1.327394605,0.7620429397,-2.946956873,-0.3318895996,1.906345248,-0.8251456022
hjcdik,12,0.1726073027,-1.436874628,0.8579464555,-2.955467701,-0.1819688976,1.944920421,-0.9586995244
hjcdik,12,1.026055336,-0.9594273567,0.1453005224,-2.871588945,-0.8574826121,1.46645689,-0.2930057645
hjcdik,12,1.276614666,-0.9424110651,-0.04548537359,-2.850847006,-0.9381243587,1.313758016,-0.187601462
hjcdik,12,2.73738265,-1.646435618,-0.8104760647,-2.606837511,-0.785468936,0.07720939815,0.9541025758
hjcdik,12,1.97888577,-1.106248736,-0.5220754147,-2.788357496,-1.086280346,0.8178749084,0.1030676365
hjcdik,12,-1.588264823,0.9686189294,2.894512653,-2.828202963,-1.008173466,1.135831356,-0.07889071852
hjcdik,12,-0.4354991615,1.620984435,2.343248844,-2.625146866,-0.850818634,0.1065304875,0.8560880423
hjcdik,12,-1.289034963,1.052092791,2.694945097,-2.801373243,-1.06727314,0.9199268818,0.04452309385
hjcdik,12,1.195257306,-0.9436066747,0.01578710973,-2.857475042,-0.9141250253,1.363832831,-0.2205538005
hjcdik,12,-0.4899060428,1.576334,2.359585047,-2.651911974,-0.9347978234,0.1599495262,0.7215753198
hjcdik,12,1.796934485,-1.031939268,-0.4115324616,-2.806707382,-1.057632565,0.9625840783,0.02032377757
hjcdik,12,0.3609536588,-1.249517441,0.6840248704,-2.937909842,-0.4369400144,1.863067269,-0.7289583683
hjcdik,12,2.129593611,-1.18660593,-0.6025980711,-2.770534039,-1.101723194,0.6858100891,0.1824122816
hjcdik,12,2.823878288,-1.717391849,-0.8708919883,-2.54365921,-0.4903231561,0.005481324159,1.367549658
hjcdik,12,1.113584757,-0.9489456415,0.07798116654,-2.86421299,-0.8880476356,1.413544297,-0.2547190785
hjcdik,12,2.543293715,-1.486836314,-0.7549352646,-2.691400051,-1.032961011,0.2715020478,0.5355822444
hjcdik,12,-1.274487138,1.057730556,2.685940504,-2.799942732,-1.069677353,0.9085502028,0.05099133402
hjcdik,12,1.112213969,-0.9490715861,0.07903023064,-2.864327192,-0.8875909448,1.414375305,-0.2553043365
hjcdik,12,2.452042103,-1.412950277,-0.7302402258,-2.715572357,-1.075011134,0.3669828475,0.4262142479
hjcdik,12,-0.9987921715,1.194472313,2.532505512,-2.768813848,-1.102562308,0.6736790538,0.1900379807
hjcdik,12,-0.7551555634,1.361784339,2.431935787,-2.729726553,-1.091840744,0.4350007772,0.3630867302
hjcdik,12,2.186548471,-1.221462846,-0.6298674345,-2.762889147,-1.104579926,0.6328578591,0.2162733227
hjcdik,12,-0.7035449743,1.401871443,2.415522099,-2.718781233,-1.079368114,0.3815683722,0.4118588865
hjcdik,12,-0.003958474379,-1.682205439,1.02834034,-2.956786156,0.1452312022,1.950716376,-1.24465692
hjcdik,12,0.04155649617,-1.611780763,0.9854794741,-2.958766699,0.05467638746,1.959336519,-1.165480614
hjcdik,13,2.30386591,1.188094974,-1.649376512,-2.334615946,0.919545114,1.516753912,-1.054772973
hjcdik,13,-1.787301183,0.005988209508,2.582303286,-2.420890808,-0.04437357932,2.006840229,-0.2457459718
hjcdik,13,0.3581669629,-0.005614422727,0.436711818,-2.420941591,-0.03881594911,2.007055759,-0.250422895
hjcdik,13,-0.6456435919,1.581079006,1.744136572,-2.293047905,-1.155661702,1.148539424,0.6717252135
hjcdik,13,-0.7396600842,0.8221654892,1.606373429,-2.362433195,-0.7465726733,1.706634879,0.3456481099
hjcdik,13,-0.7022217512,1.208497047,1.661173582,-2.325012207,-0.9750730991,1.441900492,0.5334148407
hjcdik,13,-0.7992451191,-0.7369087934,1.546649337,-2.378952265,0.6283993721,1.803340197,-0.8126555085
hjcdik,13,-0.6665984392,1.463234663,1.714135408,-2.302618742,-1.101406932,1.244537711,0.6317720413
hjcdik,13,-0.8078366518,-0.8562005758,1.536342978,-2.367221594,0.7139415741,1.735780835,-0.8845128417
hjcdik,13,-1.404222131,0.008618528955,2.199309826,-2.420851946,-0.04817015305,2.006676435,-0.2425509989
hjcdik,13,-0.300585568,-0.01114579197,1.095297337,-2.420999527,-0.03127075732,2.007302046,-0.2567722797
hjcdik,13,-0.8226116896,-1.035177112,1.515317559,-2.349452734,0.8301901817,1.622632742,-0.9814015031
hjcdik,13,1.178283691,-0.005475571845,-0.3833066523,-2.420901537,-0.04324301705,2.006886244,-0.2466972619
hjcdik,13,-0.7892116308,-0.5862641335,1.555127501,-2.393015623,0.5102772713,1.877732277,-0.7130930424
hjcdik,13,-0.7822902203,0.2684402764,1.586183548,-2.411087513,-0.3029127717,1.963978052,-0.02800958231
hjcdik,13,-0.9545711279,0.02810312435,1.750131488,-2.420586348,-0.06884393841,2.005548477,-0.2251519859
hjcdik,13,-0.7924426794,-0.6356083155,1.552932858,-2.388548851,0.5502393246,1.854838252,-0.7467998266
hjcdik,13,-0.8099683523,-0.8840513825,1.53350234,-2.364452839,0.7329470515,1.719042897,-0.9004278779
hjcdik,13,-0.7840027809,0.2536467016,1.587156057,-2.411978245,-0.2890538871,1.967980862,-0.03969306126
hjcdik,13,-0.7608379126,0.5311382413,1.585310578,-2.390583515,-0.532374084,1.865348577,0.165558055
hjcdik,13,2.356187582,0.5281375051,-1.584646463,-2.398037434,0.4616137147,1.902697802,-0.6720340252
hjcdik,13,2.304421902,1.182930946,-1.648518682,-2.33510828,0.9166594148,1.520449519,-1.052425385
hjcdik,13,-1.067628503,0.01751068048,1.862937927,-2.420737982,-0.05796860531,2.00619173,-0.2343047708
hjcdik,13,-1.733722448,0.006203898694,2.528733492,-2.420886755,-0.04476500303,2.006824017,-0.2454164028
hjcdik,13,-0.9016768932,-1.627639174,1.396565795,-2.295838594,1.139742136,1.177361846,-1.226360917
hjcdik,13,-1.774994969,0.006034809165,2.569999218,-2.420889854,-0.04446095973,2.006836653,-0.245672524
hjcdik,13,-0.7297143936,-0.1059987247,1.52229929,-2.420645237,0.06484019011,2.00579834,-0.3376536369
hjcdik,13,-0.5091545582,-0.01938541234,1.303672791,-2.421051502,-0.02246697061,2.007522106,-0.2641813159
hjcdik,13,-0.002978887875,-0.007293718401,0.797794342,-2.420964718,-0.0359659642,2.007154942,-0.2528211772
hjcdik,13,-0.8281571269,-1.094454408,1.50692451,-2.343642235,0.8658229113,1.582496047,-1.01081109
hjcdik,13,-0.7206815481,1.03765142,1.633341074,-2.341183186,-0.8806385398,1.565004468,0.456810385
hjcdik,13,1.54103291,-0.006906492636,-0.7459967136,-2.420875788,-0.04588478804,2.006777048,-0.2444739938
hjcdik,13,1.177476525,-0.005473740865,-0.3824996352,-2.420901537,-0.0432381928,2.006886482,-0.2467012256
hjcdik,13,1.693294764,-0.008135788143,-0.8982210159,-2.420858383,-0.04756226018,2.006703615,-0.2430622131
hjcdik,13,-0.7488948107,0.7004287839,1.595272899,-2.374492407,-0.6619953513,1.778275371,0.2747387886
hjcdik,13,-0.8158233166,0.1100371033,1.613510847,-2.41862154,-0.1505165696,1.997148156,-0.1564018279
hjcdik,13,2.419925928,-1.027548909,-1.509718418,-2.342163086,-0.874753356,1.572010398,0.4519787133
hjcdik,13,-1.014664769,0.0212364234,1.810062766,-2.42068696,-0.06182960048,2.005975962,-0.2310551107
hjcdik,13,-1.055505157,0.018238822,1.850831866,-2.420727968,-0.05872794986,2.006150484,-0.2336656749
hjcdik,13,-2.102026463,0.005235739984,2.896986008,-2.420908689,-0.04246247932,2.006917477,-0.2473541647
hjcdik,13,1.890687346,-0.01105945185,-1.095535278,-2.420820951,-0.05103355274,2.006544113,-0.2401408851
hjcdik,13,0.3657688498,-0.005594694056,0.4291110337,-2.420940876,-0.0388629362,2.007053852,-0.2503830791
hjcdik,13,-2.726624727,0.005477456376,-2.761674643,-2.420938492,-0.03915961459,2.007043123,-0.2501334846
hjcdik,13,-0.7466581464,-0.1547393501,1.5380404,-2.419694662,0.1134280711,2.001748323,-0.3785490692
hjcdik,13,-0.6603457928,1.500433922,1.723182321,-2.299541712,-1.118758559,1.214531779,0.644736588
hjcdik,13,-0.9220296741,-1.724817395,1.367956042,-2.288196564,1.183644414,1.096647501,-1.257759333
hjcdik,13,-0.6222628355,1.692776442,1.776590228,-2.284467459,-1.205514312,1.055080295,0.7066886425
hjcdik,13,-0.7719128132,0.3802220523,1.582735896,-2.403321266,-0.4045924544,1.928119302,0.05774702504
hjcdik,13,0.8459933996,-0.005088926293,-0.0510561876,-2.420918226,-0.04145337641,2.006957054,-0.2482033968
hjcdik,13,-0.8290255666,-1.103389025,1.505597949,-2.342772484,0.8710806966,1.576343298,-1.015135407
hjcdik,14,-0.01815665141,0.9806818962,2.377468586,-1.982002974,2.641596794,0.621512413,0.1026742607
hjcdik,14,0.1083301157,1.080083251,2.368268013,-1.961323261,2.424850464,0.6974084973,-0.02762102149
hjcdik,14,-1.380829811,-1.742330432,0.1878679097,-1.954885483,0.7771339417,2.130346298,-0.06152609363
hjcdik,14,-0.9727128148,-1.624969721,0.4007123709,-1.998250723,0.2517911792,2.318581104,0.262740314
hjcdik,14,-0.1149539798,0.9105144739,2.400355101,-1.994448423,2.816391706,0.5828696489,0.2145891786
hjcdik,14,-1.029671788,-1.647270203,0.376521945,-1.993795395,0.3363144398,2.302478313,0.2073485702
hjcdik,14,-0.9442568421,0.5629508495,2.831535339,-1.957320571,-2.387093782,0.7142437696,0.9099356532
hjcdik,14,0.2343712002,1.184181929,2.38355732,-1.940188408,2.230298519,0.7971681952,-0.1318418086
hjcdik,14,-0.1595576406,0.8802414536,2.414885044,-1.998596311,2.897500038,0.5709300041,0.2678183615
hjcdik,14,0.03056292795,1.018079042,2.371008873,-1.974404454,2.555993319,0.6474878788,0.04983172938
hjcdik,14,-0.4422778189,-1.339184761,0.5603395104,-1.974901915,-0.580275476,2.226921558,0.8078997135
hjcdik,14,0.4185217023,-0.7963519096,0.6078570485,-1.897032499,-1.427642584,1.554931283,1.164507151
hjcdik,14,1.376440883,-0.5278388858,0.1920986027,-1.910301328,-1.930843472,1.020468116,1.115737677
hjcdik,14,-2.108065128,-1.68653512,-0.3182053268,-1.897622108,1.412454844,1.571933985,-0.3014295399
hjcdik,14,2.456519127,-0.6272389889,-0.4631405175,-1.979769707,-2.615389585,0.6289434433,0.7746376991
hjcdik,14,-0.8953874111,0.5726563931,2.802108049,-1.961313367,-2.424750328,0.6974517703,0.888648808
hjcdik,14,1.61778605,-0.5154263377,0.04710657522,-1.920726418,-2.045580149,0.9243953228,1.075216651
hjcdik,14,-1.235301137,-1.711986899,0.2736907601,-1.97199142,0.6110106707,2.21407795,0.03446346149
hjcdik,14,1.234258413,-0.5440322757,0.273501426,-1.905235767,-1.864765644,1.081574798,1.134696245
hjcdik,14,-0.2177519202,-1.190251589,0.6069777608,-1.944870234,-0.8687165976,2.073192835,0.9713228941
hjcdik,14,1.937960744,1.703664422,-2.850551605,-1.975679159,0.5718802214,2.230293036,0.05819316581
hjcdik,14,2.390040874,1.521509886,-2.663156033,-2.003136873,-0.1000169739,2.335590839,0.4974038303
hjcdik,14,-1.084243536,-1.666882634,0.3515694439,-1.988689661,0.413979739,2.283276081,0.1571781784
hjcdik,14,1.048498273,1.691450953,2.834067583,-1.898126125,1.400476694,1.585291028,-0.2996225357
hjcdik,14,0.1660306454,1.12741065,2.372308493,-1.951450467,2.332844973,0.7404985428,-0.07875560224
hjcdik,14,-0.01096854825,0.9861184359,2.37629199,-1.980925918,2.628831148,0.6250756383,0.0946976766
hjcdik,14,-1.97170639,-1.725077271,-0.2202961743,-1.90340519,1.303799272,1.690755844,-0.280469656
hjcdik,14,0.2867213488,-0.8668256998,0.6285474896,-1.901460171,-1.335245132,1.656982422,1.148545504
hjcdik,14,0.2163032889,-0.907651484,0.6348642111,-1.904886484,-1.281813622,1.714004874,1.13598752
hjcdik,14,1.982315183,1.690991879,-2.827140093,-1.980721951,0.5151538849,2.251569986,0.09320637584
hjcdik,14,2.357855797,-0.5988975167,-0.4057932794,-1.970919251,-2.519507408,0.6600982547,0.8331550956
hjcdik,14,2.145054102,1.634523273,-2.75077033,-1.996510983,0.2875570059,2.312362432,0.2392156124
hjcdik,14,-0.8848532438,-1.586996198,0.4344452024,-2.002829552,0.1154484823,2.334540129,0.3532626927
hjcdik,14,-0.3480110168,-1.277621627,0.5815557241,-1.962183475,-0.7085254192,2.167943001,0.8838848472
hjcdik,14,2.563537121,-0.6640789509,-0.523753643,-1.989225745,-2.735158443,0.5985455513,0.6989547014
hjcdik,14,2.083703518,1.657627583,-2.77775526,-1.991243958,0.3768934906,2.292984962,0.181035623
hjcdik,14,0.3710112274,1.296661377,2.424905777,-1.920787215,2.046201468,0.923910737,-0.2140022963
hjcdik,14,-0.6146283746,-1.445345759,0.5171870589,-1.994689703,-0.3210090101,2.305758238,0.6436468363
hjcdik,14,0.3140048683,1.250204802,2.404838562,-1.928269267,2.119712591,0.869304955,-0.1834788024
hjcdik,14,-0.4768906236,-1.361256719,0.5520967245,-1.979385018,-0.5306209326,2.246024847,0.7773783803
hjcdik,14,-0.3265710175,-1.263381004,0.586089015,-1.959266663,-0.7362402678,2.153280735,0.8996733427
hjcdik,14,-1.890329003,0.5417311788,-2.877617359,-1.905799866,-1.872677684,1.074045897,1.132606149
hjcdik,14,-1.063364506,-1.659583807,0.3613221049,-1.990725994,0.3846637011,2.291033268,0.1760212481
hjcdik,14,-0.4860958755,0.7013145685,2.567409515,-1.99647212,-2.853291035,0.5769901872,0.6222442389
hjcdik,14,-0.8407256007,-1.566337824,0.449875474,-2.003876925,0.04487250373,2.33810997,0.4004436731
hjcdik,14,0.4225257635,-0.7943398356,0.6070500612,-1.896934628,-1.4303087,1.551939368,1.164855719
hjcdik,14,1.856099367,-0.5211513042,-0.1002044827,-1.933533669,-2.169185162,0.8355709314,1.022141218
hjcdik,14,-0.8270173669,-1.559710503,0.4544823468,-2.004015923,0.02274603583,2.338581562,0.415255487
hjcdik,14,0.5172151923,1.40944314,2.4915061,-1.906095147,1.876752615,1.070190072,-0.270539701
hjcdik,14,0.6746225357,-0.6838368773,0.5364493728,-1.894382,-1.584299445,1.377818942,1.173922539
hjcdik,15,-0.474983722,0.5234220028,1.337695956,-1.537902236,1.162115574,2.453386068,0.4233365953
hjcdik,15,-1.999626637,-0.2817796767,2.380036831,-1.527072906,1.82633245,1.945187807,0.3862543106
hjcdik,15,-0.506739378,0.6024243236,1.43272686,-1.547985792,1.050455928,2.515821218,0.4599203169
hjcdik,15,-1.620050192,-1.057675242,1.357747078,-1.603411794,2.639951229,1.398992419,0.7276690006
hjcdik,15,-1.629792213,-1.09849894,1.332557917,-1.60714972,2.685413599,1.381972671,0.754435122
hjcdik,15,-0.4794341326,0.5321741104,1.349271655,-1.538914919,1.15006721,2.460513115,0.4269135892
hjcdik,15,-0.002589610172,0.2580175102,0.6137303114,-1.519762278,1.532855749,2.191437006,0.3623258173
hjcdik,15,-1.670788407,-1.237453461,1.248267055,-1.617970824,2.845855713,1.334981561,0.8521206975
hjcdik,15,-0.4608403444,1.24228549,1.832227707,-1.619623423,-0.2639703751,2.749589205,1.207729936
hjcdik,15,-1.644478798,-1.153162003,1.299270868,-1.611797929,2.747457266,1.361389041,0.7916711569
hjcdik,15,-1.607213616,-0.9950737953,1.397249103,-1.597327471,2.571619511,1.427651763,0.6883877516
hjcdik,15,2.676555872,-0.5055792332,-1.828468561,-1.535919428,1.186475754,2.43868947,0.4163890183
hjcdik,15,-1.58661139,-0.8194851279,1.517956376,-1.578920484,2.387821198,1.522830844,0.5897085667
hjcdik,15,1.555142403,0.7448782921,-1.565178752,-1.570911646,2.312527895,1.569155931,0.5528661609
hjcdik,15,0.1401196569,0.2376864254,0.4387523234,-1.519595623,1.575420618,2.15695262,0.3617883921
hjcdik,15,-2.231842041,-0.2400153428,2.669512987,-1.523544192,1.755246639,2.005897522,0.3745986521
hjcdik,15,-1.58597517,-0.7598531246,1.564207554,-1.572515368,2.327538013,1.5595963,0.5600218177
hjcdik,15,-0.5322918892,0.8262016773,1.625053048,-1.586394191,0.6818434,2.666458368,0.62697047
hjcdik,15,-0.5071426034,0.6037863493,1.434201241,-1.548178196,1.048466802,2.516860247,0.4606397748
hjcdik,15,-1.60338974,-0.9734156728,1.41123867,-1.595142126,2.548350573,1.438252687,0.67529881
hjcdik,15,0.994056046,0.2516154349,-0.5749498606,-1.524576306,1.778366089,1.986151099,0.3779889643
hjcdik,15,-0.01885687001,0.2610085905,0.6340993047,-1.519814849,1.527392149,2.195813894,0.3624939024
hjcdik,15,-1.942345858,-1.732520938,0.8808235526,-1.614450693,-2.786803007,1.349913955,1.264008164
hjcdik,15,1.485136509,1.193321347,-1.86661756,-1.614905119,2.79391861,1.347969055,0.8200228214
hjcdik,15,2.63001132,-0.6198198795,-1.690391898,-1.550487876,1.024860263,2.528992891,0.46934852
hjcdik,15,2.68777442,-1.264482498,-1.298723578,-1.616773367,-0.3169262707,2.74343276,1.240687251
hjcdik,15,1.51358366,1.091348529,-1.804647923,-1.606510401,2.67739749,1.384854674,0.7496818304
hjcdik,15,1.164384604,0.287820518,-0.7908234596,-1.527561784,1.834797144,1.937970519,0.387883395
hjcdik,15,0.4620094299,0.2189078629,0.05727651343,-1.520375133,1.65236783,2.093138218,0.3642989099
hjcdik,15,1.529126048,1.022251606,-1.761647463,-1.600015163,2.601084471,1.414840698,0.7051774263
hjcdik,15,2.647864103,-1.120520115,-1.36273706,-1.62613225,0.03369364515,2.763110638,1.018232107
hjcdik,15,1.45661974,1.277768135,-1.917873263,-1.620413184,2.894115686,1.324811459,0.8822711706
hjcdik,15,-0.4928627014,0.5623683333,1.387055516,-1.542608261,1.107928753,2.48469758,0.4401411116
hjcdik,15,-1.614322782,-1.031286001,1.374248624,-1.600893378,2.610946655,1.410706162,0.7108484507
hjcdik,15,-1.685473442,-1.279136777,1.222881913,-1.620489597,2.895767689,1.324495554,0.8833081126
hjcdik,15,-0.3316541016,0.3708732128,1.063406587,-1.524456263,1.365796804,2.319046021,0.377592653
hjcdik,15,0.6557039022,0.2210841477,-0.1699250489,-1.521395683,1.694890499,2.057263374,0.367600739
hjcdik,15,-0.5301561952,0.7372977138,1.558999538,-1.569784641,0.8396054506,2.611964703,0.5478997231
hjcdik,15,0.2337903529,0.2289420366,0.3264813721,-1.519691586,1.599649668,2.137042999,0.3620955348
hjcdik,15,0.1840482056,0.233196944,0.3859085143,-1.519624233,1.587060213,2.147411823,0.361880362
hjcdik,15,1.551663518,0.6970872283,-1.524315834,-1.565826178,2.264901161,1.600522041,0.5308247209
hjcdik,15,-0.4450943172,1.290766239,1.85606432,-1.612871289,-0.3786421716,2.734750748,1.278581262
hjcdik,15,1.553736925,0.7201875448,-1.54445231,-1.568277001,2.287873983,1.585199118,0.5413284302
hjcdik,15,-0.1996813565,0.3082449138,0.870259583,-1.521236897,1.452332258,2.254644156,0.3670857251
hjcdik,15,-1.637686491,-1.128738999,1.314097404,-1.609776497,2.719568253,1.370264411,0.7748388052
hjcdik,15,2.664409161,-0.5276828408,-1.798223853,-1.538391829,1.156258583,2.456862688,0.4250639677
hjcdik,15,1.545886874,0.9223213792,-1.696510673,-1.589864492,2.494165897,1.464581251,0.6454449892
hjcdik,15,1.026654243,0.2570514083,-0.6152928472,-1.525039434,1.787988544,1.977929592,0.3795143664
hjcdik,15,0.7022759914,0.2230682075,-0.2247655541,-1.521709561,1.70531702,2.048419476,0.3686167002
hjcdik,15,-0.4407078028,0.4693937302,1.258692622,-1.53223443,1.235171676,2.40816927,0.4036679566
hjcdik,16,0.0789584443,0.701712966,-1.177996993,-1.143490314,1.858374238,2.623194695,0.9036493897
hjcdik,16,0.1576727331,0.9854249954,-1.615277767,-1.183843255,2.177549124,2.399188042,1.028310537
hjcdik,16,1.977535486,-0.536167264,-2.375006437,-1.282297373,0.1585436761,3.1606915,1.597874761
hjcdik,16,0.1132266894,1.238402963,-1.907561302,-1.222822785,2.42878747,2.233019114,1.176954627
hjcdik,16,-0.8996364474,0.4666699171,0.4453626275,-1.209347844,0.7998655438,3.090387344,1.121250391
hjcdik,16,-0.8157580495,0.4562071264,0.3300507963,-1.190610766,0.9197873473,3.063238382,1.051659822
hjcdik,16,0.09616599232,0.7288262844,-1.230883479,-1.14685297,1.893312693,2.5993402,0.9132390022
hjcdik,16,-0.007091290317,0.6103334427,-0.9642980099,-1.133905172,1.725468636,2.710361242,0.8769804835
hjcdik,16,1.943643689,-0.5525460839,-2.341113567,-1.285758495,0.02010873705,3.163173914,1.711935639
hjcdik,16,7.77880814e-06,0.6161057949,-0.9799429774,-1.134400606,1.734805107,2.704451084,0.8783386946
hjcdik,16,1.847816825,-1.553339958,-0.8830068111,-1.18909061,-2.211939573,2.375205278,2.410779238
hjcdik,16,1.687384486,-1.186897159,-1.388249993,-1.136001706,-1.761945963,2.687075138,2.574388504
hjcdik,16,1.715277433,-1.298769951,-1.23958993,-1.147833943,-1.902919888,2.592725754,2.541058779
hjcdik,16,-0.4361704588,0.4585890472,-0.2216639668,-1.141196847,1.309304833,2.932334185,0.8971806169
hjcdik,16,0.1574593186,0.9615165591,-1.585034728,-1.180181861,2.15315032,2.416333675,1.01601553
hjcdik,16,0.02005252987,1.440737605,-2.137498379,-1.252091408,2.637046337,2.121034861,1.324411631
hjcdik,16,0.03654206544,1.412395477,-2.103938341,-1.248204708,2.606641531,2.135444164,1.301827788
hjcdik,16,2.386899233,-0.4511641562,-2.897299528,-1.179139137,0.995456934,3.043169498,1.012559295
hjcdik,16,0.08225859702,1.319821835,-1.998144388,-1.234970927,2.510554552,2.185515642,1.232698321
hjcdik,16,-2.313158376e-07,1.472524762,-2.17608428,-1.256337762,2.671867132,2.105436802,1.350647211
hjcdik,16,0.01464395039,0.6287683249,-1.013040304,-1.135554552,1.754741311,2.691715956,0.8815001249
hjcdik,16,-1.398472309,1.373111725,2.001363039,-1.158097982,-1.992925167,2.529850721,2.510856152
hjcdik,16,-0.0259288121,0.5960550904,-0.9239231348,-1.132764339,1.70161891,2.725295782,0.8738700151
hjcdik,16,0.02562584914,1.431397915,-2.126359463,-1.250820279,2.626965046,2.12573266,1.316889048
hjcdik,16,1.684113741,-1.166936874,-1.415017128,-1.134448886,-1.735668659,2.703903198,2.578651905
hjcdik,16,-0.05052744225,1.542225003,-2.265390873,-1.265151739,2.751591206,2.073519707,1.412043452
hjcdik,16,-1.17002666,0.5388289094,0.7726379633,-1.28324163,0.1354991049,3.161374331,1.6167804
hjcdik,16,0.119073756,1.220106244,-1.887266517,-1.220045567,2.410625458,2.244110107,1.165005922
hjcdik,16,1.682614565,-0.9550541043,-1.712795019,-1.133810282,-1.417971611,2.882685661,2.580398083
hjcdik,16,-0.6735554338,0.4476520121,0.1285408288,-1.166335106,1.085362673,3.016127825,0.9714642763
hjcdik,16,-1.118495584,0.5183064938,0.7185328007,-1.271993279,0.3170130253,3.152959347,1.469625592
hjcdik,16,-0.3562430143,0.4703381658,-0.3448034227,-1.136033058,1.379143476,2.90111661,0.8828190565
hjcdik,16,2.858627558,-0.4856343865,2.680311918,-1.132612944,1.443465471,2.870165825,0.8734580874
hjcdik,16,1.681371331,-1.147077084,-1.441792727,-1.133101702,-1.709080458,2.720649242,2.582331657
hjcdik,16,2.761842012,-0.4663898945,2.833376884,-1.137396336,1.358649015,2.91053462,0.8865833879
hjcdik,16,-0.02334761061,1.506395698,-2.218559265,-1.260714293,2.709960461,2.08951354,1.379766464
hjcdik,16,0.04432852939,1.398217916,-2.087400436,-1.246228456,2.591631413,2.142820358,1.290797234
hjcdik,16,0.01332319435,1.451710582,-2.150694847,-1.253571868,2.648974657,2.115581512,1.333355427
hjcdik,16,-1.078307867,0.505333364,0.6731194854,-1.260379672,0.4346362352,3.143568516,1.377455354
hjcdik,16,1.950162768,-0.5491395593,-2.347569466,-1.285488963,0.04818391427,3.162982464,1.688734889
hjcdik,16,-1.051537275,0.4977807403,0.6413809657,-1.252205968,0.5036235452,3.136473894,1.325102091
hjcdik,16,1.969984651,-0.5395485759,-2.367358923,-1.283470988,0.1293004155,3.161539555,1.621872902
hjcdik,16,-1.20976603,0.5590776801,0.8121873736,-1.285667062,-0.03253379837,3.163108587,1.755453587
hjcdik,16,-1.307868838,0.6373929381,0.9292305708,-1.248573542,-0.5321119428,3.133179188,2.15319562
hjcdik,16,-0.9919407368,0.4834443033,0.567191422,-1.23423779,0.6361076832,3.119212627,1.229154468
hjcdik,16,1.926404357,-0.5622404814,-2.324006081,-1.28535223,-0.0574304536,3.162884951,1.776021123
hjcdik,16,-0.5699194074,0.4484074116,-0.02204907499,-1.15336895,1.188135862,2.980688095,0.9321873188
hjcdik,16,1.904320121,-0.5763272047,-2.301510096,-1.282082558,-0.1633408964,3.160535812,1.863173485
hjcdik,16,2.77943325,-0.4693033397,2.806029558,-1.136364579,1.373984456,2.90350771,0.883731246
hjcdik,16,-0.35102579,0.4712736905,-0.3529700637,-1.135748386,1.383694649,2.898996115,0.8820338249
hjcdik,17,-0.9261740446,1.132282257,-1.143023491,-0.9958161116,2.6417768,2.652599573,2.061471224
hjcdik,17,1.264056802,-1.251931667,-2.367678642,-0.6374380589,-1.552028418,3.321244955,-1.721273303
hjcdik,17,-2.032143593,1.700800061,1.916248083,-0.851251483,-2.29358387,2.929028749,-2.137263298
hjcdik,17,1.574708462,-0.907697916,-2.897299767,-0.7911235094,2.174314499,3.026584387,1.385100722
hjcdik,17,1.113959312,-1.479471087,-1.658101439,-0.7456027269,-2.077968836,3.095859528,-1.891690969
hjcdik,17,2.211048126,-1.124911308,2.012337685,-0.9940586686,2.636119604,2.656336784,2.052616835
hjcdik,17,2.078537464,-0.9812074304,2.350682259,-0.9492705464,2.509413004,2.74849081,1.855124235
hjcdik,17,-1.334231257,0.8825606704,-0.2388840914,-0.8709590435,2.333401918,2.895016193,1.590875387
hjcdik,17,2.236656666,-1.172825694,1.926490903,-1.004890442,2.672110319,2.633167028,2.108962536
hjcdik,17,-0.8503448963,1.484020591,-1.661366701,-1.052097917,2.884926081,2.528440475,2.441621542
hjcdik,17,1.926644444,-0.9063322544,2.667337656,-0.9053699374,2.406196594,2.832921028,1.697579503
hjcdik,17,1.182286978,-1.176413774,-2.037814617,-1.069749355,0.08552661538,3.453645945,2.707770109
hjcdik,17,-1.892183423,1.112021327,0.7712616324,-1.026713371,-0.3864265978,3.455606222,-2.841166019
hjcdik,17,-1.953287244,1.333904862,1.089231253,-0.6621406078,-1.821099639,3.229744434,-1.753247499
hjcdik,17,-1.861165285,1.236352682,0.7083984613,-0.6399800777,-1.487510443,3.339590311,-1.724373102
hjcdik,17,-1.899102807,1.115190744,0.7972796559,-1.034789443,-0.3505275249,3.455276251,-2.897300005
hjcdik,17,1.568344951,-0.9099043608,-2.882654667,-0.7884466648,2.168909311,3.03074193,1.379068613
hjcdik,17,-1.940502167,1.318040609,1.034072995,-0.6542313099,-1.778377175,3.246513367,-1.742563486
hjcdik,17,-1.94740808,1.155858636,1.02016151,-1.071542978,-0.03660392016,3.453554869,2.897300005
hjcdik,17,-1.919252515,1.293982983,0.9446116686,-0.6443226933,-1.705286264,3.272876978,-1.729768157
hjcdik,17,-1.94259584,1.320556164,1.043023348,-0.655426383,-1.785432577,3.243821144,-1.744149446
hjcdik,17,-1.963990688,1.262299895,1.396235347,-0.9829623103,0.5397562981,3.456996202,1.998992682
hjcdik,17,1.337252617,-1.120290041,-2.086589575,-0.6462759376,1.722665071,3.266843081,1.130055666
hjcdik,17,-1.685144782,0.9691464901,0.548637867,-0.7325646281,2.047617674,3.115401983,1.26478231
hjcdik,17,1.251947999,-1.110973954,-2.379675865,-1.023617744,-0.3993067145,3.455727339,-2.821012259
hjcdik,17,1.191780329,-1.159338951,-2.106519938,-1.071877599,-0.01502458937,3.453538179,2.863814592
hjcdik,17,1.131426573,-1.42982614,-1.774891615,-0.7174783349,-2.009942532,3.138111591,-1.83979845
hjcdik,17,-1.9385885,1.315766931,1.025917649,-0.6531728506,-1.771908879,3.248957157,-1.741166115
hjcdik,17,-1.437210798,0.88163656,-0.03335849568,-0.8388534188,2.268939495,2.949872971,1.501768589
hjcdik,17,1.209307313,-1.308440089,-2.142385006,-0.6499173045,-1.750456214,3.256901503,-1.736910582
hjcdik,17,1.49519217,-0.9435173869,-2.702097416,-0.7541656494,2.097046375,3.082999945,1.306383371
hjcdik,17,1.331801772,-1.107703924,-2.642536879,-0.8826517463,-0.7840180993,3.456160545,-2.227907181
hjcdik,17,2.087998867,-0.9881786108,2.329452991,-0.9521475434,2.516757011,2.74275279,1.866493702
hjcdik,17,1.185415864,-1.170039058,-2.062702417,-1.071228147,0.04888491333,3.453570843,2.764644861
hjcdik,17,-1.943994761,1.322254062,1.049020648,-0.6562470794,-1.790130615,3.24201107,-1.745246649
hjcdik,17,1.117067099,-1.468963742,-1.681761384,-0.7397863269,-2.06464386,3.104577065,-1.880520105
hjcdik,17,1.108516932,-1.500992179,-1.611104488,-0.7572658658,-2.103816748,3.078331709,-1.914797306
hjcdik,17,-1.790291071,1.155648589,0.4402290285,-0.7260638475,-1.109821677,3.426760197,-1.855068088
hjcdik,17,1.880928397,-0.8941816092,2.757928133,-0.8923611045,2.378056288,2.856810808,1.655738354
hjcdik,17,1.82411468,-0.8843883872,2.869728088,-0.8759100437,2.343579054,2.886297464,1.6054672
hjcdik,17,-1.947407842,1.155858517,1.020161152,-1.071542859,-0.03660413995,3.453554869,2.897300005
hjcdik,17,-1.790072799,1.155140042,0.4394638538,-0.7271121144,-1.10723114,3.427197218,-1.856965542
hjcdik,17,1.363649249,-1.071370721,-2.240025997,-0.6663256884,1.840744019,3.221634626,1.156890631
hjcdik,17,-1.933542013,1.309881806,1.004514575,-0.6505382061,-1.754750252,3.255330563,-1.737718344
hjcdik,17,1.338582397,-1.11749506,-2.095291853,-0.647156775,1.729853034,3.264307261,1.131177902
hjcdik,17,-1.056651115,0.9858883619,-0.8052513003,-0.9512145519,2.514366865,2.744615555,1.862790942
hjcdik,17,-1.162914515,0.925344348,-0.5790978074,-0.9201368093,2.439315319,2.805176973,1.747554183
hjcdik,17,-1.027429223,1.00940311,-0.8723959327,-0.9602726698,2.537987709,2.726411819,1.899436712
hjcdik,17,1.864152908,-0.8906981349,2.790978432,-0.8875489831,2.367852211,2.865521193,1.640734673
hjcdik,17,-0.8561866283,1.337392449,-1.465703368,-1.033901691,2.786933661,2.569502831,2.288662672
hjcdik,18,1.472824335,-1.305457354,1.631529927,-1.227304101,0.265943706,3.541884422,-2.329175472
hjcdik,18,-1.66967988,1.300120473,-1.49824214,-1.225077629,0.2786921561,3.542684555,-2.352771997
hjcdik,18,1.387399197,-1.700446844,1.084813952,-0.9085125923,2.424278021,3.077362776,2.441306353
hjcdik,18,1.488511086,-1.116915464,1.704848886,-0.9035255313,-2.426889896,3.08292532,0.152125448
hjcdik,18,1.454344273,-1.474468827,1.259427786,-1.240296841,-0.1718658805,3.537322283,-1.548451424
hjcdik,18,-2.263938904,0.6040073037,-0.04554634914,-1.144245505,-2.591621637,2.671248913,-0.7997308373
hjcdik,18,-2.611923695,0.639557302,0.4758241773,-1.181655288,-2.688264608,2.581025362,-1.013305068
hjcdik,18,-2.896288395,0.793528378,0.9584985971,-1.214706779,-2.81063509,2.496714592,-1.255652666
hjcdik,18,-1.663300395,0.9966900945,-1.260065198,-0.9659475684,-2.410967827,3.005031347,-0.06263861805
hjcdik,18,-2.326111794,0.6022999883,0.04712935537,-1.151329756,-2.607595921,2.654630661,-0.8371377587
hjcdik,18,1.296551943,-0.7305515409,2.408369541,-1.074213862,-2.475696087,2.822424889,-0.4756538272
hjcdik,18,1.211328149,-1.012497544,2.552401781,-0.9714826345,0.7302410007,3.672137499,2.658911705
hjcdik,18,-1.835517168,0.7373486161,-0.752222836,-1.071520567,-2.472533226,2.82773447,-0.4643934369
hjcdik,18,0.3639979959,-0.7064982653,-2.399238586,-1.199878216,-2.749565363,2.535024405,-1.137417793
hjcdik,18,1.434136271,-1.516878843,1.159746289,-1.223768234,-0.2858932316,3.543157578,-1.34039402
hjcdik,18,1.488289118,-1.069842935,1.772235513,-0.9298363924,-2.415705681,3.05232954,0.0629036203
hjcdik,18,1.304992557,-1.058905602,2.311278582,-1.035773873,0.7031685114,3.632376671,2.897300005
hjcdik,18,1.304993391,-1.058906317,2.311275959,-1.035774231,0.7031684518,3.632375956,2.897300005
hjcdik,18,1.456525922,-1.46878171,1.272417784,-1.24186039,-0.1565419585,3.536784887,-1.575919986
hjcdik,18,0.2040468007,-0.837932229,-2.097404957,-1.220526457,-2.838691235,2.481481791,-1.308620572
hjcdik,18,-1.967889309,0.665296793,-0.5099669099,-1.10185504,-2.51331377,2.765719414,-0.5955531597
hjcdik,18,-1.669241309,1.302621484,-1.503786445,-1.226133466,0.2727293074,3.542304516,-2.341720819
hjcdik,18,-1.763282895,0.802190125,-0.9106740952,-1.046347737,-2.447025537,2.875474215,-0.3621612489
hjcdik,18,-2.831445694,0.7402661443,0.8363726735,-1.206330299,-2.774600744,2.518446684,-1.186435223
hjcdik,18,1.37478137,-0.79832232,2.239445925,-1.047840595,-2.44833827,2.872739077,-0.3680826426
hjcdik,18,1.467653513,-1.432778478,1.353189826,-1.24830699,-0.05986614153,3.534595013,-1.747656584
hjcdik,18,-1.926692367,0.6833143234,-0.5812696218,-1.093741655,-2.501268864,2.782777786,-0.5594758391
hjcdik,18,-1.678461075,1.247354269,-1.615540147,-0.8087653518,-2.519445896,3.170345783,0.4656719863
hjcdik,18,-1.684927344,1.244202495,-1.371330261,-1.196081758,0.405849129,3.553598881,-2.596569061
hjcdik,18,1.44858551,-1.488182187,1.227778912,-1.23589921,-0.2088185996,3.538846493,-1.481809497
hjcdik,18,1.443447471,-1.499169827,1.202045441,-1.231728196,-0.2383924574,3.540311098,-1.427986026
hjcdik,18,-1.684681773,1.467743516,-1.86681211,-1.242128968,-0.1537459642,3.536692619,-1.580922723
hjcdik,18,-1.652817965,1.11002636,-1.426991224,-0.9075620174,-2.424757242,3.078431368,0.1385339051
hjcdik,18,1.471791267,-0.9709639549,1.921802878,-0.9776070118,-2.412127733,2.988367319,-0.1041382924
hjcdik,18,-2.229732037,0.606395781,-0.09686464071,-1.140186191,-2.582881212,2.680668831,-0.7787963748
hjcdik,18,-1.740593672,1.479345202,-1.75258708,-0.7262415886,2.672271729,3.224728346,1.83079052
hjcdik,18,-1.731052518,1.566254616,-1.861276269,-0.8129460812,2.513628244,3.167130232,2.12474823
hjcdik,18,-1.833338857,0.7389491796,-0.7566158772,-1.070889473,-2.471804142,2.82897377,-0.4617620707
hjcdik,18,0.1955712289,-0.8484603167,-2.078684092,-1.221784234,-2.845157862,2.47817564,-1.320729733
hjcdik,18,-1.711679935,0.8726212382,-1.052031279,-1.018814445,-2.427139997,2.923749447,-0.2556463778
hjcdik,18,-1.669906139,1.414047837,-1.747129202,-1.249372482,-0.01001697499,3.534237146,-1.835614085
hjcdik,18,1.414975405,-0.8489263058,2.134536982,-1.028187037,-2.432998419,2.907779694,-0.2913569212
hjcdik,18,1.393835545,-1.679280877,1.117246747,-0.8953680396,2.431653023,3.091792822,2.397146702
hjcdik,18,-2.695458651,0.6676184535,0.6070366502,-1.190621495,-2.716905117,2.558547974,-1.072101593
hjcdik,18,-1.720732808,1.173383832,-1.1966995,-1.146069169,0.5459495783,3.574731588,-2.897300005
hjcdik,18,0.1726304591,-0.8800870776,-2.025443077,-1.225318432,-2.864252806,2.468856335,-1.35628438
hjcdik,18,-2.139983892,0.6178477407,-0.2333979905,-1.128786802,-2.559840679,2.706710339,-0.7217601538
hjcdik,18,-2.229024649,0.6064559817,-0.09792910516,-1.140101194,-2.582700729,2.680865765,-0.7783596516
hjcdik,18,1.334096074,-1.631848335,0.8400769234,-1.132118106,-0.575240612,3.581178188,-0.7381739616
hjcdik,18,0.597928822,-0.6232658625,-2.76998353,-1.174494982,-2.667164803,2.598748446,-0.9689075947
hjcdik,19,-2.218069553,-0.1454533786,-2.802489758,-2.855600834,-2.711171389,3.752381086,1.818104625
hjcdik,19,0.02899841964,0.6122121811,1.487454891,-2.847000122,2.777070761,3.73761487,2.897300005
hjcdik,19,-2.71536231,-0.2169939578,-2.259226084,-2.837098122,-2.870339632,3.72167635,2.032313824
hjcdik,19,0.8762918115,0.1485917717,0.3890839517,-2.854175806,-2.721445799,3.749871731,1.831832886
hjcdik,19,-2.389419794,-0.1593767256,-2.62018013,-2.850196362,-2.751404762,3.742998362,1.871951103
hjcdik,19,-2.431686163,-0.1640499979,-2.574700832,-2.848744631,-2.762866497,3.740537882,1.887332201
hjcdik,19,0.04926199093,0.5427685976,1.435530186,-2.836363554,2.878492355,3.720536709,2.760372877
hjcdik,19,-2.258739471,-0.1481271237,-2.759462833,-2.854376078,-2.719986916,3.750223398,1.829882503
hjcdik,19,0.02899803594,0.6122124791,1.487455368,-2.84700036,2.777070284,3.737615108,2.897300005
hjcdik,19,0.406085968,0.2229719311,0.9058966041,-2.836117029,-2.881284475,3.720155478,2.047144175
hjcdik,19,0.4021407664,0.2241949439,0.9105322957,-2.835922241,-2.883508444,3.71985507,2.050158978
hjcdik,19,0.04269187897,0.5626813173,1.45154655,-2.839137793,2.848836422,3.724871159,2.800524235
hjcdik,19,0.0289930366,0.6122338176,1.487469196,-2.847003937,2.777040005,3.737621069,2.897300005
hjcdik,19,0.6826726794,0.1673810929,0.596337378,-2.847777843,-2.770677328,3.738913774,1.897823691
hjcdik,19,-2.394970655,-0.1599582881,-2.614221334,-2.850008965,-2.752867699,3.742679119,1.873913288
hjcdik,19,0.8138129711,0.1535211205,0.4554941654,-2.852220297,-2.735919476,3.746469736,1.851198554
hjcdik,19,-2.269037485,-0.1488609463,-2.748547077,-2.854060888,-2.722281456,3.749671221,1.832950234
hjcdik,19,-2.552979469,-0.1811837852,-2.442503452,-2.8442204,-2.800824404,3.733030081,1.938390493
hjcdik,19,0.691169858,0.1663131416,0.5871374011,-2.848082304,-2.76820159,3.73942399,1.894497514
hjcdik,19,0.6711037755,0.1688786,0.6088825464,-2.847359419,-2.774106741,3.738213539,1.902432919
hjcdik,19,-2.638724566,-0.1977288723,-2.34692359,-2.840630531,-2.834002495,3.727238417,1.983156085
hjcdik,19,0.02899784781,0.6122134924,1.487455964,-2.847000599,2.777069092,3.737615108,2.897300005
hjcdik,19,0.04874898866,0.5442513227,1.436756253,-2.83656168,2.876268864,3.720843792,2.763386011
hjcdik,19,0.8984192014,0.1470619589,0.3656468093,-2.854848623,-2.716567755,3.751053333,1.825312972
hjcdik,19,-2.59106946,-0.1879877299,-2.400314569,-2.842670441,-2.814762831,3.730511665,1.95718205
hjcdik,19,0.4301964045,0.2158672512,0.8777611852,-2.837288618,-2.868262053,3.721972942,2.029499769
hjcdik,19,-2.434050322,-0.1643287539,-2.572149038,-2.848661661,-2.763530731,3.740398169,1.888223767
hjcdik,19,0.8872785568,0.1478191018,0.3774416745,-2.854511023,-2.719008923,3.750459671,1.828575253
hjcdik,19,0.6667940021,0.1694496721,0.6135620475,-2.847202063,-2.775402308,3.737951279,1.904174805
hjcdik,19,-2.728001118,-0.2206932604,-2.244490147,-2.836484909,-2.877127886,3.72072506,2.04151082
hjcdik,19,-2.561317205,-0.1826056391,-2.433300972,-2.843887091,-2.803777695,3.732486248,1.942370176
hjcdik,19,-2.528541803,-0.1772170067,-2.469378471,-2.845180035,-2.792456388,3.73460269,1.927119017
hjcdik,19,-2.401440382,-0.1606479734,-2.607270956,-2.849789143,-2.754588604,3.742305517,1.876221418
hjcdik,19,-2.648438692,-0.199904412,-2.335944653,-2.840200424,-2.83820653,3.726553917,1.988837004
hjcdik,19,0.393529743,0.2269273102,0.9206843376,-2.835494757,-2.888459444,3.71919632,2.056871891
hjcdik,19,0.4955106974,0.1993701756,0.8029814363,-2.840305328,-2.837177038,3.726720572,1.987445593
hjcdik,19,0.6911305189,0.1663182229,0.5871800184,-2.848080873,-2.768213034,3.739421606,1.894512892
hjcdik,19,-2.763092518,-0.2319120765,-2.203073502,-2.834740162,-2.897435665,3.718038321,2.069047451
hjcdik,19,-2.329402685,-0.1536618769,-2.68436861,-2.852168322,-2.73631072,3.746379852,1.85172236
hjcdik,19,-2.408436298,-0.1614082605,-2.59974885,-2.849550247,-2.756468296,3.741899967,1.878743768
hjcdik,19,-2.484207392,-0.1707219929,-2.517802954,-2.846856117,-2.778266191,3.737375259,1.908025146
hjcdik,19,0.6943188906,0.1659238338,0.5837310553,-2.848194599,-2.767293215,3.739612341,1.893277168
hjcdik,19,0.02899823338,0.6122123599,1.48745513,-2.84700036,2.777070522,3.737615108,2.897300005
hjcdik,19,0.6884293556,0.1666547954,0.590103507,-2.847984314,-2.768996239,3.73925972,1.895565152
hjcdik,19,-2.621343851,-0.1940030158,-2.366482735,-2.841388226,-2.826729298,3.728448391,1.973332644
hjcdik,19,-2.526861906,-0.1769549251,-2.471220493,-2.845245123,-2.791896343,3.734709501,1.926364899
hjcdik,19,-2.288098812,-0.1502823383,-2.728318453,-2.853472233,-2.726600885,3.748642445,1.838726878
hjcdik,19,0.03564463183,0.5865972638,1.469557643,-2.842773914,2.813816786,3.730678797,2.847826719
hjcdik,19,0.7972589731,0.1549904495,0.4731544256,-2.851686716,-2.739949703,3.745549679,1.856596112
hjcdik,19,-2.313958168,-0.1523486674,-2.700822115,-2.852660418,-2.732620955,3.747231483,1.846782327
hjcdik,20,-2.723198652,-1.18064785,1.725885272,-2.422064781,-2.858438969,0.1355745494,1.786290646
hjcdik,20,0.3723075986,0.8987790346,-1.491732359,-2.377955198,2.392542601,0.2099876255,1.009832025
hjcdik,20,0.4372230768,1.348518252,-1.388328433,-2.372133493,-2.347694874,0.2228998244,2.164007664
hjcdik,20,1.810786605,-0.1600453258,-2.773471355,-2.292238235,1.49896574,0.9875579476,0.6285579205
hjcdik,20,-2.723198652,-1.18064785,1.725885272,-2.422064781,-2.858438969,0.1355746835,1.786290646
hjcdik,20,-0.9863682985,0.1498752087,0.01200173981,-2.291536331,1.527522922,0.9402495027,0.6259073019
hjcdik,20,-1.233466148,0.1550749987,0.267303586,-2.29199481,1.507417917,0.9734601378,0.6276377439
hjcdik,20,2.897160292,-0.2035913765,2.381763697,-2.291366816,1.603708744,0.8196760416,0.6252685785
hjcdik,20,-2.125355959,0.3917531073,1.226841927,-2.301486492,1.345547557,1.249590158,0.6639262438
hjcdik,20,1.569307446,-0.1820675433,-2.521951914,-2.293099403,1.474750042,1.02832222,0.631816268
hjcdik,20,0.3619892001,0.8456745744,-1.484309077,-2.362571955,2.276677132,0.2463795692,0.9286671281
hjcdik,20,0.484195888,1.762799978,-1.46772635,-2.302490711,-1.807335973,0.5549598336,2.47420907
hjcdik,20,0.484195888,1.762799978,-1.46772635,-2.302490711,-1.807335973,0.5549598336,2.474208832
hjcdik,20,-0.4583434463,0.1732431352,-0.5349733829,-2.291137934,1.575159311,0.8637526035,0.6244062185
hjcdik,20,0.8257302642,-1.596247792,-1.511579037,-2.4041574,0.5174603462,2.130486727,1.179380178
hjcdik,20,0.4359604418,1.337899208,-1.388109088,-2.37528038,-2.371752501,0.2158022076,2.146998644
hjcdik,20,0.8201035261,-1.207133532,-1.559806943,-2.36333251,0.8593608141,1.904086709,0.9324762225
hjcdik,20,-2.099733591,0.3672087491,1.195699334,-2.300355673,1.358830214,1.226928115,0.6595546007
hjcdik,20,-2.212419748,0.5163654685,1.340937972,-2.307905436,1.279229641,1.360765815,0.689006567
hjcdik,20,0.01049292367,0.2800822854,-1.035989165,-2.292918205,1.66225493,0.7342082858,0.6311285496
hjcdik,20,0.1725046039,0.3912816048,-1.224522948,-2.297416449,1.744425178,0.626791656,0.6482551098
hjcdik,20,0.8224592209,-1.105368018,-1.579421878,-2.353209019,0.932458818,1.832610607,0.883169651
hjcdik,20,1.763516545,-0.163163498,-2.724422693,-2.292373896,1.49465692,0.9947727323,0.6290702224
hjcdik,20,0.4367242157,1.344334126,-1.388218522,-2.373365641,-2.357067108,0.2200865448,2.157397032
hjcdik,20,0.4279618561,1.268045783,-1.392399311,-2.397133112,-2.555165291,0.1732988209,2.013845682
hjcdik,20,0.8200280666,-1.361319184,-1.535806894,-2.379505873,0.7368377447,2.004018068,1.018568039
hjcdik,20,1.874057174,-0.1566057205,-2.839026928,-2.292074919,1.504514575,0.9782947898,0.6279413104
hjcdik,20,0.8284800053,-0.9848335385,-1.607082844,-2.342001677,1.012409568,1.743347883,0.8316513896
hjcdik,20,1.340096116,-0.2240975201,-2.27936554,-2.294598579,1.442791462,1.082771063,0.6375030875
hjcdik,20,-1.983667254,0.2897162139,1.061475396,-2.29706955,1.402181268,1.152522326,0.6469267607
hjcdik,20,0.1111021936,0.338367939,-1.150855064,-2.294925928,1.704824328,0.6766537428,0.638748467
hjcdik,20,1.854026675,-0.1576081961,-2.818283558,-2.29212451,1.50278151,0.9811841249,0.6281286478
hjcdik,20,1.899172306,-0.1554565132,-2.865023851,-2.292015314,1.506659985,0.9747217298,0.6277158856
hjcdik,20,1.390038729,-0.2122808844,-2.332741976,-2.294176102,1.450973392,1.068777561,0.635899663
hjcdik,20,1.813085675,-0.1599061787,-2.775855303,-2.292231798,1.499171376,0.9872140288,0.628534019
hjcdik,20,1.051905155,-0.3585411608,-1.957909942,-2.299966574,1.363557458,1.218842268,0.6580543518
hjcdik,20,-0.1500209719,0.224590078,-0.8605806231,-2.291668415,1.620698571,0.794162035,0.6264064908
hjcdik,20,-2.319016933,1.496066809,1.62145865,-2.393880367,0.6162124872,2.081018209,1.106226325
hjcdik,20,0.8229423761,-1.5095613,-1.518830299,-2.395298243,0.6033718586,2.088100433,1.115679264
hjcdik,20,0.8363986015,-0.8912709355,-1.632535696,-2.333958626,1.070344806,1.671131968,0.7963078618
hjcdik,20,-2.259746075,0.6400001049,1.413969874,-2.315386772,1.213111877,1.466656923,0.7188498974
hjcdik,20,-1.204234958,0.1539306641,0.2370661348,-2.291929722,1.509871006,0.9693830609,0.627392292
hjcdik,20,0.8310781121,-0.9495681524,-1.616220951,-2.338900328,1.034628987,1.716406703,0.8178762197
hjcdik,20,1.368771553,-0.2170831859,-2.310058117,-2.294347286,1.447597027,1.074548721,0.6365492344
hjcdik,20,-0.2516046166,0.2022331208,-0.7522234321,-2.29135108,1.602560401,0.8214202523,0.6252084374
hjcdik,20,0.8261576891,-1.607841849,-1.51075387,-2.405298233,0.5055177808,2.135722399,1.188289165
hjcdik,20,0.8310804367,-0.9495359659,-1.616229415,-2.338897705,1.034648895,1.716382146,0.8178641796
hjcdik,20,0.8211952448,-1.148606658,-1.570699692,-2.357442856,0.9020826221,1.863453507,0.9034350514
hjcdik,20,2.785919428,-0.185468331,2.499143362,-2.291194439,1.587584972,0.844391048,0.6246191859
hjcdik,20,-1.354552984,0.1615501493,0.3927530646,-2.292304754,1.496820569,0.9911471605,0.6288092732
hjcdik,21,-1.367289424,-0.8901956677,-0.174470216,-1.929956079,-1.450563073,0.8029348254,2.574045658
hjcdik,21,-0.6353932023,-1.036551714,-0.2686589658,-1.960801959,-2.017736197,0.2801278532,2.457989931
hjcdik,21,0.6884123087,-1.511179328,-0.2242669761,-1.928736806,1.480739832,0.7644887567,0.7235391736
hjcdik,21,2.116410494,-1.367518544,0.3722946644,-2.04484272,0.4720460773,1.796261191,1.282865047
hjcdik,21,-2.043510675,-0.8474007249,-0.004626656882,-1.960566759,-1.125669837,1.230635643,2.458922625
hjcdik,21,-0.5899243355,1.200909495,-2.749043941,-2.067916632,0.04672696069,1.901158929,1.614158392
hjcdik,21,1.693634033,-1.498208046,0.2571849525,-2.002676964,0.8225477338,1.560043693,1.027449608
hjcdik,21,2.151977062,-1.354495645,0.3777599037,-2.047889709,0.439114958,1.810951591,1.308023453
hjcdik,21,0.3362109363,-1.400903463,-0.3863571286,-1.935021758,1.774606824,0.4482560754,0.7461865544
hjcdik,21,-0.647367835,-1.033295035,-0.2675793767,-1.958769917,-2.001951218,0.2887372673,2.466022253
hjcdik,21,0.3785485625,-1.416858912,-0.3691325486,-1.932140231,1.732006907,0.4863882065,0.7357524037
hjcdik,21,-1.386515856,1.482714176,-2.862468719,-2.009018421,0.776284337,1.600112915,1.05936718
hjcdik,21,-1.804436326,-0.8515534401,-0.07122188807,-1.94711864,-1.237262845,1.086103678,2.510939598
hjcdik,21,0.4898169935,-1.45558238,-0.3202413619,-1.927886367,1.631815314,0.5868951678,0.7205055356
hjcdik,21,-0.04328837618,-1.245136738,-0.4673838019,-2.015195847,2.41160655,0.1375741661,1.091994166
hjcdik,21,-2.848488569,-0.9308050871,0.2273648381,-2.019812107,-0.6943331361,1.664237261,2.18441391
hjcdik,21,0.06941610575,-1.291149497,-0.4642306864,-1.978586078,2.148227215,0.2189621776,0.9172062278
hjcdik,21,0.2710664272,-1.37525785,-0.4109341204,-1.941171169,1.846566677,0.3900232911,0.7687577009
hjcdik,21,-1.728767276,-0.8554332256,-0.09111050516,-1.943373561,-1.272691369,1.038896203,2.525000572
hjcdik,21,0.8299870491,-1.539170861,-0.1521240026,-1.933698654,1.385457516,0.8880878687,0.7413843274
hjcdik,21,-1.439224482,1.496091604,-2.881195784,-2.003574848,0.8160597086,1.565832853,1.031881094
hjcdik,21,0.5966900587,-1.487794161,-0.269633919,-1.92726922,1.547195792,0.6829550266,0.718306601
hjcdik,21,0.05128841102,-1.28357029,-0.4664942026,-1.983683348,2.184305429,0.204857707,0.9393226504
hjcdik,21,0.8925986886,-1.548353076,-0.1197898835,-1.936723351,1.345178723,0.941760242,0.7523893714
hjcdik,21,0.512155056,-1.462738752,-0.3099131882,-1.927513599,1.613340139,0.6070407629,0.7191776633
hjcdik,21,0.04679616541,-1.281699777,-0.466965884,-1.98499608,2.19356513,0.2014119029,0.9451109767
hjcdik,21,1.735082984,-1.487909675,0.2721550763,-2.006949425,0.7915004492,1.587244868,1.048789382
hjcdik,21,0.1076352745,-1.307238102,-0.4577428699,-1.968875408,2.078289747,0.249628529,0.8765178919
hjcdik,21,2.419742107,-1.252002597,0.3966753185,-2.064715862,0.1787376702,1.887439728,1.51032722
hjcdik,21,0.1937036067,-1.343475819,-0.4362746477,-1.951774478,1.945132375,0.3221621811,0.8087337017
hjcdik,21,-1.529250503,-0.8713715672,-0.139796257,-1.934921265,-1.368333936,0.9108431339,2.556125164
hjcdik,21,1.761280656,-1.481072903,0.2812520862,-2.009661436,0.7715306878,1.604070783,1.062687039
hjcdik,21,0.07044350356,-1.2915802,-0.4640856981,-1.978306651,2.146242142,0.2197707742,0.9160104394
hjcdik,21,2.268073797,0.9778856039,2.894050121,-1.934566259,-1.768424034,0.4536199272,2.557414293
hjcdik,21,0.06689919531,-1.290094376,-0.4645781517,-1.979274631,2.153117418,0.2169855535,0.9201618433
hjcdik,21,1.727615237,-1.489812732,0.2695096135,-2.006177902,0.7971431613,1.582395554,1.04488647
hjcdik,21,-1.359101057,-0.8912829161,-0.1760925353,-1.929760695,-1.454883575,0.7973835468,2.57474494
hjcdik,21,-0.6810452342,-1.024331808,-0.2646439672,-1.95354414,-1.959935308,0.3130753636,2.486399651
hjcdik,21,0.9408931732,-1.554089189,-0.09479535371,-1.939349294,1.314613581,0.9827184081,0.7620247602
hjcdik,21,-2.764988661,1.416139722,2.771650314,-1.932255268,1.733901501,0.4846339226,0.7361682057
hjcdik,21,1.967034698,-1.41944766,0.3418084383,-2.03076148,0.6046715975,1.72462678,1.183110714
hjcdik,21,0.05359683558,-1.284532785,-0.4662374854,-1.983016372,2.179598093,0.2066361904,0.9363970757
hjcdik,21,-0.1138490364,1.034261823,-2.816909075,-2.051606178,-0.395735234,1.828507781,1.960596442
hjcdik,21,0.2282049209,-1.357791066,-0.4255653918,-1.946550846,1.899133205,0.3521966934,0.788865149
hjcdik,21,-0.9709982276,-0.9570842981,-0.23705706,-1.930009127,-1.692177057,0.524537921,2.573855877
hjcdik,21,0.9701539874,-1.556994677,-0.07965626568,-1.941054225,1.296252966,1.0073421,0.7683234215
hjcdik,21,0.3997222483,-1.424600959,-0.3602028787,-1.930985332,1.711735606,0.5055031776,0.731595099
hjcdik,21,-1.870213151,-0.8491714597,-0.05340953171,-1.950584173,-1.206613302,1.126557112,2.497771263
hjcdik,21,0.06936930865,0.9825689793,-2.857645273,-2.038016558,-0.5396001935,1.762326598,2.070241213
hjcdik,21,0.2149565965,-1.352317095,-0.4297992289,-1.948457241,1.916375279,0.3406134248,0.79607445
hjcdik,22,-1.332235217,-1.339205146,-1.149421215,-1.610202312,2.897500038,0.01532121282,2.404231071
hjcdik,22,1.769449472,1.254415274,2.000624895,-1.610202312,-2.897500038,0.0153212687,2.799544096
hjcdik,22,1.766716123,1.247640371,2.000790596,-1.60793817,-2.861436605,0.01731027849,2.828403473
hjcdik,22,1.866120338,1.436972976,2.016990185,-1.561405897,2.430870533,0.06779911369,2.04907918
hjcdik,22,-1.485160708,-0.9280248284,-1.299751163,-1.489050984,-1.90568161,0.2376638502,-2.838107109
hjcdik,22,1.906914711,1.502541304,2.061977863,-1.529232025,2.210199594,0.1198065281,1.9059093
hjcdik,22,1.902063608,1.494925737,2.055856466,-1.532591939,2.232980013,0.1133374721,1.919535637
hjcdik,22,0.5302557945,-1.280787349,1.165036678,-1.617169619,0.04723373428,1.462617874,2.563467026
hjcdik,22,1.660515189,0.9415763617,1.851895928,-1.491578817,-1.928903699,0.2263401747,-2.846666098
hjcdik,22,-2.477211237,0.8764380813,-1.74873364,-1.604660869,-0.3257246912,1.41031456,2.864656925
hjcdik,22,-1.302386999,-1.391964912,-1.143174529,-1.586018562,2.622605085,0.03853882477,2.189028502
hjcdik,22,0.5777583122,-1.166222692,1.231891394,-1.616968513,-0.06220935658,1.461794972,2.652482986
hjcdik,22,0.2514180839,-1.706364989,0.8241419792,-1.589136004,0.4911730886,1.342022657,2.21017766
hjcdik,22,-1.375128269,-1.247010112,-1.140796423,-1.607715368,-2.858124018,0.01750785671,2.831047058
hjcdik,22,-1.277134657,-1.434234619,-1.126054764,-1.562883496,2.441473007,0.06583866477,2.056503296
hjcdik,22,0.5041701198,-1.336275101,1.130620956,-1.616182923,0.1013925821,1.458574772,2.519465208
hjcdik,22,0.4915211201,-1.361600041,1.114321947,-1.615487218,0.1263783127,1.455714941,2.49919939
hjcdik,22,0.5209967494,-1.30101335,1.152680516,-1.61689496,0.06688469648,1.461492062,2.547492504
hjcdik,22,-1.259939551,-1.462321997,-1.10941112,-1.548153758,2.338461161,0.08683731407,1.986298919
hjcdik,22,-2.587697506,1.226214409,-1.94412899,-1.617440224,-0.005287606735,1.463724256,2.606189251
hjcdik,22,-1.536778569,-0.5028089881,-1.670912862,-1.47552824,-1.395632148,0.5993471146,-2.79358983
hjcdik,22,0.2208709717,-1.736647725,0.788166821,-1.585096121,0.5270044208,1.323589325,2.182966709
hjcdik,22,-1.332235217,-1.339205027,-1.149421215,-1.610202312,2.897500038,0.0153211765,2.404232025
hjcdik,22,1.658587813,0.9352143407,1.847189307,-1.49036634,-1.917905927,0.2316497266,-2.842550516
hjcdik,22,0.356846571,-1.581524968,0.9491007924,-1.602556586,0.3521184325,1.401283026,2.318244219
hjcdik,22,-2.698804379,1.45080471,-2.088405132,-1.611767054,0.2158581018,1.440310359,2.426913977
hjcdik,22,1.809357405,1.339205146,1.992171645,-1.610202312,2.897500038,0.01532122213,2.40423131
hjcdik,22,-1.272009134,-1.442662477,-1.121463418,-1.558360457,2.409242392,0.07193553448,2.034068823
hjcdik,22,0.4362849891,-1.461799979,1.045180559,-1.611168146,0.2270608842,1.437811852,2.417905331
hjcdik,22,1.810593009,1.341497421,1.992115021,-1.609423161,2.884549141,0.01600173302,2.393851757
hjcdik,22,-1.241497278,-1.491820574,-1.088171482,-1.533993006,2.242456198,0.1107281819,1.925292015
hjcdik,22,1.866098762,0.2335448712,0.9606575966,-1.499058962,-1.149357319,0.8310736418,-2.872472048
hjcdik,22,-1.33212173,-1.339416504,-1.149427295,-1.610131741,2.896303177,0.01538267639,2.403271198
hjcdik,22,1.836221457,1.386867762,1.99707377,-1.588739157,2.646809101,0.03568994626,2.207422018
hjcdik,22,-1.238864183,-1.495972872,-1.084907055,-1.532123566,2.229809523,0.1142210737,1.917621017
hjcdik,22,-1.254616499,-1.470906854,-1.103599429,-1.543878555,2.309339523,0.09361388534,1.967301488
hjcdik,22,0.4103506804,-1.503736734,1.013505101,-1.608593225,0.2701866031,1.427007556,2.383336306
hjcdik,22,-1.372143269,-1.254415274,-1.140967846,-1.610202312,-2.897500038,0.01532127429,2.799544096
hjcdik,22,-2.570171595,1.18268919,-1.919046998,-1.617176414,-0.04666894302,1.462644815,2.639848709
hjcdik,22,0.3571390808,-1.581128955,0.9494504333,-1.602591515,0.3516937494,1.401433945,2.318579435
hjcdik,22,1.654063344,0.9200299978,1.835861087,-1.487655401,-1.89233315,0.244367525,-2.83341527
hjcdik,22,0.3685630262,-1.565422416,0.9631204605,-1.603944898,0.3349229991,1.407247663,2.331832886
hjcdik,22,-1.503299117,-0.8636308312,-1.348834872,-1.479645967,-1.804680347,0.2920386195,-2.806928396
hjcdik,22,-1.532402158,-0.7297315001,-1.45685482,-1.470738411,-1.630370021,0.4064299464,-2.778294086
hjcdik,22,0.5102334619,-1.323782325,1.138516307,-1.616468906,0.08913002908,1.459748507,2.529420376
hjcdik,22,-1.505598545,-0.8548259735,-1.355695486,-1.478660107,-1.791908741,0.2995262146,-2.80371809
hjcdik,22,0.6111067533,-1.071849227,1.284430742,-1.614687562,-0.1500798315,1.452421069,2.723772287
hjcdik,22,-1.510122776,-0.4177918136,-1.775511622,-1.481229305,-1.317584753,0.6710050106,-2.812107086
hjcdik,22,1.662051678,0.9466056228,1.855598807,-1.492570639,-1.93772161,0.2221520841,-2.850045919
hjcdik,22,-1.247535229,-1.482240319,-1.095453978,-1.538425207,2.272412777,0.1027865037,1.943816066
hjcdik,23,-0.7025271654,1.610202432,0.8194400072,-1.092871785,-2.760298252,0.2783450484,-2.65413928
hjcdik,23,2.675781012,-1.458867311,-2.71400857,-1.020323753,-2.048777342,0.4492152333,-2.358701229
hjcdik,23,-0.6218072176,1.543608308,0.6929558516,-1.064987183,-2.469022989,0.3278601766,-2.508337021
hjcdik,23,-0.5036460757,1.474984765,0.493676573,-1.028949499,-2.138531446,0.4184328318,-2.383527279
hjcdik,23,-0.504916966,1.475572109,0.4958832562,-1.029265642,-2.141656876,0.4174072742,-2.384465694
hjcdik,23,0.050148312,1.477450848,-0.4962895215,-1.017043591,-1.129994273,0.8800656796,-2.349629641
hjcdik,23,-0.7132344842,1.62062633,0.8356273174,-1.096116662,-2.804553986,0.2732744813,-2.678418398
hjcdik,23,-2.890922308,-1.632590294,2.25502634,-1.053349733,-0.777618587,1.0584656,-2.463325262
hjcdik,23,0.242176339,1.623149395,-0.8686373234,-1.051471114,-0.7944192886,1.050613999,-2.456563473
hjcdik,23,-0.467882365,1.459682345,0.4312190115,-1.020756841,-2.053533792,0.4475200176,-2.359913111
hjcdik,23,0.3350864947,1.749335647,-1.08038044,-1.073706508,-0.5906460285,1.13835907,-2.546489477
hjcdik,23,0.2614552975,1.645081639,-0.9096394181,-1.055777788,-0.7558797598,1.068480492,-2.472258091
hjcdik,23,-0.1349401623,1.419432759,-0.161557734,-0.9991553426,-1.427846074,0.7237558365,-2.30324626
hjcdik,23,-0.5176073313,1.481603503,0.5178608298,-1.032515049,-2.173293591,0.40720433,-2.394236088
hjcdik,23,-0.2767511308,1.414840341,0.09172011912,-0.9979818463,-1.66917336,0.6058204174,-2.300369501
hjcdik,23,0.1633791327,1.549569607,-0.7099420428,-1.035490036,-0.9400163293,0.9791545272,-2.403389692
hjcdik,23,0.1880365312,1.57014513,-0.7583724856,-1.040213466,-0.8961217999,1.001262784,-2.418368816
hjcdik,23,-0.4239711165,1.444011688,0.3537990451,-1.012517929,-1.956073046,0.4836488068,-2.337423563
hjcdik,23,-0.3503141105,1.425036669,0.2229219973,-1.002913475,-1.806153059,0.5447053909,-2.312592745
hjcdik,23,-0.4578862488,1.455818295,0.4136542678,-1.018707395,-2.030725241,0.4557134807,-2.354207039
hjcdik,23,0.2402053326,1.621005774,-0.8645044565,-1.051040292,-0.7982808352,1.048796296,-2.455026627
hjcdik,23,2.599113226,-1.494329691,-2.580990314,-1.039368629,-2.237700701,0.3874436021,-2.415649891
hjcdik,23,-0.5166858435,1.481155634,0.5162688494,-1.032272816,-2.170970201,0.4079428911,-2.393501759
hjcdik,23,-0.6215828657,1.543448806,0.6925922036,-1.064908385,-2.468303442,0.328017801,-2.508013487
hjcdik,23,-0.4645322561,1.458367467,0.4253367484,-1.020058513,-2.045845985,0.4502634704,-2.357959986
hjcdik,23,0.1379236281,1.530341268,-0.660820663,-1.030876756,-0.9841434956,0.9565486908,-2.389280558
hjcdik,23,0.1694128513,1.554419518,-0.721709013,-1.03662312,-0.9293895364,0.9845445156,-2.406930685
hjcdik,23,-0.1209097877,1.421661854,-0.1866713315,-0.9999204278,-1.40499115,0.7354640961,-2.305133581
hjcdik,23,-0.06716845185,1.433316588,-0.2831063867,-1.003798246,-1.318328023,0.7804638743,-2.314823389
hjcdik,23,-0.05823884159,1.435746431,-0.2991796136,-1.004581928,-1.304018021,0.7879698873,-2.316808701
hjcdik,23,2.72926116,-1.440413594,-2.808411598,-1.010659933,-1.931345224,0.4932721257,-2.332508802
hjcdik,23,2.594561577,-1.496791482,-2.573221684,-1.040691018,-2.249856472,0.3838672936,-2.419916868
hjcdik,23,-0.2476595342,1.413171172,0.03979790211,-0.9971616864,-1.617661238,0.6299895644,-2.298367977
hjcdik,23,-2.896710157,-1.626120925,2.267264605,-1.052065969,-0.7890952826,1.053112149,-2.458692789
hjcdik,23,-2.807486534,-1.747672796,2.063697815,-1.073451757,-0.5931069255,1.137409449,-2.545307159
hjcdik,23,0.1420295686,1.533312321,-0.6686903238,-1.031602979,-0.9770973325,0.9601807594,-2.391468287
hjcdik,23,-0.6174713373,1.540543318,0.6859123111,-1.063473463,-2.455176353,0.3309208453,-2.502143621
hjcdik,23,-2.897172689,-1.625610352,2.268239021,-1.051964402,-0.7900073528,1.052684903,-2.458326817
hjcdik,23,0.2686491907,1.653745413,-0.9252400994,-1.057424664,-0.7411039472,1.075189948,-2.478445768
hjcdik,23,2.58698988,-1.500979781,-2.560339689,-1.042936206,-2.270343304,0.3779504299,-2.427266121
hjcdik,23,-0.6286737323,1.54855907,0.7040596604,-1.067398906,-2.491280556,0.3230760098,-2.518450975
hjcdik,23,0.3294813037,1.739950657,-1.066270828,-1.072256327,-0.6045950651,1.132937431,-2.539817095
hjcdik,23,0.3282326758,1.737900615,-1.063161612,-1.0719347,-0.6076620221,1.131732345,-2.538359642
hjcdik,23,-0.6202892661,1.542530298,0.6904930472,-1.064455867,-2.464158058,0.3289283216,-2.506152868
hjcdik,23,-0.5037334561,1.475024939,0.4938281178,-1.028971434,-2.138745546,0.4183623195,-2.383591652
hjcdik,23,-0.5793721676,1.515520573,0.6230113506,-1.050653934,-2.339856863,0.3589183986,-2.453658104
hjcdik,23,-0.2111205757,1.412969708,-0.02543035895,-0.9969488382,-1.554644585,0.66035074,-2.297850132
hjcdik,23,-0.1874741614,1.413970947,-0.06765709072,-0.9972664118,-1.514707685,0.6800106168,-2.298621893
hjcdik,23,-0.3939094245,1.435184479,0.3004902005,-1.007986665,-1.893056631,0.5085285902,-2.325535297
hjcdik,23,2.67274642,-1.460063934,-2.708682299,-1.020960569,-2.055753469,0.4467311203,-2.360482693
hjcdik,24,-0.6327853203,-0.9904249907,-0.9607453942,-0.5993903279,-2.470033169,0.9084675908,-2.055217028
hjcdik,24,-0.6054494381,-1.030495048,-0.8511301875,-0.6148033142,-2.61606431,0.8824566007,-2.083873034
hjcdik,24,-0.3962101042,-0.9525226951,-0.7530018687,-0.292137146,-2.897500038,1.000562549,-2.187803984
hjcdik,24,-0.009969379753,-0.8471183777,1.515079856,-0.3050583601,0.8146004677,1.222141027,-2.316598415
hjcdik,24,-0.6160218716,-1.016285896,-0.8901230693,-0.6094362736,-2.563124418,0.8913537264,-2.072895527
hjcdik,24,-0.03618733212,-0.7792378068,1.931481957,-0.2949568927,0.4277099669,1.250148892,-2.27266407
hjcdik,24,2.531588793,1.02454257,2.274094105,-0.612572968,-2.593706131,0.8861348629,-2.079157829
hjcdik,24,-0.02332738787,-0.8013412356,1.787436366,-0.2978284359,0.5587770939,1.242617965,-2.288329124
hjcdik,24,0.2247506231,-0.771576941,1.651039362,-0.6166985035,0.5060774088,1.371399164,-2.34962821
hjcdik,24,-0.5912188888,-1.047670245,-0.8034754992,-0.6210493445,-2.68226409,0.8722868562,-2.098487377
hjcdik,24,-0.5916329622,-1.047197461,-0.804797709,-0.6208813787,-2.680405617,0.8725571632,-2.098064184
hjcdik,24,2.478607178,0.9247872233,1.998632669,-0.5737668872,-2.245308399,0.9557857513,-2.021489859
hjcdik,24,-0.5608360171,-1.078642607,-0.7146543264,-0.6312900782,-2.809904575,0.8560106754,-2.129156113
hjcdik,24,-0.07829961181,-0.7357164025,2.259035826,-0.291197896,0.1395246983,1.259648919,-2.236651659
hjcdik,24,-0.01655502617,-0.8179731369,1.685232162,-0.3002871275,0.6535099149,1.235920668,-2.299214602
hjcdik,24,2.524906158,1.015343904,2.248893499,-0.6090753078,-2.559665918,0.8919572234,-2.072201252
hjcdik,24,-0.6490457654,-0.9595574737,-1.04550457,-0.5872308016,-2.362874269,0.9301380515,-2.037544012
hjcdik,24,-0.5723459721,-1.067698359,-0.7466215491,-0.6278606057,-2.763352871,0.8614099026,-2.117621422
hjcdik,24,2.48961544,0.9530993104,2.07818222,-0.5847031474,-2.340835094,0.9348123074,-2.034267664
hjcdik,24,-0.6367236376,-0.9835910201,-0.9794296026,-0.5967050195,-2.445991516,0.9131600857,-2.050998449
hjcdik,24,0.2231171727,-0.7919703126,1.597656727,-0.611340642,0.5600353479,1.361182094,-2.361052036
hjcdik,24,-0.6329975724,-0.9900681973,-0.9617213011,-0.5992524624,-2.468770027,0.9087107182,-2.054991245
hjcdik,24,2.528131485,1.019855618,2.261241913,-0.6107975841,-2.576288462,0.8890812993,-2.075564384
hjcdik,24,2.517641544,1.004639983,2.21965003,-0.604948163,-2.520738602,0.898925662,-2.064582825
hjcdik,24,2.499319792,0.9733197093,2.134012461,-0.5926542282,-2.410223961,0.9203301668,-2.044993877
hjcdik,24,-0.5821453929,-1.057649016,-0.7753676176,-0.6245176196,-2.722073078,0.8667206764,-2.107720613
hjcdik,24,0.2175708711,-0.7081782222,1.822181821,-0.6305929422,0.3416013122,1.397460938,-2.311026573
hjcdik,24,0.2207906097,-0.7216981053,1.784606934,-0.6279937625,0.3765336573,1.3926301,-2.319658041
hjcdik,24,-0.01103332546,-0.8397349119,1.55732739,-0.3038045168,0.7741962671,1.225877166,-2.312392473
hjcdik,24,-0.01979506575,-0.8093055487,1.737932444,-0.2989763319,0.6044780612,1.23951757,-2.293632507
hjcdik,24,-0.6273577809,-0.9993290901,-0.9364382029,-0.6028802395,-2.501671076,0.9024543762,-2.060985804
hjcdik,24,2.551056623,1.048442006,2.340281248,-0.6213188171,-2.685310841,0.8718475103,-2.099183321
hjcdik,24,0.2247834802,-0.7705923319,1.653626442,-0.6169459224,0.5034928918,1.371869326,-2.349064827
hjcdik,24,-0.5819949508,-1.057809353,-0.7749137282,-0.6245726943,-2.722720385,0.8666334748,-2.107873201
hjcdik,24,2.511284351,0.9945601225,2.192138433,-0.6010144949,-2.484677315,0.9056600928,-2.057856083
hjcdik,24,0.2230195254,-0.7927623987,1.595587015,-0.6111261845,0.5621495247,1.360767961,-2.361486197
hjcdik,24,2.477157116,0.9204078317,1.986143708,-0.5721164942,-2.23064065,0.9590921402,-2.019726276
hjcdik,24,-0.6466314197,-0.9646421671,-1.031460881,-0.5892343521,-2.380297184,0.9264888167,-2.040218115
hjcdik,24,-0.6323885322,-0.9910985231,-0.9589068294,-0.5996569991,-2.472410679,0.9080083966,-2.055641174
hjcdik,24,-0.0744143948,-0.7387546897,2.233399391,-0.2913579345,0.1616156548,1.259264827,-2.239459753
hjcdik,24,2.578687668,1.076741695,2.421325207,-0.6307153106,-2.801681042,0.856916368,-2.127091169
hjcdik,24,-0.04557998478,-0.7668759227,2.017376423,-0.293599546,0.3508557677,1.253630996,-2.263226986
hjcdik,24,2.501250505,0.976985395,2.144071341,-0.5941008925,-2.422943115,0.9177556038,-2.047091961
hjcdik,24,-0.5630380511,-1.076617479,-0.7206322551,-0.6306759715,-2.801148176,0.8569763303,-2.126957893
hjcdik,24,-0.5854357481,-1.054109335,-0.785381496,-0.6233026981,-2.707826614,0.8686637282,-2.104379654
hjcdik,24,-0.604495585,-1.031711936,-0.8477768898,-0.6152558327,-2.620668411,0.8817138076,-2.084857941
hjcdik,24,-0.6432771683,-0.9713643193,-1.01295042,-0.5918785334,-2.403464794,0.92171067,-2.043896914
hjcdik,24,-0.02807022072,-0.7922100425,1.845645905,-0.2965836525,0.5054731369,1.245924592,-2.282033682
hjcdik,24,0.2234656215,-0.7385377884,1.738782763,-0.62447685,0.4200518727,1.386059403,-2.330101013
hjcdik,24,-0.5574823022,-1.081671596,-0.7056587934,-0.6321942806,-2.823122263,0.8545953631,-2.132497549
hjcdik,25,1.723203301,-0.6474197507,0.5671124458,-0.2162839472,0.7877442241,1.713292956,-1.878832817
hjcdik,25,0.7966530919,-0.3291677535,-1.689680696,-0.6809791327,-2.390995026,1.416304111,-1.630523086
hjcdik,25,1.470361352,-0.9127631783,-0.2016023844,-0.6386864185,1.759738326,1.590821743,-2.071068048
hjcdik,25,1.780041814,-0.446690172,2.308057547,-0.218327567,-1.024781585,1.695643783,-1.741672158
hjcdik,25,1.618063331,-0.6741139293,0.0749162063,-0.220488742,1.367522836,1.664508224,-1.904187202
hjcdik,25,0.7765126228,-0.3877092302,-1.529510856,-0.6937872767,-2.542624235,1.38249886,-1.660433531
hjcdik,25,2.1472404,-0.7664663196,0.7919267416,-0.717048645,0.2354833484,1.960885882,-1.88354969
hjcdik,25,-0.7615472674,0.5358256698,-1.928200722,-0.7033711076,-0.4744555652,1.930327177,-1.688677549
hjcdik,25,-2.353856802,0.3454933465,1.500547528,-0.6846689582,-2.433890104,1.406232476,-1.638456941
hjcdik,25,1.003112435,-0.7246960402,-0.8936219811,-0.7130138874,2.82020092,1.336562395,-1.906695962
hjcdik,25,0.7791011333,-0.3712519109,-1.57087636,-0.6903142929,-2.500527143,1.391361237,-1.65161407
hjcdik,25,2.208879471,-0.7225868106,0.8787652254,-0.7213541269,0.07925842702,1.97009778,-1.839683056
hjcdik,25,-1.576983809,0.4135676324,0.1756604314,-0.2201968729,-1.840603828,1.617653966,-1.731287122
hjcdik,25,-1.100961804,0.8264392614,-2.492730618,-0.7024297118,0.4874356687,1.928148985,-1.948376894
hjcdik,25,0.7925975323,-0.4792986512,-1.33267808,-0.7104508281,-2.774694204,1.342433333,-1.715405941
hjcdik,25,1.004918337,-0.7260422707,-0.8909548521,-0.7127728462,2.815709352,1.3371104,-1.907880425
hjcdik,25,-1.735899568,0.1678043306,0.2968877852,-0.6404334307,-1.810357451,1.575894594,-1.565080523
hjcdik,25,-1.291277647,0.8942309022,-2.754685879,-0.6672068238,0.9124079347,1.834547162,-2.02949667
hjcdik,25,-0.7347658277,0.4792551994,-1.816697359,-0.6915165782,-0.6265999675,1.901901722,-1.654601455
hjcdik,25,1.144272923,-0.8122221828,-0.6914027333,-0.6891955137,2.487206697,1.394254684,-1.985063076
hjcdik,25,-0.7323567271,0.4722568989,-1.80206883,-0.6899626851,-0.6452676058,1.898006439,-1.650755048
hjcdik,25,2.329400063,-0.6073961854,1.083853245,-0.715313673,-0.2754133046,1.9571141,-1.739548802
hjcdik,25,-1.328980923,0.5775694251,-1.951498389,-0.2121392637,0.08037620783,1.739665031,-1.823849916
hjcdik,25,1.422641754,-0.4560365677,-2.234993935,-0.2155039608,-2.4437356,1.569310069,-1.761122108
hjcdik,25,2.353172541,-0.5768803954,1.138038754,-0.7107642889,-0.3615319133,1.947102189,-1.716789961
hjcdik,25,-0.7274286151,0.455255419,-1.765583396,-0.6861311793,-0.690559864,1.888220906,-1.641746521
hjcdik,25,-2.339574337,0.5003647804,1.848735571,-0.7134464979,-2.828408003,1.335579276,-1.729443073
hjcdik,25,1.331605554,-0.8846057653,-0.4173116088,-0.654833436,2.069133997,1.501068473,-2.049208879
hjcdik,25,1.600426674,-0.9221094251,0.005724818446,-0.6366397142,1.467826247,1.677285671,-2.073576689
hjcdik,25,1.602388978,-0.6748042703,0.006543609314,-0.2207398862,1.448444605,1.65654254,-1.905460119
hjcdik,25,-1.509778261,0.1640395522,-0.02874984965,-0.6372641921,-1.705746174,1.606791496,-1.561149478
hjcdik,25,-0.7320824265,0.4714190662,-1.800303221,-0.6897758842,-0.6475014687,1.897534966,-1.650299907
hjcdik,25,1.576837063,-0.9215935469,-0.03185329214,-0.6359716058,1.520768523,1.661624193,-2.074382305
hjcdik,25,-0.8608896732,0.6600355506,-2.149923086,-0.7206198573,-0.1205134243,1.968541622,-1.782545567
hjcdik,25,-1.474866152,0.4145113528,-0.2577101886,-0.2208357751,-1.500160098,1.651391745,-1.72802341
hjcdik,25,1.441881061,-0.1663996577,-2.897244453,-0.6397977471,-1.793156266,1.58096087,-1.564279675
hjcdik,25,-1.596119285,0.6703977585,2.897300005,-0.2205943614,1.744430661,1.627007604,-1.904725552
hjcdik,25,-1.596119285,0.6703977585,2.897300005,-0.2205943465,1.744430661,1.627007484,-1.904725552
hjcdik,25,-0.8798356056,0.6779865623,-2.1816113,-0.7215346098,-0.06527814269,1.970479965,-1.798278451
hjcdik,25,2.301653862,-0.2562413514,2.006532431,-0.6441914439,-1.246562243,1.74205637,-1.56992507
hjcdik,25,-0.9430809021,0.7305226922,-2.277872801,-0.720908463,0.1063080803,1.969150305,-1.847388983
hjcdik,25,-1.317268848,0.1700507998,-0.3082063496,-0.6359260678,-1.614437222,1.633858085,-1.559524417
hjcdik,25,1.662185788,-0.6677752733,0.2710618079,-0.2191826701,1.135502338,1.686187506,-1.897217751
hjcdik,25,-1.491762638,0.1642322689,-0.05463546142,-0.6370900869,-1.697479486,1.609239459,-1.560932517
hjcdik,25,2.385955811,-0.5253126621,1.233328938,-0.7012900114,-0.5029647946,1.925482273,-1.681938767
hjcdik,25,0.8149805665,-0.5245383978,-1.248731494,-0.7164037228,-2.890585899,1.328906417,-1.746171355
hjcdik,25,-2.325047016,0.5272099972,1.897653461,-0.7166984081,-2.897500038,1.328249574,-1.748059511
hjcdik,25,-0.7501401305,0.5148004889,-1.88800621,-0.6991448402,-0.5313436985,1.920429468,-1.675387144
hjcdik,25,1.426809311,-0.6176429391,-0.8849509358,-0.2151909918,2.481113434,1.567127585,-1.870236754
hjcdik,25,-1.085222721,0.8186984062,-2.471746445,-0.7050056458,0.4512416124,1.934095621,-1.939691186
hjcdik,26,-1.743127465,-0.6174404621,2.095689058,-2.80826354,0.8153170347,2.163652658,-1.402762055
hjcdik,26,1.444646239,-1.336966038,-1.945927262,-2.741259575,-1.272984505,1.533553839,0.1031250656
hjcdik,26,-1.737861514,1.444523931,1.199336171,-2.73533535,-1.319324374,1.43215096,0.1274179816
hjcdik,26,-0.2783047557,0.2361129075,0.2770029604,-2.865123272,-0.1222865805,2.413952351,-0.7165455818
hjcdik,26,-1.684818864,1.305685878,1.193959951,-2.743148327,-1.258980751,1.562838078,0.09530940652
hjcdik,26,0.9815041423,0.3469295204,-0.7700603008,-2.848489523,0.44629848,2.354190588,-1.130573511
hjcdik,26,-1.720990896,1.39987123,1.198221922,-2.737689495,-1.300393581,1.47437644,0.1178034171
hjcdik,26,-1.438752413,0.7904650569,1.112834692,-2.78725028,-0.9627171159,2.025666237,-0.1005115733
hjcdik,26,-1.443391085,-1.116895676,1.963493824,-2.755918026,1.169847012,1.733166575,-1.652074695
hjcdik,26,-1.509858131,-0.9729620814,1.9851197,-2.768073559,1.089357853,1.862972856,-1.598914742
hjcdik,26,0.8485780954,0.3068240583,-0.6687284708,-2.854620695,0.3617470562,2.377254248,-1.068583488
hjcdik,26,-1.723192096,-0.6398346424,2.084657192,-2.805258989,0.8373575211,2.14593792,-1.418955803
hjcdik,26,1.458387136,0.688698411,-1.078300476,-2.798928261,0.8825886846,2.10656333,-1.452065706
hjcdik,26,-0.2148437649,0.2321745753,0.2231622934,-2.865635872,-0.09659845382,2.415658474,-0.7352015972
hjcdik,26,1.094666719,0.3934694231,-0.8521054387,-2.841279984,0.5293723941,2.32535553,-1.191690087
hjcdik,26,1.570906997,-1.034839034,-1.975683928,-2.762979746,-1.122853279,1.811645031,0.01082871016
hjcdik,26,-2.112103224,-0.3650261462,2.336213112,-2.845691204,0.4801514745,2.343227625,-1.155454278
hjcdik,26,1.415433645,0.6364215612,-1.055309296,-2.805712938,0.8340546489,2.148651838,-1.416531205
hjcdik,26,1.700506091,1.122226119,-1.178740621,-2.755506754,1.172616601,1.728299379,-1.653838634
hjcdik,26,-0.5382900834,0.2636977434,0.4939552248,-2.861363173,-0.2372771651,2.401199341,-0.6329089403
hjcdik,26,1.911708355,1.666599154,-1.197157383,-2.725609541,1.410994649,1.215515137,-1.777253628
hjcdik,26,-1.804559469,1.621786594,1.197943568,-2.72740984,-1.391491294,1.262881279,0.159435451
hjcdik,26,1.28387785,0.5104349852,-0.9780755043,-2.823459148,0.6961372495,2.24488616,-1.314830661
hjcdik,26,-1.77972579,1.556010008,1.19956851,-2.730089188,-1.365138769,1.325986743,0.1486695409
hjcdik,26,-1.5355196,0.9621219039,1.153568625,-2.769497871,-1.08001852,1.876625538,-0.01807196625
hjcdik,26,0.8560501933,0.3087451756,-0.6745459437,-2.854330301,0.3661768734,2.376190186,-1.071825981
hjcdik,26,-1.416695952,-1.179933786,1.956551671,-2.751220465,1.201791883,1.675368428,-1.672100425
hjcdik,26,-0.6548784375,0.2837661207,0.5883976221,-2.85849762,-0.2965116203,2.391196489,-0.5897138119
hjcdik,26,-2.126871586,-0.3592192531,2.347004414,-2.846590281,0.4695256948,2.346781254,-1.147641182
hjcdik,26,1.870569229,1.557817936,-1.200617075,-2.729823828,1.367634416,1.320064187,-1.760354161
hjcdik,26,-1.541989923,0.9750857353,1.155949593,-2.768294811,-1.087908149,1.865110755,-0.01268831454
hjcdik,26,0.09258364141,0.2254414558,-0.03976017237,-2.866441965,0.02219294757,2.41832757,-0.8214114904
hjcdik,26,-0.8910340071,0.3472439647,0.7709802985,-2.849001169,-0.4398401976,2.356164694,-0.4847854674
hjcdik,26,-1.399269342,0.7318137884,1.093849778,-2.794143915,-0.915857017,2.07480669,-0.1343387216
hjcdik,26,2.158406734,-0.3841629624,-2.303661823,-2.843323708,-0.5071227551,2.333727837,-0.4353142083
hjcdik,26,-1.821604133,1.666428566,1.196054459,-2.725767136,-1.409212708,1.219860196,0.1660075486
hjcdik,26,-1.468773127,0.8393428922,1.126417398,-2.781836748,-0.9988450408,1.983950496,-0.07472033054
hjcdik,26,0.3226920366,0.2331072241,-0.2363302261,-2.865348577,0.1117287502,2.414702892,-0.8864018321
hjcdik,26,-1.02283287,0.4029643834,0.8658081889,-2.840421677,-0.5384615064,2.321790934,-0.4122274518
hjcdik,26,1.626092434,0.9616494179,-1.154383063,-2.769119501,1.082498431,1.873027682,-1.594239712
hjcdik,26,-1.522649527,0.9368969202,1.148692489,-2.771891832,-1.064324141,1.898938775,-0.02885336243
hjcdik,26,-1.216338754,0.5298521519,0.9923106432,-2.821235895,-0.7145504951,2.233799934,-0.2821781635
hjcdik,26,1.772144318,1.297690868,-1.194483876,-2.743365765,1.257385969,1.566131115,-1.70502305
hjcdik,26,2.589466095,-0.2657844722,-2.636314869,-2.861069441,-0.2439996153,2.400185823,-0.6280109286
hjcdik,26,-1.599171042,1.097723722,1.174749613,-2.757777929,-1.157374978,1.754747272,0.03345484659
hjcdik,26,-1.331538081,-1.396502972,1.942447424,-2.737631083,1.300853372,1.473363757,-1.728658319
hjcdik,26,-1.333254695,-1.391969562,1.942598581,-2.737878084,1.298910499,1.477639914,-1.727647543
hjcdik,26,-0.1864981353,0.2307177633,0.1990398318,-2.865822792,-0.08532302827,2.416279554,-0.7433876395
hjcdik,26,1.889134049,1.607192755,-1.199512124,-2.72780633,1.387412667,1.272723436,-1.768461466
hjcdik,26,-1.016291618,0.3997260332,0.8612501025,-2.840921402,-0.5331864357,2.323870182,-0.4161153734
hjcdik,27,-1.19957006,-1.473292351,0.1122657806,-2.427571297,0.1841657013,2.971727848,-0.3869495392
hjcdik,27,-1.071131587,-1.462042332,0.04599913955,-2.422531128,-0.2932732999,2.964311361,-0.02844755165
hjcdik,27,1.129077554,-1.288713455,0.1133724526,-2.359389544,-2.238077641,1.224952817,0.4098190963
hjcdik,27,-2.008937597,-1.55535984,0.06781912595,-2.298732996,1.441381812,2.384061337,-1.163725615
hjcdik,27,2.257093906,-1.306466222,-0.1555121839,-2.422920942,2.85531354,0.893211782,-0.4634460509
hjcdik,27,-1.764621377,-1.534401536,0.1284701377,-2.313761711,1.257111669,2.59525466,-1.105320573
hjcdik,27,-0.9678589106,-1.453260422,0.01060505956,-2.396393061,-0.6063964963,2.919433832,0.2027843148
hjcdik,27,2.222034931,-1.301830411,-0.1464794427,-2.425080299,2.897500038,0.8848390579,-0.4318755567
hjcdik,27,1.546929836,-1.265079379,0.04476036504,-2.402135849,-2.590298176,0.9816477299,0.1626707017
hjcdik,27,2.681549549,-1.378998995,-0.2230446637,-2.382023096,2.411406994,1.083650708,-0.7884815335
hjcdik,27,2.758470774,-1.394333005,-0.226209566,-2.373662233,2.345333099,1.132050991,-0.8345808387
hjcdik,27,-1.035909772,-1.458862305,0.03130645305,-2.414679766,-0.4104406238,2.952037096,0.05884610116
hjcdik,27,-0.8849692941,-1.145122766,0.2600135803,-1.83924377,2.410727739,3.749180317,-2.76564908
hjcdik,27,-1.610701203,-1.516479135,0.1572009474,-2.332969427,1.098354578,2.722793818,-1.026424885
hjcdik,27,0.6543695927,-1.338781476,0.1322042644,-2.320623875,-1.945091724,1.58225286,0.5806235075
hjcdik,27,0.7260714173,-1.330569506,0.1328928918,-2.325463057,-1.984762311,1.524757862,0.5607847571
hjcdik,27,-1.835487366,-1.541641116,0.1122391298,-2.307793617,1.316898584,2.534726858,-1.128820777
hjcdik,27,2.655370235,-1.373868346,-0.2213344425,-2.38488555,2.434860468,1.067959905,-0.771897316
hjcdik,27,-0.8387500644,-1.445423961,-0.005640645977,-2.362395525,-0.8813117146,2.837121964,0.395136416
hjcdik,27,2.222826958,-1.301932454,-0.146688059,-2.425035,2.896540403,0.8850138783,-0.4325943589
hjcdik,27,-0.60725981,-1.437051654,0.004373189528,-2.32192564,-1.185631394,2.658248186,0.5753198862
hjcdik,27,1.672399044,-1.264246941,0.01392753888,-2.413860559,-2.720693827,0.9299302101,0.066604577
hjcdik,27,-1.213486075,-1.47441709,0.1190264225,-2.425517082,0.2346796691,2.968745947,-0.4248243272
hjcdik,27,0.565403223,-1.34898603,0.1297961622,-2.315154076,-1.8973248,1.654859185,0.6026524901
hjcdik,27,2.347883701,-1.319587827,-0.1767765135,-2.416059256,2.749359608,0.9207743406,-0.5424464941
hjcdik,27,1.506398916,-1.266042948,0.053740073,-2.398059845,-2.550766945,1.000864506,0.191484943
hjcdik,27,-1.388835907,-1.490209818,0.1677749306,-2.380884409,0.7393829226,2.886186361,-0.794955194
hjcdik,27,2.355928183,-1.320824742,-0.1784992218,-2.415374279,2.740228891,0.9236091971,-0.5492298603
hjcdik,27,2.463270187,-1.338389277,-0.1987260878,-2.405319691,2.622874975,0.9671000242,-0.635925591
hjcdik,27,-2.522851467,-1.553824782,-0.07481075823,-2.300315619,1.728179336,1.932887077,-1.15769124
hjcdik,27,-1.675111413,-1.52425015,0.1465141475,-2.323752165,1.170638442,2.670255184,-1.064960718
hjcdik,27,2.824857235,-1.40776813,-0.2267685235,-2.366588593,2.291537285,1.176321507,-0.8713107109
hjcdik,27,-0.5734165907,-1.435981154,0.007830667309,-2.318037748,-1.218615651,2.630392551,0.5910883546
hjcdik,27,-0.6633882523,-1.438817382,-0.0005912258057,-2.329379082,-1.125957608,2.703736305,0.5444743633
hjcdik,27,-1.241342068,-1.476662159,0.1314359307,-2.420217991,0.3318563104,2.960789919,-0.4974869788
hjcdik,27,-0.3973147273,-1.429644942,0.02925222367,-2.303786755,-1.363864303,2.481845856,0.6472427845
hjcdik,27,-0.9595708847,-1.157372355,0.2276117951,-1.816400051,2.570986986,3.716230869,-2.897300005
hjcdik,27,-1.631439567,-1.519009113,0.1540105939,-2.329796791,1.122714639,2.706037521,-1.03984189
hjcdik,27,-1.807703972,-1.538900614,0.1187732741,-2.309950829,1.2942307,2.558553934,-1.120376825
hjcdik,27,0.8568439484,-1.315906525,0.1310804486,-2.33525753,-2.060555935,1.422664762,0.5195207596
hjcdik,27,-1.377733946,-1.489047766,0.1666334271,-2.383919477,0.7147039771,2.893178225,-0.7775458694
hjcdik,27,1.36099422,-1.272060633,0.08182593435,-2.382962227,-2.419050217,1.078454733,0.2859666646
hjcdik,27,-0.8936957121,-1.448323488,-0.001710880664,-2.376075745,-0.777507484,2.874557018,0.3244765997
hjcdik,27,-1.248106599,-1.477211475,0.134195447,-2.418730736,0.354554683,2.958485126,-0.5144094229
hjcdik,27,1.082078338,-1.292936087,0.1178591773,-2.354894638,-2.205099583,1.257377148,0.4312926233
hjcdik,27,0.04696168378,-1.402034879,0.0875178054,-2.296085358,-1.63092792,2.096349955,0.6766397953
hjcdik,27,-0.2217888534,-1.421014071,0.0529474467,-2.297019005,-1.480197668,2.330297947,0.6731072664
hjcdik,27,-0.5813721418,-1.436234593,0.006991278846,-2.31891346,-1.211043596,2.636966228,0.5875553489
hjcdik,27,-0.8867892027,-1.447926164,-0.002415170195,-2.374275684,-0.7915152311,2.870016813,0.3341825604
hjcdik,27,1.62491107,-1.264169812,0.02611838467,-2.409622908,-2.669920444,0.948043406,0.1041691974
hjcdik,28,1.391940713,0.1095332056,0.5735570788,-1.775195837,-1.261084914,3.667701483,1.994465828
hjcdik,28,-1.627884865,0.1150268391,-2.453852415,-1.824425101,1.923395038,2.847542048,-0.9953897595
hjcdik,28,1.273783207,-0.1493447572,0.8982046843,-1.831534982,1.936132789,2.809668541,-0.968926549
hjcdik,28,-2.641377926,0.8768216968,-1.9607054,-1.931850314,2.229878426,2.212399244,-0.5643824339
hjcdik,28,0.8444833159,-0.3459947109,1.190572619,-1.862325788,2.005779743,2.633725882,-0.8520040512
hjcdik,28,-2.358161449,-0.4874620438,-1.611953259,-1.550997853,-2.502203941,3.319292545,2.897300005
hjcdik,28,-2.241470575,-1.389165163,-1.134278059,-1.874833584,-2.039795876,2.558634758,1.622320294
hjcdik,28,-1.653099418,0.1176493689,-2.431138515,-1.825037837,1.924436331,2.844330549,-0.9931161404
hjcdik,28,-2.517478704,-0.5121779442,-1.315670013,-2.043962955,0.1887980402,3.417608738,0.2148450166
hjcdik,28,0.1380991787,-1.549910784,0.9731886983,-2.01157546,2.626549482,1.772946477,-0.126269415
hjcdik,28,0.3838116825,-1.111390948,1.125053525,-1.960832596,2.350041866,2.043665171,-0.4268770516
hjcdik,28,-1.445363641,-0.09763742983,-2.895007372,-1.766714811,-1.259441614,3.694624186,2.025114775
hjcdik,28,2.748068571,-0.09370157868,-0.4681907594,-1.804105878,1.895402193,2.947711945,-1.070217848
hjcdik,28,-2.146924734,-1.577754378,-1.029488683,-1.901256919,-2.120896578,2.3974998,1.515525579
hjcdik,28,0.3285366893,-1.219579577,1.093895197,-1.973906159,2.411147356,1.970617771,-0.3589550853
hjcdik,28,0.5563846231,-0.766174376,1.201003432,-1.917919278,2.178197384,2.296092749,-0.6258066297
hjcdik,28,0.6999858022,0.5848635435,1.904592514,-1.9635849,0.7790970802,3.438893318,-0.4129434228
hjcdik,28,0.7143127918,0.5968632102,1.911120057,-1.946039796,0.8552110195,3.445604801,-0.4989548624
hjcdik,28,-1.615445018,0.1137975976,-2.465096474,-1.824131846,1.922900319,2.849077225,-0.9964794517
hjcdik,28,-2.535920858,0.6740142107,-1.927914381,-1.906166911,2.137285471,2.367525339,-0.6758509278
hjcdik,28,0.173462823,-1.494461298,0.9968012571,-2.005606174,2.586849928,1.802930713,-0.1685405076
hjcdik,28,-2.119700909,-1.624092817,-1.000872493,-1.907795668,-2.142813206,2.357593536,1.488186002
hjcdik,28,0.003003060119,-1.735669136,0.8790894151,-2.029776096,2.772753,1.684759021,0.02772834338
hjcdik,28,0.6183261871,0.3954051733,1.606788635,-1.976509333,-0.7176412344,3.434553385,1.164039016
hjcdik,28,-0.3068609238,0.0979366526,2.592797756,-1.802423596,1.893695116,2.95539403,-1.076366901
hjcdik,28,-1.496024966,0.1038481742,-2.574104786,-1.821557999,1.918665528,2.86243701,-1.006016612
hjcdik,28,0.8083128333,0.4772660136,1.661138773,-1.496938705,2.897500038,3.331629038,-2.48644352
hjcdik,28,-0.2860710621,0.0991120562,2.573545456,-1.801993728,1.893274546,2.957341909,-1.077937961
hjcdik,28,-2.577248573,0.7509124279,-1.9382025,-1.915983438,2.171292543,2.307817936,-0.6341537237
hjcdik,28,0.7429760695,-0.4584024251,1.218258619,-1.877858996,2.048461437,2.540299177,-0.7911698818
hjcdik,28,-2.360171556,0.4111611247,-1.930843234,-1.871422529,2.030225992,2.579240799,-0.8165560961
hjcdik,28,0.7158991694,0.7419618368,1.690111995,-1.763334036,-1.883563876,3.103427172,2.037322998
hjcdik,28,-2.884786367,-0.171336621,-1.044789433,-1.781936884,1.881165385,3.040468931,-1.150881886
hjcdik,28,-2.770397663,1.136417389,-2.023440838,-1.963876367,2.363826513,2.026469707,-0.4114567935
hjcdik,28,0.8083128929,0.4772661328,1.661138892,-1.496938586,2.897500038,3.331629038,-2.486443281
hjcdik,28,1.96142745,-0.08893034607,0.273183018,-1.816119194,1.910372019,2.890041351,-1.026107669
hjcdik,28,0.6670767665,0.557095468,1.882744074,-2.00301218,0.5711411238,3.426921368,-0.1860701889
hjcdik,28,-2.074270964,-1.694863677,-0.9541428089,-1.917886734,-2.178080797,2.296289206,1.445132136
hjcdik,28,-1.843750358,-0.1163494959,-2.465425014,-1.778561831,-1.260974169,3.657575607,1.982288718
hjcdik,28,-2.025455952,-1.762799978,-0.9050371647,-1.927748561,-2.21428895,2.236903191,1.401916027
hjcdik,28,-2.526884079,-0.4020856619,-1.521391869,-1.984801292,-0.6752276421,3.431997538,1.117614508
hjcdik,28,0.7834303379,0.4874622524,1.529639482,-1.550999403,-2.502196789,3.31929183,2.897300005
hjcdik,28,0.9232189655,0.1766946763,1.105090976,-1.803312302,-1.247007251,3.593200207,1.892303824
hjcdik,28,-2.885644674,1.354302049,-2.091666698,-1.989791274,2.493230104,1.884844184,-0.2692309022
hjcdik,28,0.02092501149,-1.713354707,0.8919036388,-2.027773142,2.753980637,1.694224596,0.00808089599
hjcdik,28,0.4714629948,-0.9347322583,1.168641329,-1.939074993,2.258130074,2.169573784,-0.5314731598
hjcdik,28,0.6292962432,0.5189111233,1.835948706,-2.040376425,0.2469706833,3.418329716,0.1546047926
hjcdik,28,1.496883869,-0.1167565957,0.7029075623,-1.824831009,1.924084425,2.845414639,-0.9938833117
hjcdik,28,-1.826271415,0.1415828764,-2.278711557,-1.830053449,1.933363676,2.817664862,-0.9744543433
hjcdik,28,-1.150935292,0.08815158159,-2.895906448,-1.815674901,1.909734488,2.892257929,-1.027745485
hjcdik,29,0.6024141312,-0.450784266,-0.1589417905,-1.666872144,2.820157766,2.228444576,0.923384428
hjcdik,29,-1.467678428,0.723549366,2.479093075,-1.598402143,2.588604689,2.469256163,0.3940557241
hjcdik,29,-1.412332654,-1.040685415,0.6873751879,-1.672026753,-2.850312948,2.209668875,2.013079643
hjcdik,29,1.357628465,1.282930493,-2.572155952,-1.633548141,-2.680499792,2.348160267,2.361096144
hjcdik,29,0.5983989835,-0.4505344033,-0.1564193368,-1.667009473,2.820917845,2.227944374,0.9248466492
hjcdik,29,-2.76307559,-1.531539679,-0.05260171369,-1.456684947,-2.524574518,2.856483698,-2.897300005
hjcdik,29,-0.9701381922,1.002736688,2.489167929,-1.519513249,2.499895334,2.708211899,-0.05556505546
hjcdik,29,1.314529061,-0.5788370967,-0.5504190922,-1.631546974,2.674088955,2.355222702,0.6178877354
hjcdik,29,-0.7683022618,1.117726564,2.547633648,-1.472911477,2.510283232,2.821938515,-0.3044521809
hjcdik,29,-0.01442286372,1.43191278,2.838371515,-1.339574933,-2.852120399,3.038533688,-2.110729218
hjcdik,29,0.6667779684,-0.4554156959,-0.1991320252,-1.664604664,2.807941437,2.23668766,0.8997473717
hjcdik,29,1.616665721,1.117746353,-2.478691816,-1.662319064,-2.796179295,2.244985342,2.117087603
hjcdik,29,-1.730962157,-1.251319885,0.5923754573,-1.64009726,-2.702717304,2.324924707,2.310992479
hjcdik,29,2.627128839,-1.241900086,-0.4939334989,-1.39993906,2.622199297,2.95816803,-0.7179216146
hjcdik,29,-2.068763971,0.5145500898,2.706658602,-1.64669323,2.727212906,2.301357985,0.7359780669
hjcdik,29,2.895880699,-1.282546043,-0.4759624302,-1.686862946,-0.1719891876,3.655324936,1.795996428
hjcdik,29,2.119141579,-0.9717940092,-0.6630289555,-1.530067682,2.503808737,2.679466724,0.001350981998
hjcdik,29,-1.845447779,-1.317762613,0.5406621695,-1.625569105,-2.655894756,2.376217604,2.41920948
hjcdik,29,-0.4376998246,1.150993347,2.460044861,-1.6334095,-0.4615415633,3.707975149,2.362128973
hjcdik,29,1.416669846,-0.6137593985,-0.5906856656,-1.623643875,2.650325537,2.382942915,0.561019659
hjcdik,29,1.279859543,-0.5680729747,-0.5354747772,-1.634004116,2.681985855,2.346547127,0.6361550689
hjcdik,29,2.834065199,-1.246724367,-0.5430347323,-1.674548864,-0.2750718594,3.666377544,1.982750535
hjcdik,29,-0.1197651178,1.336782217,2.802029848,-1.693980932,0.04505642131,3.649206877,1.419236064
hjcdik,29,1.087623119,-0.5177949071,-0.4426837862,-1.645885587,2.724089146,2.304251194,0.7293111086
hjcdik,29,2.845471382,-1.32700336,-0.4081421793,-1.334214926,2.88738203,3.044531107,-1.23858726
hjcdik,29,-0.580344975,1.212444425,2.620277166,-1.420337677,2.577871799,2.924863338,-0.5955898166
hjcdik,29,-0.05596425384,1.355285764,2.869812012,-1.688694596,0.1501719952,3.653731823,1.23636055
hjcdik,29,2.191859961,-1.014738798,-0.647736907,-1.515234113,2.498970747,2.71955657,-0.07851803303
hjcdik,29,-0.465896368,1.126707196,2.430747032,-1.622622132,-0.4941688776,3.720166206,2.439979792
hjcdik,29,-1.743477464,0.6070533395,2.557780027,-1.625157833,2.654693604,2.377655745,0.5717064738
hjcdik,29,1.543114901,-0.6638246775,-0.6317573786,-1.612293363,2.620108366,2.422210217,0.4835614264
hjcdik,29,-0.9187906384,1.032828093,2.501531124,-1.508567095,2.498288393,2.736871004,-0.1141773313
hjcdik,29,1.627016068,-0.701230526,-0.6529477239,-1.603656173,2.599861622,2.451600313,0.4273225069
hjcdik,29,1.089813352,-0.5182824135,-0.4438243806,-1.645764828,2.723625422,2.304683447,0.7283186316
hjcdik,29,-1.617127776,0.6559606194,2.515228033,-1.614087462,2.624601603,2.416049004,0.4955182076
hjcdik,29,-0.4935907423,1.101665854,2.402228832,-1.611640573,-0.5230945349,3.733159304,2.514601231
hjcdik,29,-2.763076544,-1.531539559,-0.0526024662,-1.456684589,-2.524574518,2.856484413,-2.897300005
hjcdik,29,-1.209791899,0.8616366386,2.458520651,-1.56324029,2.53158474,2.582311153,0.1849892735
hjcdik,29,-2.39913249,0.4624094665,2.895907879,-1.661774874,2.793453932,2.246959448,0.8713823557
hjcdik,29,2.502405643,-1.184432507,-0.5452672243,-1.43776226,2.548499107,2.893588305,-0.4963248074
hjcdik,29,1.062540412,-0.5123433471,-0.4295000732,-1.647246361,2.729375839,2.299373627,0.7405775189
hjcdik,29,-0.9255255461,1.028903723,2.499803543,-1.510036588,2.498359442,2.73309207,-0.106325455
hjcdik,29,2.298273087,-1.076167703,-0.6186446548,-1.491373539,2.500776768,2.779477835,-0.2058368176
hjcdik,29,0.03575500846,1.450140834,2.864216328,-1.354059935,-2.776012421,3.021472692,-2.246430159
hjcdik,29,-1.949059725,0.5433107615,2.646322012,-1.639743567,2.701466799,2.326183796,0.680074811
hjcdik,29,1.298072577,-0.5736603141,-0.5434014201,-1.632726789,2.677848577,2.351060867,0.6266204715
hjcdik,29,0.9987552166,-0.4995537102,-0.3950328231,-1.650539875,2.742620945,2.287544966,0.768445909
hjcdik,29,-2.263782024,0.4793120623,2.815150499,-1.656199098,2.767025948,2.267143726,0.8185917139
hjcdik,29,-1.148296475,0.8973677158,2.46189642,-1.553115368,2.520564556,2.61301899,0.1279445887
hjcdik,29,-0.3491773903,1.307639122,2.71413517,-1.348331928,2.803527117,3.028371811,-1.093150139
hjcdik,30,0.6197279096,1.226003647,-1.367634535,-1.418758631,2.690822601,2.391811371,2.785973072
hjcdik,30,-1.014725685,1.406709313,1.400200009,-1.164386392,-2.380561352,3.019911528,-0.8464851379
hjcdik,30,-0.9596830606,1.271836877,1.234522104,-1.09180665,-2.481375933,3.111625671,-0.5493177176
hjcdik,30,-0.7231546044,0.9515212774,0.6931494474,-1.427490354,-0.4137653112,3.568026304,-2.101298809
hjcdik,30,2.673484802,-0.7368680239,-2.725912333,-1.1970433,2.361708403,2.966642857,1.726098061
hjcdik,30,0.249723196,0.7632385492,-0.6337843537,-1.328935504,2.450571299,2.664463758,2.284065962
hjcdik,30,-1.034955502,1.500138879,1.505337358,-1.201746464,-2.36031723,2.958286285,-0.9953743219
hjcdik,30,-0.9061024189,1.379784465,1.600113392,-1.344973922,0.6612337828,3.622424841,2.361043692
hjcdik,30,2.235615492,-1.380576253,-1.540280819,-1.344527364,0.6621249914,3.622773409,2.358855247
hjcdik,30,2.343658686,-1.003666639,-2.268885851,-1.459061861,-0.223100245,3.551775932,-2.416505337
hjcdik,30,-2.758006334,-0.8442225456,2.294244528,-1.353229523,2.497524738,2.594770908,2.402104139
hjcdik,30,2.173610926,-1.287417293,-1.886993527,-1.101831436,-2.462354183,3.100884199,-0.591840446
hjcdik,30,2.132156134,-1.38903904,-1.762063622,-1.15638423,-2.387636185,3.031740427,-0.8145141006
hjcdik,30,-0.2704098225,0.6902033687,0.1195934191,-1.242422462,2.362178326,2.878466368,1.908937216
hjcdik,30,2.101455927,-1.54118979,-1.5917871,-1.216111064,-2.358125687,2.931652069,-1.052890062
hjcdik,30,2.427130699,-0.9468917847,-2.467450619,-1.423428416,-0.4314832687,3.570279598,-2.070472717
hjcdik,30,2.103464365,-1.730361819,-1.39252007,-1.272102594,-2.379356861,2.81162715,-1.282667279
hjcdik,30,-1.040428877,1.709043622,1.726664662,-1.266424537,-2.375030279,2.824970484,-1.258767962
hjcdik,30,-0.9164583087,1.204623103,1.146624327,-1.041754842,-2.606046438,3.157738924,-0.3211283684
hjcdik,30,-0.6354942322,0.828371346,0.6950408816,-1.133897781,2.412750006,3.062571049,1.473513603
hjcdik,30,-1.019176602,1.423048854,1.419067144,-1.171485066,-2.375096083,3.009024858,-0.8747903705
hjcdik,30,2.135180473,-1.379635096,-1.773182988,-1.151976824,-2.391948223,3.038059235,-0.7968636751
hjcdik,30,2.693398237,-0.7298199534,-2.756861925,-1.202502847,2.360122681,2.956923485,1.747892141
hjcdik,30,0.4404864907,0.8945057988,-0.9462859631,-1.365012288,2.524328947,2.559730291,2.462694407
hjcdik,30,2.191413403,-1.255251765,-1.928657413,-1.080521345,-2.50494504,3.123074055,-0.500490427
hjcdik,30,2.2326684,-1.214787364,-1.804418802,-1.433304429,0.3866502345,3.564869165,2.897300005
hjcdik,30,-0.9955100417,1.349051833,1.331643105,-1.136844993,-2.409017086,3.058726072,-0.7359539866
hjcdik,30,-0.85238868,1.065255761,1.036763549,-1.471365213,-0.01764836349,3.546004295,-2.739369392
hjcdik,30,2.126567602,-1.407763004,-1.740168929,-1.164852619,-2.380178928,3.019207954,-0.8483453989
hjcdik,30,2.59142971,-0.7733399868,-2.594105244,-1.170950174,2.375478983,3.009857416,1.622153997
hjcdik,30,2.097887039,-1.660305738,-1.465974331,-1.25293088,-2.366726637,2.85562849,-1.202621937
hjcdik,30,-0.4948725998,0.7473688722,0.4578530192,-1.189234734,2.364755392,2.980132103,1.694971323
hjcdik,30,-0.90953058,1.219081044,1.344601274,-1.431327224,0.3961247206,3.565934181,2.881138086
hjcdik,30,2.590789557,-0.7736784816,-2.593044758,-1.170718193,2.375647783,3.010218382,1.621228695
hjcdik,30,-0.5896742344,0.9010531902,0.4239009917,-1.364463568,-0.6185756922,3.607807159,-1.710325003
hjcdik,30,-1.044015884,1.651155591,1.666039467,-1.250310063,-2.365434885,2.861410141,-1.191812158
hjcdik,30,2.204034805,-1.234973907,-1.955250502,-1.065794706,-2.539402246,3.137052059,-0.4348474443
hjcdik,30,-0.9931598306,1.34302485,1.324284792,-1.13370657,-2.413000584,3.062819719,-0.7232416868
hjcdik,30,-0.9124016762,1.324552178,1.515747547,-1.376068115,0.5894456506,3.599657536,2.522054434
hjcdik,30,-1.011096716,1.394406438,1.385838151,-1.158852458,-2.385349751,3.028141022,-0.8243852854
hjcdik,30,-0.3658951819,0.883567512,0.01727488637,-1.270642519,-0.7633962035,3.689819574,-1.276508689
hjcdik,30,-0.6852638721,0.8729888201,0.7886603475,-1.103444457,2.459452391,3.099102974,1.348112583
hjcdik,30,2.349076748,-0.9989441037,-2.283181667,-1.457121968,-0.2397319078,3.552713156,-2.389867783
hjcdik,30,-0.9089215994,1.214767933,1.337140799,-1.433313012,0.3866087496,3.564864159,2.897300005
hjcdik,30,0.4478631616,0.9020095468,-0.9596617222,-1.36663568,2.528244972,2.554846048,2.471245289
hjcdik,30,-0.7965269089,1.04340148,1.008755922,-0.9788535237,2.897500038,3.201586723,0.668046236
hjcdik,30,2.231064558,-1.226934671,-1.783523321,-1.427632809,0.4131309986,3.567949057,2.851885319
hjcdik,30,-0.9089244604,1.21478951,1.337177515,-1.433303118,0.3866547048,3.564869881,2.897300005
hjcdik,30,-0.7601671219,0.9730665088,0.9428558946,-1.029628873,2.645629168,3.167265177,1.008826733
hjcdik,30,2.49348402,-0.9183246493,-2.604717016,-1.391852736,-0.5446593761,3.589195967,-1.862571239
hjcdik,31,0.5634365678,0.728208065,2.403045893,-1.167848468,-2.237140656,2.78543663,-1.152995706
hjcdik,31,2.845372438,-0.2222605199,-0.8499448299,-0.9291873574,-1.93932271,3.270644665,-0.4683807194
hjcdik,31,-0.2279973477,0.2586800754,2.66763258,-1.214314103,0.7865076065,3.467702627,2.837696791
hjcdik,31,1.006329656,-0.3270073235,0.7216380239,-1.059586406,2.036001205,3.054584265,2.323025942
hjcdik,31,0.05887976289,0.3946913183,2.261711359,-1.034639001,-2.003894806,3.105907917,-0.7416654229
hjcdik,31,-1.622392416,-1.205374479,-0.2379556447,-1.326830626,-2.808046818,2.302525043,-1.946336389
hjcdik,31,0.9943856597,0.4254185557,2.354742289,-0.7622367144,1.094669223,3.721427202,1.610294461
hjcdik,31,1.804168701,-0.1878524274,-0.06935260445,-1.232836604,-0.7327042222,3.464085102,-1.403143764
hjcdik,31,-1.828599334,-1.142036915,-0.3549644649,-1.30488956,-2.681487322,2.372124434,-1.777269483
hjcdik,31,-0.5777169466,0.2494357377,2.793532848,-1.329700351,0.3131876886,3.448666096,-2.798709631
hjcdik,31,1.324367523,1.14617157,2.793027878,-1.306281567,-2.688449144,2.367718697,-1.786623597
hjcdik,31,0.5395110846,-0.5404559374,0.7643005252,-1.14851284,2.19406414,2.838335276,2.59777379
hjcdik,31,-2.293952227,-0.9131084681,-0.6057007313,-1.229987502,-2.400314569,2.604686022,-1.391027451
hjcdik,31,-2.897300005,-0.28393206,-0.6831056476,-1.023570418,1.15004015,3.530112982,2.222372293
hjcdik,31,-0.8515506387,0.2330853492,2.876516581,-1.348720074,-0.1032865271,3.446168423,-2.250352859
hjcdik,31,0.2223729491,-0.2279541194,0.912180841,-0.8731745481,-1.188032389,3.635447741,-0.3362544775
hjcdik,31,-2.019759655,0.1575837731,-2.771563053,-1.049833417,-1.118829966,3.517534494,-0.7841536999
hjcdik,31,2.382882833,-0.2397867739,-0.2933141291,-1.350725055,0.03795216978,3.445913315,-2.435878992
hjcdik,31,-2.007010698,-0.2357408553,-1.327542305,-0.4363918602,1.820581198,3.589299917,1.258633614
hjcdik,31,1.758178711,-0.1838623434,-0.04468999803,-1.21791482,-0.7763938904,3.466978788,-1.341077447
hjcdik,31,1.870728612,-0.1939689815,-0.1030638441,-1.254376054,-0.6638258696,3.46019125,-1.499506235
hjcdik,31,-0.8232824206,0.2352464795,2.867802143,-1.350242615,-0.06051088125,3.445974588,-2.306565285
hjcdik,31,-0.4969797432,-1.117340922,0.3892633617,-1.32184422,2.775368452,2.318366051,-2.869213104
hjcdik,31,2.30743432,-0.2344267964,-0.2704535723,-1.349749207,-0.07700051367,3.446037054,-2.284900427
hjcdik,31,2.129287481,-0.21910505,-0.2117454112,-1.326089025,-0.3386124671,3.449157,-1.939602971
hjcdik,31,-2.503454924,0.4868710637,-2.371186256,-1.12860918,2.153023243,2.890799761,2.532340288
hjcdik,31,0.7216969728,-0.1703990698,0.6431401372,-0.9736077189,-1.189946651,3.55913806,-0.5792794824
hjcdik,31,-1.808172703,-1.149409175,-0.3434658647,-1.30737412,-2.693991661,2.364259005,-1.794066191
hjcdik,31,1.378743768,1.164910674,2.823725462,-1.312643409,-2.721765518,2.347563982,-1.831292987
hjcdik,31,2.878129005,-0.2579369545,-0.4594335556,-1.228841066,0.7446953654,3.464843273,2.897300005
hjcdik,31,-2.079100609,-1.032638669,-0.4932678044,-1.268889308,-2.528980017,2.485254288,-1.570207953
hjcdik,31,0.2147011906,-0.7356818318,0.6958256364,-1.213754177,2.353528023,2.653279781,2.835460424
hjcdik,31,0.3790680766,-0.2036449313,0.8427157998,-0.9076780081,-1.20045805,3.60733223,-0.4166578948
hjcdik,31,1.497103095,1.199771881,2.891019106,-1.324813843,-2.794453144,2.308933973,-1.928265333
hjcdik,31,-0.1863895208,0.2596159875,2.650105715,-1.196926594,0.8332405686,3.471351624,2.770029068
hjcdik,31,-1.738110781,-1.17287004,-0.3038507402,-1.315376282,-2.736939192,2.338894129,-1.851588607
hjcdik,31,0.08981183916,-0.2535766363,0.9552999735,-0.8401391506,-1.166943908,3.662667751,-0.262183845
hjcdik,31,-1.930869579,-1.101557732,-0.4121044874,-1.291425228,-2.619013548,2.414641857,-1.692982435
hjcdik,31,1.105181336,-0.2955228984,0.6897093654,-1.043070436,2.01409626,3.089067698,2.27624011
hjcdik,31,1.660817742,-0.1762075126,0.01093177311,-1.186955571,-0.8585839272,3.473567724,-1.221663713
hjcdik,31,-2.309904337,-0.9034167528,-0.6137194633,-1.226811767,-2.39089179,2.614257574,-1.377677083
hjcdik,31,1.697122574,-0.1789251715,-0.01032331213,-1.198349714,-0.8295404315,3.471043348,-1.264322758
hjcdik,31,1.189057708,1.092228889,2.717489481,-1.288353801,-2.605811119,2.424311161,-1.675083399
hjcdik,31,1.96107018,-0.2027064264,-0.1449610591,-1.282526374,-0.5599430203,3.455539465,-1.64223969
hjcdik,31,-2.155807257,-0.9924662709,-0.5342482924,-1.255837202,-2.482729435,2.525727987,-1.506389499
hjcdik,31,-2.042283535,-1.050853968,-0.4733285308,-1.274818659,-2.551271439,2.466756582,-1.600771189
hjcdik,31,0.8267568946,-0.3965072036,0.7597130537,-1.091909528,2.0858531,2.981639385,2.418030024
hjcdik,31,-2.473908663,0.1740769148,-2.463915348,-0.9636464715,-1.194637656,3.56575036,-0.5539131761
hjcdik,31,0.9390867352,0.9666036367,2.582819223,-1.247433424,-2.454725504,2.551588058,-1.467448592
hjcdik,31,-1.947520733,0.2709772587,-2.486608267,-1.028989077,1.997444272,3.11689806,2.237198353
hjcdik,32,0.09043189138,1.626118302,-1.425526977,-0.8007153869,-0.1137726456,0.3681952655,0.3054809272
hjcdik,32,0.07915572077,1.576073408,-1.337649465,-0.7956549525,-0.1421496719,0.3613326848,0.3803202212
hjcdik,32,0.09468187392,1.654733539,-1.474709868,-0.8030527234,-0.09778024256,0.3713898659,0.2634445131
hjcdik,32,0.09862937778,1.716168761,-1.579166889,-0.8068211079,-0.06374008954,0.3765769005,0.1742370129
hjcdik,32,-0.2858450711,1.742372036,-1.897276282,-0.1244334951,0.02863909304,0.06962017715,-0.00391938258
hjcdik,32,-0.156531781,1.280678391,-0.5956946015,-0.7118070126,-0.3593486845,0.2586285472,0.9635446072
hjcdik,32,-0.2931009829,1.760475636,-2.08471036,-0.1248533502,0.1615495086,0.06880979985,-0.05824031308
hjcdik,32,2.856510878,-1.739985347,1.26837194,-0.1244229898,0.01155379601,0.0696426332,0.003063942073
hjcdik,32,-0.04248382151,1.362311602,-0.8837272525,-0.7526749969,-0.2801207304,0.306139946,0.7497507334
hjcdik,32,2.846006155,-1.244048476,2.867849588,-0.651139915,-0.4466749132,0.1964635402,1.18447566
hjcdik,32,0.09461957961,1.654223323,-1.473837495,-0.8030144572,-0.09806399047,0.3713373542,0.2641905844
hjcdik,32,0.0852830708,1.60048306,-1.380878687,-0.7982860804,-0.1282296628,0.3648905456,0.3435671329
hjcdik,32,-0.01619307511,1.391186476,-0.9592611194,-0.7616614699,-0.2583739161,0.3172292709,0.6909422874
hjcdik,32,-0.01545558404,1.392072678,-0.9614631534,-0.7619137764,-0.2577320933,0.3175434768,0.6892110109
hjcdik,32,-0.1046349928,1.310641527,-0.7212886214,-0.7309517264,-0.3253910542,0.2802966237,0.8722989559
hjcdik,32,-0.05744627863,1.347970963,-0.8429012895,-0.7475243211,-0.2916796207,0.2998902798,0.7810498476
hjcdik,32,-0.1440071166,1.286987424,-0.6254612207,-0.7165396214,-0.3513559401,0.2638909817,0.9421826005
hjcdik,32,0.09743250161,1.683962226,-1.524501681,-0.8050512075,-0.08155290782,0.3741357625,0.2208786458
hjcdik,32,-0.0824714452,1.326812744,-0.7772606611,-0.7388107181,-0.3099989593,0.2894908786,0.8306666613
hjcdik,32,-0.4118276238,1.261794448,0.013944529,-0.5741562843,-0.5408488512,0.1304342598,1.359853745
hjcdik,32,0.09854902327,1.710004687,-1.568705082,-0.8065170646,-0.0671466887,0.3761566579,0.1831511855
hjcdik,32,0.09786101431,1.691047311,-1.53653419,-0.8054799438,-0.07763038576,0.3747252226,0.2106003016
hjcdik,32,0.09810936451,1.744069457,-1.626617551,-0.8079981804,-0.04831721634,0.378206104,0.1339132488
hjcdik,32,0.09816480428,1.742794991,-1.624444604,-0.8079512119,-0.04902211204,0.3781413436,0.1357554495
hjcdik,32,0.08793415129,1.612879872,-1.402552843,-0.7995020747,-0.121220611,0.3665423095,0.3250911534
hjcdik,32,-0.2805617452,1.721423507,-1.689883828,-0.1246550828,-0.1188474819,0.06919409335,0.05636288226
hjcdik,32,-0.3931358159,1.255038977,-0.03616781905,-0.5899476409,-0.5216475129,0.1429125071,1.331997156
hjcdik,32,0.09692182392,1.677000523,-1.51266849,-0.8046100736,-0.08541079611,0.3735281527,0.2309907377
hjcdik,32,-0.02596467361,1.379852176,-0.9305381775,-0.7583271861,-0.2667008638,0.3130873144,0.7134428024
hjcdik,32,-0.01899651997,1.387855172,-0.9509321451,-0.7607056499,-0.2607958615,0.3160382509,0.6974844337
hjcdik,32,2.833564997,-1.243613482,2.896905184,-0.6446039677,-0.4549927115,0.1903268844,1.203433394
hjcdik,32,-0.2882253826,1.244530439,-0.2908494473,-0.6548874378,-0.4418426454,0.2000298947,1.173226237
hjcdik,32,0.06706912816,1.537987351,-1.268312216,-0.7908736467,-0.1642661989,0.3549212813,0.4388984442
hjcdik,32,0.09831756353,1.738860726,-1.617740989,-0.8078042269,-0.05119790137,0.3779364526,0.1414416283
hjcdik,32,0.09708390385,1.760975242,-1.655513287,-0.8085543513,-0.03895834461,0.3789765835,0.109463796
hjcdik,32,0.05075996742,1.498009801,-1.192160487,-0.7848484516,-0.1881864965,0.3469386697,0.5025297999
hjcdik,32,2.84535861,-1.244013786,2.869357109,-0.6508063674,-0.4471027255,0.196147427,1.185464501
hjcdik,32,-0.199149996,1.263160586,-0.4961082637,-0.6950108409,-0.3859822452,0.2404486686,1.033861995
hjcdik,32,7.907892723e-06,1.411803246,-1.008964181,-0.7671889663,-0.2437949181,0.3241683245,0.6516100764
hjcdik,32,0.09365736693,1.646783829,-1.461100578,-0.8024423122,-0.1022102982,0.3705533743,0.2750805318
hjcdik,32,0.09792265296,1.747940898,-1.633222222,-0.808136642,-0.04617553949,0.3783973455,0.1283165812
hjcdik,32,-0.2362752706,1.25252831,-0.4105705619,-0.6792846322,-0.4089434147,0.2241102904,1.092869997
hjcdik,32,0.0682971552,1.541436434,-1.274704576,-0.7913439274,-0.162239477,0.3555481732,0.4335210323
hjcdik,32,0.03548835963,1.467488527,-1.130873919,-0.7794286013,-0.2071098983,0.3398509622,0.5530830622
hjcdik,32,0.002185719786,1.414767623,-1.015873551,-0.7679339647,-0.2417507768,0.325109601,0.6461035013
hjcdik,32,0.0448300764,1.485527635,-1.167475104,-0.7827254534,-0.1958453506,0.3441521823,0.5229677558
hjcdik,32,-0.07555170357,1.332336783,-0.7951226234,-0.741234839,-0.3050444722,0.2923623323,0.8172504902
hjcdik,32,-0.09429421276,1.317909002,-0.7471857667,-0.7346371412,-0.3182934225,0.2845867872,0.853112936
hjcdik,32,-0.2175101489,1.257382751,-0.4537315667,-0.6873806119,-0.397328943,0.2324400246,1.063255787
hjcdik,32,0.07762295753,1.570638895,-1.32790947,-0.7950235605,-0.1452733129,0.3604831398,0.3885790706
hjcdik,33,-0.1321935952,-0.3362127244,-0.7454298139,-2.720887661,1.084420919,0.2641456723,-2.28872776
hjcdik,33,-1.853903413,-1.415216684,1.529330254,-2.812638044,-1.120106339,0.8230509162,0.5120001435
hjcdik,33,1.377923608,0.4130939245,-1.865314722,-2.579962492,-0.6078677773,-0.00267626578,1.647684932
hjcdik,33,0.545237124,-1.750415325,-1.483315945,-2.894062519,0.8822188973,1.490866661,-1.506142139
hjcdik,33,-2.727987051,0.9359930754,1.852695823,-2.81309104,1.119468212,0.8267903328,-1.88523066
hjcdik,33,1.2885499,1.61806035,-1.583159447,-2.832763433,-1.083960176,0.9929713607,0.4225473702
hjcdik,33,-2.649029255,1.273157716,1.764018059,-2.846845627,1.049542785,1.113411903,-1.733922482
hjcdik,33,0.5452370644,-1.750415325,-1.483315945,-2.894062519,0.8822188377,1.490866542,-1.506142259
hjcdik,33,-0.2518067062,-0.3010249436,-0.6245898604,-2.708636522,1.058839679,0.2216285914,-2.343688965
hjcdik,33,0.5397759676,-1.664831996,-1.462985635,-2.885383368,0.9190597534,1.426374793,-1.550221086
hjcdik,33,0.5452370644,-1.750415325,-1.483315945,-2.894062519,0.8822187781,1.490866542,-1.50614202
hjcdik,33,-2.643834829,1.30439651,1.757086754,-2.849888086,1.041159391,1.139255047,-1.719950795
hjcdik,33,0.5452368855,-1.750414729,-1.483315945,-2.894062519,0.8822190762,1.490865946,-1.506142259
hjcdik,33,-1.79854238,-0.6036906838,1.391352177,-2.678589106,-0.9821089506,0.1397170275,1.107039213
hjcdik,33,-2.597752333,1.725650072,1.664303541,-2.891538143,0.8932352662,1.4723804,-1.519098878
hjcdik,33,0.4837861657,-1.223932147,-1.366399288,-2.842042685,1.062098265,1.072427511,-1.755844116
hjcdik,33,0.545237124,-1.750415325,-1.483315945,-2.894062519,0.8822188973,1.490866542,-1.506142139
hjcdik,33,1.298759818,1.06692934,-1.65838933,-2.773074627,-1.143562436,0.5275699496,0.6846829653
hjcdik,33,-1.848847508,-1.756540775,1.581377625,-2.846132517,-1.051460147,1.107338071,0.3619622588
hjcdik,33,-2.606136799,1.611081243,1.690772057,-2.879994631,0.9405014515,1.385043859,-1.576975584
hjcdik,33,1.354554772,0.529589057,-1.77995491,-2.648686647,-0.8889686465,0.08131045848,1.252763152
hjcdik,33,0.5317598581,-1.570590138,-1.44187963,-2.875964403,0.9558438659,1.353523135,-1.59671402
hjcdik,33,1.345203996,0.5890552998,-1.755345106,-2.673316717,-0.9668352008,0.128005296,1.132066131
hjcdik,33,-1.213452339,-0.233368054,0.3809729517,-2.606920242,0.7315384746,0.02426129766,-2.853521109
hjcdik,33,1.291043758,1.712343693,-1.567903399,-2.841877222,-1.062516809,1.071010113,0.3813712001
hjcdik,33,0.02664153837,-0.4066416025,-0.9048007131,-2.739196301,1.115228176,0.3401366174,-2.207726717
hjcdik,33,2.011989832,0.2299790084,-2.853221655,-2.618765593,0.7797620296,0.03823728487,-2.786045313
hjcdik,33,0.5452368855,-1.750414729,-1.483315945,-2.894062519,0.8822190166,1.490866065,-1.506142497
hjcdik,33,-1.835378408,-0.9498987794,1.466233492,-2.756558657,-1.134864092,0.4281271696,0.7565421462
hjcdik,33,1.292909026,1.76034987,-1.559534311,-2.846499205,-1.050477028,1.110460877,0.3602842093
hjcdik,33,0.4558182657,-1.090463161,-1.333767056,-2.828881264,1.092151642,0.9597821832,-1.815171123
hjcdik,33,0.5437794924,-1.724627495,-1.477043152,-2.891434193,0.893683672,1.471613884,-1.519630313
hjcdik,33,0.5412121415,-1.684854984,-1.467624187,-2.887402773,0.9107456803,1.441613317,-1.540079713
hjcdik,33,1.28892374,1.33181715,-1.623353481,-2.803959131,-1.130735278,0.7525840998,0.5501202941
hjcdik,33,0.5215675235,-1.475307703,-1.421310782,-2.866565228,0.9893661737,1.278150439,-1.641950965
hjcdik,33,1.33480227,0.6635609865,-1.732071042,-2.697626591,-1.032878041,0.1882830709,1.018537402
hjcdik,33,-2.643659592,1.305480123,1.756848216,-2.849993467,1.040862799,1.140149117,-1.719465017
hjcdik,33,-1.852852106,-1.341215611,1.51947546,-2.804954052,-1.12967205,0.7605383992,0.5457599759
hjcdik,33,1.294536233,1.153306723,-1.646721601,-2.783898354,-1.143497467,0.6010478735,0.6376300454
hjcdik,33,0.545237124,-1.750415325,-1.483315945,-2.894062519,0.8822188973,1.490866661,-1.506142259
hjcdik,33,1.298278451,1.075789571,-1.657167792,-2.774230003,-1.143778682,0.5351068974,0.6796614528
hjcdik,33,0.3285651207,-0.7260034084,-1.20370245,-2.78947258,1.141610861,0.641292572,-1.988598704
hjcdik,33,-1.84071672,-1.030186892,1.4780581,-2.768155336,-1.14205575,0.4963229299,0.7060667276
hjcdik,33,-2.650494576,1.264642835,1.765927196,-2.84601593,1.051771879,1.106345296,-1.737721562
hjcdik,33,-2.755059004,0.8574791551,1.88021946,-2.80465126,1.129999876,0.7581142783,-1.922313213
hjcdik,33,1.332381725,0.6824411154,-1.727059841,-2.702918291,-1.045687795,0.2037766874,0.9943811297
hjcdik,33,2.849576712,0.2915615737,2.557767153,-2.704704046,1.04987371,0.2092248201,-2.361492872
hjcdik,33,1.299537063,1.053030729,-1.660319924,-2.771238804,-1.143110633,0.5157485008,0.6926624179
hjcdik,33,1.290019631,1.284353018,-1.629564881,-2.798855543,-1.135551453,0.7123677135,0.5724487901
hjcdik,33,-1.854242563,-1.47945261,1.538138628,-2.819129467,-1.110177279,0.877114296,0.4833323359
hjcdik,34,0.9986655116,0.3913931251,2.89432478,-2.239915133,-0.5713623166,0.587012887,1.202146888
hjcdik,34,0.9984044433,0.3913711011,2.894550323,-2.239929914,-0.571378231,0.5870637298,1.202043414
hjcdik,34,-0.6525338292,1.000958562,-2.119259834,-2.364461422,-0.4570432007,1.106668234,0.3105911016
hjcdik,34,0.3860208988,0.4032574296,-2.857892036,-2.272472382,-0.5903218985,0.7054823637,0.980455339
hjcdik,34,-1.00363791,-1.008996844,-1.10039103,-2.121750116,-0.03257611766,0.2848691642,2.523691416
hjcdik,34,2.198185682,1.116853714,2.015537262,-2.12362361,0.09143075347,0.2883079648,2.757436037
hjcdik,34,0.9992696643,0.3914435804,2.893802881,-2.239880562,-0.5713253617,0.5868954659,1.202386022
hjcdik,34,2.225404978,1.171311855,2.006542683,-2.127380133,0.151144594,0.295309782,2.8716259
hjcdik,34,-0.994815588,1.600510836,-2.07363224,-2.409403086,-0.2031427175,1.314825058,-0.2085227221
hjcdik,34,1.257105589,0.4262392223,2.673532724,-2.223698854,-0.5500406027,0.5339362025,1.316039205
hjcdik,34,-0.3247815073,0.6550197601,-2.295829058,-2.323433161,-0.5547866821,0.9189432263,0.6292788386
hjcdik,34,1.464048147,0.4782063365,2.502577305,-2.207463026,-0.5203421116,0.4847750366,1.43466258
hjcdik,34,1.321921349,0.4397896528,2.619255066,-2.219018221,-0.5423625708,0.5193578601,1.349673271
hjcdik,34,2.571430445,-0.8907576203,0.9875429273,-2.352792501,-0.4926333725,1.052528381,0.4075481892
hjcdik,34,2.231411934,1.183799863,2.004835844,-2.128475904,0.1644171923,0.297380209,2.897300005
hjcdik,34,-0.7363703847,1.130385399,-2.092410564,-2.376824141,-0.4104617536,1.164238811,0.1987057626
hjcdik,34,-0.9101768136,-1.183808446,-1.136757851,-2.12847662,0.1644259095,0.2973817289,2.897300005
hjcdik,34,-0.9101806879,-1.18380022,-1.136756897,-2.128475904,0.1644176543,0.2973802984,2.897300005
hjcdik,34,-1.06466186,-0.9162894487,-1.069088459,-2.126507282,-0.1396311522,0.2936698794,2.320496082
hjcdik,34,-2.580374241,-0.3869000971,0.1326642483,-2.263200521,-0.5881319046,0.670165062,1.043117166
hjcdik,34,-0.7461307645,1.146514654,-2.089896202,-2.378266573,-0.4043112695,1.170956373,0.1848350465
hjcdik,34,-2.011194706,-0.4056654274,-0.3605233431,-2.232054949,-0.562035799,0.5607872009,1.256902695
hjcdik,34,-1.667014599,-0.4815991223,-0.647506237,-2.206521749,-0.5183506608,0.4820462763,1.441724181
hjcdik,34,-0.7941451073,-1.449346304,-1.144601822,-2.165521383,0.3964995742,0.3753218651,-2.897300005
hjcdik,34,-1.958765388,-0.4132965803,-0.4052203,-2.228709459,-0.5574932694,0.549908936,1.280452609
hjcdik,34,2.231412411,1.183801055,2.004835844,-2.128475904,0.1644183397,0.2973804474,2.897300005
hjcdik,34,-0.9101809859,-1.183799863,-1.136756778,-2.128475904,0.164417088,0.2973802388,2.897300005
hjcdik,34,-1.795947313,-0.445325464,-0.5420547128,-2.217222214,-0.539229691,0.5138514638,1.362690687
hjcdik,34,-1.357711077,-0.6290094256,-0.883163929,-2.171392202,-0.4189500511,0.3892017305,1.729236007
hjcdik,34,-0.2980720401,0.6363104582,-2.313877583,-2.320746422,-0.5588014126,0.9070082307,0.6485161185
hjcdik,34,-0.707007587,1.083150029,-2.100762129,-2.372475386,-0.4280401766,1.143980742,0.2393928319
hjcdik,34,-0.9099299908,1.441001654,-2.068485022,-2.400662422,-0.2795741856,1.274769425,-0.06890071183
hjcdik,34,-0.7509790659,1.154602766,-2.088696718,-2.378981829,-0.4011985958,1.174286366,0.177882418
hjcdik,34,-1.301986694,-0.6688793302,-0.9219330549,-2.163185596,-0.3869544864,0.3699226975,1.806718349
hjcdik,34,-0.9101809859,-1.183799863,-1.136756778,-2.128475904,0.1644172221,0.2973802686,2.897300005
hjcdik,34,-0.4832496345,0.7925305367,-2.198526382,-2.341400146,-0.5209802985,1.000118136,0.4965858459
hjcdik,34,-0.6967859864,-1.676103115,-1.114100575,-2.205091715,0.5152633786,0.4779233932,-2.565742493
hjcdik,34,-0.7609302402,-1.528574944,-1.137528181,-2.179194212,0.4457792938,0.4083478749,-2.773446321
hjcdik,34,-1.54001236,-0.5297512412,-0.7478222251,-2.194019794,-0.4888527095,0.4470147789,1.538084626
hjcdik,34,-1.928180575,-0.418310523,-0.4311696887,-2.226687431,-0.5545805693,0.543418169,1.294763446
hjcdik,34,-1.396798015,-0.6040313244,-0.8551787734,-2.176780701,-0.4378173649,0.4023380876,1.681151032
hjcdik,34,-1.936309576,-0.4169358611,-0.4242823124,-2.22723031,-0.55537498,0.5451545119,1.290915489
hjcdik,34,-1.643738508,-0.4894004464,-0.6661881804,-2.204394817,-0.5137326717,0.4759247005,1.457782269
hjcdik,34,-2.143069744,-0.3913812339,-0.2471446991,-2.239923239,-0.5713711977,0.5870406032,1.202090383
hjcdik,34,-0.8083076477,1.253756046,-2.077057123,-2.38730073,-0.3615514338,1.212974787,0.09270521998
hjcdik,34,-2.727524996,-0.399859637,0.2596540451,-2.27095747,-0.5901396275,0.6996290684,0.9906865954
hjcdik,34,0.9988469481,0.3914082348,2.894168139,-2.239904642,-0.5713512897,0.5869777799,1.202218652
hjcdik,34,2.231415987,1.183808446,2.00483489,-2.12847662,0.164425984,0.2973817885,2.897300005
hjcdik,34,1.533281684,0.5021112561,2.447211266,-2.201022863,-0.5060836673,0.4663581252,1.483500123
hjcdik,34,1.69464016,0.5751631856,2.323200226,-2.183250189,-0.4585259259,0.4186243713,1.625758171
hjcdik,35,-2.108930111,-0.05820393562,-1.733411312,-1.764070392,-0.2573514879,0.7212146521,2.499572754
hjcdik,35,0.6484388113,-0.742287755,1.385423064,-1.803383708,-0.08713618666,0.8510217071,1.743010879
hjcdik,35,0.2380862236,-1.730904222,0.9740678668,-1.788516521,0.1842458099,0.8008055091,0.7601365447
hjcdik,35,0.6960813403,-0.06609711796,1.683846116,-1.772591114,-0.2378484607,0.7484968305,2.380134106
hjcdik,35,1.1473701,0.03366329148,1.280968308,-1.765878797,-0.2536225319,0.7269620299,2.474980354
hjcdik,35,0.3220531344,-0.01865138859,2.082263231,-1.769269347,-0.246053651,0.737799108,2.427838087
hjcdik,35,0.4403820932,-0.02364790998,1.961164951,-1.769652486,-0.2451479137,0.7390295863,2.422412872
hjcdik,35,-1.705336809,-1.634707928,-1.015439749,-1.634979486,-0.01122494321,0.3832030296,-1.739833474
hjcdik,35,-1.697387815,-1.647351146,-1.007299781,-1.634925842,-0.004487293772,0.3830932677,-1.717035532
hjcdik,35,0.5748704672,-0.9937046766,1.309921622,-1.80703032,-0.01950434223,0.8635172844,1.506718636
hjcdik,35,-2.148804903,-0.4472691119,-1.492104411,-1.731985092,-0.2947516739,0.6234856844,2.897300005
hjcdik,35,1.806185603,0.01159019861,0.6094558835,-1.767685294,-0.2496871203,0.7327251434,2.450045109
hjcdik,35,-2.760430336,1.487626314,-2.024296999,-1.800016522,0.1182979867,0.839541316,1.022766948
hjcdik,35,-2.472624063,0.05471705645,-1.424942851,-1.771826982,-0.2398084998,0.746029675,2.391250372
hjcdik,35,0.5742213726,-0.9957490563,1.309269786,-1.807041049,-0.01894119754,0.8635540009,1.504781961
hjcdik,35,0.5835908651,-0.9659517407,1.318695307,-1.806853652,-0.02713309228,0.8629108667,1.532977581
hjcdik,35,-1.464894295,-0.0128977811,-2.40162921,-1.767541051,-0.2500089407,0.7322646379,2.452048063
hjcdik,35,-1.261637568,-0.01103569753,-2.606404781,-1.767755151,-0.2495297939,0.7329494357,2.449067831
hjcdik,35,-2.652850628,0.02670337446,-1.23041904,-1.769877791,-0.2446111143,0.7397530675,2.419218063
hjcdik,35,0.7238153815,-0.4324409068,1.473816276,-1.792868495,-0.1635447443,0.8153751493,2.032441616
hjcdik,35,0.5870736241,-0.9547203779,1.322207928,-1.806766033,-0.03021123074,0.8626097441,1.543588519
hjcdik,35,0.9543424845,0.2189643532,1.567862391,-1.751673102,-0.2778005004,0.6824809313,2.660105944
hjcdik,35,0.4002690017,-1.448281527,1.136315107,-1.80132699,0.1073898822,0.8440024853,1.063084841
hjcdik,35,0.5709667206,-1.00595808,1.306002975,-1.807089925,-0.01612646878,0.863722384,1.495106101
hjcdik,35,0.7406031489,-0.3469107151,1.500087261,-1.788866878,-0.1827102304,0.8019740582,2.112701416
hjcdik,35,1.107566476,0.871137917,1.785089493,-1.690584898,-0.2765732706,0.5104395747,-2.897300005
hjcdik,35,-2.59634304,1.084110737,-1.861299992,-1.807203531,0.005536698736,0.8641123772,1.420733452
hjcdik,35,0.2611865997,-1.697113276,0.9972855449,-1.790496349,0.1752843112,0.8074198365,0.7983967066
hjcdik,35,-2.441276789,0.5374318957,-1.698125958,-1.797143936,-0.1387679875,0.8297960758,1.934271097
hjcdik,35,-2.703006506,1.363729954,-1.967202187,-1.803676605,0.08381416649,0.8520216942,1.148338675
hjcdik,35,-2.417933464,0.4331795871,-1.667995095,-1.792900681,-0.1633751243,0.8154844642,2.031749725
hjcdik,35,0.5202854872,-1.155815959,1.255453467,-1.806895256,0.02554996312,0.8630533218,1.351947665
hjcdik,35,0.3594454527,-1.530198455,1.095647454,-1.798437119,0.130041793,0.8341766596,0.9786008
hjcdik,35,1.155129552,0.03276580572,1.272743344,-1.765945435,-0.2534810007,0.7271745205,2.474065781
hjcdik,35,0.2850415111,-1.660172224,1.021226406,-1.792508841,0.1654025167,0.8141673207,0.8394360542
hjcdik,35,0.2180153579,-1.758766651,0.9538691044,-1.786778808,0.1915748715,0.7950189114,0.7280048728
hjcdik,35,0.2314245701,-1.740302444,0.967366457,-1.787941456,0.1867244244,0.7988879681,0.7493607402
hjcdik,35,0.2338659316,-1.736875892,0.9698226452,-1.788152337,0.1858215481,0.7995910645,0.7532967329
hjcdik,35,0.3355124891,-1.574592352,1.071751833,-1.796604514,0.1422116458,0.8279710412,0.9318665862
hjcdik,35,0.6671003103,-0.6717346907,1.405511498,-1.80155611,-0.1053491756,0.8447830677,1.808911085
hjcdik,35,1.951371312,0.01060003508,0.4633312821,-1.767817259,-0.249390319,0.7331480384,2.448202848
hjcdik,35,2.128246784,0.009857291356,0.285485208,-1.767953992,-0.2490826398,0.7335851192,2.446298361
hjcdik,35,0.69399786,-0.5640016794,1.43593502,-1.798112035,-0.1322998554,0.8330761194,1.909463167
hjcdik,35,-2.006359577,-0.9573110342,-1.326677561,-1.681875229,-0.2628585994,0.4886451662,-2.787248135
hjcdik,35,1.304638743,1.39020586,1.991438389,-1.643976331,-0.1303569525,0.4019019902,-2.157765865
hjcdik,35,0.4462047815,-1.345978379,1.181952357,-1.804090977,0.07884740084,0.8534395099,1.166026473
hjcdik,35,1.107574821,0.8711646795,1.785098672,-1.690582275,-0.2765700519,0.5104325414,-2.897300005
hjcdik,35,1.687636852,0.0127672758,0.7289299369,-1.76755476,-0.2499787658,0.7323077917,2.451861382
hjcdik,35,-2.034017801,-0.8711647987,-1.356494188,-1.690582156,-0.2765699029,0.510432601,-2.897300005
hjcdik,35,0.9705666304,0.3395151198,1.614152312,-1.741567969,-0.2886811495,0.6518012285,2.783678055
hjcdik,36,0.01280035917,-0.2427133173,-2.075374365,-1.278457761,1.935520649,0.1973840594,1.495867133
hjcdik,36,-2.623587847,1.538010716,2.660196066,-1.394842982,0.3108886182,1.219623327,2.052352667
hjcdik,36,0.3934031427,-0.1509179324,-2.573259592,-1.313327551,2.198040247,0.1073205993,1.61378634
hjcdik,36,-0.01073321886,-0.2550715208,-2.036989927,-1.275665164,1.909440279,0.2084155232,1.487169027
hjcdik,36,0.1438186318,-1.222236514,-0.8851480484,-1.343052864,0.7453022003,1.004185319,1.733317375
hjcdik,36,0.5549536943,-1.557127595,-0.4446259439,-1.397621393,0.2734590173,1.230296731,2.082046032
hjcdik,36,-2.883892298,0.1704738587,0.7313240767,-1.302625775,2.124438047,0.1289453954,1.575544357
hjcdik,36,-2.891370296,0.1718204468,0.7405904531,-1.301992536,2.119971991,0.1303432882,1.573344946
hjcdik,36,-2.358832121,0.1249803454,0.1300516129,-1.339076877,2.36950016,0.0664126724,1.71592164
hjcdik,36,-1.708066702,0.1346957833,-0.5689996481,-1.381003857,2.684405565,0.01920359954,1.938787818
hjcdik,36,-2.515314579,1.589114785,2.767291784,-1.401943326,0.2028999031,1.246748567,2.138541222
hjcdik,36,-2.730528116,1.472053766,2.551887751,-1.3846035,0.4233300388,1.179594159,1.964657426
hjcdik,36,0.1655408591,-1.248132467,-0.8588751554,-1.347360134,0.715928793,1.023492336,1.752782941
hjcdik,36,-1.484467864,0.1567026824,-0.8043497205,-1.397739887,2.86984086,0.004483432509,2.083405495
hjcdik,36,-0.06761367619,-0.2942178249,-1.93336153,-1.268507004,1.833557248,0.2428357899,1.465291739
hjcdik,36,-0.1067798436,-0.7922888994,-1.282980442,-1.279706359,1.194856167,0.6633120775,1.499789119
hjcdik,36,-0.1646290421,-0.5173802972,-1.569412827,-1.257846236,1.503835678,0.4335862696,1.433754802
hjcdik,36,-1.883790731,1.629735947,-2.897300005,-1.389037132,-0.3782458305,1.197063565,2.606964827
hjcdik,36,-1.742634416,1.580184937,-2.752417803,-1.374752164,-0.5117204785,1.139991283,2.708734035
hjcdik,36,0.7156299353,-1.62060523,-0.2870395184,-1.405519962,0.1171222627,1.260225773,2.20789957
hjcdik,36,-0.1627827883,-0.4822716117,-1.613663077,-1.257166147,1.54858613,0.4038692415,1.431781888
hjcdik,36,-0.02068435028,-0.9781894088,-1.113812923,-1.30451858,1.00389266,0.8144618273,1.582159638
hjcdik,36,-2.583423853,0.1359112561,0.3792657256,-1.324836254,2.274841785,0.08744880557,1.657438874
hjcdik,36,-2.520510197,1.586995959,2.762193203,-1.401673555,0.2079711258,1.245727301,2.134461403
hjcdik,36,0.1619645208,-0.1906674504,-2.288404942,-1.294091344,2.062707663,0.1491770744,1.546438694
hjcdik,36,-0.00288579613,-1.009798646,-1.085259676,-1.309215307,0.9714774489,0.8396846652,1.598843694
hjcdik,36,0.0852490291,-0.2130853236,-2.183804512,-1.286464095,2.003730297,0.170402661,1.521351576
hjcdik,36,0.3840450346,-1.452701569,-0.6176487207,-1.381476045,0.4528690577,1.167138577,1.942071676
hjcdik,36,0.4394783378,-1.491194844,-0.5606012344,-1.387653589,0.3927936554,1.19163239,1.988219619
hjcdik,36,-0.107975848,-0.7890998125,-1.285958648,-1.279332876,1.198186159,0.6606835723,1.498613358
hjcdik,36,0.1407207996,-1.218444943,-0.8889452219,-1.342424035,0.7495564222,1.001342058,1.730532169
hjcdik,36,0.7917576432,-1.640364408,-0.2131012231,-1.407046437,0.0458348915,1.265939713,2.265885353
hjcdik,36,0.410204798,-1.471455693,-0.5905900002,-1.384507656,0.4242621958,1.179213405,1.963941693
hjcdik,36,1.26406312,-0.1261487305,2.752678633,-1.369178295,2.58465457,0.03081296012,1.86437273
hjcdik,36,-2.453019142,1.612039089,2.828201771,-1.404645324,0.1428283006,1.256941915,2.187053919
hjcdik,36,0.7164978385,-1.62086606,-0.2861949205,-1.405544758,0.1163011044,1.260319829,2.208566189
hjcdik,36,-2.515048504,1.58922255,2.767553091,-1.401957035,0.2026403248,1.246800303,2.138750076
hjcdik,36,-0.003126851283,-1.009382129,-1.085636616,-1.309152961,0.9719054699,0.8393533826,1.598618746
hjcdik,36,1.403239846,-1.57829988,0.3936558068,-1.374253511,-0.5158786178,1.137957931,2.711829185
hjcdik,36,1.394533992,-1.582108498,0.3845502138,-1.375263214,-0.5074314475,1.142072797,2.705536127
hjcdik,36,0.8397654295,-1.649625897,-0.1665505767,-1.407323241,0.001533219009,1.266972661,2.301990747
hjcdik,36,0.04528815672,-1.087956309,-1.013853788,-1.321265578,0.8904500008,0.9013097882,1.643583775
hjcdik,36,-0.05898216367,-0.9036982059,-1.180975318,-1.29393816,1.0800246,0.7544275522,1.54592824
hjcdik,36,-0.04528862238,-0.931483984,-1.155901909,-1.297798634,1.051632047,0.7769128084,1.558940411
hjcdik,36,-1.674552679,0.1370696127,-0.6044661403,-1.383460164,2.707272291,0.01692586951,1.956229448
hjcdik,36,0.593295157,-0.1335859895,-2.801815748,-1.327145219,2.290139437,0.08379970491,1.666556835
hjcdik,36,1.207751393,-0.1243830845,2.812775612,-1.365455627,2.555802345,0.03470744565,1.843420744
hjcdik,36,-2.803875208,1.416771889,2.475318193,-1.375578403,0.5047724247,1.143355131,1.90293014
hjcdik,36,0.567546308,-0.1352650076,-2.77289176,-1.325456619,2.278953552,0.08645816892,1.659876704
hjcdik,36,-2.577344656,1.561656594,2.706175804,-1.398260951,0.2641436756,1.232744098,2.089468479
hjcdik,37,-2.749376535,-0.7752274871,0.4064707756,-0.9998368621,2.818015337,0.7904848456,2.466385841
hjcdik,37,-2.22880888,-0.5744205117,0.6116669178,-0.9406865835,2.00782156,1.011057854,2.235542297
hjcdik,37,-1.967708945,-0.4709625542,0.6800169349,-0.9273942709,1.683357835,1.145864964,2.203592539
hjcdik,37,0.8473981619,0.6013001204,-2.553176641,-0.9466771483,2.098442316,0.9768200517,2.251156569
hjcdik,37,1.781728148,0.2961864471,-2.521775246,-0.9390138388,1.161591649,1.378727317,2.231329918
hjcdik,37,1.23528111,0.4484193325,-2.452969074,-0.92655617,1.61612165,1.175484419,2.201689243
hjcdik,37,0.5655781627,0.7138911486,-2.665131807,-0.9806028008,2.52754283,0.8446858525,2.362303972
hjcdik,37,0.09949409217,-0.2190225124,-0.22217004,-0.9854198098,0.5508253574,1.604782701,2.383324385
hjcdik,37,1.863720417,0.2811017036,-2.552063942,-0.9420482516,1.112069011,1.400202751,2.239018202
hjcdik,37,-1.632583261,-0.360637933,0.6859982014,-0.9299299121,1.358137131,1.291289449,2.209429502
hjcdik,37,-1.47980988,-0.3217253089,0.6559880972,-0.9347141385,1.241498947,1.343510509,2.220760822
hjcdik,37,2.031759977,0.2556225657,-2.625989437,-0.9482255578,1.021386385,1.438600302,2.255334616
hjcdik,37,-2.721774817,-0.7660731077,0.4175230563,-0.9973034859,2.7707026,0.7971243858,2.4482584
hjcdik,37,1.212147951,0.4568068385,-2.455831766,-0.9267838001,1.641043425,1.164460182,2.202205896
hjcdik,37,-1.244540691,-0.2754863501,0.5760575533,-0.9432837367,1.09299469,1.40838623,2.242211103
hjcdik,37,-1.361253381,-0.2964589298,0.6202928424,-0.9389638305,1.162464738,1.378346324,2.231202126
hjcdik,37,0.7556462288,-0.2986369431,-0.582798481,-1.003561616,0.2403605431,1.667395353,2.499093771
hjcdik,37,1.132462978,0.4866505861,-2.469163418,-0.9284033775,1.730693698,1.125273705,2.205905676
hjcdik,37,1.576882005,-0.5689278841,-0.6997825503,-0.9899163842,-0.4880492091,1.621027708,2.789204836
hjcdik,37,1.745828629,-0.6406907439,-0.6514462829,-0.9742886424,-0.6932424307,1.562003732,2.856885433
hjcdik,37,-2.562784195,-0.7088801861,0.4818555117,-0.9789196849,2.506110907,0.8499105573,2.35541749
hjcdik,37,1.118949056,0.4918462634,-2.471937895,-0.9288178086,1.746482372,1.118460774,2.20685482
hjcdik,37,-1.457414269,-0.3166311085,0.6500253081,-0.9354944825,1.225851536,1.350452662,2.222651482
hjcdik,37,-1.546515465,0.5766636133,2.445739031,-0.9884209633,-0.5094345808,1.61568439,2.796753168
hjcdik,37,0.06665759534,0.8605036736,-2.871193409,-1.003277183,-2.893979788,0.781675458,2.69817543
hjcdik,37,0.3304435015,-0.2366937846,-0.3628213108,-0.9920122623,0.4570386708,1.628417611,2.416304827
hjcdik,37,1.297561169,0.4265269935,-2.447610378,-0.9264221191,1.551492214,1.204276443,2.201388121
hjcdik,37,1.082783341,-0.3817869127,-0.6918150187,-1.008315325,0.008191022091,1.682670474,2.593808651
hjcdik,37,2.247073412,0.2321874052,-2.738805294,-0.9557518959,0.9216323495,1.479066968,2.276569843
hjcdik,37,-0.2182238698,-0.2082978785,-0.01811792701,-0.9763938785,0.6671800017,1.570407748,2.345465422
hjcdik,37,0.5801683068,0.7083628774,-2.659182787,-0.9787458181,2.503914595,0.8504549265,2.3547194
hjcdik,37,1.69321692,-0.6184539199,-0.6693301201,-0.9795231223,-0.6278228164,1.582624793,2.836517334
hjcdik,37,1.661844015,-0.6051107049,-0.678783834,-0.9825066924,-0.5894402862,1.593967199,2.824018955
hjcdik,37,-2.277265072,-0.5943347812,0.5946028829,-0.945028007,2.074635506,0.9856368303,2.246775389
hjcdik,37,-2.795336485,-0.7898777723,0.3880924582,-1.003415704,2.897500038,0.7813236117,2.497606993
hjcdik,37,-1.693151355,0.5151623487,2.422902107,-0.9988484979,-0.3427031934,1.651826978,2.735368967
hjcdik,37,1.84020412,-0.6797496676,-0.6131522655,-0.9644351006,-0.8136326671,1.520204782,2.891062737
hjcdik,37,0.9020475745,0.5788277984,-2.53361845,-0.9415994883,2.022454739,1.005407572,2.237867594
hjcdik,37,1.403932333,-0.4970886707,-0.7216672301,-1.001235366,-0.2948069572,1.659764528,2.716798306
hjcdik,37,0.3462563455,0.7898778319,-2.753500462,-1.003415704,2.897500038,0.7813236117,2.497607231
hjcdik,37,1.380625844,-0.4877808392,-0.7225038409,-1.002335787,-0.2702674866,1.663388848,2.707151651
hjcdik,37,0.2956910729,-0.2334255278,-0.3423250318,-0.9910177588,0.4719201624,1.624924779,2.410938263
hjcdik,37,0.7731466293,-0.3022105396,-0.5902417898,-1.003968358,0.2296579033,1.668718338,2.503365517
hjcdik,37,-2.801965475,0.2375962436,2.773402452,-0.9922747016,0.4530518651,1.629336119,2.417750597
hjcdik,37,-1.774449229,-0.4033492804,0.6958274841,-0.9269962311,1.483496189,1.234798431,2.202687502
hjcdik,37,-1.418710113,-0.3081837296,0.6388446093,-0.9368713498,1.199616313,1.362045169,2.226017475
hjcdik,37,2.015144587,0.2578393817,-2.618053436,-0.9476236701,1.029782176,1.43510294,2.253703356
hjcdik,37,-2.591332674,0.2631843984,2.656783819,-0.9982290268,0.3542495668,1.649745703,2.454590797
hjcdik,37,-0.8058784008,-0.2251084447,0.3519495726,-0.9586915374,0.8845329881,1.493543744,2.285325527
hjcdik,37,-2.515754223,-0.6907667518,0.5010426641,-0.972868681,2.430883169,0.8694937825,2.332265854
hjcdik,38,1.847951651,1.089493752,0.8986944556,-0.5718853474,2.300357819,1.57027185,2.636743784
hjcdik,38,2.036845207,0.9618681669,0.2253405452,-0.6263991594,2.897500038,1.466710329,2.749266386
hjcdik,38,2.000511408,0.9725543261,0.3280718327,-0.6212804914,2.810299873,1.47589922,2.72871089
hjcdik,38,-1.050778508,-1.459841847,-0.1753783077,-0.3017225564,0.129847005,1.8778373,2.794513702
hjcdik,38,1.811221242,1.173973441,1.195103526,-0.5421460867,2.015329599,1.638758898,2.610347748
hjcdik,38,-1.157736063,-0.97892946,-2.764500618,-0.6183381081,2.76832366,1.481214762,2.719201088
hjcdik,38,-1.124314427,-0.9671013355,-2.861548424,-0.6238530278,2.85118413,1.471271634,2.73822403
hjcdik,38,2.251853466,0.9733957052,-0.3548622131,-0.6263996959,-2.897500038,1.466709733,2.871589661
hjcdik,38,2.262535334,0.9774544835,-0.385879159,-0.6249836087,-2.870871305,1.46924293,2.877970457
hjcdik,38,2.036844254,0.9618647695,0.2253405154,-0.6264055371,2.897500038,1.46670723,2.749265909
hjcdik,38,2.293720245,0.9918011427,-0.4801271856,-0.6198409796,-2.789216995,1.478498578,2.896955729
hjcdik,38,-0.8825175762,-0.9760945439,2.765821934,-0.6254612207,-2.879561901,1.468389034,2.875897408
hjcdik,38,2.199222326,1.451795697,-2.733296156,-0.3072262704,-0.4937067032,1.865345836,2.869776011
hjcdik,38,2.173588276,1.458100557,-2.873296499,-0.304220438,-0.3443730474,1.872254372,2.852278709
hjcdik,38,2.036844254,0.9618656039,0.225340575,-0.6264041662,2.897500038,1.466707826,2.749265909
hjcdik,38,2.251853466,0.9733948708,-0.3548620343,-0.6264014244,-2.897500038,1.466709256,2.871589661
hjcdik,38,2.251853228,0.973395586,-0.3548619449,-0.6263999939,-2.897500038,1.466709733,2.871589422
hjcdik,38,2.270886183,0.9809181094,-0.4105335176,-0.6237581372,-2.84962225,1.471438885,2.882999182
hjcdik,38,2.251853466,0.9733947515,-0.3548621535,-0.6264015436,-2.897500038,1.466709018,2.871589661
hjcdik,38,2.257435799,0.9754668474,-0.371003896,-0.6256791949,-2.883656025,1.467996597,2.874917507
hjcdik,38,2.036844492,0.9618655443,0.2253406048,-0.6264042854,2.897500038,1.466707945,2.749265909
hjcdik,38,-1.111641288,-0.9635756612,-2.897125721,-0.6255609393,2.881334543,1.4682163,2.745382071
hjcdik,38,-1.175841689,-0.9870434999,-2.709376097,-0.6146720052,2.720786572,1.487887859,2.708777428
hjcdik,38,2.251853943,0.9733943343,-0.3548623025,-0.6264025569,-2.897500038,1.466708541,2.871589661
hjcdik,38,2.03684473,0.9618670344,0.2253406495,-0.6264013648,2.897500038,1.466709256,2.749266148
hjcdik,38,-1.139323235,-0.9719353914,-2.818617582,-0.6215735078,2.81464982,1.475378513,2.729711056
hjcdik,38,-1.146107554,-0.9743708968,-2.798880816,-0.6204399467,2.797791719,1.477422357,2.72584796
hjcdik,38,2.036844254,0.9618648887,0.2253406644,-0.6264054179,2.897500038,1.46670723,2.749265909
hjcdik,38,2.26791954,0.9796569943,-0.4017310441,-0.6242066622,-2.857217789,1.47063601,2.88120842
hjcdik,38,2.251853943,0.9733939767,-0.3548622131,-0.6264032125,-2.897500038,1.466708302,2.871589899
hjcdik,38,-0.9693892598,-1.458356619,0.2608124614,-0.3040852249,-0.336383611,1.872552633,2.851326466
hjcdik,38,-1.081489205,-1.453437686,-0.3425927758,-0.3036533594,0.3085871637,1.87354064,2.772851467
hjcdik,38,2.251854181,0.9733939171,-0.3548623025,-0.6264035106,-2.897500038,1.466708183,2.871589899
hjcdik,38,1.982450843,0.9795094132,0.3812943995,-0.6180788279,2.764713526,1.481694579,2.718395233
hjcdik,38,2.020684719,0.9661028981,0.2704241872,-0.6243351698,2.859348059,1.470412374,2.74015069
hjcdik,38,2.036844254,0.9618653059,0.2253405005,-0.6264047623,2.897500038,1.466707706,2.749265909
hjcdik,38,2.251853943,0.9733941555,-0.3548623025,-0.6264029741,-2.897500038,1.466708302,2.871589899
hjcdik,38,2.251854897,0.9733919501,-0.3548624516,-0.626406908,-2.897500038,1.466706753,2.871590376
hjcdik,38,2.25185442,0.973392725,-0.3548623919,-0.6264056563,-2.897500038,1.46670711,2.871589899
hjcdik,38,2.036844492,0.9618654251,0.2253405452,-0.626404345,2.897500038,1.466708064,2.749265909
hjcdik,38,-1.111578345,-0.9635593891,-2.897300005,-0.6255689859,2.88148284,1.468201995,2.745417595
hjcdik,38,2.036843777,0.961863637,0.2253406346,-0.6264078617,2.897500038,1.466706276,2.749265671
hjcdik,38,1.934704304,1.004296422,0.5326610208,-0.6070587039,2.633134604,1.50188899,2.690635443
hjcdik,38,-1.133902073,-0.9701007009,-2.834236145,-0.6224364042,2.827962399,1.473828793,2.732790709
hjcdik,38,2.036844254,0.9618651271,0.2253405005,-0.6264050603,2.897500038,1.466707468,2.749265909
hjcdik,38,2.251853943,0.9733939171,-0.3548621535,-0.6264030933,-2.897500038,1.466708302,2.871589661
hjcdik,38,2.036843777,0.9618629813,0.225340575,-0.6264091134,2.897500038,1.466705799,2.749265432
hjcdik,38,2.036844254,0.9618653655,0.225340575,-0.6264046431,2.897500038,1.466707706,2.749265909
hjcdik,38,-1.174240112,-0.9862717986,-2.71434164,-0.615018487,2.725084066,1.487256646,2.709703684
hjcdik,38,2.251854181,0.9733937979,-0.3548622429,-0.6264033914,-2.897500038,1.466708302,2.871589899
hjcdik,39,0.2108012885,1.298833847,-2.0930264,-0.7734037042,-2.034706116,1.924972415,-2.507882357
hjcdik,39,0.2802411616,0.9011673927,-1.283306718,-0.8370295167,-2.864552736,1.699348927,-2.719247818
hjcdik,39,-2.842569113,-1.038294196,1.585778952,-0.8197662234,-2.598997831,1.749538302,-2.632263422
hjcdik,39,-0.3262066543,1.535169601,2.895745039,-0.8189578056,-0.5527902842,2.39187932,-2.6292243
hjcdik,39,2.665641069,-1.481995106,-0.5251255035,-0.8421826363,-0.1351041943,2.442352772,-2.770287752
hjcdik,39,-0.23892878,1.135520577,2.897300005,-0.090380162,-0.4570184052,2.099888802,-2.802293539
hjcdik,39,0.1888580471,1.329418659,-2.169204712,-0.7682999372,-1.953764319,1.95394671,-2.49785018
hjcdik,39,-0.2872959673,1.07835722,1.484321237,-0.09095580876,1.004565477,2.085498571,-2.854700804
hjcdik,39,2.609046936,-1.44563508,-0.635697186,-0.8436681628,0.04299845174,2.445327044,-2.836160898
hjcdik,39,-0.2862359285,1.089624763,1.70179379,-0.09071540087,0.783637166,2.092400312,-2.848979473
hjcdik,39,-0.1783362627,1.119594216,-2.229645252,-0.09127627313,-1.650925756,2.060250521,-2.779324293
hjcdik,39,2.855658054,-1.090908766,-1.414976358,-0.09068639576,0.7582852244,2.093104601,-2.84822917
hjcdik,39,-0.02952391654,1.500059366,-2.767391682,-0.7622042894,-1.309610605,2.183428288,-2.486445189
hjcdik,39,-0.2429602295,1.134295583,2.827521801,-0.09032048285,-0.384111166,2.101056814,-2.80500555
hjcdik,39,-0.2864455581,1.071193695,1.34309268,-0.09109059721,1.146841049,2.080429554,-2.857518196
hjcdik,39,0.1670817286,1.355992556,-2.239831924,-0.7643014789,-1.878683209,1.981089354,-2.490298033
hjcdik,39,-2.851967812,-1.113385677,1.44156611,-0.8073600531,-2.450217485,1.788832903,-2.590568781
hjcdik,39,-0.2854659557,1.09265697,1.760518432,-0.09064856172,0.7236191034,2.094036818,-2.847175598
hjcdik,39,-0.5434353352,1.437320828,2.483613253,-0.8432641029,0.07920401543,2.444523096,-2.849560499
hjcdik,39,-0.2613210678,1.040371537,0.5554127097,-0.09114636481,1.922962785,2.04929328,-2.858654022
hjcdik,39,2.794334173,-1.530875325,-0.2853622139,-0.8232639432,-0.4972440898,2.401880026,-2.646082878
hjcdik,39,0.1601558626,1.363785505,-2.261466742,-0.7632273436,-1.855670691,1.989438295,-2.488319874
hjcdik,39,0.2327385247,1.263137698,-2.009666204,-0.7797847986,-2.123242855,1.893840432,-2.521129847
hjcdik,39,-2.843217611,-0.9930533171,1.672930002,-0.8263486624,-2.686613798,1.729873657,-2.659386873
hjcdik,39,-2.871932745,-1.183115602,1.303248882,-0.7946990132,-2.304826736,1.833023548,-2.555757999
hjcdik,39,-0.2834700644,1.062190771,1.156157017,-0.0912213698,1.333652139,2.073224068,-2.860055447
hjcdik,39,-2.858218908,-1.139659643,1.390242457,-0.8026823997,-2.396482468,1.804585218,-2.576990604
hjcdik,39,0.1745085269,1.347298026,-2.216212034,-0.7655552626,-1.90379858,1.971990108,-2.492637634
hjcdik,39,0.2853686512,1.13194108,-1.736192465,-0.8040708899,-2.412384033,1.799847007,-2.58092308
hjcdik,39,-0.2100857347,1.038219452,-0.342228055,-0.09030036628,2.784204006,2.024973154,-2.834401369
hjcdik,39,0.2753911316,0.8877429366,-1.254517436,-0.8382366896,-2.890967131,1.695993304,-2.728573084
hjcdik,39,2.624737024,-1.456819177,-0.6042732596,-0.843831718,-0.007969653234,2.445651531,-2.817252874
hjcdik,39,0.299359411,1.022370815,-1.525273561,-0.8221693635,-2.62993741,1.742274523,-2.641639471
hjcdik,39,2.648019314,-1.47181499,-0.558822453,-0.8432344794,-0.08126684278,2.444463253,-2.790097952
hjcdik,39,-0.4324923158,1.50321126,2.697971821,-0.8376955986,-0.2627721429,2.433207035,-2.724273205
hjcdik,39,-2.845396042,-1.073487759,1.518412948,-0.8141546249,-2.529983759,1.766912818,-2.612200499
hjcdik,39,0.2977633774,1.058298111,-1.594098687,-0.8166241646,-2.559895754,1.759190798,-2.62074852
hjcdik,39,-2.868970394,-1.174776316,1.320195317,-0.7962480783,-2.322724819,1.827329278,-2.559709549
hjcdik,39,-0.2378906757,1.034387827,0.1311426461,-0.09074538946,2.331483603,2.035083532,-2.849743366
hjcdik,39,-0.2568995357,1.03844595,0.4690717459,-0.09108059853,2.006487608,2.04610467,-2.857313871
hjcdik,39,0.1315672398,1.393133163,-2.347392321,-0.7597317696,-1.764175296,2.022675991,-2.481991291
hjcdik,39,-2.844451666,-1.064950466,1.534762859,-0.8155505657,-2.546821833,1.762531281,-2.616983652
hjcdik,39,-0.2073709518,1.039213181,-0.3906692564,-0.09026945382,2.83052516,2.02435565,-2.832621813
hjcdik,39,0.2912335396,0.941501081,-1.366725087,-0.8328319788,-2.786071777,1.711159348,-2.692151785
hjcdik,39,2.578524351,-1.42109549,-0.6993517876,-0.8418957591,0.1463989317,2.441776991,-2.874265671
hjcdik,39,0.2367619872,1.255872965,-1.993315935,-0.7811195254,-2.140601397,1.887828112,-2.524006605
hjcdik,39,2.677727222,-1.488432169,-0.5022748113,-0.8411883712,-0.1712951809,2.44034791,-2.757080793
hjcdik,39,0.1590450853,1.365009546,-2.264905453,-0.7630645633,-1.852012515,1.990766048,-2.488019228
hjcdik,39,0.254989475,1.219153047,-1.913316131,-0.7879577279,-2.225471258,1.858983278,-2.539394617
hjcdik,39,-0.2617405653,1.040577888,0.5638512373,-0.09115287662,1.914786935,2.049611092,-2.858771324
hjcdik,40,0.0129034901,0.3082847297,-1.570302129,-2.683809519,2.598967075,2.249444962,-2.366708517
hjcdik,40,-0.2812366784,-1.663471222,-1.870860338,-2.575890541,-2.742460728,2.643189192,1.197458148
hjcdik,40,-0.2944650054,-1.700723767,-1.880197167,-2.581195593,-2.724655151,2.62798667,1.145406127
hjcdik,40,-0.7980090976,0.002972851042,-0.8108460307,-2.647601604,2.601501703,2.400972843,-2.640740871
hjcdik,40,-0.2654496133,-1.617234945,-1.859692812,-2.56943965,-2.766352654,2.661119699,1.263932228
hjcdik,40,0.0655073747,0.8268675804,-1.51444304,-2.736002207,2.684042692,2.007526636,-1.944758415
hjcdik,40,0.1271802485,1.283534765,-1.432308078,-2.771111488,2.835624695,1.839982986,-1.576744914
hjcdik,40,0.02398585714,0.4191674292,-1.561228275,-2.695931911,2.608482122,2.195145369,-2.273741484
hjcdik,40,0.09751678258,1.086086988,-1.47256887,-2.757426023,2.762058258,1.905069232,-1.737381458
hjcdik,40,-0.6970379353,0.003318974515,-0.9117404222,-2.647660255,2.601461887,2.400742292,-2.64029479
hjcdik,40,0.8566935658,-0.002792716492,-2.466187,-2.647114038,2.60183835,2.40288949,-2.644458771
hjcdik,40,0.06879590452,0.8559276462,-1.510281563,-2.738574982,2.691684961,1.995235324,-1.921598315
hjcdik,40,-2.53453207,0.003689489327,0.9248421788,-2.646963835,2.601943731,2.403478384,-2.645603895
hjcdik,40,-0.2969498932,-1.707574964,-1.881951928,-2.582179308,-2.72151947,2.625121355,1.135976076
hjcdik,40,-1.097860575,0.00238611782,-0.5111563206,-2.647478342,2.601585865,2.401458025,-2.641681671
hjcdik,40,-0.306222856,-1.732740164,-1.888507605,-2.585811377,-2.710370064,2.614418507,1.101711631
hjcdik,40,-2.221950531,0.002654765965,0.6124928594,-2.647141457,2.601819277,2.402781248,-2.644248962
hjcdik,40,-0.2497868091,-1.569352984,-1.848526478,-2.562968731,-2.79320097,2.678505182,1.335010171
hjcdik,40,-1.908297181,0.002242431045,0.2989809811,-2.647249699,2.601743937,2.402355909,-2.643423319
hjcdik,40,0.6149848104,-0.003648308571,-2.224666595,-2.646970034,2.601938963,2.403453827,-2.645555496
hjcdik,40,-0.3934080899,0.005584498867,-1.214943051,-2.64798665,2.601241827,2.399458885,-2.637810946
hjcdik,40,0.1166864708,-0.01732169464,-1.728693962,-2.645187616,2.603245258,2.410425901,-2.659163952
hjcdik,40,0.04662270099,0.6493628025,-1.537340403,-2.719442844,2.643698215,2.08616519,-2.086537123
hjcdik,40,0.03367574885,0.5188795924,-1.551653624,-2.706390858,2.621264935,2.147175312,-2.191912174
hjcdik,40,0.1029340476,1.124979377,-1.465271592,-2.76031971,2.775619745,1.89126122,-1.705985785
hjcdik,40,0.03263742104,0.5082141757,-1.55273509,-2.705292225,2.619713068,2.152257442,-2.200600863
hjcdik,40,0.5500949025,-0.004021986388,-2.159850121,-2.646913767,2.601978779,2.403674126,-2.645983219
hjcdik,40,0.1401505023,1.358988643,-1.41462183,-2.775624752,2.866712332,1.818676829,-1.514416575
hjcdik,40,-2.851315975,0.007277857512,1.24098134,-2.646470785,2.602294445,2.405412674,-2.649366856
hjcdik,40,-0.2208100408,-1.474993348,-1.82737565,-2.551115036,-2.852306604,2.708845377,1.481805921
hjcdik,40,-0.237707898,-1.530972838,-1.839808583,-2.557982206,-2.816262007,2.691503286,1.393646598
hjcdik,40,0.05222251639,0.7038094997,-1.530755997,-2.724672079,2.654896021,2.061445951,-2.042934418
hjcdik,40,2.66340971,-0.004643433262,2.011255264,-2.647857428,2.601328373,2.399967432,-2.638794661
hjcdik,40,-0.2927708328,-1.69602561,-1.879001021,-2.580522299,-2.726830244,2.629939318,1.151898146
hjcdik,40,-0.251276046,-1.573996067,-1.849593878,-2.563584805,-2.790504217,2.676874876,1.328017592
hjcdik,40,0.1562943459,-0.01314519346,-1.7676121,-2.645717144,2.602846384,2.408359289,-2.65511775
hjcdik,40,-2.331401825,0.002912052209,0.7218790054,-2.647091627,2.601853609,2.40297699,-2.644628525
hjcdik,40,-0.1182809323,0.01845137961,-1.4879179,-2.649624586,2.600190163,2.39298749,-2.625345707
hjcdik,40,-2.074799299,0.002413949464,0.465414077,-2.647197008,2.601780653,2.402563572,-2.643826485
hjcdik,40,0.01473052148,0.325991869,-1.568986773,-2.685780287,2.600142002,2.240722895,-2.351695061
hjcdik,40,-1.838305354,0.002194490982,0.229015857,-2.647270203,2.601729631,2.402276516,-2.643268347
hjcdik,40,-1.497749448,0.002125377068,-0.1114198193,-2.647362232,2.601666212,2.40191555,-2.642568588
hjcdik,40,-0.0150774708,0.1108769774,-1.57592237,-2.660928249,2.595373869,2.34726429,-2.539737701
hjcdik,40,-2.868016958,0.007701366208,1.257609963,-2.646415234,2.602334261,2.405629158,-2.649788618
hjcdik,40,-2.32318449,0.0028900709,0.7136668563,-2.647095919,2.601851225,2.402960539,-2.644597769
hjcdik,40,-0.2119103819,-1.444348454,-1.82067883,-2.547602415,-2.873210192,2.717473745,1.53136003
hjcdik,40,0.1110746637,1.180950522,-1.454244494,-2.764319658,2.795949936,1.872209549,-1.66060698
hjcdik,40,-1.875039816,0.00221813377,0.2657367587,-2.647259474,2.601737261,2.402317762,-2.643349171
hjcdik,40,0.08114634454,0.9600193501,-1.494320154,-2.747448683,2.721377134,1.952783585,-1.838534474
hjcdik,40,1.259932637,-0.002222612966,-2.869238377,-2.647257566,2.601738453,2.402325392,-2.643363714
hjcdik,41,-1.642155647,1.618420243,-0.4002735913,-2.202239037,-2.630649805,2.53541255,-2.396380901
hjcdik,41,-2.156048298,1.418270707,-0.2763296664,-2.269026518,-2.632135868,2.283819199,-2.897300005
hjcdik,41,-2.156048298,1.418270588,-0.2763296664,-2.269026518,-2.632135868,2.283819199,-2.897300005
hjcdik,41,-2.836505413,1.298883915,-0.03043732047,-2.330083132,-2.782957554,2.017770529,2.850660801
hjcdik,41,-2.816388845,1.299863935,-0.03804350644,-2.328672409,-2.776967764,2.024085045,2.865763426
hjcdik,41,-2.818667889,1.299745083,-0.03718143329,-2.328833342,-2.77764225,2.023364544,2.864052057
hjcdik,41,-1.356847048,1.753072858,-0.4204955995,-2.158227205,-2.710225105,2.668609619,-2.039903402
hjcdik,41,-2.882793427,1.297209144,-0.01298237965,-2.333239794,-2.797038555,2.00363493,2.815937281
hjcdik,41,1.691578507,1.703843832,0.3616325259,-2.335651875,2.808487415,1.992828369,1.44180727
hjcdik,41,1.887524605,1.627092004,0.3590809107,-2.348287821,2.881431818,1.936257482,1.605487943
hjcdik,41,-1.789481759,1.553318739,-0.374291122,-2.223361731,-2.615717173,2.461940527,-2.55500412
hjcdik,41,0.9855431914,-1.41827023,2.865263462,-2.269026756,-2.632135868,2.283818483,-2.897300005
hjcdik,41,-1.861912489,1.523270249,-0.3583197296,-2.233175039,-2.61356473,2.425776005,-2.627886057
hjcdik,41,-1.872389793,1.519046903,-0.3558517098,-2.23456192,-2.613505602,2.420563936,-2.638180733
hjcdik,41,-2.774423122,1.302400947,-0.05393513665,-2.325653791,-2.764729738,2.037587404,2.897300005
hjcdik,41,1.880889773,1.629670858,0.3593664467,-2.347908735,2.878828287,1.937952518,1.5999192
hjcdik,41,-2.896727324,1.296862483,-0.007744055241,-2.334165335,-2.801357508,1.999488354,2.805488348
hjcdik,41,-2.15604949,1.41827023,-0.2763293386,-2.269026756,-2.632135868,2.283818483,-2.897300005
hjcdik,41,-2.156037807,1.418274045,-0.2763330936,-2.269025087,-2.632134438,2.283824205,-2.897300005
hjcdik,41,-2.774425983,1.302400708,-0.05393403396,-2.325654268,-2.764730692,2.037586212,2.897300005
hjcdik,41,-2.774425983,1.302400827,-0.05393398553,-2.325654268,-2.764730692,2.037586212,2.897300005
hjcdik,41,1.84671092,1.642993212,0.3606161475,-2.345898867,2.865551949,1.946941972,1.571256161
hjcdik,41,-2.774423122,1.302400947,-0.05393504351,-2.32565403,-2.764730215,2.037586927,2.897300005
hjcdik,41,1.86334455,1.636502385,0.3600541949,-2.346888781,2.871984005,1.942513704,1.58520031
hjcdik,41,0.9954090118,-1.421303034,2.862144947,-2.267925024,-2.63091898,2.288384199,-2.888837576
hjcdik,41,-2.156037807,1.418273926,-0.2763331234,-2.269025087,-2.632134438,2.283824205,-2.897300005
hjcdik,41,-2.774430513,1.30240047,-0.05393228307,-2.325654507,-2.764732122,2.037584543,2.897300005
hjcdik,41,1.916734099,1.615773082,0.3576576114,-2.349914074,2.892993212,1.92899096,1.63001895
hjcdik,41,-1.830276489,1.536216021,-0.365534544,-2.228936911,-2.614122391,2.441548109,-2.596429348
hjcdik,41,-2.156040668,1.418273211,-0.27633214,-2.269025326,-2.632134676,2.283822775,-2.897300005
hjcdik,41,-2.774430513,1.302400351,-0.05393229797,-2.325654507,-2.764732122,2.037584543,2.897300005
hjcdik,41,-2.774422646,1.302400947,-0.05393527821,-2.32565403,-2.764729738,2.037587166,2.897300005
hjcdik,41,-2.77443099,1.30240047,-0.05393219739,-2.325654507,-2.764732122,2.037584543,2.897300005
hjcdik,41,1.362390041,-1.557697535,2.765195847,-2.221937656,-2.616281509,2.467084169,-2.544406652
hjcdik,41,-2.774423122,1.302400947,-0.05393510684,-2.325653791,-2.764729977,2.037587404,2.897300005
hjcdik,41,-1.989889145,1.474004388,-0.3256894648,-2.249554873,-2.616788149,2.362722397,-2.749775648
hjcdik,41,1.672863007,1.711177588,0.361241281,-2.334299803,2.801992178,1.998886108,1.426277757
hjcdik,41,1.752575636,1.679897308,0.3621416688,-2.339891911,2.830260277,1.973835945,1.492560029
hjcdik,41,-1.270156026,-1.633349419,-2.781843662,-2.34736228,2.875133276,1.940395951,1.591987848
hjcdik,41,1.148441672,-1.472817898,2.816801548,-2.249956131,-2.616976023,2.361136436,-2.752779722
hjcdik,41,1.898510337,1.622828245,0.3585773408,-2.348907709,2.885761738,1.9334867,1.614711285
hjcdik,41,-2.07828784,1.443134904,-0.3003003597,-2.260160685,-2.623546362,2.320235968,-2.829589844
hjcdik,41,-1.685640574,1.598721027,-0.3935796618,-2.208627462,-2.624640465,2.513834715,-2.444773674
hjcdik,41,-2.830013752,1.299183607,-0.03289072588,-2.329630375,-2.781015873,2.019797087,2.855533361
hjcdik,41,-1.941441536,1.492044449,-0.3386575282,-2.243497849,-2.614591599,2.386414766,-2.704583883
hjcdik,41,0.98555547,-1.418274164,2.865259409,-2.269025087,-2.632134676,2.283824444,-2.897300005
hjcdik,41,-2.862042904,1.297860265,-0.02079810388,-2.331840038,-2.790675163,2.009903669,2.831500053
hjcdik,41,-1.815433145,1.542387128,-0.3687934279,-2.226922512,-2.614585638,2.44896245,-2.581471682
hjcdik,41,1.671204567,1.71182704,0.3612013161,-2.334178686,2.801420927,1.999428034,1.424902678
hjcdik,41,1.738227963,1.685532928,0.3621275425,-2.338918209,2.825057983,1.978196979,1.480603576
hjcdik,42,2.594540596,-0.3985282481,0.05263862759,-1.854809999,-2.232304811,2.481092215,-2.292241573
hjcdik,42,-1.16530931,-1.761431217,-0.5552551746,-1.998108864,2.872414112,1.782583117,2.45693326
hjcdik,42,-2.254663944,1.016911626,-2.162439108,-1.533495903,2.813215494,3.213819504,0.01255742367
hjcdik,42,0.8561412692,-1.075165629,0.996368885,-1.580040097,2.539895535,3.181761265,0.3496336043
hjcdik,42,-0.9284054637,0.4227445126,-2.821938276,-1.831604123,-2.190126181,2.589503288,-2.191118479
hjcdik,42,0.7312068343,-1.170049906,0.7194516063,-1.906289816,-0.7714919448,3.596417189,-2.535135269
hjcdik,42,-2.135890245,0.9283918738,-2.150855541,-1.996199846,0.289971143,3.525668383,2.43201828
hjcdik,42,1.176653862,-0.7939266562,0.8079646826,-1.668762565,-2.255166292,3.080649853,-1.515206456
hjcdik,42,-2.146755219,-0.8887429833,-0.8135659695,-1.967152357,-2.633534908,1.925703049,-2.897300005
hjcdik,42,0.5764517784,-1.266281366,0.627456665,-1.830665827,-0.9529109001,3.703057289,-2.187101841
hjcdik,42,-2.373836994,1.145837307,-2.398116112,-1.92772603,-0.6943643093,3.575407028,-2.648802757
hjcdik,42,1.40530479,-0.6627578139,0.7517341375,-1.738046765,-2.151162863,2.933905125,-1.804450989
hjcdik,42,-1.467833281,0.5459369421,-2.498861551,-1.782580018,-2.142888069,2.791467428,-1.986283422
hjcdik,42,0.7285837531,-1.171761036,0.7177923322,-1.904792666,-0.776401639,3.598008633,-2.527551174
hjcdik,42,1.053717136,-0.8519834876,1.060017705,-1.958752632,0.5542834997,3.550067425,2.104219198
hjcdik,42,-2.272993088,1.05089128,-2.148446321,-1.560320973,2.635903597,3.196561813,0.2272013724
hjcdik,42,-2.315394402,1.1050632,-2.354628086,-1.962691545,-0.5331808329,3.54721427,-2.865242243
hjcdik,42,-1.479542851,0.5501512885,-2.493176222,-1.781071067,-2.142367125,2.796967506,-1.980093122
hjcdik,42,-1.562875509,0.5824113488,-2.455003023,-1.76940167,-2.140247583,2.837918043,-1.932342291
hjcdik,42,-1.508040428,0.5607324839,-2.47966218,-1.777271986,-2.141305447,2.810610533,-1.964523435
hjcdik,42,0.8840210438,-1.022024035,0.9821389914,-1.537266135,2.782721281,3.211569548,0.04871362075
hjcdik,42,1.490862012,-0.6208645701,0.722137928,-1.754951477,-2.142297029,2.884692669,-1.873393059
hjcdik,42,0.8339082599,-1.099404693,0.7933307886,-1.967144966,-0.5080994368,3.544076681,-2.897300005
hjcdik,42,-2.855288029,1.750608087,-2.570852995,-1.841751337,2.207048893,2.542885065,1.501110077
hjcdik,42,-2.423336267,1.308767676,-2.221423149,-1.712482929,2.177336454,2.997587204,0.965780437
hjcdik,42,0.5145148635,-1.558754444,0.7582941055,-1.791270733,2.146988153,2.758896589,1.288246036
hjcdik,42,0.1040713862,0.4557669461,2.738709211,-1.891797185,-2.32495904,2.298741817,-2.463287115
hjcdik,42,-2.246851444,1.00393784,-2.171664953,-1.524846554,2.897500038,3.218785763,-0.08622983098
hjcdik,42,0.8947414756,-1.003937721,0.9699277878,-1.524846554,2.897500038,3.218785763,-0.086230129
hjcdik,42,0.9474012852,-0.9448298216,0.9009126425,-1.524846196,-2.897500038,3.218786001,-0.6475486755
hjcdik,42,-1.963410854,0.6171842813,-1.949479818,-1.840072274,0.9375084043,3.686422348,1.493822932
hjcdik,42,2.21679759,-0.4223085046,0.3172129691,-1.831848502,-2.190505743,2.588396549,-2.192165613
hjcdik,42,-2.453074455,1.351029038,-2.244211197,-1.728252292,2.159413815,2.959780455,1.030619979
hjcdik,42,0.8947414756,-1.003937721,0.9699277878,-1.524846554,2.897500038,3.218785763,-0.08623023331
hjcdik,42,0.9972781539,-0.9086883664,0.861309886,-1.561673403,-2.628670216,3.195609093,-0.9700133204
hjcdik,42,0.8619648814,-1.063793778,0.9954241514,-1.570871949,2.58220005,3.188891888,0.2949653864
hjcdik,42,1.936252832,-0.4701917768,0.4980202317,-1.810317278,-2.162473917,2.682408333,-2.101078987
hjcdik,42,-0.9171387553,0.4213976264,-2.829565525,-1.832364678,-2.191312075,2.586056471,-2.194378138
hjcdik,42,0.955575645,-0.991496861,0.9215756059,-2.009902239,0.01395188831,3.51807332,2.758338928
hjcdik,42,1.269414663,-0.7377990484,0.78848809,-1.702598572,-2.191395521,3.019006014,-1.658586264
hjcdik,42,1.396644354,-0.6672387719,0.7544457912,-1.736142039,-2.152590752,2.939085484,-1.796671987
hjcdik,42,0.793610394,-1.128188968,0.7617858648,-1.943282843,-0.6291681528,3.562029362,-2.738950729
hjcdik,42,-2.365819454,1.219884157,-2.179877758,-1.673210144,2.245442152,3.07348156,0.8006254435
hjcdik,42,-2.415722609,1.297570705,-2.215690374,-1.708037972,2.183395147,3.007428169,0.94739151
hjcdik,42,0.5944063067,-1.471057415,0.8229060173,-1.766735554,2.140237331,2.846876383,1.187677383
hjcdik,42,0.8947413564,-1.003937721,0.9699277878,-1.524846554,2.897500038,3.218785763,-0.0862300247
hjcdik,42,1.090769768,-0.7840297818,1.108524203,-1.920260191,0.7227461934,3.582363129,1.874254465
hjcdik,42,0.8673716784,-1.053268552,0.9936724901,-1.562269807,2.62551403,3.1951859,0.2401848435
hjcdik,42,2.132032156,-0.4337106943,0.3738713562,-1.825921893,-2.181696415,2.614990473,-2.166870356
hjcdik,42,-1.938154578,0.7774031162,-2.338996172,-1.67961967,-2.232131958,3.062683105,-1.561859727
hjcdik,43,-2.7189641,0.2328553945,2.412524223,-1.317275286,1.611474633,3.175130844,1.942403793
hjcdik,43,0.2924678922,1.197093487,-2.451530933,-1.547902107,2.700698614,2.072829962,2.89205265
hjcdik,43,0.772710681,-0.4161803722,-0.94763273,-1.54858911,0.4359804392,3.368831873,2.897300005
hjcdik,43,1.309410334,-0.3869486451,-1.36638391,-0.8131408095,2.693656921,3.491086006,0.5257431865
hjcdik,43,1.316613913,-0.3763738275,-1.41256988,-0.7991748452,2.792891741,3.491373777,0.4568475485
hjcdik,43,1.309303522,-0.3870959878,-1.365748882,-0.8133562207,2.692284822,3.491082907,0.5267067552
hjcdik,43,1.537130713,-1.244135976,-0.7029762268,-1.442653418,-2.19168973,2.522130489,-1.913879991
hjcdik,43,1.193264961,0.4286342263,-2.217393637,-1.411298156,2.072845459,2.664158821,2.245274544
hjcdik,43,-0.4851222336,-0.1609064788,-0.04136314243,-1.338237166,1.776090145,3.020123482,2.005810022
hjcdik,43,-2.761826515,-1.124706864,0.7375950813,-1.537038565,2.628816605,2.116821527,2.815386295
hjcdik,43,-1.535397172,1.300555229,2.497115374,-1.456217527,-2.244879007,2.461716652,-1.967285275
hjcdik,43,1.679699302,-1.35434711,-0.5829615593,-1.469759345,-2.299780607,2.40204525,-2.023222446
hjcdik,43,0.7312435508,-0.4028577805,-1.016469717,-1.579288125,-0.0194147788,3.370619774,-2.897300005
hjcdik,43,-1.848087072,0.9960858226,2.224627972,-1.388122797,-1.985751748,2.771568537,-1.718708396
hjcdik,43,-1.662900209,1.191760302,2.38850069,-1.430521369,-2.14522171,2.576686859,-1.868008733
hjcdik,43,2.127616405,-1.55965507,-0.2205738425,-1.534353971,-2.612436295,2.127792835,-2.351094484
hjcdik,43,0.6039143801,0.9205561876,-2.297322989,-1.503360629,2.448102713,2.257043839,2.62415266
hjcdik,43,0.8025974035,-0.4156545997,-0.9230749607,-1.500542998,0.706818521,3.364692211,2.610172272
hjcdik,43,2.450069427,-1.596793771,0.02817079239,-1.563721418,-2.831922531,2.009947777,-2.585638762
hjcdik,43,0.7727105618,-0.416180402,-0.9476335049,-1.548589468,0.4359759986,3.368831635,2.897300005
hjcdik,43,0.7312434912,-0.4028578103,-1.016469121,-1.579288244,-0.01941304281,3.370619774,-2.897300005
hjcdik,43,0.7249960303,0.8054784536,-2.252323627,-1.483009815,2.35582757,2.344314098,2.527869463
hjcdik,43,-0.8255902529,-0.1682974696,0.2339996845,-1.346867681,1.817929745,2.973463774,2.032488585
hjcdik,43,-2.197865725,0.5067549348,1.885584116,-1.316875458,-1.539897442,3.224365711,-1.494354248
hjcdik,43,0.5232655406,0.9962546825,-2.33271718,-1.516270399,2.512061119,2.202639341,2.69151473
hjcdik,43,1.969174862,-1.509219289,-0.3465581536,-1.514805555,-2.504535913,2.208772898,-2.236709118
hjcdik,43,-0.6498395205,-0.1624820977,0.09240245074,-1.34226346,1.796199441,2.997973919,2.018213034
hjcdik,43,1.524450302,-1.233137727,-0.7137992978,-1.440072179,-2.181729317,2.533696413,-1.903980732
hjcdik,43,-1.237071753,1.481992722,2.742955685,-1.505827427,-2.459937811,2.24659133,-2.189726353
hjcdik,43,-1.423424959,1.38002944,2.590556622,-1.476490021,-2.327921629,2.372635841,-2.052160978
hjcdik,43,1.307688475,-0.3892740607,-1.356369853,-0.8166168928,2.671999454,3.491037607,0.5409902334
hjcdik,43,0.8114357591,-0.4134188294,-0.9178305268,-1.480700374,0.7957283258,3.362300158,2.517551661
hjcdik,43,-2.410349369,0.4028579295,2.125123739,-1.579288244,-0.01941307262,3.370619774,-2.897300005
hjcdik,43,0.7727108002,-0.416180402,-0.94763273,-1.54858911,0.4359804392,3.368831873,2.897300005
hjcdik,43,-2.368881941,0.416180104,2.193959951,-1.548588514,0.4359816611,3.368831635,2.897300005
hjcdik,43,0.5770022869,0.9459936023,-2.308703423,-1.507745504,2.469263077,2.238477707,2.646390915
hjcdik,43,-2.885283947,0.2049296945,2.523402214,-1.320648551,1.658359051,3.136526823,1.952484131
hjcdik,43,0.8237348199,-0.4054256678,-0.911547482,-1.439526081,0.9619649053,3.355319977,2.348754168
hjcdik,43,-0.4706097245,-0.1609390378,-0.05315339193,-1.337890387,1.774299979,3.022068262,2.004746437
hjcdik,43,-1.141779661,1.520742774,2.819577932,-1.518854022,-2.52552557,2.19184494,-2.258888483
hjcdik,43,0.7727108598,-0.4161801636,-0.9476327896,-1.548588753,0.4359812438,3.368831873,2.897300005
hjcdik,43,-0.5252585411,-0.1609596163,-0.008746193722,-1.339201093,1.781015515,3.014748573,2.008773088
hjcdik,43,0.7210928798,-0.3868530393,-1.089552999,-1.557361245,-0.3678517342,3.369398117,-2.523308516
hjcdik,43,-2.201044321,-0.6108070016,0.9370422363,-1.446946144,2.208360672,2.502943516,2.377381802
hjcdik,43,0.7504808903,-0.3713640273,-1.198021054,-1.479049683,-0.8027949333,3.362077236,-2.063387871
hjcdik,43,-1.056819081,1.548221946,2.887183189,-1.529404402,-2.583386421,2.14811182,-2.320215464
hjcdik,43,-2.451810122,-0.8388932347,0.8773182631,-1.488999963,2.382104397,2.318444967,2.555158138
hjcdik,43,1.540857434,-1.247329831,-0.6998004913,-1.443406582,-2.194604874,2.518759727,-1.91678369
hjcdik,43,-0.5310463309,-0.1609847695,-0.004042521119,-1.339341044,1.781724453,3.013973475,2.009202003
hjcdik,43,0.8034536839,-0.41549775,-0.9225320816,-1.498784304,0.7150365114,3.364499569,2.601563215
hjcdik,44,-2.495410681,-0.1578533798,2.570559978,-1.05570817,-2.41730094,2.733577251,-1.668457389
hjcdik,44,1.044270158,0.2769963741,-1.163520694,-1.015503526,-2.325346947,2.824749947,-1.52330482
hjcdik,44,-2.027436733,-0.4832457304,1.596481442,-0.9446792006,-2.189833879,2.970175982,-1.304098606
hjcdik,44,-0.8837438226,0.6494090557,1.778877735,-1.174316883,-2.84995532,2.434449196,-2.320829391
hjcdik,44,2.256050348,-0.3527054787,-1.712893605,-1.135397077,-2.659451962,2.536789894,-2.038392782
hjcdik,44,-2.616679192,-0.1462660432,2.719785452,-1.061197758,-2.430999279,2.720675945,-1.689828038
hjcdik,44,-2.668251514,-1.446930289,0.4028457701,-1.008934498,2.311525345,2.839071751,2.291817665
hjcdik,44,0.4795689285,0.1430354565,-0.3671266139,-1.063012242,-2.435598612,2.716386557,-1.696991682
hjcdik,44,-0.9133463502,0.49317801,1.622107267,-1.156210303,-2.749198675,2.482474089,-2.172140121
hjcdik,44,-2.396818638,-0.1715248823,2.444455147,-1.05023098,-2.403935194,2.746346235,-1.647542238
hjcdik,44,-2.569020987,-0.150260672,2.661729574,-1.059165716,-2.425891638,2.725464582,-1.681865811
hjcdik,44,0.138206616,0.1320466995,0.03483077511,-1.074570775,-2.465758324,2.68880868,-1.743790627
hjcdik,44,-2.392518044,-1.179896116,0.9561734796,-0.858268261,2.052149296,3.120965004,1.871807575
hjcdik,44,-2.844477415,-1.511433959,0.1561447829,-1.061005116,2.430513859,2.721129894,2.479666471
hjcdik,44,0.8994746804,0.9959301353,-2.155384541,-1.173676729,-0.2958053052,3.459906816,-2.314703703
hjcdik,44,0.8926416636,0.2043061554,-0.9014874101,-1.038758159,-2.376856327,2.772742271,-1.60498023
hjcdik,44,0.9577307105,0.8667526245,-1.777257562,-1.146561027,0.4364176095,3.462999582,2.897300005
hjcdik,44,0.993334353,0.2440077215,-1.063626885,-1.025945663,-2.347954273,2.801647902,-1.559270501
hjcdik,44,0.7857653499,1.093265891,-2.027206659,-0.8086445332,1.977651477,3.195923328,1.761792779
hjcdik,44,1.055707693,0.2868206203,-1.189388514,-1.012387872,-2.318754673,2.831562519,-1.512781978
hjcdik,44,0.7748916149,1.124121189,-2.084280729,-0.826616466,2.004843235,3.16959095,1.800210476
hjcdik,44,-2.512162924,-1.335340381,0.6650651693,-0.9433690906,2.187567711,2.972676039,2.090987921
hjcdik,44,-2.806514263,-1.501840949,0.2067687064,-1.051015854,2.405832052,2.74452424,2.441105843
hjcdik,44,-2.558219671,-0.1512606293,2.64847517,-1.058683991,-2.424688339,2.726596117,-1.679989815
hjcdik,44,-2.034169674,-0.3629195988,1.788633943,-0.9876751304,-2.268736362,2.884259939,-1.432439804
hjcdik,44,-2.022967339,-0.4207560122,1.690266967,-0.9677656889,-2.231051683,2.924961805,-1.371349573
hjcdik,44,-2.391588211,-0.1723913103,2.437596798,-1.049904585,-2.403148174,2.74710393,-1.646308422
hjcdik,44,-2.183035851,-0.2276480198,2.137564898,-1.031162143,-2.359559298,2.789954424,-1.577658892
hjcdik,44,-0.7889043093,0.2564500272,1.213312507,-1.117891788,-2.595866203,2.581635237,-1.942690015
hjcdik,44,2.377111197,-0.2431169003,-1.970134139,-1.115151763,-2.586623907,2.588579655,-1.928704381
hjcdik,44,2.861305714,-0.1453308314,-2.615047932,-1.087993503,-2.50287652,2.656225204,-1.801006317
hjcdik,44,0.7000231743,1.256323695,-2.32435441,-0.9003093839,2.116598606,3.051134109,1.974972486
hjcdik,44,0.9293153286,0.7967988849,-1.563794255,-1.036836147,0.7691583037,3.476392508,2.388600826
hjcdik,44,2.280289888,-0.7141637206,-1.305065036,-1.180348754,-2.892654419,2.418310881,-2.383477449
hjcdik,44,-0.7817972898,0.2523368001,1.200868011,-1.117057443,-2.593033552,2.583752394,-1.938405395
hjcdik,44,2.348676443,-0.2588670552,-1.921146989,-1.118378043,-2.597524166,2.580400944,-1.945196033
hjcdik,44,2.345787525,-0.2606525719,-1.915959597,-1.118735313,-2.598745108,2.579493761,-1.947042704
hjcdik,44,1.093913317,0.3337809145,-1.296430707,-0.9972946048,-2.28774786,2.864032269,-1.463080764
hjcdik,44,-2.692523003,-1.459060073,0.3667570651,-1.01710403,2.328758955,2.821237326,2.319338083
hjcdik,44,-2.218719721,-0.9721674323,1.062491298,-1.191594243,-0.1370090693,3.457918167,-2.54697299
hjcdik,44,0.945099473,0.822255969,-1.64587152,-1.084188938,0.6494835615,3.470471382,2.575045586
hjcdik,44,0.8768062592,1.01283884,-2.215536594,-1.149487734,-0.4235718846,3.462661266,-2.125834227
hjcdik,44,0.893589735,1.000781417,-2.171992064,-1.167915702,-0.3308902681,3.460555792,-2.263060093
hjcdik,44,-2.183861732,-0.8667523861,1.364335418,-1.146561384,0.4364177585,3.462999582,2.897300005
hjcdik,44,-0.03938188776,1.510340571,2.881166697,-1.131438494,2.644305229,2.547002792,2.806265354
hjcdik,44,0.6877543926,1.272055626,-2.353628635,-0.9088600874,2.130200863,3.036128998,1.997140408
hjcdik,44,0.9968852401,0.2458996177,-1.070018053,-1.025345802,-2.346633196,2.802987099,-1.557172179
hjcdik,44,1.066825271,0.2977331281,-1.216501713,-1.008914351,-2.311484575,2.839113712,-1.501159787
hjcdik,44,1.114964366,0.3903718889,-1.401514888,-0.9783753753,-2.25086689,2.903467894,-1.403528452
hjcdik,44,2.265350342,-0.3369462192,-1.741099,-1.132749438,-2.649266958,2.543624401,-2.02312088
hjcdik,45,2.641357899,0.7450116873,0.3081831932,-0.8124718666,-0.2293054163,0.3126028478,-1.969982505
hjcdik,45,-0.1099310443,-0.748470366,2.72645092,-0.8478735685,-0.120622851,0.3608621359,-2.372367382
hjcdik,45,-0.8308229446,-1.135129094,-1.729926705,-0.6507896185,-0.391997993,0.1404148787,-1.128355861
hjcdik,45,-0.1713218689,-0.7343467474,2.841636658,-0.8437567949,-0.1390188783,0.3550403118,-2.307534933
hjcdik,45,2.429717302,0.8524038196,0.774191916,-0.7706249356,-0.298384726,0.260730654,-1.671980619
hjcdik,45,-0.2012762427,-0.729457438,2.896927357,-0.8416004777,-0.1476146877,0.3520132303,-2.276898384
hjcdik,45,2.727835894,0.7282375693,0.144247219,-0.8227775097,-0.2054602951,0.326230973,-2.063187122
hjcdik,45,-0.4915108383,-0.7427993417,-2.850298405,-0.81361413,-0.2268467695,0.314097017,-1.979770541
hjcdik,45,-0.8307896852,-1.135550499,-1.729097605,-0.6505463719,-0.3921152055,0.1402092129,-1.127545238
hjcdik,45,2.310334206,1.128614783,1.398854852,-0.654491961,-0.3901973665,0.1435679495,-1.140868783
hjcdik,45,-0.2014788538,-0.7294280529,2.897300005,-0.8415864706,-0.147672087,0.3519927859,-2.276692629
hjcdik,45,2.792187929,0.7225279212,0.02568454854,-0.829261899,-0.1881429553,0.3349819183,-2.12877059
hjcdik,45,-0.7345182896,-0.8741365075,-2.304102421,-0.7628813386,-0.3079595566,0.2517273724,-1.625920653
hjcdik,45,2.845310926,0.721812427,-0.07119943947,-0.8340462446,-0.1738410741,0.341527015,-2.181815863
hjcdik,45,0.1712908149,-0.9339230657,2.090746641,-0.8599389791,8.557147521e-05,0.3782497644,-2.783214808
hjcdik,45,2.852909088,0.7219994664,-0.08503118902,-0.8346954584,-0.1717828363,0.3424198925,-2.189374447
hjcdik,45,-0.5665686131,-0.7662667632,-2.701222181,-0.8027793169,-0.2486290187,0.3000976145,-1.891452551
hjcdik,45,-0.6334103942,-0.7973383665,-2.558261156,-0.7905594707,-0.2697542608,0.2847563028,-1.801766515
hjcdik,45,2.355989456,0.9414931536,1.009209752,-0.7383034229,-0.3339084387,0.2243371308,-1.492342472
hjcdik,45,-0.1783715189,-0.7330836654,2.854691029,-0.8432580829,-0.1410607398,0.3543390632,-2.300278425
hjcdik,45,0.1907601953,-0.9638693929,2.026268005,-0.8597655296,0.01472683065,0.3779948354,-2.832384825
hjcdik,45,-0.1303828657,-0.7431208491,2.765166521,-0.8465446234,-0.126886934,0.3589782119,-2.350395679
hjcdik,45,2.438328505,0.8449924588,0.7513734102,-0.7732641101,-0.2949403822,0.263841778,-1.688193202
hjcdik,45,-0.7442196012,-0.8846319318,-2.275187969,-0.7591263056,-0.3123382926,0.2474270016,-1.604330659
hjcdik,45,-0.1169382781,-0.7465615273,2.73976016,-0.8474231362,-0.1227863729,0.3602229655,-2.364790678
hjcdik,45,2.449132919,0.8362595439,0.7235484719,-0.7763811946,-0.2907465696,0.2675435245,-1.707692623
hjcdik,45,-0.7475396991,-0.8884161711,-2.264993429,-0.7577679753,-0.3138820529,0.2458818257,-1.596633792
hjcdik,45,0.2074709386,-0.9949947,1.963467479,-0.859239161,0.0294470638,0.3772274554,-2.881878614
hjcdik,45,-0.03930426389,-0.7725793123,2.588997602,-0.8521161675,-0.09760214388,0.3669221401,-2.452315092
hjcdik,45,2.427453518,0.854424119,0.7802951336,-0.7699058056,-0.2993067801,0.2598865926,-1.667609692
hjcdik,45,-0.7870809436,-0.9440467954,-2.126407146,-0.7373409867,-0.3348056674,0.2233007252,-1.487455368
hjcdik,45,2.405339241,0.8759560585,0.8425734043,-0.7622313499,-0.3087293506,0.2509799898,-1.622150898
hjcdik,45,2.481729269,0.8131482005,0.6440335512,-0.7847185731,-0.2788098156,0.2775890231,-1.761859775
hjcdik,45,-0.06376600266,-0.76316607,2.637380123,-0.8507070541,-0.1058552042,0.3649033308,-2.423787832
hjcdik,45,-0.8308870792,-1.134280324,-1.731596828,-0.6512761712,-0.3917630613,0.1408275962,-1.129989266
hjcdik,45,-0.734505415,-0.8741236329,-2.304139137,-0.7628854513,-0.3079541624,0.2517325282,-1.625947833
hjcdik,45,0.05673246086,-1.640591145,0.7932288051,-0.7586727738,0.3128577769,0.2469089478,2.319072247
hjcdik,45,2.502660751,0.8004485369,0.5957661867,-0.7893972993,-0.2716049254,0.283321619,-1.793687582
hjcdik,45,2.379606724,0.9062117934,0.9230676889,-0.7513395548,-0.3209156692,0.2386423051,-1.560980082
hjcdik,45,2.337946415,0.9769460559,1.089672565,-0.7246518731,-0.3459254801,0.2098840773,-1.425165653
hjcdik,45,2.36242342,0.9309247732,0.9841321111,-0.7422565222,-0.3301359415,0.2286232412,-1.512670636
hjcdik,45,0.1568033397,-1.528900743,1.055157423,-0.7969232798,0.2591527104,0.292686373,2.564655304
hjcdik,45,2.495417356,0.8046758771,0.6122596264,-0.7878288031,-0.2740633488,0.2813924551,-1.782896996
hjcdik,45,2.681041241,0.7359265685,0.2320705801,-0.817468524,-0.2182324976,0.3191678822,-2.013724566
hjcdik,45,0.1261554658,-1.570497632,0.9677554965,-0.7851142287,0.2782164812,0.2780703604,2.481830835
hjcdik,45,-0.738315165,-0.8781496882,-2.292931795,-0.7614468336,-0.3096514344,0.250080049,-1.617622018
hjcdik,45,-0.5492137671,-0.7598952651,-2.736546278,-0.8055070043,-0.2434489429,0.3035864234,-1.912802935
hjcdik,45,-0.6157598495,-0.7880060673,-2.597280502,-0.7940975428,-0.2639606297,0.2891496122,-1.82681179
hjcdik,45,2.555614948,0.7741568089,0.4806433022,-0.7995353937,-0.2545526326,0.2959799767,-1.866744518
hjcdik,45,-0.7526599169,-0.8944627643,-2.248940229,-0.7555930018,-0.3163123429,0.2434177697,-1.584422827
hjcdik,46,2.830647469,-0.2076416612,-1.040328741,-3.039202929,0.1522063762,0.3173411489,-0.1014375687
hjcdik,46,1.283139229,-0.1777713746,0.8851704001,-3.037967682,-0.1392116547,0.3150658011,-0.8485213518
hjcdik,46,-1.346657395,0.1247924045,-2.895808458,-3.032273531,-0.04116200656,0.3047566414,-0.5965738297
hjcdik,46,2.07814312,-0.1217633113,-0.08618664742,-3.031736851,-0.002998875454,0.3037999868,-0.4995730817
hjcdik,46,-1.63120842,0.1425570548,-2.553147554,-3.034112453,-0.08629182726,0.3080543876,-0.7118163705
hjcdik,46,2.817096472,-0.2025848478,-1.018885493,-3.038630724,0.1463383436,0.3162854016,-0.1167929918
hjcdik,46,2.629064322,-0.1581731439,-0.75404495,-3.034213066,0.08808925003,0.3082354367,-0.2674870789
hjcdik,46,-2.043257713,0.2526620924,-1.957515121,-3.047881603,-0.2219332308,0.3337329626,-1.068556547
hjcdik,46,1.990476847,-0.1214189976,0.01637295447,-3.031802416,-0.0146669168,0.3039167821,-0.5292106867
hjcdik,46,1.2568084,-0.184317857,0.9225679636,-3.03874135,-0.1474934965,0.3164894283,-0.8701393604
hjcdik,46,2.556613207,-0.1482655406,-0.6609371901,-3.033394337,0.07214328647,0.3067625463,-0.3083232343
hjcdik,46,-2.087198734,0.2953056991,-1.855162382,-3.054456234,-0.2614718378,0.346632123,-1.178144217
hjcdik,46,-0.1666901559,0.32122913,1.796627522,-3.055025578,0.2645645738,0.347769022,0.2029684931
hjcdik,46,-0.1510869861,0.3659932017,1.72236073,-3.06249404,0.3015071452,0.3629875779,0.3096495867
hjcdik,46,-0.9195569158,0.124855563,2.886371851,-3.031822681,0.01669560745,0.303952843,-0.4495486915
hjcdik,46,-0.1598733813,0.3365331292,1.769581676,-3.057516098,0.2775940001,0.352781117,0.2400853634
hjcdik,46,2.540680647,-0.1464078724,-0.6408412457,-3.033248901,0.06891863793,0.3065015972,-0.3165655136
hjcdik,46,1.814712048,-0.124177292,0.2224694937,-3.032203436,-0.03839830309,0.3046312034,-0.5895408392
hjcdik,46,-2.047245264,0.2556559741,-1.949327946,-3.048323393,-0.2248475552,0.3345862329,-1.076514125
hjcdik,46,2.134263754,-0.1225832775,-0.1519541442,-3.031740665,0.004559289664,0.3038066626,-0.4803768396
hjcdik,46,1.05456984,-0.2950731516,1.285943151,-3.054418802,-0.2612670064,0.3465577364,-1.177566409
hjcdik,46,1.778063774,-0.1253702193,0.2657063901,-3.032337666,-0.04354341701,0.3048714399,-0.6026357412
hjcdik,46,-0.681776166,0.1384110153,2.601128817,-3.032655001,0.05376290902,0.3054381907,-0.355243504
hjcdik,46,1.043537974,-0.311352998,1.318635583,-3.057075739,-0.2753478587,0.3518911302,-1.21756351
hjcdik,46,2.18304944,-0.1236919463,-0.2092739642,-3.031774282,0.01124475896,0.3038665354,-0.4633963108
hjcdik,46,-0.1974841356,0.277810812,1.886113048,-3.048373461,0.2251752466,0.3346830606,0.09349665046
hjcdik,46,2.830858707,-0.2077240795,-1.040667772,-3.039212227,0.1523009092,0.317358613,-0.1011893675
hjcdik,46,-1.911882997,0.1919513643,-2.179414988,-3.03966713,-0.1567977667,0.3182002306,-0.894518137
hjcdik,46,1.917240381,-0.1219966933,0.1020793915,-3.031924009,-0.02443040907,0.3041333258,-0.5540202856
hjcdik,46,1.542624712,-0.1395072043,0.5486162901,-3.03379941,-0.08043292165,0.3074902892,-0.6968025565
hjcdik,46,1.02022171,-0.3735515475,1.422527909,-3.067841768,-0.3245950937,0.374235779,-1.362844348
hjcdik,46,2.101345062,-0.1220445409,-0.1133600548,-3.03173399,0.0001126331772,0.3037948906,-0.4916706383
hjcdik,46,2.814421654,-0.2016322166,-1.014711022,-3.038524389,0.1452205926,0.3160897195,-0.1197136194
hjcdik,46,2.885691881,-0.2333851308,-1.134091139,-3.042311192,0.1806033403,0.3231303394,-0.02653746679
hjcdik,46,2.0992136,-0.1220151111,-0.1108630672,-3.03173399,-0.0001740108128,0.3037952185,-0.4923984706
hjcdik,46,-1.358530641,0.125194177,-2.881791592,-3.032318354,-0.04283553734,0.3048363924,-0.6008337736
hjcdik,46,-0.918704927,0.1248836815,2.885366201,-3.031823874,0.01681594178,0.3039552271,-0.4492429197
hjcdik,46,-0.1461281478,0.4084347486,1.662935495,-3.070026636,0.333370626,0.3789172769,0.4059121907
hjcdik,46,2.62564683,-0.1576451808,-0.7495802641,-3.034167767,0.08728314936,0.3081535697,-0.2695547044
hjcdik,46,1.799557567,-0.1246430278,0.2403321713,-3.032256603,-0.04051363468,0.304726243,-0.5949237347
hjcdik,46,1.036910415,-0.3234221935,1.341143966,-3.05909276,-0.2854545712,0.3559869528,-1.246646523
hjcdik,46,1.538930058,-0.1398396194,0.5531625152,-3.033833504,-0.08109079301,0.3075518012,-0.6984875202
hjcdik,46,1.460707664,-0.1479744613,0.6506099105,-3.034675121,-0.09590427577,0.3090684712,-0.7364928722
hjcdik,46,2.893144846,-0.2377429903,-1.147903323,-3.042868376,0.1852001697,0.3241777122,-0.0143099241
hjcdik,46,-0.4047153592,0.1790530682,2.241478443,-3.036148071,0.1173371151,0.3117392957,-0.1921714842
hjcdik,46,-0.2544181645,0.2342311293,2.004780769,-3.042418718,0.1815001518,0.3233320117,-0.02415440232
hjcdik,46,2.794063807,-0.1948232055,-0.9835032821,-3.037778616,0.1371069252,0.3147188723,-0.140874505
hjcdik,46,-1.351529002,0.1249547303,-2.890058994,-3.032291651,-0.04184741899,0.3047885895,-0.5983186364
hjcdik,46,-0.2302933633,0.2496258467,1.95842278,-3.044430733,0.1974683851,0.3271300197,0.01848225482
hjcdik,46,-0.2414258569,0.2421096116,1.980342388,-3.043435335,0.1897525936,0.3252459168,-0.002169621643
hjcdik,47,-0.6528502703,-1.725321174,-2.225566149,-2.650991917,0.5865176916,0.7761585712,0.2210634202
hjcdik,47,0.1065741926,1.72247541,-0.9708483815,-2.779104471,-0.2578946352,1.379296422,2.166869879
hjcdik,47,-0.008171363734,1.549638391,-1.034234762,-2.76650548,-0.3481131196,1.319068789,2.333529949
hjcdik,47,-0.5992847085,-1.659541249,-2.206699848,-2.640142202,0.5814340115,0.7317896485,0.1440088004
hjcdik,47,-1.998728275,0.3832007647,0.1826774031,-2.575178623,-0.470495075,0.5059047937,-2.444092512
hjcdik,47,-0.1545656025,-1.080320001,-2.170791864,-2.537990808,0.3251029849,0.4064978063,-0.723305881
hjcdik,47,-2.690893173,0.5596945286,0.7309770584,-2.526935101,-0.2576537728,0.3806606233,-1.924514174
hjcdik,47,0.05205227807,-0.8535783291,-2.214139938,-2.51149869,0.09210705757,0.3471497893,-1.214385271
hjcdik,47,-0.4085101485,-1.408685446,-2.166181087,-2.596611977,0.523142755,0.5727965236,-0.1778739542
hjcdik,47,-0.399030894,0.9231778979,-1.05787158,-2.702260494,-0.5569574237,1.006857038,2.897300005
hjcdik,47,0.1887157857,-0.7306967378,-2.264365435,-2.510087252,-0.05504918098,0.344227165,-1.508229852
hjcdik,47,0.08233306557,-0.8243675232,-2.223654747,-2.510166407,0.05776475742,0.3443903625,-1.28321147
hjcdik,47,0.0354918316,-0.8700145483,-2.209308147,-2.512503862,0.1111353189,0.349244833,-1.176065683
hjcdik,47,0.01037022658,1.579134107,-1.025353193,-2.768851757,-0.3337709606,1.330359459,2.305783033
hjcdik,47,-0.6129294634,-1.676572919,-2.211200476,-2.642971516,0.5831221342,0.7431852818,0.1641563326
hjcdik,47,0.7623249888,-0.4449550807,-2.641287327,-2.551194906,-0.38719064,0.4395062923,-2.220402956
hjcdik,47,1.00016129,-0.3989518881,-2.837262392,-2.566804886,-0.4447922707,0.4817402065,-2.37037015
hjcdik,47,0.2415605336,-0.6894778013,-2.288865805,-2.512155294,-0.1049362719,0.3485170007,-1.608302832
hjcdik,47,2.541954279,1.659984827,0.9347788692,-2.640216112,0.5814813972,0.7320857048,0.144535616
hjcdik,47,2.788870811,-0.9868999124,2.069990635,-2.709978819,-0.5440318584,1.043823361,2.839330435
hjcdik,47,-0.2813450694,1.09427011,-1.084769249,-2.72234273,-0.5178812146,1.103721976,2.743206024
hjcdik,47,-1.814400554,0.3735033572,0.0231775213,-2.585342169,-0.4976550639,0.5367063284,-2.529109001
hjcdik,47,0.6383692622,-0.4815773964,-2.544684649,-2.542001724,-0.3456219137,0.4162704051,-2.120834589
hjcdik,47,-1.88848424,0.3760464787,0.08750206977,-2.581319094,-0.4874013364,0.524317801,-2.495965719
hjcdik,47,-2.737918854,0.5845154524,0.7613839507,-2.523154497,-0.2291556746,0.3721841872,-1.863761663
hjcdik,47,-2.655506611,0.5425178409,0.707138896,-2.529819727,-0.2771767974,0.3872492909,-1.966810942
hjcdik,47,-0.67155689,-1.747563243,-2.232899666,-2.654616356,0.5873734951,0.7913746238,0.2467153817
hjcdik,47,0.1994374245,-0.7220466733,-2.269109011,-2.510414124,-0.06553774327,0.3449016511,-1.529205084
hjcdik,47,-0.6198890209,-1.685190439,-2.213577032,-2.644397497,0.5838763714,0.7489761114,0.174293682
hjcdik,47,-0.3549096286,0.9837790728,-1.071040988,-2.709607601,-0.5447105169,1.042037487,2.842152119
hjcdik,47,-0.3114809394,1.047682881,-1.080459237,-2.71707201,-0.5298896432,1.078103662,2.784721613
hjcdik,47,-2.610498667,0.5224139094,0.6757563353,-2.533486128,-0.2998539209,0.3957782984,-2.016752958
hjcdik,47,-0.1086201966,-1.02603519,-2.177427292,-2.529648066,0.2760586441,0.3868538737,-0.832498312
hjcdik,47,-0.4876750112,-1.514757156,-2.177927494,-2.615450621,0.5559087396,0.6377804279,-0.03491400927
hjcdik,47,-0.6085237265,-1.671092749,-2.209724188,-2.642062902,0.5826076269,0.7395113111,0.1576898694
hjcdik,47,-0.5813515186,-1.636895061,-2.201107264,-2.636357069,0.5787779689,0.7167400122,0.1169742644
hjcdik,47,0.1730364859,-0.7436082959,-2.25763917,-2.509705544,-0.03938965499,0.3434403539,-1.47695756
hjcdik,47,-0.16614452,-1.094315767,-2.169378042,-2.540271044,0.3369724154,0.4120273292,-0.6960936785
hjcdik,47,0.1031248868,-0.8049530983,-2.230709314,-2.509614944,0.03463698179,0.3432538509,-1.32939446
hjcdik,47,0.02447910234,1.601210594,-1.018213034,-2.770558357,-0.3227573931,1.338552475,2.284847975
hjcdik,47,0.1701914966,-0.7459847927,-2.256445885,-2.509649038,-0.03650793433,0.3433244526,-1.471207738
hjcdik,47,-0.6602990627,-1.734225512,-2.228441,-2.652445316,0.5869118571,0.7822374105,0.231353581
hjcdik,47,-1.76243484,0.3727706075,-0.02205304615,-2.588134289,-0.5044049621,0.545455873,-2.551760197
hjcdik,47,-1.070988297,0.4565809369,-0.6153261065,-2.628522873,-0.5718372464,0.6863179207,-2.85751462
hjcdik,47,-1.633154392,0.3746801019,-0.1347386539,-2.595046759,-0.5198773742,0.5676609874,-2.606743574
hjcdik,47,-0.3816614151,-1.372616053,-2.163764715,-2.59008193,0.5089409351,0.5516337752,-0.2294662446
hjcdik,47,-0.2026171088,1.222777486,-1.086827517,-2.736172199,-0.4795998931,1.171295643,2.629310846
hjcdik,47,-2.360492229,0.4402571321,0.485271275,-2.552520514,-0.3926551342,0.4429546893,-2.233946323
hjcdik,47,0.9980124235,-0.3992500007,-2.835448503,-2.566674232,-0.4443646669,0.4813714623,-2.369187117
hjcdik,47,-2.396742344,0.4495157897,0.5142123699,-2.549945593,-0.3819275796,0.4362789392,-2.207468987
hjcdik,48,1.897288561,0.4322550297,-0.1042841598,-2.609080791,0.8093479276,1.449891329,0.5778674483
hjcdik,48,-2.870434999,-1.229876041,-2.129128218,-2.689203262,-0.1328022331,1.895574808,1.517746925
hjcdik,48,-0.4226387441,-0.6769959927,2.314005136,-2.561266661,0.9891875386,1.103359938,0.3403183222
hjcdik,48,0.7403025627,0.6956992745,0.8609243035,-2.669025421,0.4294406474,1.799932241,0.9815033674
hjcdik,48,0.4538099468,0.9732506275,0.9933091402,-2.688935518,0.1409522593,1.894373178,1.259487867
hjcdik,48,-0.6412508488,-0.5563380718,2.499714136,-2.578533411,0.9326272011,1.233861208,0.4222516119
hjcdik,48,1.140990496,0.5065481663,0.5607883334,-2.642966747,0.628195405,1.660290241,0.7790215611
hjcdik,48,-0.673504889,-0.543433845,2.52778697,-2.580637693,0.9251105189,1.249423265,0.4324826002
hjcdik,48,0.4509707987,0.9767950177,0.9940288067,-2.689062119,0.1371669173,1.894940495,1.263070583
hjcdik,48,-2.744338036,-1.046759129,-2.136503696,-2.690854073,0.0622026436,1.902945638,1.33386445
hjcdik,48,0.6635431647,0.7552595139,0.9063670635,-2.674908638,0.3689211905,1.82889998,1.040933251
hjcdik,48,-2.658774376,-0.9379421473,-2.156399727,-2.687493086,0.178559199,1.887867451,1.223837733
hjcdik,48,-0.06112441793,-1.112544179,2.041712999,-2.507972002,1.10455966,0.6972427368,0.1025061235
hjcdik,48,2.516882181,0.5633618236,-0.6562206745,-2.577419043,0.9365530014,1.225584388,0.4168564081
hjcdik,48,1.524359703,0.4381110668,0.2299068421,-2.624705553,0.7329481244,1.550974369,0.6654613614
hjcdik,48,1.965191245,0.4369029105,-0.1654755026,-2.606186867,0.8224093914,1.430428624,0.5623552799
hjcdik,48,1.209981441,0.4883015752,0.5030462146,-2.639331341,0.6506697536,1.639291763,0.7551652193
hjcdik,48,1.004994035,0.5526564121,0.6708119512,-2.65079236,0.5763958693,1.704214334,0.8331381083
hjcdik,48,-0.1745663881,-0.9280295968,2.119744539,-2.530328035,1.067536116,0.8642086387,0.2002511322
hjcdik,48,1.273964047,0.4740047157,0.4486135542,-2.636126757,0.6697523594,1.620467305,0.734709084
hjcdik,48,0.8456313014,0.6285441518,0.7903490663,-2.661290646,0.4974961877,1.760441422,0.9136125445
hjcdik,48,0.3123871684,1.167518139,1.012776732,-2.690779209,-0.06702629477,1.902613401,1.455630779
hjcdik,48,-0.8821602464,-0.4808956981,2.712016821,-2.592516422,0.8800595999,1.335520029,0.4914482236
hjcdik,48,-0.8428198695,-0.4902907908,2.677001953,-2.590464592,0.8881646395,1.320875049,0.4811051488
hjcdik,48,-0.03680655733,-1.159976959,2.026351452,-2.502013922,1.111450195,0.6548858285,0.07676891983
hjcdik,48,-0.5149820447,-0.6179510951,2.39131999,-2.569308519,0.9639753699,1.164694071,0.3780596554
hjcdik,48,-1.992044926,-0.5041133165,-2.587905884,-2.642504692,0.6311032176,1.657642245,0.7759486437
hjcdik,48,0.5014587641,0.9161355495,0.9792553782,-2.686436653,0.2016778588,1.883070827,1.201863527
hjcdik,48,0.3942824304,1.050786495,1.005559087,-2.690916061,0.05787922814,1.903221965,1.337940574
hjcdik,48,0.4480142891,0.9805033207,0.994763732,-2.689190388,0.1332047731,1.895517111,1.266819596
hjcdik,48,0.5132082701,0.9027472138,0.9752293229,-2.685726404,0.2158253938,1.879829884,1.188391328
hjcdik,48,-2.497529507,-0.7719732523,-2.224672318,-2.676403284,0.3518278599,1.836116195,1.057582498
hjcdik,48,0.2314786762,1.291542888,1.009952188,-2.686677456,-0.1966504902,1.88416636,1.578300714
hjcdik,48,0.3438032269,1.121496201,1.011290789,-2.691278934,-0.01794955321,1.904832363,1.40938127
hjcdik,48,-2.694217443,-0.9813067317,-2.146672249,-2.689218044,0.1323460788,1.895640135,1.267631888
hjcdik,48,1.946547031,0.4354428053,-0.1486749053,-2.606987238,0.8188280463,1.435834527,0.5666263103
hjcdik,48,0.07916197926,1.533777356,0.9844887257,-2.669001818,-0.4296663404,1.799813747,1.803666949
hjcdik,48,0.3894431293,1.057377577,1.006292105,-2.691008329,0.05080340058,1.903631449,1.344610333
hjcdik,48,2.8463552,0.7852898836,-0.9304003716,-2.54755044,1.027632833,0.9973791838,0.2773438394
hjcdik,48,2.319931269,0.4957585633,-0.4833780527,-2.589330196,0.8925871253,1.312735677,0.4754160345
hjcdik,48,0.1032903269,1.49555707,0.9899057746,-2.672474384,-0.3951329291,1.817023396,1.769657016
hjcdik,48,-2.36651206,-0.6717880964,-2.303037643,-2.666412354,0.4536403716,1.786771059,0.9575033784
hjcdik,48,0.1671041846,-1.688156605,1.931907415,-2.410903931,1.06006074,0.195994854,-0.314617306
hjcdik,48,1.852457643,0.4301784337,-0.0638929978,-2.610964537,0.8006721735,1.462440372,0.5880740285
hjcdik,48,-0.1468948424,-0.9679247141,2.099872589,-2.525553465,1.076884151,0.8277416229,0.1791875809
hjcdik,48,-0.1307580471,-0.9926229119,2.088512182,-2.522589922,1.082299948,0.8052825928,0.166170761
hjcdik,48,-2.200198889,-0.5797195435,-2.421598673,-2.654799223,0.5477412343,1.726037979,0.8626131415
hjcdik,48,0.7603046298,0.6817264557,0.8481818438,-2.66751647,0.4435837567,1.792354465,0.9674945474
hjcdik,48,0.870110929,0.6150509119,0.7728505135,-2.659578562,0.5112646818,1.751481414,0.899718225
hjcdik,48,0.9942113161,0.5569735765,0.6792680025,-2.651454926,0.5717654824,1.707855225,0.837921679
hjcdik,49,1.557739139,-0.2825994492,-0.7765552998,-2.10397625,1.575675011,1.191745996,0.5522481203
hjcdik,49,-0.5687273741,1.417582273,2.088464737,-2.191936731,0.6061633229,2.182789803,0.9592753053
hjcdik,49,2.323939085,-0.9539111853,-1.120258212,-2.138076305,1.069058537,1.839170337,0.6856639385
hjcdik,49,2.449873686,-1.186550736,-1.093131781,-2.163053274,0.8609226346,2.02657795,0.7983806133
hjcdik,49,-2.855059862,0.205661118,-2.798849106,-2.110728025,1.779471397,0.9365065694,0.5772958398
hjcdik,49,-0.986011982,-1.095009565,1.235165119,-2.21933794,-2.897500038,0.3686385453,1.556571126
hjcdik,49,0.5743467808,-0.1926964074,0.08452151716,-2.108285427,1.736587882,0.9864174128,0.568166852
hjcdik,49,0.7015849352,-0.1918592751,-0.03028953634,-2.10743928,1.719151974,1.007368565,0.565023303
hjcdik,49,-0.5530169606,-0.4436613917,1.016084433,-2.139075994,2.081191778,0.6569292545,0.6898776889
hjcdik,49,1.659420848,-0.3144447505,-0.8553562164,-2.104058981,1.547541261,1.229776859,0.5525516272
hjcdik,49,0.1450425684,-0.2188418508,0.4677816033,-2.112364292,1.804259419,0.9087564945,0.5834537745
hjcdik,49,-0.7038874626,1.163516045,2.045047522,-2.160331249,0.8833711147,2.009114504,0.7852238417
hjcdik,49,1.35494411,-0.2391324937,-0.6091119647,-2.104361057,1.62011373,1.132684946,0.5536602139
hjcdik,49,-1.230116725,0.443570137,2.118083715,-2.106388807,1.447238326,1.367430091,0.5611324906
hjcdik,49,-0.5975186229,-0.4787005782,1.04225719,-2.144280195,2.125507593,0.6261926889,0.7121681571
hjcdik,49,1.952447295,-0.4744951725,-1.04529202,-2.107336044,1.42470336,1.398413658,0.5646398664
hjcdik,49,-0.7248339653,1.124005437,2.039503813,-2.155776262,0.9208242297,1.978530169,0.763749063
hjcdik,49,-1.823990583,0.2332698852,2.564358234,-2.104478598,1.627105594,1.123528361,0.554092288
hjcdik,49,-0.8558675647,-0.8140619993,1.165792346,-2.206254959,2.6917696,0.39916116,1.065222263
hjcdik,49,-0.9716520309,0.7090622187,2.022310734,-2.118720531,1.256591558,1.621992588,0.6077314615
hjcdik,49,0.920445919,-0.1970971078,-0.2273269594,-2.106194973,1.689244986,1.044134855,0.5604162812
hjcdik,49,2.155580759,1.095009565,-1.906427622,-2.21933794,-2.897500038,0.3686386645,1.556571126
hjcdik,49,0.3793894649,-0.1996545792,0.2598405778,-2.109836817,1.764817476,0.9532958865,0.5739558339
hjcdik,49,1.651828527,-0.3117642105,-0.849632442,-2.104042768,1.54982233,1.226678133,0.5524922609
hjcdik,49,1.36177206,-0.2402650565,-0.6149121523,-2.104340315,1.618802905,1.13440609,0.5535855889
hjcdik,49,1.921655059,1.650739312,-2.002336264,-2.128160954,-1.982645631,0.734360218,2.120755434
hjcdik,49,-0.568448782,1.418093324,2.088562965,-2.192000866,0.605532527,2.183088779,0.9596942067
hjcdik,49,-0.414480418,-0.3603214622,0.9243144393,-2.128033876,1.981435657,0.7353919744,0.6444132328
hjcdik,49,-2.779855967,0.2006524056,-2.865952492,-2.109997272,1.767526627,0.9501706362,0.5745565295
hjcdik,49,-1.635255575,0.2694051564,2.406385422,-2.104020834,1.588183641,1.174983144,0.5524115562
hjcdik,49,0.005626524799,-0.237792328,0.5887177587,-2.114456415,1.833032131,0.8775966167,0.5913818479
hjcdik,49,-0.6378849149,-0.5149464607,1.06441021,-2.150025606,2.173392773,0.5956344008,0.737514317
hjcdik,49,1.966895223,1.553336263,-1.962276697,-2.140255213,-2.09133935,0.6496755481,2.070799828
hjcdik,49,-0.1972972453,-0.2806521058,0.7581784725,-2.118990183,1.888069272,0.8212206364,0.6087752581
hjcdik,49,-2.872354984,0.2069968432,-2.783471584,-2.110908747,1.782323122,0.9332723022,0.5779719353
hjcdik,49,-1.507892847,0.3055759966,2.305741072,-2.104011536,1.555142283,1.219461441,0.5523780584
hjcdik,49,-0.6675468683,1.232383966,2.05561161,-2.168599129,0.8148189187,2.060451269,0.8260143995
hjcdik,49,-2.85175848,0.2054144442,-2.8017869,-2.11069417,1.778931975,0.9371196032,0.5771690607
hjcdik,49,2.792165995,0.3313325346,-2.264734268,-2.124597549,1.947735786,0.7649546266,0.6307149529
hjcdik,49,0.02408483066,-0.2348777801,0.5728725791,-2.11414361,1.828899264,0.8820020556,0.590192616
hjcdik,49,2.653052092,0.4006152153,-2.166440248,-2.133145571,2.028887987,0.6964166164,0.6651708484
hjcdik,49,-1.002525568,0.6676929593,2.02784729,-2.116193771,1.286495328,1.583719373,0.5980116725
hjcdik,49,1.130782962,-0.2111027986,-0.4145810902,-2.105195999,1.658484697,1.082965612,0.5567313433
hjcdik,49,-0.4765514135,1.580827117,2.122137547,-2.210948706,0.3877209425,2.264265537,1.108245015
hjcdik,49,-2.81365633,0.2027476281,-2.835748434,-2.110315561,1.772809505,0.9441041946,0.5757496953
hjcdik,49,-1.057901978,0.6004542708,2.042179823,-2.112554312,1.334599972,1.520545959,0.584171474
hjcdik,49,-2.121273279,0.202522561,2.824968338,-2.10569787,1.675047755,1.061934829,0.5585818887
hjcdik,49,-0.9860119224,-1.095009685,1.235165119,-2.21933794,-2.897500038,0.3686386347,1.556571007
hjcdik,49,2.155580759,1.095009565,-1.906427622,-2.21933794,-2.897500038,0.3686385453,1.556571126
hjcdik,49,2.112260342,1.199911237,-1.896055698,-2.203292847,-2.656136513,0.4066171646,1.724929452
hjcdik,50,-0.3197905719,1.3398844,-0.5585602522,-1.686009407,-2.223898411,1.384370208,2.008593082
hjcdik,50,-1.850562215,1.647697687,0.8801921606,-1.680268526,2.167504787,1.424807906,0.9337360263
hjcdik,50,-0.9122895598,1.16937995,0.01227940712,-1.74266696,-2.884756804,1.095652819,1.645064473
hjcdik,50,-0.3229483962,1.337880611,-0.5552744865,-1.686385274,-2.227545261,1.381836176,2.006996393
hjcdik,50,2.824933052,-1.341886044,2.579771519,-1.685636997,-2.220278025,1.386895537,2.01017189
hjcdik,50,-1.365462184,1.263747931,0.4159406424,-1.740850806,2.847901344,1.102904201,1.298283577
hjcdik,50,-0.3080750108,1.347450852,-0.5707802773,-1.684615493,-2.210327625,1.393887401,2.014478207
hjcdik,50,-0.4204503298,1.283063412,-0.4554496408,-1.697880268,-2.338229179,1.309794903,1.955650687
hjcdik,50,-1.364976406,1.263536215,0.4155065715,-1.740883589,2.848528862,1.102772355,1.298671246
hjcdik,50,0.04861937463,1.70849967,-0.9741534591,-1.647935033,-1.735853434,1.794474602,2.151866436
hjcdik,50,-0.3864840269,1.30066669,-0.4898829758,-1.693908215,-2.300039768,1.333573461,1.973973393
hjcdik,50,-1.793472767,1.579949975,0.8205267191,-1.689234614,2.255096674,1.363018274,0.9714550376
hjcdik,50,-0.01622390375,1.619401217,-0.8949988484,-1.652748704,-1.835951209,1.702268243,2.135389328
hjcdik,50,1.223259926,-1.739022732,-2.187697411,-1.669790864,2.058871746,1.508975267,0.8925536871
hjcdik,50,-0.8224357367,1.172874331,-0.06969677657,-1.737114668,-2.782924414,1.118127584,1.707740545
hjcdik,50,1.227336526,-1.733164549,-2.192230463,-1.670406938,2.065576553,1.503557324,0.8949018121
hjcdik,50,-1.618674397,1.415330052,0.6482099295,-1.714949489,2.50806284,1.218137383,1.098678589
hjcdik,50,-0.1081696227,1.513712525,-0.7880108953,-1.661647797,-1.964159369,1.588274956,2.103858709
hjcdik,50,1.370002508,-1.555989146,-2.343428612,-1.692644238,2.287900209,1.341372132,0.98651582
hjcdik,50,-0.7311460376,1.18380785,-0.1543188095,-1.729993582,-2.681138277,1.148345947,1.768804789
hjcdik,50,1.433619499,-1.49207902,-2.407049179,-1.70232451,2.381244898,1.284396172,1.031877875
hjcdik,50,-0.6707567573,1.195279956,-0.2111457586,-1.724582911,-2.614453316,1.172451854,1.807704449
hjcdik,50,-1.761206269,1.544984937,0.7876420021,-1.694251657,2.303334713,1.331476569,0.9937669635
hjcdik,50,-0.06735235453,1.557928205,-0.8348332644,-1.657471657,-1.908875585,1.636651278,2.118835449
hjcdik,50,1.570720077,-1.379774094,-2.538428068,-1.721075416,2.574270964,1.188654065,1.135540485
hjcdik,50,1.207775593,-1.761729836,-2.170351744,-1.667473197,2.033176661,1.529990315,0.8838047981
hjcdik,50,1.266907811,-1.678767323,-2.23555398,-1.676496029,2.129487753,1.453358769,0.9185806513
hjcdik,50,1.659205914,-1.322959781,-2.620126009,-1.730987191,2.69418335,1.144032121,1.205098987
hjcdik,50,1.769285083,-1.266759872,-2.719528913,-1.740380526,2.839041948,1.104796171,1.292818427
hjcdik,50,-1.875188828,1.679432869,0.9065832496,-1.676417232,2.12868619,1.453971624,0.9182696939
hjcdik,50,-1.736092329,1.519310832,0.7624220252,-1.698098779,2.340332985,1.30851841,1.011560082
hjcdik,50,2.515789747,-1.20610857,2.887661695,-1.72024262,-2.565007448,1.19257021,1.835873485
hjcdik,50,-0.4660515189,1.261763096,-0.4097528756,-1.703124166,-2.389045,1.279948711,1.930359244
hjcdik,50,1.625421524,-1.343343496,-2.589161158,-1.727436304,2.648783684,1.159610152,1.17838335
hjcdik,50,1.653561592,-1.326257348,-2.614970207,-1.73041451,2.686630249,1.146513939,1.2006253
hjcdik,50,-1.834013343,1.62724638,0.8626876473,-1.682868719,2.193220854,1.406078696,0.9444159865
hjcdik,50,-0.809838295,1.173935533,-0.08128862828,-1.736215115,-2.768790245,1.121855497,1.716326356
hjcdik,50,-1.58804512,1.39213264,0.6192640066,-1.718932629,2.550608873,1.198791265,1.122226954
hjcdik,50,-0.7795733213,1.177066207,-0.1092470288,-1.733942032,-2.734956026,1.13138938,1.736746192
hjcdik,50,1.370291948,-1.55567944,-2.343722582,-1.692689061,2.288331509,1.341093183,0.9867170453
hjcdik,50,2.694214106,-1.270171642,2.713199377,-1.700991035,-2.368290663,1.291889668,1.940809608
hjcdik,50,1.286797404,-1.653040171,-2.256893873,-1.67960453,2.160880566,1.429709435,0.9310400486
hjcdik,50,1.374893904,-1.550776839,-2.348392248,-1.69340241,2.295180798,1.336681008,0.9899231791
hjcdik,50,1.5263623,-1.412645936,-2.49665308,-1.715407372,2.51286912,1.21587944,1.101312757
hjcdik,50,-1.916427732,1.736278653,0.9517748952,-1.670078754,2.062008381,1.506437063,0.8936488628
hjcdik,50,-1.769162774,1.553395987,0.7956991792,-1.693020582,2.291515589,1.339037418,0.9882051349
hjcdik,50,1.462296724,-1.465872288,-2.435119629,-1.70652473,2.422458172,1.261448622,1.052983761
hjcdik,50,2.803187132,-1.328289866,2.602350235,-1.688222051,-2.245330334,1.369623184,1.99911809
hjcdik,50,-1.37130928,1.266317129,0.4211704731,-1.740450025,2.840335369,1.104516387,1.29361558
hjcdik,50,-0.1659336537,1.457694888,-0.7233463526,-1.667980313,-2.038865328,1.525303721,2.080476761
hjcdik,51,1.117338181,0.8179817796,2.241192579,-1.201896667,2.206722021,1.98560667,1.05713284
hjcdik,51,0.711027801,-0.3636134267,1.079683661,-1.237804294,-2.551175356,1.811686277,1.876576662
hjcdik,51,-0.005341029726,-0.9415169358,0.7363253832,-1.164458036,-1.653681636,2.324293137,2.142117739
hjcdik,51,-1.035635114,-1.280892253,-0.02257759869,-1.238008976,0.5883099437,2.771951914,1.208028674
hjcdik,51,-1.110288978,-1.273339391,-0.0779478699,-1.220965147,0.7543401122,2.731530428,1.129532218
hjcdik,51,0.01314205211,-0.9280143976,0.7524183989,-1.165045977,-1.68172431,2.307392597,2.140491486
hjcdik,51,0.06326713413,-0.8901702166,0.7951616645,-1.16742897,-1.756653905,2.261591196,2.133849144
hjcdik,51,0.4527263939,-0.5587300658,1.045761466,-1.210009456,-2.284335375,1.941848516,1.997106075
hjcdik,51,-1.967398882,-0.8663297296,-0.8579151034,-1.194103956,2.128782272,2.031439781,1.030669212
hjcdik,51,1.447775841,1.064843535,2.522188425,-1.166951418,1.744165659,2.26928091,0.9483593702
hjcdik,51,-0.4849164188,-1.200508237,0.3148677945,-1.216020107,-0.8007714748,2.718249321,1.974027276
hjcdik,51,-1.459721923,-1.182552457,-0.3931583166,-1.16718483,1.391227245,2.473122835,0.9490122199
hjcdik,51,1.075194716,0.7810085416,2.211864233,-1.207862377,2.264014482,1.953098059,1.078492522
hjcdik,51,-1.097007394,-1.27497828,-0.06767335534,-1.223990798,0.7257653475,2.73927021,1.142293453
hjcdik,51,1.354049921,1.003944516,2.43553853,-1.173659682,1.878030539,2.186114073,0.9674775004
hjcdik,51,0.6987841129,-0.3713437915,1.080976129,-1.236779928,-2.540715694,1.816075683,1.88180697
hjcdik,51,0.818348825,0.5493413806,2.084481716,-1.242051482,2.595715046,1.793735385,1.229639292
hjcdik,51,0.8906190991,0.6136927605,2.110131502,-1.233400941,2.506803513,1.830747008,1.18503809
hjcdik,51,1.297340989,0.9633610845,2.385253429,-1.179193616,1.9578197,2.136274099,0.9838038087
hjcdik,51,1.126418471,0.8258305192,2.247761965,-1.200627923,2.194320917,1.9927845,1.052718997
hjcdik,51,-1.317957282,-1.230865955,-0.2576810718,-1.181438804,1.154973149,2.587816,0.9905803204
hjcdik,51,-0.9642841816,-1.284285426,0.02475466579,-1.253087759,0.4170437753,2.802462578,1.298454881
hjcdik,51,-1.662632585,-1.083358049,-0.5898243785,-1.165489793,1.698922515,2.296957254,0.9442846179
hjcdik,51,0.6280395389,0.398394078,2.062202454,-1.258505344,2.800356627,1.727776289,1.340844154
hjcdik,51,2.687293053,1.18912816,-2.802628517,-1.209097981,-0.865868926,2.698145866,2.000498056
hjcdik,51,1.635539889,1.163104653,2.703332424,-1.164949417,1.464014888,2.433817148,0.942784965
hjcdik,51,1.293472528,0.960493505,2.381893873,-1.179606318,1.963235736,2.132899284,0.985042572
hjcdik,51,0.5135334134,0.3267425895,2.080966234,-1.26405704,2.897500038,1.706643939,1.396744013
hjcdik,51,1.157714486,0.852519393,2.271041155,-1.196321487,2.151441336,2.017946959,1.038046122
hjcdik,51,2.635627508,1.207940936,-2.842808247,-1.220913529,-0.7548234463,2.731396437,1.954227924
hjcdik,51,0.9416825771,0.6601384878,2.133410215,-1.226679802,2.441440821,1.860842347,1.154009938
hjcdik,51,-1.700575352,-1.06071496,-0.6257733107,-1.167321682,1.753919363,2.263276577,0.9493968487
hjcdik,51,0.5889461637,-0.448168993,1.0796808,-1.226181984,-2.43668294,1.863122582,1.931733012
hjcdik,51,0.5193468332,0.329996407,2.079468489,-1.263839841,2.893062353,1.707460642,1.394157887
hjcdik,51,1.468846679,1.077449679,2.542141914,-1.165918469,1.713640332,2.287987709,0.9454769492
hjcdik,51,-1.042914152,-1.280334115,-0.02771590464,-1.236365795,0.605088532,2.768361092,1.199644685
hjcdik,51,-1.367781758,-1.215761065,-0.3046179712,-1.175138474,1.240676165,2.548629522,0.9717888832
hjcdik,51,1.651465416,1.169999003,2.718851089,-1.165587068,1.439198494,2.447408676,0.9445543289
hjcdik,51,-1.577439308,-1.12946403,-0.5077623129,-1.163712621,1.572952151,2.372026682,0.9393732548
hjcdik,51,-0.5514976978,-1.222929239,0.2654470801,-1.231660485,-0.6519522667,2.757747889,1.906808615
hjcdik,51,1.49077034,1.090140581,2.563047171,-1.165045857,1.681678295,2.307420492,0.9430519938
hjcdik,51,-1.158878565,-1.26625967,-0.1169865355,-1.210193753,0.8555165529,2.701459169,1.087130785
hjcdik,51,-1.082173347,-1.276656985,-0.05640985817,-1.227387786,0.6933661699,2.747647762,1.157156825
hjcdik,51,-1.045191407,-1.280151367,-0.02933504805,-1.23584938,0.6103106141,2.767220736,1.197054505
hjcdik,51,-0.9984096289,-1.283138871,0.00279852841,-1.246173143,0.5004842877,2.788981438,1.25336647
hjcdik,51,-1.015825629,-1.282215595,-0.008886248805,-1.242413878,0.5419943333,2.781300068,1.231645107
hjcdik,51,-2.461979628,0.3837967813,-2.059162378,-1.235113025,-2.523874283,1.823278189,1.890151024
hjcdik,51,-2.510482788,-0.4005331695,-1.07956934,-1.258315325,2.797467709,1.728508472,1.339206934
hjcdik,51,-0.294159174,-1.118476272,0.4755533338,-1.179699183,-1.177152872,2.577950239,2.098226786
hjcdik,51,0.8790560365,0.6032562852,2.10543704,-1.234860301,2.521338463,1.82437706,1.192148209
hjcdik,52,0.4382781684,0.6684392691,0.2803103626,-0.8264986873,-2.727835178,2.041618347,1.55533278
hjcdik,52,-2.419620037,-0.678822279,2.852134943,-0.7958624363,-2.414717913,2.128323078,1.666562915
hjcdik,52,-2.80307436,-1.525111079,-0.431044817,-0.7379285097,1.523586512,2.446936131,0.9566190839
hjcdik,52,0.5722987652,1.169032335,-2.759721041,-0.08960404247,0.3442572057,2.415648937,1.357088566
hjcdik,52,-2.217686892,-0.7710551023,2.356071234,-0.7636835575,-2.099668741,2.238773108,1.743495822
hjcdik,52,0.9918013215,0.8412801623,-1.024127483,-0.7494882345,-1.919288874,2.305243254,1.770879984
hjcdik,52,0.5653628111,1.171534777,-2.882545471,-0.08972965926,0.4743379653,2.413675785,1.351142406
hjcdik,52,0.6023062468,1.145545125,-2.109087467,-0.08960412443,-0.3440521061,2.415651798,1.390548944
hjcdik,52,-2.207290173,-0.7795760632,2.324018955,-0.7616388202,-2.076720238,2.247197866,1.747643948
hjcdik,52,0.6081728935,1.13562429,-1.904590249,-0.08982742578,-0.5583491325,2.412085772,1.400161505
hjcdik,52,0.3769995272,1.541370749,2.806712627,-0.7399516106,1.420661092,2.481743574,0.9600167871
hjcdik,52,0.6244601011,0.6632794738,-0.0880574733,-0.8077789545,-2.527783394,2.09327054,1.630059958
hjcdik,52,0.138562426,1.362182617,2.13857913,-0.7640757561,2.103961468,2.237199545,1.004948735
hjcdik,52,0.07803869992,1.258412719,1.899787307,-0.7875843644,2.337478161,2.154042006,1.058784723
hjcdik,52,-2.094787598,-1.178334713,1.282209992,-0.7605997324,-1.076822281,2.588946104,1.749726892
hjcdik,52,0.04964672402,1.174923897,1.731991172,-0.8047391772,2.498435974,2.102026463,1.107685685
hjcdik,52,0.05674988031,1.200862765,1.78271091,-0.7996461987,2.450155735,2.11696887,1.092042208
hjcdik,52,0.4953042269,1.124664187,1.573005438,-0.09014344215,2.340649605,2.349464178,1.33799839
hjcdik,52,0.5878106952,0.6608008742,-0.01477681939,-0.8118428588,-2.567860842,2.081749439,1.616073847
hjcdik,52,0.4954884648,1.133824944,1.74894166,-0.09037365019,2.168422222,2.354962826,1.332467437
hjcdik,52,0.9590180516,0.8025783896,-0.8991612196,-0.7565833926,-2.016561508,2.269358635,1.75759089
hjcdik,52,0.9903578162,1.325276971,-2.16363287,-0.8049465418,-0.6411684752,2.695598125,1.639300704
hjcdik,52,0.1202211976,1.336026073,2.073711395,-0.7700970769,2.167798519,2.213926315,1.017624378
hjcdik,52,0.7425275445,0.6839461327,-0.3337132931,-0.7931096554,-2.389057875,2.136729002,1.674213648
hjcdik,52,0.5962774158,1.08114028,-0.7402906418,-0.09077700227,-1.734804988,2.371470928,1.423407793
hjcdik,52,0.05048821867,0.9580767155,1.314458132,-0.8367004395,2.873776436,2.014774323,1.253439665
hjcdik,52,0.6106308103,1.100548148,-1.217289209,-0.09068486094,-1.262993932,2.390544891,1.42166996
hjcdik,52,0.03922941536,1.117615461,1.622521281,-0.815122366,2.601165056,2.072587729,1.143590569
hjcdik,52,0.6032539606,1.087767363,-0.9254357815,-0.09081251919,-1.553343296,2.378909349,1.424094915
hjcdik,52,-2.18448019,-0.8006490469,2.249034166,-0.7569813132,-2.021524668,2.26752758,1.756820321
hjcdik,52,-2.370889425,-0.6921707988,2.745774746,-0.7891796827,-2.352412939,2.148976088,1.684721947
hjcdik,52,-2.081504583,-1.058153391,1.551022768,-0.7409512997,-1.390027642,2.491891146,1.785928607
hjcdik,52,0.953137517,0.7967117429,-0.8789635897,-0.7578101754,-2.031692982,2.263777494,1.755214572
hjcdik,52,0.5890837908,0.6608583331,-0.01730858721,-0.8117046356,-2.566482306,2.082136869,1.616563797
hjcdik,52,0.6872800589,0.6717107296,-0.2164084017,-0.8003038764,-2.456353903,2.115015745,1.653642297
hjcdik,52,0.03984599933,1.122579575,1.631916165,-0.8142725229,2.592440605,2.074950218,1.140408516
hjcdik,52,-2.604257584,-1.575147152,0.0342377983,-0.7682411075,0.9930176139,2.61243844,1.013646483
hjcdik,52,0.1191771552,1.334432125,2.069880486,-0.7704648376,2.171560049,2.212563992,1.01841867
hjcdik,52,0.2024208754,1.433290601,2.340311527,-0.7484753132,1.903487921,2.311060429,0.97492975
hjcdik,52,0.256169945,1.477057695,2.493285179,-0.7408597469,1.748939514,2.367456913,0.9615598917
hjcdik,52,0.166548714,1.39655602,2.230633736,-0.7562893629,2.012872219,2.270720005,0.9894898534
hjcdik,52,-2.442660332,-1.558351159,0.3572117388,-0.8159644604,0.5317018032,2.715336084,1.146796942
hjcdik,52,-2.412845373,-1.549203157,0.4122563899,-0.8244321942,0.4385441542,2.729487181,1.18242836
hjcdik,52,0.05552120507,1.196744919,1.774590611,-0.800470531,2.457910299,2.11452651,1.094499707
hjcdik,52,0.3897301853,0.6773759723,0.3773168027,-0.8306412101,-2.781189442,2.030624151,1.533530593
hjcdik,52,0.06233378872,1.218167782,1.817162752,-0.7961247563,2.417160988,2.127530575,1.081825495
hjcdik,52,0.7483161688,1.542010427,-2.693701506,-0.8295229673,0.3753845096,2.737628222,1.207926035
hjcdik,52,-2.558148623,-1.163181901,0.5915250778,-0.08947296441,0.1220014542,2.417591095,1.367798448
hjcdik,52,-2.502430677,-1.570692182,0.2430891693,-0.7977401018,0.7093146443,2.681715012,1.086458445
hjcdik,52,0.1432420313,1.36835289,2.154484034,-0.7626619339,2.088266134,2.242956161,1.002065539
hjcdik,53,-0.4447407126,0.8499809504,-1.101341128,-0.322876513,0.117313996,2.579339743,1.716408968
hjcdik,53,-0.8239686489,1.228889823,2.647608042,-0.6020389199,2.897500038,2.170865297,1.654041648
hjcdik,53,-1.004265428,1.068024278,2.104326725,-0.5979922414,-2.849885464,2.176760912,1.838360786
hjcdik,53,-0.8239684105,1.228884101,2.647601604,-0.6020293832,2.897500038,2.170869112,1.654044509
hjcdik,53,-0.8239678144,1.228914738,2.647638083,-0.6020776629,2.897477388,2.170850277,1.654028416
hjcdik,53,2.303377867,-1.014429092,-1.044790626,-0.3250151277,-2.896820545,2.291757107,1.784493327
hjcdik,53,2.317629099,-1.228873014,-0.493994236,-0.6020082235,2.897500038,2.170877934,1.654047132
hjcdik,53,2.142487288,-1.07728231,-1.012342095,-0.6001632214,-2.873905897,2.173648834,1.830639601
hjcdik,53,2.1243155,-1.040734172,-1.11021018,-0.5908694267,-2.780094147,2.187042952,1.860009432
hjcdik,53,2.317627668,-1.228930354,-0.4939312935,-0.6021000743,2.897457361,2.170841694,1.654018641
hjcdik,53,2.142195463,-1.07679224,-1.013670921,-0.6000635624,-2.872620821,2.173803806,1.831057668
hjcdik,53,2.132085085,-1.057885051,-1.064445019,-0.5955132246,-2.823781729,2.180376291,1.846609235
hjcdik,53,-0.8239728808,1.228929996,2.647646427,-0.6021059752,2.897473097,2.170838118,1.65402329
hjcdik,53,-0.9986272454,1.078121424,2.131510973,-0.6003654599,-2.876085997,2.173371792,1.82993412
hjcdik,53,-0.823987782,1.22892797,2.647615433,-0.6021156907,2.897500038,2.170831203,1.654032707
hjcdik,53,-1.019577742,1.035041809,2.016197681,-0.5892339945,-2.765671253,2.18939352,1.86432004
hjcdik,53,2.143230438,-1.078575492,-1.008854866,-0.6004680395,-2.877271175,2.173225403,1.82954967
hjcdik,53,-1.012550116,1.051524639,2.06015563,-0.5938589573,-2.807520151,2.182768345,1.851659179
hjcdik,53,-0.8239563107,1.228861213,2.647598743,-0.6019830108,2.897500038,2.170889616,1.654049158
hjcdik,53,2.128508329,-1.050366402,-1.084528446,-0.593550384,-2.804566622,2.183213711,1.852569222
hjcdik,53,-0.8239768147,1.228935242,2.647644758,-0.6021175385,2.897476196,2.170832634,1.654022813
hjcdik,53,-0.9969467521,1.080961227,2.139198542,-0.6009913087,-2.883516073,2.172466993,1.827515125
hjcdik,53,-0.8446688652,1.006264687,2.051363468,-0.3260911107,-2.852833509,2.293215752,1.792737126
hjcdik,53,2.124090672,-1.040231705,-1.111557722,-0.590749681,-2.778808355,2.187239408,1.860401392
hjcdik,53,2.124210119,-1.040526271,-1.110773325,-0.5908370614,-2.779553175,2.187118053,1.860178113
hjcdik,53,-1.019418359,1.035472631,2.017343044,-0.5893729925,-2.766755104,2.189208269,1.864001274
hjcdik,53,-0.455337584,0.8368908167,-1.020255089,-0.3221989572,0.02803131379,2.579831362,1.733206511
hjcdik,53,2.3176229,-1.228944182,-0.4939248562,-0.6021259427,2.897454739,2.170830727,1.654014468
hjcdik,53,2.111552,-1.002361298,-1.213111997,-0.5787935853,-2.683135033,2.204216003,1.887754321
hjcdik,53,-1.006797552,1.063305259,2.091640472,-0.596906662,-2.837678909,2.178396463,1.842247486
hjcdik,53,2.137740135,-1.068877339,-1.035005927,-0.5982615948,-2.852048159,2.176441669,1.837682486
hjcdik,53,-0.8239523172,1.228850245,2.647593737,-0.6019621491,2.897500038,2.170898199,1.654052496
hjcdik,53,-0.838999629,1.013423204,2.091196537,-0.3250968456,-2.891398668,2.291941404,1.78550446
hjcdik,53,-0.8240104318,1.228920341,2.647562504,-0.6021227241,2.897500038,2.170824051,1.654050589
hjcdik,53,2.317640781,-1.22884953,-0.4939989448,-0.6019608378,2.897500038,2.170899153,1.654052734
hjcdik,53,2.317635775,-1.228953123,-0.4938900471,-0.6021293402,2.897420406,2.170832157,1.654002666
hjcdik,53,2.116122484,-1.018469453,-1.169708252,-0.5841693878,-2.723804235,2.196628571,1.876480579
hjcdik,53,2.701860428,-0.8568378091,1.99913156,-0.3233876526,0.1629087925,2.578782797,1.707845926
hjcdik,53,-1.015095115,1.045914769,2.045182228,-0.592361033,-2.793225288,2.184946775,1.856044531
hjcdik,53,-0.8239806294,1.228948116,2.647652388,-0.6021415591,2.897472143,2.170822382,1.654018283
hjcdik,53,-0.8383463025,1.014219403,2.095681667,-0.3249895275,-2.895745754,2.291811228,1.784687877
hjcdik,53,2.114048004,-1.011656165,-1.188013673,-0.5819535255,-2.706609964,2.199770927,1.881315112
hjcdik,53,-0.2367677093,0.8312952518,-1.341243744,-0.5978741646,0.2916848063,2.697021961,1.638625264
hjcdik,53,-1.015368342,1.045301199,2.043543339,-0.5921984315,-2.791661739,2.185188055,1.856521726
hjcdik,53,2.317643881,-1.228843689,-0.4940003455,-0.6019490957,2.897500038,2.170904398,1.654054046
hjcdik,53,2.145115376,-1.081777811,-1.000195742,-0.6011964679,-2.885637045,2.172200203,1.826826811
hjcdik,53,2.120976925,-1.032408834,-1.132431269,-0.5884902477,-2.758994579,2.190493107,1.866302133
hjcdik,53,2.302856922,-1.013732076,-1.048641443,-0.3250409067,-2.893102646,2.291895866,1.785182714
hjcdik,53,2.317645311,-1.228839517,-0.4940018356,-0.6019411087,2.897500038,2.170907736,1.654054999
hjcdik,53,2.317615032,-1.228957534,-0.4939239919,-0.6021538377,2.8974576,2.170818329,1.654011726
hjcdik,54,1.239133716,0.9144874215,0.3006436527,-3.020261765,2.053172112,1.332525253,0.507298708
hjcdik,54,-1.988674641,-0.9396297336,-2.813393354,-3.013905048,2.014222145,1.396646976,0.4789353311
hjcdik,54,-2.010189772,-0.946279943,-2.806678057,-3.012366056,2.004840851,1.413075566,0.4721485376
hjcdik,54,0.634136796,1.142337561,0.4586673677,-2.981886387,1.813772917,1.840984225,0.342844367
hjcdik,54,0.4905918539,1.212523341,0.4785635769,-2.974987984,1.764042377,1.980768919,0.3146404028
hjcdik,54,1.293372154,0.8998806477,0.2828959227,-3.024418831,2.078905344,1.293577194,0.5261605978
hjcdik,54,1.625204325,-1.312743545,2.613413572,-2.964897156,-1.669964671,2.260829687,2.264139891
hjcdik,54,1.087551475,0.960306406,0.3483617306,-3.00928688,1.986098289,1.447092891,0.4586573243
hjcdik,54,1.227261066,0.9178085923,0.3044917881,-3.019368172,2.04767108,1.341193795,0.5032776594
hjcdik,54,1.508230686,0.8506470323,0.2115554363,-3.042123556,2.192545891,1.149700999,0.6098860502
hjcdik,54,0.7857818604,1.074173927,0.4288665652,-2.990143299,1.868060708,1.700794339,0.3770473301
hjcdik,54,-1.999518156,-0.9429624677,-2.809999704,-3.013127089,2.009478331,1.404905558,0.4755007625
hjcdik,54,1.05671072,0.9705535173,0.3576069176,-3.007166862,1.97320354,1.471447945,0.449434489
hjcdik,54,1.134968996,-1.054612637,2.682462454,-2.985669613,-1.83913064,1.773731232,2.17959094
hjcdik,54,-2.5042243,-1.140815735,-2.683470726,-2.982052565,1.814907312,1.837912917,0.3435271084
hjcdik,54,-0.840331018,1.662059188,-0.4097096622,-2.99111867,-1.267337441,2.976212978,2.156919956
hjcdik,54,1.205989957,0.9238703251,0.3113468587,-3.017781734,2.037929773,1.356852531,0.4961675107
hjcdik,54,0.9255001545,1.017702937,0.394595623,-2.998564959,1.92065835,1.579067826,0.4125101566
hjcdik,54,-0.09168753773,1.516710758,0.4615144134,-2.96099472,1.549510837,2.588741064,0.2582941353
hjcdik,54,0.965783596,1.002614617,0.3836812973,-3.001134634,1.936423659,1.545335174,0.4234602749
hjcdik,54,1.213687539,0.921660006,0.3088720739,-3.018353701,2.041438341,1.351166844,0.4987266958
hjcdik,54,-1.705037117,1.206343889,-0.5151979327,-2.971456289,-1.735612631,2.064297199,2.237726688
hjcdik,54,1.124661922,0.9483948946,0.3370036483,-3.011887789,2.001927137,1.418258667,0.4700450897
hjcdik,54,0.9315811396,1.015390515,0.3929754198,-2.998948812,1.923019409,1.573936343,0.4141418934
hjcdik,54,-0.5034970045,1.680239916,0.3392614126,-2.999108076,1.217594862,3.006108522,0.41481933
hjcdik,54,0.8021320701,1.067240119,0.4251692295,-2.991089106,1.874068737,1.686173439,0.3809998631
hjcdik,54,1.372668266,-1.171924114,2.634849072,-2.974135637,-1.75742805,2.000015736,2.226866722
hjcdik,54,-2.085323095,-0.9707024097,-2.783854961,-3.007136822,1.973020911,1.471798897,0.4493041337
hjcdik,54,0.04111578688,1.449157596,0.4798832238,-2.961296797,1.604781508,2.448032856,0.2594994605
hjcdik,54,-0.6987800598,1.688785315,-0.2995285094,-3.053736687,-0.8690597415,3.109172344,1.869390726
hjcdik,54,1.041674972,0.975664258,0.3620450795,-3.006146908,1.9669981,1.483451128,0.4450156689
hjcdik,54,2.327256441,-1.67029202,2.744247675,-2.997733116,-1.226058006,3.001469135,2.129064083
hjcdik,54,1.730149388,0.8126444817,0.1416387409,-3.062436104,2.336648703,1.018878937,0.7154074907
hjcdik,54,-0.8466166258,1.659932733,-0.4124875665,-2.989700794,-1.276354671,2.970052242,2.162842274
hjcdik,54,1.079290867,-1.029968739,2.696902514,-2.988681316,-1.858705997,1.723922729,2.167090654
hjcdik,54,0.9007689357,1.027233481,0.4010818303,-2.997018814,1.911124468,1.600080848,0.4059513509
hjcdik,54,-0.6246272326,1.689538836,0.2254326493,-3.0624125,0.8051251173,3.117989063,0.7152762413
hjcdik,54,-0.1019271389,1.52174592,0.4597385228,-2.961088896,1.544876218,2.599538803,0.2586706281
hjcdik,54,-1.877311945,-0.9076010585,-2.849145889,-3.022173643,2.064975977,1.314334869,0.5159416199
hjcdik,54,-0.2820880413,1.604356527,0.4197740257,-2.966995955,1.44765985,2.787013769,0.2823302448
hjcdik,54,-2.329667091,0.9280577898,-0.3617554903,-3.004586697,-1.957498789,1.502185345,2.099765062
hjcdik,54,1.820796251,0.8003045917,0.1161739156,-3.071199894,2.406163931,0.97111094,0.7656379342
hjcdik,54,0.729393363,1.098724961,0.4409217536,-2.986963034,1.847592711,1.751968622,0.3638115525
hjcdik,54,1.090469241,-1.034823895,2.693913698,-2.988068104,-1.854755521,1.733822227,2.16964221
hjcdik,54,0.1722709686,1.379810929,0.4895466268,-2.963694334,1.653687835,2.308981419,0.26908499
hjcdik,54,-0.4403770566,1.663025618,0.367970258,-2.984667778,1.309083939,2.945446253,0.3543089628
hjcdik,54,0.8310530186,1.055182934,0.4184167981,-2.992788315,1.884784579,1.660553932,0.3881183863
hjcdik,54,1.634804606,0.8275258541,0.1706847996,-3.053477049,2.270681143,1.072783589,0.667296946
hjcdik,54,-2.187548876,-1.006955862,-2.754687309,-3.000379086,1.9317981,1.555102587,0.4202345014
hjcdik,54,0.8493586183,1.047690511,0.4140064716,-2.993880749,1.891628265,1.644498825,0.3927083015
hjcdik,55,-0.4607619643,-0.1871713102,2.276041508,-2.488293409,0.8838701844,2.977719069,1.194354773
hjcdik,55,1.468186021,0.1055513024,0.2586097717,-2.55557394,0.2005554885,3.077581644,1.711833835
hjcdik,55,-2.583732367,-0.2460202277,-2.121438503,-2.505773783,-0.7579206824,3.011688232,2.445632458
hjcdik,55,1.430717945,0.1064435393,0.2920706868,-2.556440115,0.1772656143,3.078457832,1.729753375
hjcdik,55,2.868841887,0.2555032372,-1.048240185,-2.465199947,1.040214658,2.916780472,1.085678339
hjcdik,55,0.7791345119,0.169838503,0.8408972025,-2.541907072,-0.4253401756,3.062760115,2.19325614
hjcdik,55,0.05082324147,-0.7369834781,1.715296268,-2.414040327,1.498994231,2.48775506,0.8754996657
hjcdik,55,1.352420688,0.3660826981,0.4125951231,-1.964388013,2.897500038,3.56827426,-1.04104495
hjcdik,55,-2.359076738,-0.1690640748,-2.30338335,-2.542277098,-0.4207807183,3.063188076,2.189759016
hjcdik,55,1.041272759,0.1289645135,0.6286550164,-2.558030844,-0.1236625984,3.080049515,1.961335659
hjcdik,55,0.7781748772,0.1700603068,0.8416596651,-2.541800737,-0.4266389906,3.062637091,2.194252491
hjcdik,55,0.7413269877,0.1791177094,0.8709454536,-2.537410021,-0.4775224924,3.057434082,2.233245134
hjcdik,55,1.792439938,0.3468256593,-0.1838029623,-1.971160173,-2.80821085,3.573183537,-1.595061898
hjcdik,55,-2.372564793,-0.1722062826,-2.292664528,-2.540769815,-0.4390769303,3.061435699,2.203789949
hjcdik,55,-2.047881126,-0.1240753233,-2.556809425,-2.558989286,-0.07480504364,3.080997229,1.923737168
hjcdik,55,0.3279660344,0.4400708973,1.236544847,-2.448240519,-1.156327486,2.851790905,2.719979525
hjcdik,55,0.09655048698,-1.522501945,1.5265764,-2.433117867,1.871177673,1.797526836,0.9503160119
hjcdik,55,0.08888205886,-1.026139855,1.629233599,-2.414201975,1.646971464,2.230234861,0.8761200309
hjcdik,55,-0.2954737246,-0.2445147634,2.115875006,-2.468336344,1.019165277,2.926525116,1.099765182
hjcdik,55,1.600137353,0.1037013084,0.1397270709,-2.551949501,0.2778336704,3.07383728,1.652391076
hjcdik,55,0.8713127375,0.5405572653,1.083378196,-2.069983721,2.145653486,3.694679737,-0.358884275
hjcdik,55,0.1977005899,0.7535340786,1.402280927,-2.417029381,-1.439214468,2.574982643,2.845331669
hjcdik,55,-1.028678775,-0.1146033108,2.809430838,-2.53088212,0.5452024341,3.049253464,1.44735837
hjcdik,55,-0.7507985234,-0.1368059069,2.549995661,-2.513773918,0.6956761479,3.024862528,1.333277464
hjcdik,55,0.1436344534,1.737444043,1.635928631,-2.439079523,-1.918280125,1.712522745,2.757888317
hjcdik,55,0.8043919802,0.1642557383,0.8208143711,-2.54454875,-0.3917063475,3.065779686,2.167447567
hjcdik,55,2.859847546,0.2510341108,-1.039304972,-2.466453314,1.031798363,2.92074275,1.091286063
hjcdik,55,-1.098062396,-0.1112632379,2.873889685,-2.534409285,0.5096340775,3.053741693,1.474523544
hjcdik,55,-0.9138109088,-0.121836096,2.702432394,-2.524451017,0.605365634,3.040623665,1.401553631
hjcdik,55,2.744893789,0.2055864334,-0.9270352721,-2.481123924,0.9330427647,2.961173773,1.159279466
hjcdik,55,0.1395426393,1.254514456,1.541805267,-2.416830778,-1.699219346,2.129623652,2.8460989
hjcdik,55,-0.09101971239,-0.4003828764,1.903248191,-2.436593533,1.242507935,2.788260221,0.9643367529
hjcdik,55,-1.963975549,-0.3990201652,-2.486960649,-1.988810539,2.642277718,3.587296724,-0.7988089919
hjcdik,55,-0.0703805238,-0.4280527234,1.879665375,-2.433033943,1.271105409,2.763638973,0.9499800205
hjcdik,55,-0.6854432225,-0.144876048,2.488652945,-2.508863211,0.7343229055,3.016928673,1.304303408
hjcdik,55,0.8119938374,0.1626633555,0.8147640228,-2.545289755,-0.3817763329,3.06661272,2.159823895
hjcdik,55,0.7780858278,0.1700807959,0.8417302966,-2.541790962,-0.4267593026,3.062625885,2.194344759
hjcdik,55,0.09678156674,-1.177145362,1.594325185,-2.417932987,1.715952277,2.096920729,0.8904967308
hjcdik,55,0.1691809595,0.9062774777,1.453714609,-2.413167953,-1.529768109,2.438716888,2.860180855
hjcdik,55,1.471053362,0.1054899842,0.2560428679,-2.55550456,0.2023082078,3.077511072,1.710486054
hjcdik,55,0.09317865968,-1.094004393,1.612970114,-2.415628433,1.678330183,2.170187235,0.8816020489
hjcdik,55,-2.327917099,-0.1623160392,-2.328167677,-2.545450449,-0.3795908093,3.06679225,2.158145666
hjcdik,55,-0.2698163986,-0.2569978535,2.090430975,-2.464787245,1.04298687,2.915455818,1.083838701
hjcdik,55,-2.496035099,-0.2086811513,-2.193924904,-2.522933483,-0.6188387871,3.038497448,2.341009378
hjcdik,55,0.8441236019,0.5646896362,1.122770309,-2.07899189,2.096366882,3.714584112,-0.3203040063
hjcdik,55,0.2292854786,0.6413109303,1.35542047,-2.423440218,-1.359116793,2.674877167,2.820397854
hjcdik,55,1.352420449,0.3660830557,0.4125953019,-1.964387894,2.897500038,3.568274498,-1.041044712
hjcdik,55,1.352420449,0.3660829365,0.4125952423,-1.964387894,2.897500038,3.568274498,-1.041044712
hjcdik,55,0.09044385701,-1.048491955,1.623760104,-2.414623976,1.657382488,2.21043539,0.8777397871
hjcdik,55,2.762188673,0.2112744749,-0.943741858,-2.479070902,0.9469668865,2.95609045,1.149477601
hjcdik,56,1.476606488,-1.422498941,-2.117287159,-2.000263453,-2.359983206,1.75848043,-2.572208881
hjcdik,56,1.436385632,-1.487865686,-2.080475092,-2.008046389,-2.409318924,1.711851478,-2.613090277
hjcdik,56,0.09873668849,1.422371745,-0.8504989147,-1.4107095,-2.87165904,3.521198511,-0.3298642337
hjcdik,56,-1.430839419,1.143407345,0.7928776145,-1.963928461,-2.146872282,2.003141403,-2.403445959
hjcdik,56,0.2124927938,1.259396911,-0.7693729401,-2.065713644,0.1590604186,3.237537622,2.897300005
hjcdik,56,-1.15214777,0.9654135704,0.502979219,-1.935576558,-1.982675195,2.234129429,-2.288192034
hjcdik,56,1.695842505,-1.156881452,-2.33346796,-1.965828776,-2.157676697,1.989099741,-2.411588669
hjcdik,56,-1.771095872,1.608180761,1.11789,-2.021650076,-2.501604557,1.63456893,-2.690720081
hjcdik,56,0.3277198672,1.396682739,-0.7657397389,-1.938874125,1.13913095,3.116661072,2.091139793
hjcdik,56,0.06158621982,1.143738031,-0.7959800959,-1.946316957,-1.095436811,3.131275654,-2.330602884
hjcdik,56,1.359326243,-1.630250216,-2.014623642,-2.02403307,-2.518808365,1.621556878,-2.705327988
hjcdik,56,0.23824054,1.598436594,-1.172027349,-1.548365593,-1.978074193,3.634349585,-1.029939771
hjcdik,56,-0.01066731289,1.323841929,-0.5512113571,-1.440896869,2.587588072,3.534096241,0.3555356264
hjcdik,56,-2.88306427,-1.317910194,2.41538167,-1.999589443,0.7857905626,3.196819305,2.358837843
hjcdik,56,1.330687523,-1.689033151,-1.992223978,-2.030188084,-2.565119982,1.588639259,-2.744824886
hjcdik,56,-1.137619019,0.9592462182,0.487708509,-1.934389591,-1.975471735,2.244866133,-2.283587217
hjcdik,56,0.5919616818,1.734297991,-1.004520535,-1.895567656,1.626958251,2.751453638,1.930265903
hjcdik,56,-0.166292578,0.9941661954,-0.5565907359,-1.897662878,-1.46873641,2.921724796,-2.147627115
hjcdik,56,-0.554272294,0.8798598051,-0.1327950209,-1.90051949,-1.714160681,2.635500669,-2.157808781
hjcdik,56,0.2275815457,1.27829361,-0.7410770655,-2.046695948,0.4324698448,3.228261471,2.658948421
hjcdik,56,-0.557605803,0.8794956207,-0.1292016357,-1.90064621,-1.715743542,2.633280039,-2.158261776
hjcdik,56,-1.697374225,1.474667788,1.054058552,-2.006496191,-2.399323702,1.720994592,-2.604768276
hjcdik,56,-1.668503284,1.427979946,1.0275774,-2.000926018,-2.36410594,1.754439235,-2.575605631
hjcdik,56,-1.675451756,1.438938856,1.034012914,-2.002245188,-2.3723557,1.746432781,-2.582413435
hjcdik,56,0.2124931067,1.259397388,-0.7693722844,-2.065713406,0.1590671837,3.237537384,2.897300005
hjcdik,56,-2.619902611,-1.631889343,2.200527191,-1.89504528,1.533844352,2.858469009,1.928417325
hjcdik,56,0.2124931067,1.259397388,-0.7693722844,-2.065713406,0.1590670347,3.237537384,2.897300005
hjcdik,56,-1.561202049,1.279447675,0.9243522882,-1.98233211,-2.252429962,1.873265743,-2.485129356
hjcdik,56,0.2401850224,1.602177978,-1.176085234,-1.550034046,-1.968603969,3.637533903,-1.035824299
hjcdik,56,-1.540047169,1.254364729,0.9033552408,-1.979052901,-2.233392715,1.895454288,-2.470077991
hjcdik,56,-1.542486548,1.257192731,0.9057847261,-1.979424953,-2.235545158,1.892917752,-2.471773624
hjcdik,56,-0.9674049616,0.9043692946,0.3081208766,-1.921981096,-1.896383643,2.364478111,-2.236313581
hjcdik,56,0.2135645002,1.260626078,-0.7669568062,-2.064865589,0.1799945086,3.237154484,2.878988743
hjcdik,56,0.2124931663,1.259397507,-0.7693722844,-2.065713406,0.1590671241,3.237537384,2.897300005
hjcdik,56,-1.4287889,1.141592383,0.7907774448,-1.963670969,-2.145408154,2.00505662,-2.402346611
hjcdik,56,0.1781157106,1.230392456,-0.8304157853,-2.049856424,-0.3997018635,3.229908943,-2.897300005
hjcdik,56,1.444264531,-1.474591255,-2.087575674,-2.006486654,-2.399266005,1.721048355,-2.604720592
hjcdik,56,-0.04125257581,1.068192482,-0.6933031678,-1.911857605,-1.318663597,3.032948494,-2.198813915
hjcdik,56,-1.373322606,1.095801473,0.7337142229,-1.957029462,-2.107634068,2.055474281,-2.37436986
hjcdik,56,-0.2833052576,1.203887939,-0.1427472234,-1.579536438,1.769686103,3.727056026,0.9269357324
hjcdik,56,-0.1147800609,1.256112933,-0.3587398231,-1.523735762,2.111027718,3.597293854,0.7304273248
hjcdik,56,-0.8047140837,0.8777878284,0.1354153752,-1.912210822,-1.825721383,2.471982956,-2.200109005
hjcdik,56,-1.4244349,1.137768149,0.7863159776,-1.963127255,-2.142315865,2.009111166,-2.400029182
hjcdik,56,0.3948856592,1.472215176,-0.8239902854,-1.911890388,1.318404555,3.033102989,1.989003301
hjcdik,56,0.3291296065,1.398242474,-0.7668689489,-1.93808043,1.143865108,3.1149652,2.088029385
hjcdik,56,1.80984664,-1.065360069,-2.450925827,-1.952431321,-2.08137846,2.091603518,-2.355389833
hjcdik,56,-2.879377604,-1.322368264,2.414768219,-1.994883537,0.8146356344,3.192735195,2.335210562
hjcdik,56,0.3018799424,1.368007302,-0.7464363575,-1.955919862,1.040282845,3.1473248,2.159830809
hjcdik,56,-1.282208681,1.032992601,0.6391401291,-1.947330475,-2.052027464,2.132960796,-2.334677458
hjcdik,56,0.2124931663,1.259397507,-0.7693722844,-2.065713406,0.1590672284,3.237537384,2.897300005
hjcdik,57,1.760660052,1.111090183,-2.787069321,-1.124048352,2.691274405,3.224429846,1.23167336
hjcdik,57,1.297209978,-0.5620291829,-0.005899567623,-1.58904779,-2.791169405,2.159071684,-1.937261343
hjcdik,57,-0.1101972386,0.9893561602,2.644412518,-1.589341283,2.793162346,2.157969475,-2.897300005
hjcdik,57,-2.560183764,0.616489172,-2.835610151,-1.547647595,-2.582430124,2.314737082,-1.630109549
hjcdik,57,0.3143768311,-0.6699966788,0.3905284107,-1.524976254,-2.501314878,2.399259806,-1.500333786
hjcdik,57,-1.267664433,-1.0708462,0.2764635086,-1.098152041,-2.853257656,3.23865366,0.4046429396
hjcdik,57,2.195486784,1.038436055,-2.822784901,-1.290174007,-2.259005785,3.057822227,-0.5187293887
hjcdik,57,-1.36773622,-1.103424311,0.3512584567,-1.111582637,2.759863853,3.231519938,1.149282336
hjcdik,57,-0.3897085488,-0.8812512755,0.4521498382,-1.432096481,-2.288819313,2.721052885,-1.069959641
hjcdik,57,1.904910684,1.069349647,-2.878171444,-1.121205449,-2.70585537,3.226089001,0.2319042832
hjcdik,57,1.556476951,-0.5735443234,-0.1281680316,-1.599265456,-2.869474649,2.120785236,-2.046965837
hjcdik,57,-1.070363998,-1.01452744,0.5596839786,-1.515729666,0.6692713499,3.568995476,2.897300005
hjcdik,57,-1.188982129,-1.087797403,0.428848207,-1.589341044,0.3484305739,3.526994467,-2.897300005
hjcdik,57,0.4089013636,-0.648978889,0.3636319339,-1.533599973,-2.530354261,2.367243052,-1.547812343
hjcdik,57,1.645381451,-0.5814433694,-0.1691336781,-1.602273583,-2.897500038,2.109544277,-2.085794926
hjcdik,57,1.952610731,1.087797403,-2.712744474,-1.589341164,0.3484305739,3.526994467,-2.897300005
hjcdik,57,2.4333179,0.9810913801,-2.750181675,-1.364366293,-2.230619669,2.909598827,-0.8010287285
hjcdik,57,-1.361999393,-1.100170493,0.3490710855,-1.106402874,2.792723656,3.234330654,1.110778809
hjcdik,57,-2.54637289,0.6142195463,-2.840649843,-1.5486871,-2.586547375,2.31084013,-1.636484385
hjcdik,57,0.4998333156,-0.6308998466,0.3345198333,-1.541260242,-2.557955742,2.338657379,-1.591837764
hjcdik,57,1.168137312,-0.5625033975,0.05501768366,-1.583141088,-2.75342226,2.181260109,-1.883575559
hjcdik,57,-1.062878251,-1.009221673,0.56717062,-1.510506272,0.6847478747,3.572648048,2.870564938
hjcdik,57,-2.291725874,-1.293396592,-0.1529490799,-1.464944124,2.345580101,2.613645554,2.656053305
hjcdik,57,1.378898501,-0.5638429523,-0.04462879151,-1.592498779,-2.815400839,2.146123648,-1.971427083
hjcdik,57,2.507290363,0.9595149755,-2.731614828,-1.382387638,-2.238303661,2.864279985,-0.8707901239
hjcdik,57,2.17183423,1.042827725,-2.830521345,-1.280748248,-2.269409657,3.072517872,-0.4827539027
hjcdik,57,-0.1101973653,0.9893561602,2.644412518,-1.589341402,2.793162346,2.157969475,-2.897300005
hjcdik,57,-1.225784183,-1.068993926,0.2608648241,-1.12978971,-2.663357496,3.221000433,0.1796632707
hjcdik,57,-2.553062677,0.6153126955,-2.838201523,-1.54818511,-2.584553957,2.312722206,-1.63340044
hjcdik,57,-1.252426386,-1.069965601,0.2688833177,-1.109066725,-2.775423765,3.232894659,0.3148252964
hjcdik,57,1.055217624,-0.5662555099,0.1074757203,-1.577488303,-2.720716953,2.202520847,-1.836534858
hjcdik,57,0.2507538795,-0.685387671,0.406516999,-1.518759727,-2.481591702,2.422208071,-1.46729219
hjcdik,57,-2.351075649,-1.285913467,-0.1851044148,-1.475406528,2.367637873,2.577707529,2.702863216
hjcdik,57,-1.345488906,-1.091340303,0.340000391,-1.093154073,2.897500038,3.241184473,0.9911681414
hjcdik,57,-2.547458172,-1.247830629,-0.2837795317,-1.507286191,2.447608709,2.464210749,2.854342699
hjcdik,57,-1.321397185,-1.136415601,0.2702914476,-1.612807274,-0.09236469865,3.516600847,-2.293417454
hjcdik,57,-1.203634262,-1.068261385,0.2582035959,-1.147120237,-2.588993549,3.209963322,0.08447951823
hjcdik,57,-1.454025626,-1.152493596,0.3426230252,-1.189985752,2.447160006,3.177421808,1.563456416
hjcdik,57,-1.453316689,-1.150574088,0.1269799918,-1.566066504,-0.4794618487,3.53857708,-1.750784874
hjcdik,57,-0.4347959459,-0.8961720467,0.4467680454,-1.423862219,-2.277505398,2.746508121,-1.036063313
hjcdik,57,-0.9677112699,-1.042459249,0.3117395639,-1.281584978,-2.268426895,3.071247816,-0.485951364
hjcdik,57,1.423466921,-0.565530479,-0.06572644413,-1.594291329,-2.828771114,2.139404774,-1.990190268
hjcdik,57,-0.4316720068,-0.8951422572,0.4471769631,-1.424444556,-2.278267384,2.744729042,-1.038446426
hjcdik,57,-2.522514582,0.610414207,-2.849489689,-1.550454617,-2.593643427,2.304209471,-1.647429943
hjcdik,57,-0.1101846173,0.989361763,2.64441371,-1.589340329,2.79315567,2.157973051,-2.897300005
hjcdik,57,-2.250983953,-1.297390699,-0.1303314567,-1.457509875,2.331090927,2.638712168,2.623482943
hjcdik,57,-2.379414082,-1.281658888,-0.2001051009,-1.48025775,2.378542423,2.56079936,2.724996805
hjcdik,57,0.9433344603,-0.5730534792,0.1581121832,-1.571396589,-2.688395023,2.225444317,-1.789486408
hjcdik,57,-2.528970718,-1.252244473,-0.2750514448,-1.504451275,2.439666748,2.47450757,2.840225458
hjcdik,57,-1.475908995,-1.163753867,0.3335353136,-1.206677914,2.403442144,3.162306309,1.634796381
hjcdik,58,0.778192997,-1.44816649,0.6791404486,-1.49970305,-0.5202785134,0.7502204776,1.016818881
hjcdik,58,1.094213367,-1.09360981,0.9770868421,-1.425587416,-0.7003126144,0.5099767447,1.421514988
hjcdik,58,-1.305167794,-0.8193865418,-1.104934573,-1.428975344,0.6946830153,0.520229578,-1.063465118
hjcdik,58,-2.890002012,0.01362936292,-0.3326435983,-1.154548407,0.4852926135,0.007117182482,-2.319460869
hjcdik,58,-1.749161363,0.371047914,-1.665249586,-1.190582991,-0.5982059836,0.04194217548,2.468272686
hjcdik,58,2.235846758,1.339726686,2.369001627,-1.521390915,0.4366755486,0.8250944614,-0.5243192315
hjcdik,58,-0.8508500457,-0.01517645828,-2.360837698,-1.163039684,0.5156520605,0.0147316996,-2.270927191
hjcdik,58,-1.77029562,0.2880545259,-1.581889033,-1.14467001,-0.4461859465,-0.001322827302,2.721054316
hjcdik,58,-1.536480427,-0.4054583907,-1.311701059,-1.327489972,0.7747452259,0.2553096712,-1.519159675
hjcdik,58,-0.5998833776,-1.578795671,-0.5175781846,-1.554460406,0.2422737926,0.9410373569,-0.2040605396
hjcdik,58,1.009529352,-0.03699278459,2.031860352,-1.138512373,0.4193127155,-0.006367249414,-2.419272184
hjcdik,58,1.88892889,0.02435848117,1.191581368,-1.169697523,0.5376643538,0.0209462475,-2.234434128
hjcdik,58,1.680768728,0.5506719351,1.901401877,-1.367621899,0.7644956112,0.3489916027,-1.345503688
hjcdik,58,-2.597030401,1.60796237,-2.671010494,-1.531805158,-0.3877075911,0.8614459038,0.7821954489
hjcdik,58,-1.983034134,0.9957469702,-2.097890139,-1.403043628,-0.7323695421,0.4440028071,1.527858496
hjcdik,58,-2.807883501,0.01427327003,-0.4156870544,-1.153809786,0.4825205207,0.006470883265,-2.323800564
hjcdik,58,-0.8544631004,-1.388720036,-0.7300704122,-1.528725147,0.402960062,0.8506757021,-0.4663717449
hjcdik,58,1.366483092,-0.5587568879,1.328362942,-1.274993658,-0.7466560006,0.155485034,2.085041523
hjcdik,58,-0.5476945043,-1.607816219,-0.4736575186,-1.557879329,0.2108555138,0.9530801177,-0.1545691788
hjcdik,58,-0.8626546264,-1.381150603,-0.7368670702,-1.527608156,0.408320725,0.8467731476,-0.4754967988
hjcdik,58,-0.5222955942,-1.62082231,-0.4522346854,-1.559347034,0.1957484782,0.9582508206,-0.1309119612
hjcdik,58,-0.6000484228,-1.578698993,-0.517716825,-1.554448843,0.2423740029,0.9409962893,-0.2042189837
hjcdik,58,0.5893300772,-1.582852125,0.5102163553,-1.526685238,-0.4126867354,0.8435494304,0.824570477
hjcdik,58,-1.468538046,-0.5364000201,-1.247185707,-1.363949656,0.7665802836,0.3397893012,-1.361620545
hjcdik,58,-2.247869492,1.339692116,-2.356863022,-1.477850795,-0.587325573,0.6764044166,1.148969293
hjcdik,58,0.4507454634,-1.653004408,0.3878584206,-1.541206002,-0.3360026777,0.894410491,0.6963775158
hjcdik,58,-0.8198236823,-1.419670105,-0.7013075948,-1.533228159,0.3804066479,0.8664287329,-0.4283133745
hjcdik,58,-0.6738626361,-1.532144308,-0.5796146989,-1.548621178,0.2877055109,0.9204807878,-0.2764531374
hjcdik,58,-1.095861197,-0.01928879507,-2.111446381,-1.166310906,0.5266492367,0.01775729842,-2.252845287
hjcdik,58,0.6535933018,-1.54244256,0.5673381686,-1.518542528,-0.4489065707,0.8151896596,0.8873138428
hjcdik,58,-1.488862753,-0.4982907176,-1.265859008,-1.353879094,0.7711087465,0.3151990473,-1.405537724
hjcdik,58,-0.6369017363,-1.556279659,-0.5486527085,-1.551689744,0.264874965,0.9312816262,-0.2399391681
hjcdik,58,-0.3375717103,-0.01226004492,-2.879618883,-1.158832669,0.5009514093,0.0109163532,-2.294668198
hjcdik,58,-1.399091244,-0.6614979506,-1.185509086,-1.394541383,0.7420842052,0.4201933742,-1.225209355
hjcdik,58,1.512628794,0.1511440575,1.677876353,-1.234686613,0.6926944256,0.09487718344,-1.91986239
hjcdik,58,-2.89345479,0.01360559743,-0.3291535378,-1.154577732,0.485403657,0.007143002935,-2.319286823
hjcdik,58,0.3855490386,-1.678622127,0.3305882514,-1.546776175,-0.3005321324,0.9139882922,0.6387190819
hjcdik,58,-0.6201888919,-0.01325665042,-2.594288111,-1.160921097,0.5083300471,0.01279989071,-2.282811165
hjcdik,58,-0.7766735554,-0.0144140264,-2.436001539,-1.162293077,0.51308918,0.01404835377,-2.275100708
hjcdik,58,-0.59762007,-0.01313080359,-2.617093563,-1.160740137,0.507697165,0.01263569295,-2.283833027
hjcdik,58,-0.792257607,-0.01456083544,-2.420218706,-1.162443757,0.5136076808,0.01418584865,-2.27425766
hjcdik,58,-1.93362093,0.9127160907,-2.043632269,-1.38274765,-0.7534537315,0.3882021308,1.620044351
hjcdik,58,1.35660708,-0.5900771022,1.306710482,-1.286623001,-0.7569417953,0.1754569709,2.03516984
hjcdik,58,0.9845376611,-1.238187075,0.8698858619,-1.456883073,-0.6397280693,0.6076650023,1.263962269
hjcdik,58,0.08680593222,-1.742560625,0.0698986128,-1.56373167,-0.1409387738,0.9736964107,0.3873173296
hjcdik,58,-0.4699293673,-1.645406723,-0.4079679251,-1.561989427,0.1649676114,0.9675597548,-0.08294884115
hjcdik,58,1.391592979,-0.3628313541,1.483935833,-1.186221242,-0.5865272284,0.03736072779,2.490076303
hjcdik,58,-1.627450824,-0.1305588037,-1.483887434,-1.225260377,0.6758126616,0.08248049021,-1.962443113
hjcdik,58,1.1105299,-1.069789052,0.9936446548,-1.420217752,-0.7087927461,0.4939033985,1.447293758
hjcdik,58,-1.585350513,-0.3009631932,-1.365609288,-1.293778062,0.7621153593,0.1883341074,-1.662983418
hjcdik,59,-1.288352728,1.146224022,-1.732936382,-0.9291208386,-0.03423420712,0.7199985981,-0.9652819633
hjcdik,59,-1.510462403,1.529728055,-2.404638529,-0.8926331401,0.4249117672,0.639665544,-1.396361589
hjcdik,59,1.136322021,-0.6256920695,-2.897299767,-0.7800248861,-0.9783851504,0.386977464,-0.2328068167
hjcdik,59,1.385873914,-0.6120613813,2.892778873,-0.8235345483,-0.7712326646,0.4874352217,-0.3411769867
hjcdik,59,1.595983744,-1.556194186,0.6645155549,-0.8845081925,0.4725627303,0.6218357086,-1.43689239
hjcdik,59,1.384775162,-0.6119615436,2.894889832,-0.8233526349,-0.7720689774,0.487028271,-0.3406630754
hjcdik,59,1.656029701,-0.6905586123,2.347347021,-0.8699338436,-0.5506441593,0.589875102,-0.4967128336
hjcdik,59,0.9030519724,-1.43601954,-0.9724990726,-0.7257786989,1.788963675,0.0775488019,-1.868099809
hjcdik,59,-1.28070879,1.019477248,-1.53890872,-0.923823297,-0.161568284,0.7082983851,-0.8423238397
hjcdik,59,1.861633658,-1.063191533,1.534200788,-0.9264206886,-0.117638655,0.7140328884,-0.8845194578
hjcdik,59,-1.315333009,1.248478055,-1.886209607,-0.9282953143,0.07095252723,0.718174696,-1.067449212
hjcdik,59,1.83616066,-1.218203545,1.301126719,-0.9290414453,0.0393163003,0.7198221684,-1.036755323
hjcdik,59,-1.992226124,0.6230551004,0.2169899791,-0.7824857831,-0.9658997655,0.3929178119,-0.2382544279
hjcdik,59,1.855900884,-1.129621029,1.433482528,-0.9288150668,-0.05097780749,0.7193240523,-0.9490246177
hjcdik,59,-2.043563604,0.6349098682,0.3263055682,-0.7726169825,-1.016977668,0.368786782,-0.2168382108
hjcdik,59,-1.549921989,0.6597149968,-0.6553087831,-0.8582003713,-0.6090835929,0.5641185045,-0.4518528879
hjcdik,59,1.599780679,-1.553537965,0.6722400188,-0.8854010701,0.4675006568,0.6237945557,-1.432646871
hjcdik,59,1.759158969,-0.7710338235,2.090800285,-0.8911887407,-0.4336592853,0.6364969611,-0.5932070613
hjcdik,59,0.8806475997,-0.7530149817,-2.236085176,-0.7253564,-1.357742906,0.2231218964,-0.1283067465
hjcdik,59,1.47309196,-0.6247305274,2.724280596,-0.8379771113,-0.7047015429,0.5195489526,-0.3839895427
hjcdik,59,-1.756737232,0.6119688153,-0.2468575835,-0.8233661056,-0.7720077634,0.4870582223,-0.340700686
hjcdik,59,1.019362092,-1.550012231,-0.5894936919,-0.7234120965,1.383116245,0.2134381384,-1.871998072
hjcdik,59,-1.867686749,0.6090598106,-0.0327658467,-0.8047352433,-0.8582406044,0.4449628592,-0.2909929156
hjcdik,59,1.529585361,-0.6384724975,2.612868547,-0.847463429,-0.6604166627,0.5404943824,-0.4145246744
hjcdik,59,1.50653553,-0.6322850585,2.65865469,-0.8435688615,-0.6786866188,0.5319070816,-0.4017357528
hjcdik,59,1.628826261,-0.6762295961,2.4073174,-0.8648778796,-0.5761984587,0.5787814856,-0.4767995179
hjcdik,59,1.819908261,-0.8592316508,1.88749671,-0.9068499804,-0.3292359114,0.6709020734,-0.6855521798
hjcdik,59,1.419364452,-0.6157956123,2.82835722,-0.8290731907,-0.7457731366,0.4997912645,-0.357116431
hjcdik,59,1.398958325,-0.6133593321,2.867631197,-0.8256992698,-0.761282444,0.4922717512,-0.3473403156
hjcdik,59,1.809327245,-0.8393107653,1.929154396,-0.9037945271,-0.3516222537,0.6641823053,-0.6653389931
hjcdik,59,1.855853319,-1.12994957,1.432990313,-0.928822875,-0.05064701289,0.7193401456,-0.9493454695
hjcdik,59,1.644170165,-0.6840541959,2.373751402,-0.8677099347,-0.5619636774,0.5849957466,-0.4878366888
hjcdik,59,1.78387475,-0.8006010056,2.016608953,-0.8970965147,-0.396923691,0.6494654417,-0.6251059771
hjcdik,59,1.768330097,-0.7812962532,2.064193726,-0.8933265805,-0.420655489,0.6411886811,-0.6044197679
hjcdik,59,1.401051044,-0.6135847569,2.863607645,-0.8260471225,-0.759691298,0.4930445254,-0.3483321071
hjcdik,59,-1.407222867,0.7465898991,-0.9830491543,-0.8856699467,-0.4659560323,0.6243885756,-0.5657535791
hjcdik,59,1.385186911,-0.6119987965,2.894098759,-0.8234209418,-0.7717555761,0.487180829,-0.3408557177
hjcdik,59,-1.32134819,1.264770985,-1.911099553,-0.9277083874,0.08821443468,0.7168795466,-1.084164023
hjcdik,59,-2.056310654,1.59241724,2.735059738,-0.7397470474,1.221783161,0.2777513564,-1.844096422
hjcdik,59,1.784325957,-1.342782378,1.106966496,-0.9229466319,0.1739744544,0.7063622475,-1.166631818
hjcdik,59,1.859990597,-1.09374404,1.487512231,-0.9277548194,-0.08701276779,0.7169792056,-0.9140996337
hjcdik,59,0.7679780126,-0.9678245187,-1.610375881,-0.7448755503,-1.957615256,0.0303755179,-0.1622641534
hjcdik,59,-2.174390793,0.6877576113,0.6398041248,-0.7448993325,-1.183803439,0.2938573062,-0.1623115689
hjcdik,59,0.8825547695,-0.751132071,-2.242888689,-0.7257611156,-1.352830291,0.2250147015,-0.1289751828
hjcdik,59,0.7674480677,-0.9700758457,-1.605046391,-0.7458886504,-1.964706659,0.02850992233,-0.1641241014
hjcdik,59,-1.854037523,0.6086598635,-0.05932953954,-0.8070667982,-0.8473291993,0.4502897263,-0.2969189584
hjcdik,59,-2.194990396,0.700253129,0.6967637539,-0.7402103543,-1.218203306,0.2792543769,-0.1538391411
hjcdik,59,-1.503341675,0.6809591651,-0.7548167109,-0.8666122556,-0.5675069094,0.5825861096,-0.4835214317
hjcdik,59,-1.441733956,0.7186714411,-0.8961820006,-0.8784771562,-0.5058097839,0.6086118221,-0.5327059031
hjcdik,59,-2.100616217,1.565492392,2.614627361,-0.7281154394,1.326121569,0.2354103476,-1.864205122
hjcdik,60,-2.170384645,1.101034999,2.7388978,-0.6406034231,0.2858716547,0.9140155911,-1.378447652
hjcdik,60,-1.895143628,0.9410908222,-2.897300005,-0.2855939567,-0.3989759982,0.7562618256,-1.196053267
hjcdik,60,0.8419359922,-1.012704372,-0.7099970579,-0.6020324826,0.6052181721,0.8512025476,-1.48125422
hjcdik,60,0.8875967264,-1.051750898,-0.5870751143,-0.6198031306,0.4777745605,0.8800911307,-1.444388509
hjcdik,60,0.8175135255,-0.9863357544,-0.788382411,-0.5896695256,0.686146915,0.8311028481,-1.501361609
hjcdik,60,1.258325696,-0.9395838976,0.2923436165,-0.2868171334,-0.4483697116,0.7537993789,-1.187616706
hjcdik,60,0.9888495207,-1.108692408,-0.3675904274,-0.643535912,0.2492876947,0.91882056,-1.364733219
hjcdik,60,1.093583226,-1.138624668,-0.1726437956,-0.6527790427,0.04611456022,0.9339811802,-1.284509897
hjcdik,60,-2.393368483,0.8520964384,1.954910159,-0.5265450478,1.09151721,0.7243545055,-1.56312108
hjcdik,60,0.8088772297,-0.9757242203,-0.819406271,-0.5846420527,0.7180883288,0.8229094148,-1.508565903
hjcdik,60,0.8939957023,-1.056410789,-0.571501255,-0.6218656301,0.4615920186,0.8834479451,-1.439278841
hjcdik,60,-2.38084197,0.8925335407,2.078901052,-0.5450257063,0.9664750099,0.7571118474,-1.550588608
hjcdik,60,0.7956438065,-0.957736671,-0.8716705441,-0.5760745406,0.771772325,0.8089028597,-1.519733667
hjcdik,60,0.776004076,-0.9255424142,-0.9652050138,-0.5606776476,0.8674166203,0.7835103869,-1.536733747
hjcdik,60,1.441566348,-1.06396389,0.5106834173,-0.5925506353,-0.667668581,0.8357845545,-1.034603119
hjcdik,60,0.7581391335,-0.8856049776,-1.083513737,-0.5417845249,0.987547338,0.7515298128,-1.553069115
hjcdik,60,-2.087561607,1.130254269,2.897300005,-0.650829494,0.1207781285,0.9307799339,-1.31457293
hjcdik,60,0.9608750939,-1.096150875,-0.4237235487,-0.6386718154,0.3077826202,0.9108586311,-1.386510015
hjcdik,60,0.7890213728,-0.9477562308,-0.9006074667,-0.5713032484,0.8014226556,0.8010728359,-1.525397062
hjcdik,60,0.7968465686,-0.9594714046,-0.8666388988,-0.5769025683,0.7666112781,0.8102599382,-1.518711209
hjcdik,60,0.7771369815,-0.9276431203,-0.9590736628,-0.5616811514,0.8611647487,0.7851784825,-1.535733819
hjcdik,60,0.8574772477,-1.027269125,-0.6654166579,-0.6087503433,0.5590640903,0.8621186018,-1.468616843
hjcdik,60,0.7729111314,-0.9196087122,-0.9825606346,-0.5578460693,0.8850999475,0.7787905931,-1.53948009
hjcdik,60,-2.241604805,1.0606215,2.584393263,-0.623716712,0.4467251003,0.8864608407,-1.434504867
hjcdik,60,0.7602448463,-0.8912349939,-1.066583395,-0.5444180369,0.9704159498,0.7560666203,-1.551065326
hjcdik,60,0.8234443069,-0.9931963086,-0.7682005763,-0.5929074883,0.6653400064,0.8363698125,-1.496445775
hjcdik,60,1.39384377,-1.092941046,0.3951250613,-0.6105495691,-0.5463302135,0.8650455475,-1.066625237
hjcdik,60,-2.298373222,1.013964891,2.435409784,-0.6026169658,0.6012725234,0.8521532416,-1.48020649
hjcdik,60,-2.270639658,1.03877604,2.512361765,-0.6139867306,0.5215423107,0.870631218,-1.457737923
hjcdik,60,0.9949342012,-1.111144423,-0.3556884229,-0.6444487572,0.2368832529,0.9203147888,-1.360017061
hjcdik,60,1.102609754,-1.140066743,-0.1564883441,-0.6529796124,0.02928202972,0.9343094826,-1.277687788
hjcdik,60,-2.298301697,1.014034629,2.4356215,-0.6026493907,0.6010537744,0.8522058725,-1.480147958
hjcdik,60,0.861738205,-1.03101182,-0.653752923,-0.6104601622,0.5469745994,0.8648987412,-1.465169787
hjcdik,60,0.9115946889,-1.068377376,-0.5302031636,-0.6270886064,0.4186486304,0.891953826,-1.425285697
hjcdik,60,0.8398960233,-1.01067698,-0.7161149979,-0.601090014,0.6115456223,0.8496719599,-1.482921243
hjcdik,60,0.8858917952,-1.050480008,-0.5912796855,-0.619238317,0.4821425974,0.8791717887,-1.445751786
hjcdik,60,0.9752989411,-1.102884769,-0.3944704533,-0.6413220763,0.2773009539,0.9151936769,-1.375262141
hjcdik,60,0.8278602958,-0.9981005788,-0.7536952496,-0.5952137113,0.6503722072,0.8401193619,-1.492800474
hjcdik,60,0.8593531847,-1.028930187,-0.6602531672,-0.6095110178,0.5537127256,0.8633539081,-1.467098475
hjcdik,60,-2.267754078,1.041119695,2.519857883,-0.6150457263,0.5137639642,0.8723515868,-1.455416799
hjcdik,60,0.8721466064,-1.03974998,-0.6261208653,-0.6144269109,0.5183153152,0.8713468313,-1.456777453
hjcdik,60,0.7842686772,-0.9400951266,-0.9228383303,-0.5676381588,0.8241652846,0.7950363755,-1.529500365
hjcdik,60,0.8581420183,-1.027859926,-0.6635819674,-0.6090210676,0.5571627617,0.8625583649,-1.468078494
hjcdik,60,0.8023075461,-0.9670847654,-0.8445422649,-0.5805330276,0.7439274788,0.8161998987,-1.514088273
hjcdik,60,0.9056546688,-1.064471245,-0.5439094305,-0.6253954768,0.4329053462,0.8891968131,-1.42999959
hjcdik,60,0.9096880555,-1.067138195,-0.5345777273,-0.6265531182,0.423199296,0.8910815716,-1.426797748
hjcdik,60,1.021373868,-1.120718956,-0.3050146997,-0.6478429437,0.1840665042,0.92587924,-1.339606166
hjcdik,60,-2.152495146,1.108794689,2.774490356,-0.6435749531,0.2487790138,0.9188836813,-1.364540458
hjcdik,60,0.8120276928,-0.9796876311,-0.8078424335,-0.5865232944,0.7061890364,0.8259761333,-1.50593102
hjcdik,60,1.013493299,-1.118045211,-0.3199550509,-0.6469268203,0.1996388584,0.9243753552,-1.345675945
hjcdik,61,-2.28323698,0.6074287295,0.8535678387,-2.845553875,1.737099528,1.599383712,-1.370706558
hjcdik,61,-2.141053438,0.5267834663,0.7457274795,-2.849635363,1.781348228,1.49807632,-1.354195356
hjcdik,61,0.9444673657,-0.5553824306,-2.352374077,-2.848031998,1.764883876,1.535109162,-1.360698581
hjcdik,61,1.163373828,-0.4622418582,-2.527415514,-2.854163885,1.823689699,1.406943679,-1.335701704
hjcdik,61,-2.873842239,1.388411403,1.107193828,-2.850221395,1.35445559,2.437510014,-1.351813436
hjcdik,61,0.7897242308,-0.657302022,-2.239375353,-2.843606234,1.71230042,1.658360362,-1.378536463
hjcdik,61,0.1574147791,-1.588084459,-2.059174538,-2.870737791,1.187525034,2.641834259,-1.266222477
hjcdik,61,-2.228973389,0.573399663,0.8133941293,-2.847115755,1.754990935,1.557751894,-1.364405274
hjcdik,61,-2.107476234,-1.69635272,2.466722965,-2.859182596,-1.866010189,1.322315574,0.4028322995
hjcdik,61,0.3710349798,1.056274772,-0.8166564107,-2.960014105,-2.692214251,0.6255324483,-0.1474518776
hjcdik,61,-2.457125664,-1.375136614,2.392186165,-2.899007797,-2.15335989,0.9161962867,0.2266857922
hjcdik,61,1.43559587,-0.397377789,-2.758278847,-2.86131382,1.883024573,1.290198803,-1.306099057
hjcdik,61,0.6596601605,1.350525141,-0.7531878352,-2.903097153,-2.182440758,0.8887079954,0.2069921345
hjcdik,61,-2.26206708,0.5936262608,0.8380579352,-2.846162319,1.744244456,1.582657695,-1.368253469
hjcdik,61,-2.706967831,1.086161613,1.087743282,-2.838972092,1.519098282,2.124273539,-1.397045255
hjcdik,61,0.5826213956,1.273182154,-0.7651875615,-2.916970015,-2.284436703,0.8065514565,0.1368523538
hjcdik,61,-0.4839893878,0.4625993371,-0.6558904648,-2.904804468,2.194686651,0.8777134418,-1.110796094
hjcdik,61,-2.710144043,-1.118525267,2.344354868,-2.947960854,-2.552801847,0.6677469611,-0.050469134
hjcdik,61,0.8501057625,-0.6129992604,-2.282040834,-2.845317364,1.734254479,1.60607934,-1.371659279
hjcdik,61,0.5370215774,-0.9285803437,-2.091807365,-2.838334799,1.590139985,1.957846642,-1.399577618
hjcdik,61,0.7306407094,-0.7073133588,-2.199836016,-2.842000961,1.6886338,1.715735078,-1.384966612
hjcdik,61,0.7806912065,-0.6644984484,-2.233178377,-2.84335494,1.708831549,1.666711688,-1.379544139
hjcdik,61,0.2592782378,-1.404272676,-2.035112619,-2.851334095,1.343745828,2.4538095,-1.347280145
hjcdik,61,-2.206132174,0.5603407025,0.7960969806,-2.847773075,1.762128353,1.541387677,-1.36174643
hjcdik,61,0.6071823239,1.297976255,-0.7612487078,-2.912359476,-2.24982667,0.8321383595,0.1607985646
hjcdik,61,-1.804009676,0.4158743322,0.4675315022,-2.858785629,1.862786412,1.328525186,-1.316627622
hjcdik,61,-2.475966454,-1.356458902,2.389312029,-2.90209651,-2.175294399,0.8952803612,0.2118475437
hjcdik,61,0.1175290644,-1.653655887,-2.077458382,-2.881866693,1.108299375,2.708429337,-1.217648625
hjcdik,61,-0.9576222301,0.3733839691,-0.2694596648,-2.882288456,2.036251545,1.049250007,-1.215770602
hjcdik,61,-2.833719254,-0.991722405,2.299849272,-2.970275402,-2.857797623,0.5934557319,-0.2617702186
hjcdik,61,1.331229687,-0.4172418416,-2.668637276,-2.858620405,1.861439586,1.331131697,-1.317313194
hjcdik,61,0.8500993252,1.534392834,-0.7206861973,-2.876325369,-1.994215488,1.107079983,0.3299068809
hjcdik,61,0.5019321442,1.190992236,-0.7800273299,-2.933159351,-2.414574146,0.7277405858,0.0461319834
hjcdik,61,-1.456781149,0.3687745631,0.1661234498,-2.867708683,1.931807637,1.204224944,-1.279155493
hjcdik,61,-2.220489979,0.5684664249,0.806995213,-2.847359896,1.757667542,1.55159831,-1.363417625
hjcdik,61,0.1462181211,-1.606969476,-2.063744783,-2.873642921,1.166529775,2.661047935,-1.253708959
hjcdik,61,0.5460732579,-0.9160251021,-2.095916033,-2.838402748,1.59566021,1.944435,-1.399307847
hjcdik,61,1.054974318,-0.5024116635,-2.439067841,-2.851172447,1.796313882,1.465163708,-1.347938657
hjcdik,61,2.813257456,-0.5203582644,2.376306057,-2.916962385,2.284378052,0.8065928221,-1.049038887
hjcdik,61,-1.225897789,0.3613015413,-0.0363724716,-2.873940706,1.977198839,1.132188916,-1.252420068
hjcdik,61,0.09297844768,-1.691445947,-2.091679811,-2.889816761,1.052742124,2.746623278,-1.181774974
hjcdik,61,1.5342834,-0.3831767142,-2.843894958,-2.863837719,1.90262866,1.254563093,-1.295521736
hjcdik,61,0.2935788035,0.9772892594,-0.8479142785,-2.972059011,-2.897500038,0.5882018805,-0.289049536
hjcdik,61,0.508705616,-0.9693258405,-2.079690933,-2.838231087,1.572142363,2.001194239,-1.399989486
hjcdik,61,0.7522842288,-0.6881694794,-2.214039326,-2.842577219,1.697578788,1.693946004,-1.382659912
hjcdik,61,0.7762444615,-0.6680983305,-2.230147123,-2.843231916,1.707105041,1.670876145,-1.380037546
hjcdik,61,1.085596323,-0.4900098145,-2.463739157,-2.852027655,1.804348826,1.447804451,-1.344450474
hjcdik,61,1.176293612,-0.4581011236,-2.538117647,-2.85451436,1.826771021,1.400557399,-1.334263563
hjcdik,61,0.4009281695,-1.143779397,-2.045247793,-2.839957952,1.491610169,2.184457541,-1.393121362
hjcdik,61,0.3343383372,-1.263908982,-2.034882784,-2.843586922,1.429555297,2.309148788,-1.37861383
hjcdik,62,1.624098539,1.658368945,0.9321106672,-2.319245577,2.054889202,1.815151691,-1.300879002
hjcdik,62,2.294639111,0.9929011464,0.5868047476,-2.406036139,2.646807671,1.217193484,-0.827190578
hjcdik,62,-0.57598418,-0.869056046,-2.730845451,-2.424470901,2.87714076,1.131302357,-0.6363646388
hjcdik,62,0.823359251,-0.9881418347,2.54991293,-2.375327826,-2.400460005,1.386302352,0.1953769475
hjcdik,62,0.9618054628,-1.080989361,2.454670668,-2.360343456,-2.301424503,1.48323822,0.2756488323
hjcdik,62,-1.547915339,-1.70110321,-2.200081825,-2.31499052,2.029815197,1.856624007,-1.318942666
hjcdik,62,-1.620850921,1.740966678,-0.9955742359,-2.289695978,-1.872236252,2.145149946,0.5872980952
hjcdik,62,1.736675739,1.507079005,0.8903158903,-2.335517168,2.150389194,1.670266271,-1.229345679
hjcdik,62,1.152692318,-1.251627088,2.331194639,-2.337164164,-2.160117865,1.656684995,0.3871850967
hjcdik,62,-1.829531312,1.438237309,-0.9021930099,-2.31631422,-2.037631273,1.843546629,0.4786740839
hjcdik,62,-2.259604454,1.02463603,-0.6324521899,-2.369186163,-2.358839512,1.42474854,0.2292571366
hjcdik,62,1.793628812,1.435851812,0.8655828238,-2.343866587,2.200016499,1.603246093,-1.190857768
hjcdik,62,2.20416975,1.049891829,0.6426529288,-2.39723587,2.566977501,1.262053609,-0.8932000995
hjcdik,62,2.155542612,1.084295273,0.6719229221,-2.391978502,2.523650169,1.290164709,-0.9289495349
hjcdik,62,2.484163284,0.8996697068,0.4648812413,-2.420171738,2.80950284,1.150419831,-0.6924135685
hjcdik,62,0.5747070312,-0.8721677065,2.72769618,-2.39793849,-2.572983265,1.25837326,0.05356471986
hjcdik,62,-2.413267851,0.9369142056,-0.5245094299,-2.384629726,-2.467059851,1.331210017,0.140840143
hjcdik,62,1.722735643,1.525105953,0.8960320354,-2.333476067,2.138360739,1.687358618,-1.238556266
hjcdik,62,0.8585776687,-1.009588838,2.525351524,-2.371675253,-2.375512123,1.408961415,0.2157076299
hjcdik,62,1.626011372,1.655702829,0.9314904809,-2.319515944,2.05647707,1.812572241,-1.299723387
hjcdik,62,-2.301524878,0.998142302,-0.6033576131,-2.373608828,-2.388643265,1.396892548,0.2050143033
hjcdik,62,-0.7572287917,-0.9446539879,-2.611748695,-2.41345787,2.724692345,1.181361198,-0.7626904845
hjcdik,62,-2.887036562,0.7942327261,-0.1795892268,-2.418849945,-2.791251898,1.156404614,-0.1271373332
hjcdik,62,2.415853739,0.9295196533,0.5095193982,-2.41575098,2.751671314,1.170641184,-0.740336597
hjcdik,62,-2.415480614,0.9358302951,-0.522931993,-2.384836435,-2.468599081,1.330025434,0.139575839
hjcdik,62,-1.172900796,-1.243809342,-2.363308668,-2.368738174,2.35586381,1.427621365,-1.066347599
hjcdik,62,2.585094929,0.8624846935,0.3976570964,-2.425346613,2.89310503,1.12747252,-0.6231377125
hjcdik,62,-1.779376149,1.505549431,-0.9279724956,-2.309692383,-1.998309016,1.910661936,0.5064336658
hjcdik,62,-1.995468259,1.244832873,-0.8063548207,-2.338001966,-2.165078163,1.649843693,0.3833565712
hjcdik,62,-2.337463379,0.9770129919,-0.5781874657,-2.377275705,-2.414017677,1.374461889,0.1843037605
hjcdik,62,-1.249370098,-1.322536707,-2.323358536,-2.358117342,2.287354231,1.498581767,-1.121618032
hjcdik,62,1.750077724,1.489961386,0.8846905231,-2.337481976,2.161999941,1.654082537,-1.220408559
hjcdik,62,-0.8151220679,-0.9748857021,-2.574827909,-2.408819675,2.674600601,1.203548074,-0.8041810393
hjcdik,62,2.086919308,1.13767004,0.712210536,-2.383969069,2.462162733,1.335003495,-0.9795362353
hjcdik,62,-1.913181186,1.335049272,-0.8556492925,-2.327352524,-2.102418184,1.740423799,0.4310848415
hjcdik,62,-1.893537879,1.358239532,-0.8669345975,-2.32477212,-2.087299824,1.763634086,0.4423696995
hjcdik,62,-1.871422648,1.385115623,-0.8793900609,-2.321855307,-2.070207357,1.790505409,0.4550028443
hjcdik,62,-2.295591354,1.001768947,-0.6074935794,-2.372992516,-2.384438753,1.400722027,0.2084402591
hjcdik,62,-1.924180508,1.322343707,-0.8492428064,-2.32879281,-2.110857487,1.7276963,0.4247432351
hjcdik,62,0.7473197579,-0.946416676,2.603565216,-2.382835388,-2.453825235,1.341554642,0.1517034471
hjcdik,62,-2.062377691,1.179500341,-0.7642353177,-2.346392155,-2.215209246,1.583841324,0.3442613482
hjcdik,62,1.921752453,1.291179776,0.8031045198,-2.362276554,2.313756704,1.470122814,-1.100399256
hjcdik,62,-2.180433035,1.080500603,-0.6864868999,-2.360417128,-2.301892757,1.482734561,0.2752722204
hjcdik,62,1.525900841,-1.74906373,2.144245863,-2.289090872,-1.868100882,2.153220177,0.5896832943
hjcdik,62,1.896511316,1.317908287,0.8160617352,-2.358725309,2.291183233,1.494366169,-1.118547797
hjcdik,62,-2.274084568,1.015253067,-0.6224367619,-2.370731354,-2.369160414,1.414914012,0.2208732516
hjcdik,62,1.296313286,-1.417929769,2.247845173,-2.318398476,-2.049907684,1.823279858,0.4698196352
hjcdik,62,2.24191308,1.025040507,0.619562149,-2.401065588,2.600420475,1.242203951,-0.8655647635
hjcdik,62,-1.769832373,1.51879859,-0.9326711297,-2.308439255,-1.990790009,1.923863173,0.5116273761
hjcdik,62,-1.37597549,-1.470383406,-2.263578415,-2.339761257,2.175516367,1.635631919,-1.209950447
hjcdik,63,-0.6458655,1.762799978,-1.597775102,-1.944094419,-2.295384884,1.703451037,-0.2422545701
hjcdik,63,2.494003773,-1.527893305,1.651737213,-1.967769861,-2.465751648,1.560128093,-0.3652673662
hjcdik,63,-2.897300005,1.004530787,1.287317395,-1.900073886,1.989661694,2.04890871,-1.743988037
hjcdik,63,-1.131572843,0.5658165216,-0.7863890529,-2.008626938,2.893240929,1.35579288,-1.09962821
hjcdik,63,0.1913444251,-1.617897153,-1.471870661,-1.868517518,1.580376863,2.567681551,-1.860156775
hjcdik,63,0.1866415143,-1.316736698,-1.650533915,-1.878067374,1.7904737,2.30950737,-1.826152444
hjcdik,63,-1.615619183,0.4334636331,-0.2595185637,-1.990550995,2.661851406,1.44044292,-1.28322041
hjcdik,63,2.472209454,-1.32600832,1.740206957,-1.986896992,-2.626504183,1.458601713,-0.4878942668
hjcdik,63,-2.208931446,0.4546814859,0.384785682,-1.967060328,2.460321665,1.564118505,-1.437443137
hjcdik,63,0.3646255434,-0.7655912638,-2.067704201,-1.922978044,2.152033329,1.852731109,-1.651223421
hjcdik,63,0.2337685972,-1.039027214,-1.829204559,-1.897190809,1.967471123,2.077369452,-1.755095124
hjcdik,63,2.494274378,-1.532409668,1.649747968,-1.967321754,-2.462319851,1.562645674,-0.3627077341
hjcdik,63,0.190689683,-1.611224174,-1.475892782,-1.868543625,1.585538745,2.561896801,-1.86006546
hjcdik,63,-2.897300005,1.004530787,1.287317395,-1.900074005,1.989661694,2.04890871,-1.743988037
hjcdik,63,-1.744372964,0.4241193533,-0.1207648516,-1.985858321,2.616820097,1.463831902,-1.318283558
hjcdik,63,-2.832262516,0.8518790007,1.161489606,-1.914092898,2.090983868,1.923578382,-1.688249469
hjcdik,63,-1.813222051,0.4222678244,-0.04650401697,-1.983316422,2.593706131,1.476762891,-1.336164474
hjcdik,63,-2.897300005,1.004530787,1.287317276,-1.900074005,1.989661694,2.04890871,-1.743987918
hjcdik,63,-0.6446479559,1.733064771,-1.583411455,-1.947101474,-2.316121101,1.683996081,-0.2567172647
hjcdik,63,-1.654438257,0.4298086762,-0.2176854014,-1.989140034,2.647949219,1.447411537,-1.294075131
hjcdik,63,0.851359129,-0.4722619951,-2.666239262,-1.963037729,2.430016994,1.587081075,-1.459905148
hjcdik,63,0.1863928288,-1.558465838,-1.507466078,-1.869109273,1.625255823,2.516251564,-1.858075261
hjcdik,63,1.574303389,-0.4390868843,2.829972267,-1.99230957,2.679667711,1.431836486,-1.269272923
hjcdik,63,0.1925654411,-1.252085805,-1.689698815,-1.881814957,1.83202827,2.254949331,-1.812557936
hjcdik,63,2.497873306,-1.629554152,1.60635972,-1.957581997,-2.390077114,1.619150162,-0.3095303178
hjcdik,63,1.765531182,-0.4748094678,2.623205185,-1.999358296,2.758199692,1.398159146,-1.207359195
hjcdik,63,0.9151080251,-0.4580872655,-2.737341166,-1.966221213,2.453934669,1.568860292,-1.442196488
hjcdik,63,-0.6442226171,1.718952417,-1.576685786,-1.948530078,-2.326037645,1.674888611,-0.2636906207
hjcdik,63,-0.7148063779,1.118152618,-1.304072499,-2.003239155,-2.808408022,1.380164385,-0.6311991811
hjcdik,63,-2.800912857,0.799721241,1.110473514,-1.919373393,2.127434492,1.880799651,-1.666419744
hjcdik,63,-1.34075141,0.4842063189,-0.5567535162,-2.000685215,2.774650097,1.391964793,-1.19431138
hjcdik,63,-0.6549786329,1.437312365,-1.450217128,-1.976604581,-2.536051512,1.511822104,-0.4182870686
hjcdik,63,-1.176491618,0.5437341928,-0.736626029,-2.006931782,2.863888979,1.363383055,-1.123150706
hjcdik,63,-1.474342942,0.4535396695,-0.4119544923,-1.995710731,2.71594882,1.415424705,-1.240752101
hjcdik,63,0.4756044447,-0.6488634348,-2.22110343,-1.936371326,2.242722511,1.755337119,-1.59235847
hjcdik,63,-0.6799163222,1.265390992,-1.374207258,-1.992124081,-2.677765369,1.432738185,-0.5278974175
hjcdik,63,0.1910182089,-1.266431808,-1.680929542,-1.880942822,1.822855234,2.267027855,-1.815735102
hjcdik,63,-0.6922063828,1.206343532,-1.34696126,-1.996882677,-2.72910285,1.409838319,-0.5682862997
hjcdik,63,-2.603797197,0.6028164625,0.841539681,-1.942250967,2.282744884,1.715582132,-1.565141439
hjcdik,63,0.3465914726,-0.7908890843,-2.040317297,-1.920294881,2.133737087,1.873543978,-1.662560582
hjcdik,63,0.5568138361,-0.5906456113,-2.323553324,-1.943882346,2.293929815,1.704837084,-1.557415366
hjcdik,63,-0.7301409245,1.068420172,-1.278245926,-2.006354332,-2.854533195,1.365988135,-0.6680241823
hjcdik,63,0.1838589311,-1.511260748,-1.535452366,-1.870107412,1.659366131,2.475556374,-1.854557753
hjcdik,63,-2.897300005,1.004530787,1.287317395,-1.900073886,1.989661694,2.04890871,-1.743987918
hjcdik,63,0.6115098596,-0.5596707463,-2.389843464,-1.948222876,2.323900461,1.676840544,-1.536477089
hjcdik,63,1.870819688,-0.506062746,2.508535147,-2.003337383,2.809773922,1.379712582,-1.166374207
hjcdik,63,-2.897300005,1.004530787,1.287317276,-1.900074005,1.989661694,2.04890871,-1.743988037
hjcdik,63,0.6786497831,-0.5283935666,-2.469134569,-1.952957511,2.357068062,1.64721477,-1.512927532
hjcdik,63,-1.579270124,0.4375783503,-0.2987014055,-1.991873264,2.675193071,1.433964133,-1.272779822
hjcdik,63,-0.6561633348,1.426041722,-1.445299268,-1.977679849,-2.545001507,1.506114006,-0.4251100123
hjcdik,64,-2.830781221,0.2078270167,-0.3880976737,-1.540756345,-1.911602378,1.914954543,-0.06712756306
hjcdik,64,-0.8259571791,-1.644760609,-0.9753100872,-1.608109713,2.583312273,1.454067111,-1.068345666
hjcdik,64,-0.8965747356,-0.3278899193,-2.08446002,-1.569163322,-2.212585926,1.673623919,-0.1729862839
hjcdik,64,-0.8362560272,-1.630010366,-0.9889358282,-1.609844089,2.602102757,1.445787549,-1.057368279
hjcdik,64,1.02511847,-0.7476862073,1.532979965,-1.53751862,-1.275933385,2.427505493,-0.056098409
hjcdik,64,-0.8825874925,-1.557613611,-1.050944924,-1.617640257,2.693137884,1.409731627,-1.00294733
hjcdik,64,2.478055954,0.2471948564,0.7482328415,-1.558820486,-2.113806486,1.7481848,-0.1323043108
hjcdik,64,-1.11756742,-0.7753985524,-1.535825968,-1.616482973,-2.678785563,1.414968967,-0.4214344323
hjcdik,64,-2.314345598,0.334592998,-1.049895406,-1.530614257,-1.735467196,2.067283869,-0.03315059468
hjcdik,64,-0.7672267556,-1.720850229,-0.8984015584,-1.598415256,2.484529972,1.50227344,-1.124386907
hjcdik,64,-0.993149817,-0.3972442746,-1.932270288,-1.577258229,-2.28712821,1.621363401,-0.2070076615
hjcdik,64,-0.5316230059,-0.223831892,-2.553851604,-1.555196524,-2.07736969,1.777023077,-0.1186780855
hjcdik,64,1.024563909,-0.7621504664,1.520793796,-1.538743019,-1.257911086,2.439351082,-0.06024770066
hjcdik,64,-0.5148364305,-0.2215151042,-2.573888779,-1.55479455,-2.073249578,1.780324578,-0.1171868145
hjcdik,64,-2.23971796,1.285245776,-1.957853079,-1.626101375,-0.3288082182,2.780118704,-0.5042573214
hjcdik,64,0.9668995738,-0.4688663185,1.833128095,-1.527409792,-1.590749025,2.190205574,-0.02274424955
hjcdik,64,-2.151230335,0.9971317053,-1.795672059,-1.569923639,-0.9219421744,2.620918512,-0.1760934591
hjcdik,64,2.190489769,1.428497672,1.995557666,-1.628381014,2.852116585,1.362896204,-0.9039575458
hjcdik,64,0.9313352108,-0.4193311334,1.911746144,-1.528000951,-1.643473625,2.146030188,-0.02465426363
hjcdik,64,-2.215508223,1.2196455,-1.926067591,-1.614481211,-0.4868546724,2.754648447,-0.406948626
hjcdik,64,2.265370131,0.3173553944,1.027828813,-1.567895174,-2.200762749,1.682244897,-0.1678427309
hjcdik,64,0.9811902642,-1.035586238,1.320898294,-1.577011585,-0.8567153811,2.647724628,-0.2059418559
hjcdik,64,0.7395322323,-1.59943676,1.018012404,-1.611308455,0.5232746005,2.747202396,-1.047820449
hjcdik,64,-1.114672065,-0.6780216694,-1.607475638,-1.607435226,-2.57610774,1.457317591,-0.360558182
hjcdik,64,-0.7925869226,-1.689581156,-0.9314628243,-1.602549076,2.525552511,1.481304288,-1.101472616
hjcdik,64,-2.178786039,1.104109406,-1.862780809,-1.590672493,-0.7309542298,2.692290068,-0.2688610554
hjcdik,64,-2.287325144,0.3515489101,-1.092482686,-1.529920578,-1.716647744,2.083518267,-0.03088268451
hjcdik,64,-0.9234314561,-1.484299183,-1.106963158,-1.62425828,2.78382802,1.380507469,-0.9469960928
hjcdik,64,-0.8170064688,-0.2916665971,-2.195685863,-1.564732432,-2.170979977,1.704339385,-0.1552086174
hjcdik,64,2.593429089,0.2262423337,0.6075569987,-1.555602908,-2.081525803,1.773700833,-0.1201931387
hjcdik,64,0.6836482286,-1.676595211,0.9523048401,-1.592343569,0.715251863,2.697226048,-1.155924201
hjcdik,64,0.8896713257,-1.315803289,1.169721842,-1.630371571,-0.2505951822,2.788839817,-0.5539155006
hjcdik,64,-2.270102739,1.358595133,-1.991050482,-1.634615064,-0.1368718594,2.79720211,-0.6272783875
hjcdik,64,2.029421329,0.8605160117,1.661247134,-1.62337327,-2.770627737,1.384346366,-0.4778551459
hjcdik,64,1.021300554,-0.6423967481,1.628840923,-1.530822873,-1.40086782,2.339794397,-0.03383196145
hjcdik,64,0.6819116473,-1.678816319,0.9501751661,-1.59177959,0.7205657363,2.695570469,-1.158743978
hjcdik,64,0.9527779222,-1.138007522,1.259227514,-1.597729802,-0.6637382507,2.712486982,-0.3050234914
hjcdik,64,-0.8851615787,-1.553275943,-1.054431081,-1.618068337,2.698539734,1.407803893,-0.999659121
hjcdik,64,-2.347256422,1.511410832,-2.065635681,-1.628482103,0.2876105905,2.78502059,-0.9027724266
hjcdik,64,2.122131109,0.4252197742,1.256974339,-1.580441356,-2.316245556,1.601979613,-0.2210051417
hjcdik,64,-0.977617979,-0.3831377029,-1.95875597,-1.575638294,-2.272295237,1.631465673,-0.2000255138
hjcdik,64,1.022881627,-0.7900387049,1.497847676,-1.541322231,-1.222469211,2.462028265,-0.06907368451
hjcdik,64,-0.9256198406,-1.48008132,-1.110013962,-1.624598265,2.789010048,1.37903893,-0.943754971
hjcdik,64,-0.3774671257,-0.2067326307,-2.735655308,-1.551852942,-2.042473078,1.805224657,-0.1063708887
hjcdik,64,-0.4641426802,-0.215243876,-2.634001493,-1.553643346,-2.061336994,1.789912701,-0.1129320562
hjcdik,64,-0.9836881161,-0.3884708285,-1.948527455,-1.576251626,-2.277916908,1.627619147,-0.2026597857
hjcdik,64,-0.9749361277,-0.3808509409,-1.96322751,-1.575374246,-2.269878626,1.633125782,-0.198898077
hjcdik,64,0.6544033289,-1.71268034,0.9159013629,-1.583183408,0.8002288938,2.668870211,-1.199707627
hjcdik,64,0.7780556679,-1.539022565,1.059457302,-1.623899698,0.363163799,2.775495052,-0.950368464
hjcdik,64,0.8559536338,-0.3526938856,2.046382427,-1.529876947,-1.715387583,2.084603548,-0.03074053116
hjcdik,65,-0.07651250809,-1.322214603,-1.728455544,-1.171268821,2.400564671,1.597016096,-0.5916262269
hjcdik,65,-0.08136814088,-1.47097671,-1.535345197,-1.153057814,2.192336321,1.693483472,-0.6589097381
hjcdik,65,-0.02748926356,-1.707605958,-1.201667428,-1.129583001,1.847163558,1.879983306,-0.730683744
hjcdik,65,0.05396997929,-1.008561969,-2.18922472,-1.205488443,2.876647472,1.454502463,-0.3875562251
hjcdik,65,-0.05903733522,-1.612092614,-1.343572259,-1.13773632,1.990988135,1.799642682,-0.7072044611
hjcdik,65,-0.01825992204,-1.72908926,-1.16770494,-1.128100514,1.813414097,1.899104357,-0.734814167
hjcdik,65,-0.03554189578,-1.687053919,-1.233370662,-1.131135702,1.878899336,1.862068176,-0.7263182402
hjcdik,65,-1.954541683,1.755655289,-2.094686031,-1.168491483,-0.7723990679,2.403045654,0.08779959381
hjcdik,65,-1.873015285,1.506560087,-1.740823984,-1.132529736,-1.236423135,2.212575674,0.2073559016
hjcdik,65,-0.08254762739,-1.395304203,-1.633806586,-1.16220057,2.29814291,1.642402768,-0.6267793179
hjcdik,65,-1.882197499,1.232871771,-1.349142075,-1.123780012,-1.665495634,1.983084917,0.2316213995
hjcdik,65,1.207455277,-1.091226578,2.023520708,-1.131389618,-1.883838892,1.859286904,0.2106001228
hjcdik,65,-1.865205407,1.425724983,-1.628356576,-1.12658751,-1.367792964,2.146171808,0.2239870876
hjcdik,65,1.021058202,-0.887603879,2.475124598,-1.157710791,-2.24682188,1.666692734,0.1279190928
hjcdik,65,1.039326429,-0.8999375105,2.43908906,-1.155444384,-2.220491886,1.679516792,0.135797143
hjcdik,65,-1.891915321,1.196017265,-1.292135715,-1.124987006,-1.721630096,1.951254606,0.2283549458
hjcdik,65,1.259669781,-1.555670619,1.332591891,-1.137561202,-1.153262258,2.252141237,0.1927269548
hjcdik,65,-2.141247988,0.8747811913,-0.6267020702,-1.160204649,-2.275443792,1.653027177,0.1190456226
hjcdik,65,-0.007194402628,-1.100883603,-2.035218954,-1.197130084,2.725443363,1.486164451,-0.458134979
hjcdik,65,-0.07894782722,-1.342809916,-1.701718926,-1.168706298,2.371612072,1.60940218,-0.6019476056
hjcdik,65,-0.07886489481,-1.342014551,-1.70274961,-1.16880548,2.372728109,1.608917832,-0.601555407
hjcdik,65,-2.390763521,0.7871392369,-0.2010153383,-1.184982896,-2.561018229,1.535436273,0.01441962924
hjcdik,65,-2.092233896,0.9071571827,-0.7227240801,-1.154171824,-2.205545187,1.686899662,0.1401454806
hjcdik,65,1.220050454,-1.116899371,1.978847146,-1.129413724,-1.843501091,1.882055163,0.2161610574
hjcdik,65,-1.872483134,1.283704042,-1.42529428,-1.123014808,-1.588112116,2.026629925,0.2336778045
hjcdik,65,1.112146974,-0.9610958695,2.283411264,-1.14573586,-2.101953268,1.739916086,0.1677478701
hjcdik,65,-2.645874739,0.7824738622,0.1941475272,-1.202499866,-2.815690994,1.465634584,-0.09851932526
hjcdik,65,-1.930380821,1.098544002,-1.130966187,-1.130799294,-1.872286201,1.865794897,0.212269634
hjcdik,65,-0.08121810853,-1.369186163,-1.667580128,-1.165428996,2.334654093,1.625729918,-0.6146875024
hjcdik,65,-1.86467135,1.410044074,-1.606388927,-1.125769258,-1.392647147,2.133136988,0.2262279838
hjcdik,65,-1.929742336,1.099814534,-1.133191347,-1.1306988,-1.870284915,1.866923451,0.2125526071
hjcdik,65,1.260884166,-1.239443302,1.782457829,-1.123622417,-1.655498505,1.988736987,0.2320473939
hjcdik,65,1.261671662,-1.24305582,1.776985288,-1.12354207,-1.650003314,1.991840839,0.2322602272
hjcdik,65,1.268695474,-1.281009912,1.720273852,-1.123028398,-1.592220306,2.024332047,0.2336399257
hjcdik,65,1.257804751,-1.56415534,1.320790291,-1.138539314,-1.138582945,2.258905172,0.1898205578
hjcdik,65,1.22791636,-1.134823203,1.948530197,-1.128190994,-1.815623999,1.897850394,0.219562754
hjcdik,65,-1.886980653,1.577749372,-1.8397367,-1.140172362,-1.114852548,2.269693136,0.1849189699
hjcdik,65,1.195715308,-1.069929361,2.061852694,-1.133231997,-1.917757988,1.84025228,0.2053431869
hjcdik,65,1.275601625,-1.344117165,1.62858367,-1.123489618,-1.495495319,2.077872515,0.2324037999
hjcdik,65,1.271629691,-1.301971078,1.689500928,-1.122998595,-1.560217738,2.042182207,0.2337226123
hjcdik,65,-2.116396904,0.8903095126,-0.6745464206,-1.157203078,-2.24095273,1.669530749,0.1296990514
hjcdik,65,-1.892944336,1.192579985,-1.286728144,-1.125127673,-1.72687614,1.948274136,0.2279737294
hjcdik,65,-1.882736444,1.230568767,-1.3456285,-1.123839259,-1.668999553,1.981102467,0.2314608544
hjcdik,65,-1.965764642,1.038252354,-1.020215034,-1.136324644,-1.969192386,1.811648726,0.1963708401
hjcdik,65,-1.896843791,1.180167675,-1.267058253,-1.125674129,-1.745846033,1.937493563,0.2264868915
hjcdik,65,-2.106099606,0.8972647786,-0.694861114,-1.155925274,-2.226108551,1.676761389,0.1341398954
hjcdik,65,-0.05730773881,-1.227481723,-1.853770614,-1.182901859,2.535649061,1.544329882,-0.539781034
hjcdik,65,-1.90013051,1.170367122,-1.251360893,-1.126148582,-1.760856867,1.928960562,0.225190118
hjcdik,65,-2.234651089,0.8294650912,-0.4582876563,-1.170532703,-2.392249346,1.600536227,0.07962375879
hjcdik,65,0.8341402411,-0.805336237,2.805973291,-1.177665591,-2.473777294,1.567379117,0.04925590754
hjcdik,66,1.226861238,-0.7240057588,-0.1379499584,-0.1789962053,-1.181659222,2.203394413,0.3815674782
hjcdik,66,0.5057708621,-0.5493248105,-1.359328747,-0.701793611,0.8749203682,2.397068501,0.0457874313
hjcdik,66,-2.373677492,0.8816428781,2.393262863,-0.7538513541,-0.2497948855,2.504934549,0.3900644183
hjcdik,66,-2.276406288,0.9356056452,2.526048899,-0.7349563837,-0.5231301188,2.470369816,0.4759748876
hjcdik,66,-1.932283401,0.7208824158,2.897297382,-0.1783959717,-1.059054375,2.212001085,0.3767529428
hjcdik,66,0.6188310385,-0.7542930841,-0.9774324298,-0.7540150881,0.2464179397,2.505217075,0.2162800878
hjcdik,66,-1.970517516,0.2132620364,0.077537857,-0.6790298223,1.99639523,2.064651966,0.005936316215
hjcdik,66,0.5005589128,-0.5147010684,-1.437745929,-0.6928063631,0.9729574919,2.372339249,0.0288974382
hjcdik,66,-1.222617388,0.3200744092,-1.172862768,-0.7243754864,2.501579523,1.915550113,0.09767511487
hjcdik,66,-1.372808099,0.2609337866,-0.86147964,-0.7088955045,2.340859652,1.959184527,0.0604448095
hjcdik,66,0.5275914669,-0.6153178215,-1.223828077,-0.7201752663,0.6841386557,2.440251827,0.0867221579
hjcdik,66,0.515594244,-0.5845221877,-1.285026431,-0.7114863396,0.7739884257,2.420816183,0.06612443179
hjcdik,66,1.114767432,-1.009415627,-0.2402934134,-0.6786878705,-1.150051117,2.324346304,0.5997891426
hjcdik,66,-1.305801272,0.2812211514,-0.9888316989,-0.7147427797,2.401173592,1.942191124,0.07354811579
hjcdik,66,1.3961972,-0.5714272857,1.98301506,-0.174279362,2.897500038,2.094557047,0.2825433314
hjcdik,66,-2.046313763,0.5531503558,1.021428704,-0.1780714095,0.9994060397,2.215939283,0.2311985642
hjcdik,66,-1.279768944,0.291248858,-1.042318106,-0.7173939943,2.428556681,1.934705496,0.07984467596
hjcdik,66,0.7040387988,-0.8353930712,-0.8381205201,-0.759765327,-0.05277460441,2.515045404,0.3213733137
hjcdik,66,0.6844675541,-0.8190453649,-0.867272377,-0.7600349784,0.01149816718,2.515499353,0.298507154
hjcdik,66,1.323441625,-0.7144693136,0.454779923,-0.1794284582,-1.849897742,2.150359631,0.3848538697
hjcdik,66,-2.610812902,0.6224051714,1.931403518,-0.7221764326,0.6632074118,2.444525242,0.09185034782
hjcdik,66,-1.971900105,0.2133046389,0.07963596284,-0.678978622,1.995666265,2.064882994,0.005856879987
hjcdik,66,0.5505899191,-0.6604989171,-1.139368415,-0.7327289581,0.5486978889,2.466027975,0.1220211163
hjcdik,66,2.000058889,-0.4052623808,1.694996715,-0.7409958243,2.691831112,1.872503996,0.1507754624
hjcdik,66,-1.745395541,0.5714272857,-1.158577681,-0.174279362,2.897500038,2.094557047,0.2825431526
hjcdik,66,-1.270062089,0.755607903,-2.111158371,-0.7516494393,-2.849477768,1.846361518,0.4042661786
hjcdik,66,0.7463989258,-0.8671660423,-0.7779675722,-0.7566002011,-0.1853402257,2.50967145,0.3679793477
hjcdik,66,0.9235517383,-0.9603540897,-0.5335395932,-0.7208865881,-0.6767215133,2.441777706,0.5166751742
hjcdik,66,0.5949990153,-0.7257402539,-1.025543094,-0.7486547232,0.3422625065,2.495790005,0.1844728738
hjcdik,66,-2.480330944,0.7980692983,2.23801899,-0.759213388,0.09072675556,2.514114618,0.2703732848
hjcdik,66,1.715029478,-0.8837493658,0.7626672983,-0.7231839299,-2.488994837,1.918762207,0.5107040405
hjcdik,66,1.751229763,-0.8593868017,0.8216916323,-0.7305178046,-2.568106174,1.899266124,0.4900057912
hjcdik,66,-1.498923063,0.9250330329,-2.495718241,-0.7082212567,-2.333889961,1.96118927,0.5462012887
hjcdik,66,-1.505576372,0.2351542413,-0.6345933676,-0.699896574,2.246453285,1.986945391,0.04207231104
hjcdik,66,1.541957259,-0.9682659507,0.4821837246,-0.6885650158,-2.11945653,2.025892973,0.5837215781
hjcdik,66,0.5411216617,-0.6433551908,-1.170751333,-0.7280375957,0.60067904,2.456671953,0.1078913063
hjcdik,66,-1.933513522,0.7206078768,2.889745474,-0.1783495396,-1.0503304,2.212588072,0.3763667345
hjcdik,66,0.515339911,-0.4198722243,-1.688831568,-0.6730091572,1.23962307,2.298785686,-0.003151620273
hjcdik,66,1.863512158,-0.7638869286,1.015379667,-0.7504906654,-2.829265833,1.849159122,0.410951972
hjcdik,66,0.9436512589,-0.9677223563,-0.5045656562,-0.7159181833,-0.7283114195,2.43091321,0.5288953185
hjcdik,66,1.449962735,-0.9952279925,0.3291340172,-0.6740956306,-1.920591712,2.088750124,0.6067497134
hjcdik,66,1.198704362,-1.017437577,-0.1005232036,-0.6676962376,-1.349442244,2.266530514,0.6159490347
hjcdik,66,1.925124288,-0.3239769042,1.953117967,-0.7252572775,2.510974884,1.913179278,0.1000772417
hjcdik,66,0.5008015037,-0.4756222367,-1.53385365,-0.6836485267,1.082816482,2.343006849,0.01328261103
hjcdik,66,0.7094213963,-0.839692235,-0.8302859068,-0.7595489621,-0.07008766383,2.514681339,0.3275180459
hjcdik,66,-1.765679479,0.2135436386,-0.2310128063,-0.6870890856,2.101710558,2.031437159,0.01897307858
hjcdik,66,1.452821255,-0.9945549965,0.3339481354,-0.6744717956,-1.926844478,2.086759806,0.6061908603
hjcdik,66,-2.096965313,0.9966379404,2.789186716,-0.6921697855,-0.9801895618,2.370457411,0.5774379373
hjcdik,66,1.712942958,-0.885073185,0.7592861652,-0.7227543592,-2.484476805,1.919924855,0.5118346214
hjcdik,66,-1.77593565,0.2132181078,-0.215555951,-0.6866553426,2.096443653,2.0330863,0.01824727282
hjcdik,67,1.377525449,0.07121558487,2.773027658,-0.6720724106,-0.03959820047,2.861575365,0.8779163361
hjcdik,67,1.245444059,0.06833659858,2.885373831,-0.6723197103,-0.002599211177,2.861824036,0.8614714146
hjcdik,67,0.3432794511,0.07362627983,-2.624392986,-0.6636373401,0.2346301377,2.853061914,0.7579963207
hjcdik,67,0.7619837523,-0.6603897214,-0.1081091166,-0.6629365683,-2.897500038,2.268047571,0.9665897489
hjcdik,67,-2.282974005,0.1595606655,0.1545720398,-0.2617074251,-0.02848839387,2.675429106,0.8653039336
hjcdik,67,1.070022941,-0.1601719856,2.890070677,-0.2627554238,0.207672745,2.673783064,0.8240538836
hjcdik,67,0.7370426655,-0.437212497,-0.3341178596,-0.267939657,-2.635325432,2.45296073,0.9473900199
hjcdik,67,1.172347188,-0.6535738707,0.1617184728,-0.662935853,2.897500038,2.268047333,0.7540416718
hjcdik,67,-1.654357672,0.5803988576,-2.742476225,-0.6121883392,2.481656075,2.353654861,0.6080880165
hjcdik,67,1.395462513,0.07169187814,2.757889986,-0.6720011234,-0.04483905807,2.861504316,0.8802425861
hjcdik,67,0.4702574313,0.07013659179,-2.730785608,-0.6661202908,0.1977388114,2.855587721,0.7735933661
hjcdik,67,-1.823495388,0.1772259325,-0.7591122985,-0.2682810128,0.5204858184,2.664749861,0.7708961368
hjcdik,67,1.283433318,0.06905579567,2.85291934,-0.6722952127,-0.01298190653,2.861799002,0.8660886288
hjcdik,67,1.172345996,-0.6535745859,0.1617173553,-0.6629369855,2.897500038,2.268046856,0.7540422082
hjcdik,67,0.7619827986,-0.6603897214,-0.1081096753,-0.6629366875,-2.897500038,2.268047333,0.9665902257
hjcdik,67,0.5824059844,0.06792106479,-2.826114178,-0.6678723097,0.1672055572,2.857359409,0.7866925597
hjcdik,67,1.2568506,0.06854199618,2.875617504,-0.6723129749,-0.005695496686,2.86181879,0.8628485799
hjcdik,67,1.241027117,0.06825878471,2.889153719,-0.6723209023,-0.001404304407,2.861824989,0.8609400988
hjcdik,67,1.357815504,-0.6181131005,0.2939123213,-0.6383008957,2.662844419,2.309552193,0.6639460921
hjcdik,67,-2.491196156,-0.06693047285,0.2572355568,-0.6687631607,0.1493676901,2.858258247,0.7944144011
hjcdik,67,-1.593524456,0.5586670041,-2.687156439,-0.5975546837,2.388524771,2.378622532,0.5848151445
hjcdik,67,1.257592678,0.06855811179,2.874984503,-0.67231673,-0.005900011864,2.861820221,0.862939477
hjcdik,67,-1.991060019,-0.06689936668,-0.1747504324,-0.6722373366,0.02261639386,2.861742735,0.8502596617
hjcdik,67,-2.443193913,0.4333330393,2.741154671,-0.2702920437,-2.544655561,2.458590269,0.9621948004
hjcdik,67,-2.153353453,-0.06554408371,-0.03460993245,-0.6716588736,0.06409499794,2.861165524,0.8318529129
hjcdik,67,-1.343769073,0.4414899647,-2.398942471,-0.5309488773,1.920061231,2.50612545,0.5203647614
hjcdik,67,1.527592301,-0.2243904769,1.808820605,-0.2819004357,0.9486617446,2.638343096,0.7062986493
hjcdik,67,1.293984532,0.06927026063,2.843923807,-0.6722812057,-0.01589912921,2.861785173,0.8673856258
hjcdik,67,1.289149523,0.06916930526,2.84804368,-0.6722845435,-0.01455812436,2.86179018,0.866789341
hjcdik,67,1.254669785,0.06850340217,2.877482891,-0.6723168492,-0.005103384145,2.861821175,0.8625850677
hjcdik,67,-1.846936822,-0.06928387284,-0.2982412279,-0.672279954,-0.01608482189,2.861783981,0.8674680591
hjcdik,67,0.3411470056,0.07369464636,-2.622623682,-0.663590014,0.2352752388,2.853013992,0.7577260137
hjcdik,67,1.563227296,-0.3109306991,1.241395473,-0.2971819043,1.523998976,2.574674368,0.6600903273
hjcdik,67,-1.3921386,0.4673077762,-2.463184357,-0.5429810286,2.023329735,2.479020119,0.5280599594
hjcdik,67,-2.18948555,-0.06542419642,-0.003336277092,-0.6714625955,0.07316750288,2.860967398,0.8278381824
hjcdik,67,-2.354732752,0.1618994027,0.2942153513,-0.2619891167,-0.1108525693,2.674982309,0.8797112703
hjcdik,67,1.355605721,0.07066065818,2.791568041,-0.6721432209,-0.03326801956,2.861647844,0.8751050234
hjcdik,67,0.761983335,-0.660389781,-0.108109206,-0.6629367471,-2.897500038,2.268047333,0.9665899873
hjcdik,67,-1.728680015,0.1916083843,-0.9840204716,-0.2725797892,0.6754178405,2.657185555,0.745977819
hjcdik,67,0.4792668223,-0.1934095174,-2.177731276,-0.2689571083,-0.5473951101,2.663588047,0.9541514516
hjcdik,67,1.253542781,0.06848216057,2.878446102,-0.6723159552,-0.004796516616,2.861820936,0.8624486923
hjcdik,67,1.655150533,0.08133393526,2.54346633,-0.6696619987,-0.1290141195,2.859162331,0.9173520207
hjcdik,67,1.280548096,0.0689977631,2.855380297,-0.6722975969,-0.01218612678,2.861801624,0.8657348156
hjcdik,67,-1.825034976,0.6278329492,-2.878555536,-0.6451016665,2.71701479,2.298099041,0.6831656098
hjcdik,67,-1.667479396,-0.07404378057,-0.449659586,-0.6715658903,-0.0685666278,2.861071587,0.8907577395
hjcdik,67,-1.711128592,0.5983268619,-2.790421247,-0.62451756,2.563564301,2.332788944,0.6316565275
hjcdik,67,-1.770121574,0.6146577001,-2.837219954,-0.6358860135,2.644590616,2.313621044,0.6577162147
hjcdik,67,0.7619826198,-0.6603906155,-0.1081093624,-0.6629384756,-2.897500038,2.268046618,0.9665902853
hjcdik,67,1.26044178,0.06860949844,2.87254858,-0.6723123789,-0.006674867589,2.861817598,0.8632839918
hjcdik,67,0.8123393059,-0.1609103978,-2.897258043,-0.2618511319,-0.08125267178,2.675204277,0.8745377064
hjcdik,68,-0.4422325194,0.7711842656,2.452768326,-2.701158762,1.582757473,2.001722097,0.3963055909
hjcdik,68,-2.562896252,-1.580365181,-1.256801367,-2.275667429,-2.897500038,3.591945171,-2.049956322
hjcdik,68,0.2695001364,1.646311402,2.04295373,-2.814491749,0.5404959917,2.918881893,0.9624565244
hjcdik,68,-0.04126100987,1.121814966,2.215170622,-2.712343931,1.354379177,2.431382895,0.4408528507
hjcdik,68,0.5481157303,-1.319133639,1.111634135,-2.834548712,2.890399694,0.6278887391,1.16953516
hjcdik,68,0.763872087,-0.987334609,0.8895388842,-2.785693407,2.34261179,0.8234136701,0.7780578732
hjcdik,68,-0.5039877295,0.7379827499,2.497144938,-2.701417446,1.60470593,1.952826619,0.3973244429
hjcdik,68,2.094027042,-0.5838638544,-0.2124740332,-2.709061861,1.750912189,1.624069691,0.4276675582
hjcdik,68,-0.3793445528,0.8096613288,2.409210205,-2.701162577,1.558241963,2.05535531,0.3963204324
hjcdik,68,-0.2774113417,0.8834483027,2.342793703,-2.701994896,1.512420774,2.151834249,0.3995990157
hjcdik,68,0.6349395514,-1.15997839,1.007599235,-2.814056396,2.596437216,0.6981589794,0.9591166973
hjcdik,68,1.073002338,-0.744346261,0.6413611174,-2.747572899,2.065984726,1.079476357,0.5901341438
hjcdik,68,0.7381460071,-1.01711452,0.9113246202,-2.79063797,2.38198328,0.7986346483,0.8059179783
hjcdik,68,-0.8801700473,0.6102668643,2.790744543,-2.706038237,1.711148977,1.711943269,0.4156062305
hjcdik,68,0.4197435677,-1.651822567,1.30403769,-2.825125933,-2.729591846,0.6584946513,1.642644644
hjcdik,68,-2.266673088,0.8788871765,-2.342242718,-2.768134832,2.211416006,0.9246784449,0.6866547465
hjcdik,68,0.8729447722,-0.8805689216,0.8009259105,-2.768400192,2.213327408,0.9229688644,0.6879646182
hjcdik,68,2.756570101,-0.8059799671,-0.7285240889,-2.701148987,1.5605582,2.050340176,0.3962667882
hjcdik,68,1.111992836,-0.7243847847,0.6099324822,-2.744590044,2.044906378,1.106447458,0.5768225789
hjcdik,68,-2.150942564,0.7928826213,-2.434329271,-2.754862309,2.117250681,1.018956065,0.6233334541
hjcdik,68,0.2086191624,1.510991216,2.108686924,-2.772618055,0.8976524472,2.819114685,0.7090459466
hjcdik,68,2.677230358,-0.7587906122,-0.6730924845,-2.701225519,1.590841532,1.983795762,0.3965677917
hjcdik,68,1.792827487,-0.5715737939,0.04142547399,-2.715784073,1.820949674,1.477343798,0.454782933
hjcdik,68,0.309309274,1.752814412,1.940705895,-2.839575291,0.08251085132,2.958966494,1.289822936
hjcdik,68,-2.026780844,0.7230098844,-2.533938646,-2.744384527,2.043449163,1.108358741,0.5759103298
hjcdik,68,1.635169506,-0.582205236,0.1750307977,-2.720186949,1.860174537,1.400990605,0.4727856815
hjcdik,68,-0.6928935647,0.6599671841,2.640571356,-2.703259706,1.662522554,1.821881652,0.4045920074
hjcdik,68,-0.1106166989,1.040752292,2.248286247,-2.707373619,1.411846161,2.340304375,0.4209221005
hjcdik,68,-0.1640146524,0.9849054217,2.276364088,-2.704871416,1.448685288,2.275423527,0.4109733999
hjcdik,68,-0.9993102551,0.5899253488,2.888936043,-2.708142042,1.739656925,1.648676157,0.4239901304
hjcdik,68,-2.123892069,0.775913775,-2.455913067,-2.752302885,2.099263191,1.039397478,0.6115632653
hjcdik,68,-2.638240099,-1.327695012,-1.43167758,-2.361521006,-2.271804333,3.704197645,-2.680224419
hjcdik,68,0.3898619115,-1.751408696,1.339309216,-2.811673641,-2.571523666,0.7072823048,1.755922675
hjcdik,68,-2.509899616,1.165194154,-2.130599737,-2.81486702,2.605148077,0.6951050758,0.9653602242
hjcdik,68,-2.114011526,0.7699747086,-2.463810921,-2.751410723,2.092991114,1.046723485,0.6074885726
hjcdik,68,0.3108784854,1.757067561,1.935752034,-2.83984828,0.06131042168,2.959349394,1.304925203
hjcdik,68,-1.712027073,0.6154954433,-2.793319941,-2.72738862,1.918601155,1.296119332,0.5026903152
hjcdik,68,0.4961721003,1.294089675,1.696478724,-2.372272968,-2.214836597,3.726523876,-2.732540369
hjcdik,68,-0.7854301333,0.6324461102,2.714006424,-2.704542875,1.687312603,1.765625238,0.4096710086
hjcdik,68,1.621335506,-0.5837224126,0.186738193,-2.720612764,1.863794804,1.394178033,0.4745369852
hjcdik,68,-0.4012872875,0.7956681848,2.42420578,-2.701125622,1.56707418,2.036170244,0.3961746991
hjcdik,68,-1.623898506,0.5983029008,-2.867343426,-2.724051476,1.892199039,1.342160106,0.4887589812
hjcdik,68,0.8453240991,-0.9049503207,0.8230273128,-2.77227354,2.241423368,0.8987033963,0.7073059082
hjcdik,68,-2.694976568,1.57029295,-1.875511527,-2.833981276,-2.878004313,0.6296574473,1.536500335
hjcdik,68,-1.675485611,0.6077991724,-2.823959351,-2.725952625,1.907358408,1.315450668,0.4966785014
hjcdik,68,0.444144994,-1.577489495,1.269756913,-2.833320379,-2.864260912,0.6317281127,1.546317339
hjcdik,68,0.06202472746,1.262015224,2.172486782,-2.725657463,1.236565232,2.581294537,0.4954466522
hjcdik,68,-0.4032835662,0.7944260836,2.425580978,-2.70112443,1.567862153,2.034450531,0.3961693048
hjcdik,68,1.851630449,-0.5706300139,-0.008393931203,-2.71432066,1.807011008,1.505551457,0.4488425553
hjcdik,68,-0.5189766884,0.7305548787,2.508129358,-2.701512337,1.60976243,1.941470027,0.3976967037
hjcdik,69,0.5926010013,-0.904296279,2.065052986,-2.240473509,1.873274088,2.283554792,1.098952889
hjcdik,69,-2.477823973,1.019441009,-1.156804681,-2.249771357,1.926974058,2.175823927,1.135762691
hjcdik,69,-1.10723722,-0.5949363112,-2.465005398,-2.32015276,0.8239305019,3.232840061,1.449927449
hjcdik,69,0.5747279525,-0.8799449801,2.085026026,-2.238546848,1.861694932,2.307188511,1.091412663
hjcdik,69,-0.06428412348,-0.5167495608,2.771575689,-2.211432219,1.62547791,2.770351171,0.9879875779
hjcdik,69,0.6047090888,-0.9217291474,2.051481485,-2.241861343,1.881499648,2.266837358,1.104401112
hjcdik,69,-1.354814172,-0.9362028241,-2.08706069,-1.999702334,1.816073775,3.596777439,0.2343612313
hjcdik,69,2.014098644,0.5994083285,0.682955265,-2.336637497,0.7191414833,3.242358446,1.539514184
hjcdik,69,-1.17787385,-0.6075517535,-2.492690802,-2.387450695,0.2148827016,3.263032436,1.973258257
hjcdik,69,2.061269522,0.5882202983,0.6617559791,-2.301913023,0.9301397204,3.219747782,1.36023128
hjcdik,69,0.2878260016,-0.6353500485,2.3980546,-2.21987772,1.73065424,2.575000763,1.019712925
hjcdik,69,-1.292885542,-0.8702534437,-2.174015045,-1.968837738,1.978539109,3.531366825,0.1169881597
hjcdik,69,0.8843769431,-1.726182818,1.737564921,-2.314208984,2.282166481,1.610229254,1.419787765
hjcdik,69,0.8820652962,-1.714265823,1.739793897,-2.313028336,2.27522707,1.618500233,1.413911819
hjcdik,69,0.5574038625,-0.8577975035,2.104319572,-2.236806154,1.851054311,2.328992844,1.08462429
hjcdik,69,-1.328404665,-0.9052408338,-2.123942852,-1.988341331,1.880048871,3.566170931,0.1918210089
hjcdik,69,-1.184241533,-0.7989413738,-2.346554995,-1.882799506,2.400252819,3.464239597,-0.2626804411
hjcdik,69,0.7843875289,-1.31412816,1.846511364,-2.275094509,2.06487751,1.922065854,1.240266323
hjcdik,69,-0.6986703277,-0.5028247833,-2.847607851,-2.219706774,1.412451148,3.037873745,1.019067645
hjcdik,69,-2.357358932,1.313637137,-1.294904828,-2.27505064,2.064640284,1.922466993,1.240077853
hjcdik,69,0.7005246282,-1.09318018,1.942869782,-2.255895853,1.961017847,2.10969615,1.160426378
hjcdik,69,0.7398741841,-1.186298609,1.897705197,-2.263829708,2.004241705,2.028823853,1.192923307
hjcdik,69,-1.201216102,-0.6204160452,-2.583017111,-2.374147654,-0.4077710211,3.258572817,2.507581472
hjcdik,69,-2.603909969,0.8341829181,-1.015387058,-2.234961748,1.839568615,2.352598429,1.077457309
hjcdik,69,-2.554656744,0.8964045644,-1.070201397,-2.23984766,1.869533777,2.291176796,1.096500516
hjcdik,69,0.8643222451,-1.626785398,1.75765717,-2.304430485,2.225677013,1.680686593,1.372148275
hjcdik,69,-0.1751256734,-0.4995647669,2.88807416,-2.210478544,1.595169067,2.819878101,0.9844294786
hjcdik,69,-1.103905082,-0.7653765678,-2.509116888,-1.82371974,2.828759909,3.444643021,-0.6779312491
hjcdik,69,1.9421556,0.6188122034,0.5638439655,-2.377682686,-0.3662965298,3.259811878,2.471900702
hjcdik,69,0.8602347374,-1.607633471,1.761930823,-2.302567244,2.215138197,1.69463408,1.363315582
hjcdik,69,0.7994761467,-1.364058375,1.829245806,-2.27961278,2.089184761,1.881632447,1.259702563
hjcdik,69,0.3375738859,-0.6639181376,2.344570637,-2.221998453,1.748591065,2.539091825,1.027743101
hjcdik,69,1.975796342,0.6058197618,0.6699488163,-2.374979019,0.3983922005,3.258867979,1.81555438
hjcdik,69,0.7532193661,-1.22184515,1.882348299,-2.266918182,2.020912409,1.998659492,1.205756307
hjcdik,69,1.957238913,0.6089951992,0.6289710999,-2.39201951,0.0731837377,3.264444113,2.094799757
hjcdik,69,1.933508873,0.8110476732,0.8369116187,-1.903740168,2.290682793,3.474406004,-0.1591085643
hjcdik,69,0.4976074398,-0.7908475399,2.170447111,-2.231608391,1.818012118,2.39701438,1.064486623
hjcdik,69,2.052739859,0.5904223919,0.6670446396,-2.307284594,0.8996428251,3.223939419,1.385823607
hjcdik,69,2.0247159,0.5971411467,0.6802821755,-2.327675581,0.7774214745,3.237414122,1.489597678
hjcdik,69,1.989732742,0.6038188934,0.6806358099,-2.360049725,0.5438904166,3.253192663,1.690277576
hjcdik,69,2.150288582,0.5637716651,0.5891669393,-2.262393236,1.14512527,3.175085545,1.186992168
hjcdik,69,0.7092477679,-1.112443924,1.932879806,-2.257518768,1.969922781,2.092736006,1.167021394
hjcdik,69,1.934085488,0.6259137392,0.545504272,-2.362031221,-0.5267387629,3.253994465,2.610015154
hjcdik,69,1.971502781,0.6063968539,0.6641874909,-2.379613876,0.3416056931,3.260471582,1.864397764
hjcdik,69,-1.073193312,-0.5863403082,-2.484592199,-2.297687292,0.9537717104,3.216220617,1.340515852
hjcdik,69,2.143153429,0.565734148,0.5957054496,-2.26470542,1.132617354,3.178673029,1.1965518
hjcdik,69,0.8375848532,-1.508138776,1.786373973,-2.293016434,2.162003517,1.768915892,1.31911242
hjcdik,69,2.145117044,0.5651928782,0.5939138532,-2.264057636,1.136117101,3.177685261,1.193867803
hjcdik,69,0.476837039,-0.7705634236,2.1932621,-2.230051756,1.807653785,2.418368578,1.058493376
hjcdik,69,2.005908489,0.7778127193,0.7006013393,-1.84324193,2.650054216,3.450007677,-0.5036560297
hjcdik,70,-1.359400153,-1.338538051,1.364144802,-1.882789373,1.918309808,2.879825354,1.813470125
hjcdik,70,-1.332604289,-1.043806195,1.520522714,-1.817732692,1.91895318,3.124570131,1.572282791
hjcdik,70,-1.399576068,-0.8149718642,1.576579452,-1.579094052,2.871282339,3.318199158,0.3968014419
hjcdik,70,-1.442674637,-1.099243641,1.186213493,-1.894569755,-1.20718801,3.582016945,-1.622054458
hjcdik,70,-1.304622054,-0.8777836561,1.348189831,-2.086967945,-0.4577916265,3.430434942,-2.552012444
hjcdik,70,-1.3444525,-1.24107337,1.414271116,-1.865556836,1.903283834,2.960955858,1.749168992
hjcdik,70,-1.382675767,-0.8312488794,1.621379733,-1.636462808,2.47501564,3.302448988,0.8175605536
hjcdik,70,2.277261734,-1.044558167,-1.266472816,-2.048735619,-2.444627047,1.886090398,-2.29634428
hjcdik,70,-2.072989464,0.03413685411,2.554297447,-1.928606629,-2.003275871,2.620686293,-1.752848864
hjcdik,70,-1.319486976,-0.6772764921,1.698327422,-2.002925158,0.9017092586,3.463466883,2.300640106
hjcdik,70,-1.42713511,-1.605418801,1.223859906,-1.922735453,1.989302993,2.656406879,1.965694904
hjcdik,70,-1.476673484,-1.736813545,1.147688389,-1.940769196,2.034642935,2.545317888,2.036660671
hjcdik,70,1.756895423,1.457634211,-1.838751435,-1.901481271,1.945853829,2.780392885,1.884015679
hjcdik,70,1.759073496,0.8314359784,-1.520063519,-1.636980414,2.472480536,3.302275181,0.820340693
hjcdik,70,0.2957703173,-0.02811170183,0.1728864312,-1.925463915,-1.995697379,2.639871597,-1.740561247
hjcdik,70,1.743045211,0.8064259887,-1.665922999,-1.580821514,-2.851581097,3.317806721,-0.1815145016
hjcdik,70,2.113498688,0.1861976534,-1.742473602,-1.900470495,-1.944091916,2.786030531,-1.644414783
hjcdik,70,-0.415374279,-0.04218082875,0.8693614602,-1.921797514,-1.987144947,2.662063599,-1.726291418
hjcdik,70,-0.1793026328,-0.03412226215,0.6396508813,-1.923390388,-1.990821838,2.652448416,-1.73248291
hjcdik,70,1.493581176,-0.05459582806,-0.9979815483,-1.932138085,-2.012055159,2.598971844,-1.766716123
hjcdik,70,1.85554862,0.834004879,-1.722610474,-2.113907337,-0.1236650869,3.423591137,-2.897300005
hjcdik,70,1.802313209,-0.1154514626,-1.272806883,-1.940446854,-2.033771515,2.547333956,-1.799616933
hjcdik,70,-1.314241171,-0.6869270802,1.683504343,-2.013328791,0.859967649,3.457962513,2.34932375
hjcdik,70,-1.282280803,-0.7708203793,1.53598845,-2.098761797,0.3527576625,3.427289248,2.897300005
hjcdik,70,-1.282280684,-0.77082026,1.535989046,-2.09876132,0.3527602255,3.427289009,2.897300005
hjcdik,70,-1.285903931,-0.7538940907,1.567780495,-2.085174084,0.4717312157,3.430936337,2.773135662
hjcdik,70,0.1110907272,-0.02939937636,0.3546944559,-1.924748302,-1.994003296,2.644221306,-1.737769842
hjcdik,70,-1.345612526,-1.250105619,1.409594655,-1.867258787,1.904291868,2.953445435,1.755495787
hjcdik,70,1.672966003,1.717575908,-1.982254744,-1.938154221,2.027634382,2.561650038,2.026257753
hjcdik,70,0.4788271487,-0.02782306448,-0.007478713524,-1.92613399,-1.997294784,2.635792971,-1.743176818
hjcdik,70,-1.342931747,-0.7476819754,1.371890068,-1.719925046,-2.146867037,3.261558056,-0.9624965191
hjcdik,70,2.755078554,0.04087430239,-2.300153017,-1.922032833,-1.987684488,2.660645723,-1.727205276
hjcdik,70,-0.8601207733,1.057052016,1.877901077,-2.050076246,-2.451598167,1.87867558,-2.303966522
hjcdik,70,1.232408524,-0.03913426772,-0.7470257878,-1.929615378,-2.005755901,2.614499092,-1.756804228
hjcdik,70,1.584742188,-0.06442934275,-1.083310366,-1.9335742,-2.01570344,2.590100288,-1.772373319
hjcdik,70,-1.282280564,-0.7708217502,1.535985589,-2.098762512,0.3527468443,3.427288771,2.897300005
hjcdik,70,1.154250741,-0.03646208718,-0.670948565,-1.929100633,-2.004487514,2.61765933,-1.754784107
hjcdik,70,-1.362093568,-0.9648885131,1.258133292,-1.98690474,-0.9616072178,3.47312808,-1.99300921
hjcdik,70,2.067072868,0.2360647023,-1.724282622,-1.892885208,-1.93183279,2.827437162,-1.615689874
hjcdik,70,-0.7369288802,-0.07019768655,1.173382044,-1.917381406,-1.977267861,2.688500881,-1.70918417
hjcdik,70,1.763109207,0.5826154351,-1.312012196,-1.925682545,1.145374775,3.530903101,1.97717464
hjcdik,70,1.758330226,0.5759426951,-1.302914977,-1.921783566,1.154480219,3.5362463,1.961995363
hjcdik,70,1.769073129,0.5911592841,-1.323579311,-1.930911064,1.132619023,3.524139881,1.997649431
hjcdik,70,-1.296423197,-0.8616892695,1.372606158,-2.100281954,-0.336848855,3.426900864,-2.67803812
hjcdik,70,-1.399108529,-0.8153690696,1.579429865,-1.580727458,2.852628469,3.317827702,0.4161847532
hjcdik,70,-1.094144106,0.3886998892,1.76408124,-1.974081039,-2.135590315,2.334648609,-1.937694669
hjcdik,70,0.9735053182,-0.03212920576,-0.4941518009,-1.928122163,-2.002093315,2.623652935,-1.75095129
hjcdik,70,1.02456677,-0.0331405513,-0.5441927314,-1.928375125,-2.002710342,2.622104168,-1.7519418
hjcdik,70,1.905908704,-0.1780977547,-1.343482971,-1.948434114,-2.055985212,2.497148514,-1.831643224
hjcdik,70,1.704189777,-0.08510531485,-1.191108704,-1.936433315,-2.023099422,2.572364569,-1.78367424
hjcdik,71,-1.18709898,-1.540361762,-2.098531008,-1.581378698,0.9176202416,0.8506864309,2.619982004
hjcdik,71,1.912415981,1.613619924,1.108261585,-1.592228651,0.8634097576,0.9080011249,2.665792227
hjcdik,71,-2.585915565,1.529612422,-0.9253121614,-1.506375194,-1.318342924,0.3849505782,-1.679978251
hjcdik,71,-0.2171420604,-1.107092857,2.897300005,-1.503586173,1.802887917,-0.003781014821,2.336467505
hjcdik,71,-0.6091641784,-1.111496449,-2.880295753,-1.496180654,1.40154624,0.2945643961,2.312314987
hjcdik,71,1.937595606,1.56845963,1.068896055,-1.585605502,0.896622777,0.8732087016,2.637574196
hjcdik,71,1.893225312,1.651030183,1.139103651,-1.597563863,0.8362961411,0.9356014132,2.68915534
hjcdik,71,0.1866392046,-1.237552285,2.72476697,-1.505510926,-1.817074776,-0.01001751237,-1.677122951
hjcdik,71,-2.774343014,1.345342517,-0.6563030481,-1.487539291,-1.540284395,0.1633637249,-1.618896246
hjcdik,71,-0.825186491,-1.190849304,-2.599222898,-1.517976761,1.243603706,0.4711158574,2.384515047
hjcdik,71,-1.298005223,-1.762799978,-1.918033004,-1.612735748,0.7567119598,1.012101054,2.759194136
hjcdik,71,1.997497916,1.475747347,0.9790123105,-1.571321249,0.9671891332,0.7960467339,2.579302073
hjcdik,71,-1.252978563,-1.660447478,-1.994951963,-1.598886013,0.8295177221,0.9423838854,2.695039034
hjcdik,71,2.056230068,1.400823593,0.8945354223,-1.558982611,1.027832508,0.7268052697,2.531399488
hjcdik,71,0.2595546842,-1.27552247,2.630495071,-1.49158299,-1.687738657,0.05667763948,-1.631816268
hjcdik,71,2.741438627,1.089643002,-0.009140983224,-1.487244487,1.574862242,0.1352163255,2.2836411
hjcdik,71,0.6576817632,-1.682412148,2.056778669,-1.527420521,-1.189730287,0.5349125862,-1.751241446
hjcdik,71,-2.51099515,1.636687517,-1.040894151,-1.521025419,-1.225722313,0.4921848178,-1.729212523
hjcdik,71,-0.6455687284,-1.120428205,-2.833176613,-1.499124408,1.374570608,0.323071003,2.321872711
hjcdik,71,-2.641454697,1.464700818,-0.8435325623,-1.4981215,-1.383392572,0.3136555552,-1.652925134
hjcdik,71,-2.654773951,1.450636268,-0.8242874146,-1.496461511,-1.398817658,0.2974085808,-1.64754045
hjcdik,71,1.901330709,1.634889245,1.125978351,-1.595278025,0.8479563594,0.9238234162,2.679074049
hjcdik,71,-2.768025875,1.350083709,-0.6649923921,-1.487712502,-1.532474518,0.1699853837,-1.619446993
hjcdik,71,1.917185545,1.604739666,1.100715518,-1.590942979,0.869894743,0.9012908936,2.660246372
hjcdik,71,0.2378391773,-1.263583302,2.65901351,-1.494480133,-1.72261405,0.03640431911,-1.641136408
hjcdik,71,-1.29440093,-1.753816962,-1.924457431,-1.611557841,0.7630530596,1.006263733,2.753541708
hjcdik,71,2.072029114,1.382892966,0.8722699881,-1.555903077,1.043041825,0.7091039419,2.519752264
hjcdik,71,-0.7438037992,-1.153129101,-2.705653906,-1.508573651,1.303110838,0.4022027552,2.352946997
hjcdik,71,-1.044303298,-1.355949163,-2.304590464,-1.551169157,1.066553235,0.6815297008,2.502067089
hjcdik,71,0.2790725231,-1.286794901,2.604615688,-1.48968792,-1.658293843,0.07522370666,-1.625750542
hjcdik,71,-0.8526207805,-1.206022859,-2.563097,-1.521472335,1.223142624,0.4952346385,2.396425247
hjcdik,71,0.1823862046,-1.235500216,2.730106354,-1.506756783,-1.825941443,-0.01379278861,-1.681240797
hjcdik,71,-1.257401824,-1.669647574,-1.987671614,-1.600169659,0.8229114413,0.9489476085,2.700788975
hjcdik,71,-2.872060537,1.281217456,-0.5242998004,-1.490536571,-1.672483683,0.0661188513,-1.628462791
hjcdik,71,2.042011023,1.417720437,0.9147256017,-1.56183672,1.013777494,0.7430546284,2.542300224
hjcdik,71,-0.8866705298,-1.226760268,-2.51803422,-1.526049972,1.197295308,0.5259047151,2.412173986
hjcdik,71,0.6457333565,-1.661705971,2.076328993,-1.524520278,-1.205825806,0.5157624483,-1.741209626
hjcdik,71,-0.5960193872,-1.108668923,-2.897300005,-1.495198011,1.411411881,0.2843550146,2.309137821
hjcdik,71,-1.147111773,-1.479986191,-2.158156395,-1.571996331,0.9638721347,0.7997629642,2.581984282
hjcdik,71,2.46895051,1.128151178,0.3434936106,-1.501516104,1.35475421,0.3445250094,2.329678059
hjcdik,71,2.710448265,1.089902163,0.03099195473,-1.48743844,1.545941591,0.1586272717,2.284258366
hjcdik,71,0.4428649247,-1.40782094,2.379981756,-1.491884112,-1.44979763,0.2458256781,-1.632783175
hjcdik,71,0.5765680671,-1.556965709,2.184761524,-1.510041237,-1.293277979,0.4134339392,-1.692144871
hjcdik,71,0.3726808727,-1.349413872,2.477820158,-1.48768568,-1.533566356,0.1690538228,-1.619362831
hjcdik,71,-0.9671137929,-1.285147429,-2.410299778,-1.537996292,1.133400559,0.6021614671,2.454151392
hjcdik,71,-0.8972783685,-1.233675838,-2.50393796,-1.527531743,1.189119697,0.5356400609,2.417310953
hjcdik,71,2.813028574,1.092754602,-0.1017958969,-1.489221096,1.649435997,0.08106539398,2.289940119
hjcdik,71,-2.634052753,1.472753644,-0.8542839289,-1.499097347,-1.374806046,0.3228180707,-1.656100154
hjcdik,71,0.1783793271,-1.233579159,2.735115528,-1.507986188,-1.834473014,-0.01733893901,-1.685313225
hjcdik,71,0.4116005301,-1.380411029,2.423877239,-1.489511132,-1.486551523,0.2108471692,-1.625183821
hjcdik,72,2.488076448,0.4138724506,-0.007799196523,-1.10055232,0.5968466401,1.11246407,2.783092022
hjcdik,72,0.03185014799,-1.043125391,1.327573061,-1.024364948,1.743697166,0.5262960196,2.52959013
hjcdik,72,1.868637085,1.38850069,2.17414093,-1.071101189,-0.8545244932,0.9928791523,-2.688103437
hjcdik,72,1.843912482,1.354114175,2.119368076,-1.077331901,-0.8008590937,1.019886971,-2.710031509
hjcdik,72,1.774991751,1.232019067,1.946392894,-1.097204804,-0.627502501,1.099759459,-2.789704323
hjcdik,72,0.005291571841,-1.125990987,1.204836249,-1.033671737,1.908522248,0.4556308687,2.553719997
hjcdik,72,-0.08748518676,-0.5666895509,2.199115038,-1.056687236,0.9830371141,0.9251666665,2.619402409
hjcdik,72,-0.4891982675,-0.4249095321,2.892056704,-1.091290593,0.6802037954,1.07684195,2.742156267
hjcdik,72,-0.0001039327981,-1.139974713,1.184324503,-1.03591466,1.938299656,0.443759948,2.559724569
hjcdik,72,-0.5516433716,-1.649246573,0.3023356795,-1.060425282,-2.192842007,0.3541995883,-2.653023958
hjcdik,72,-0.9567871094,-0.4373980165,-2.7055583,-1.115882158,0.4427756071,1.168459535,2.86527133
hjcdik,72,-0.4927011132,-0.4244902432,2.897300005,-1.09150219,0.6783432364,1.077673078,2.743039608
hjcdik,72,2.185354948,0.4372972846,0.4352093935,-1.115855098,0.4430805743,1.168362856,2.865101337
hjcdik,72,2.729522228,0.4364616275,-0.3665834367,-1.086415291,0.7227063179,1.057442904,2.722368956
hjcdik,72,0.01184657868,-1.108003974,1.231306434,-1.031084657,1.871124268,0.4709373415,2.546888828
hjcdik,72,2.773628235,0.4452744424,-0.4352521896,-1.083405018,0.7486932278,1.045211911,2.710653305
hjcdik,72,-0.9247457385,-0.4319338799,-2.753458261,-1.11429131,0.4602997303,1.162799716,2.855547428
hjcdik,72,-1.397044301,-1.156788111,-1.291134477,-1.107610106,-0.5294040442,1.138660431,-2.840087652
hjcdik,72,-0.4431617856,-1.614625812,0.4599689543,-1.093087077,-2.477235317,0.2802719772,-2.771708012
hjcdik,72,-1.215729713,-1.455657363,-0.8485543132,-1.058199167,-0.9690663218,0.9326915741,-2.646053076
hjcdik,72,-0.0632904619,-1.270486474,0.9967316985,-1.067259073,2.253616571,0.3360628784,2.653157949
hjcdik,72,-0.6156587005,-1.661692023,0.2024867088,-1.045434475,-2.047933578,0.4025311768,-2.608090878
hjcdik,72,-1.000555396,-1.609781742,-0.4479819536,-1.026724458,-1.345402956,0.7262496948,-2.557574511
hjcdik,72,-0.4886623323,-0.4249740243,2.891254187,-1.091259003,0.6804888248,1.076714635,2.742020845
hjcdik,72,-1.036256313,-1.592225313,-0.5116024017,-1.030118346,-1.285522223,0.7588359118,-2.566344738
hjcdik,72,-1.252889991,-1.413834691,-0.924695313,-1.066343546,-0.8960065842,0.9714345336,-2.672111034
hjcdik,72,-0.5064924955,-1.636963844,0.3700081408,-1.073101521,-2.304352522,0.3218960464,-2.695015669
hjcdik,72,-0.0003081511823,-0.664689362,1.962359786,-1.041773915,1.133357048,0.8427770138,2.575783968
hjcdik,72,-1.190435648,-1.480875492,-0.7984868288,-1.053127527,-1.01661694,0.9069595337,-2.63058424
hjcdik,72,-0.03002563864,-1.207850456,1.085735321,-1.049833894,2.092848539,0.3867901266,2.598831654
hjcdik,72,-0.8807391524,-0.4257205129,-2.818594694,-1.112108111,0.4836016893,1.154979706,2.842756748
hjcdik,72,1.932314873,1.462320924,2.305927515,-1.056869268,-0.9813411832,0.926081717,-2.641946077
hjcdik,72,-0.9446146488,-0.4352241755,-2.723809004,-1.115277648,0.4494954348,1.166312099,2.861532211
hjcdik,72,-1.317527413,-1.323512435,-1.068335176,-1.082647681,-0.755209446,1.042102814,-2.729744434
hjcdik,72,-1.310501814,-1.33468461,-1.051759124,-1.080732465,-0.7716696858,1.034179091,-2.722527027
hjcdik,72,2.268063068,0.424837023,0.3123867214,-1.111750364,0.4873480499,1.153691649,2.840715408
hjcdik,72,2.256750345,0.4262397587,0.3290444911,-1.112312078,0.481461376,1.15571177,2.843924761
hjcdik,72,-0.5423154831,-1.646949768,0.3165254891,-1.062910438,-2.215182543,0.347384721,-2.660935163
hjcdik,72,-1.406048656,-1.129625797,-1.324602008,-1.111009121,-0.4950574338,1.151014805,-2.858510494
hjcdik,72,-0.07941624522,-0.5733083487,2.180625677,-1.05555594,0.9935961366,0.9194589257,2.61594224
hjcdik,72,-0.6463016868,-1.665616512,0.1534086466,-1.039572954,-1.983058095,0.4264530241,-2.591670513
hjcdik,72,-0.137692377,-0.53177917,2.305870533,-1.063017964,0.9254521132,0.9559542537,2.639298439
hjcdik,72,-0.2017427981,-0.4984361529,2.427865744,-1.069790602,0.8658921719,0.9870479703,2.661654472
hjcdik,72,-0.223302722,-0.4892417789,2.466492414,-1.071828604,0.8482332826,0.9960906506,2.668620348
hjcdik,72,0.02111781947,-1.08021462,1.272387385,-1.027722478,1.815194845,0.4946363866,2.538154602
hjcdik,72,2.05728364,1.564199448,2.543046951,-1.035846114,-1.204171538,0.803606689,-2.581522703
hjcdik,72,1.769545197,1.219954252,1.9306072,-1.098970532,-0.6114258766,1.10648191,-2.797719955
hjcdik,72,2.253276825,1.649153113,2.889614344,-1.0210886,-1.534436822,0.6269739866,-2.543361664
hjcdik,72,-0.3982785344,-1.594895124,0.5195625424,-1.10779345,-2.61400485,0.2545368969,-2.841052055
hjcdik,72,0.04789789394,-0.7952269912,1.717206717,-1.027572274,1.329156041,0.735050559,2.53777051
hjcdik,73,-2.319531441,-0.7579090595,-0.08468019962,-0.6388435364,-0.3414658904,1.178657651,-2.588436365
hjcdik,73,1.233494639,0.3147662878,-1.111754417,-0.28307271,-2.861247301,0.7844051719,-2.65483737
hjcdik,73,0.6114655733,0.7362790108,2.853179932,-0.6527588964,-0.006202888675,1.203952432,-2.691672564
hjcdik,73,0.5661631227,0.2546809912,0.6692583561,-0.3009392619,2.162205219,0.8273914456,-2.817839146
hjcdik,73,1.115507126,0.7189362645,-2.894242048,-0.581436038,-0.8582860231,1.069052696,-2.474964619
hjcdik,73,-1.392343879,-0.411125809,1.201830626,-0.5943650007,-2.386679173,0.6979660392,-2.491640329
hjcdik,73,-1.756173849,-0.6104365587,0.6685355902,-0.5275152326,-1.478352427,0.9107841253,-2.430836201
hjcdik,73,-1.972388029,-0.7025113702,0.3208830059,-0.5680717826,-0.9678851366,1.040808678,-2.460631132
hjcdik,73,-2.120530367,-0.2567824125,2.711774349,-0.282750994,2.887246847,0.7837491035,-2.728917837
hjcdik,73,1.725015879,0.4267380238,-1.969153285,-0.5867699385,-2.326014757,0.7106187344,-2.48147583
hjcdik,73,1.36216712,0.6217753291,-2.513100147,-0.5294201374,-1.419142246,0.9253873825,-2.431844234
hjcdik,73,-2.387512445,-0.7553187609,-0.1516160965,-0.6461776495,-0.2324189097,1.192023635,-2.620569229
hjcdik,73,-2.394245386,-0.7548334002,-0.1581487805,-0.6467605829,-0.2217028737,1.193083286,-2.623828411
hjcdik,73,0.9971705079,0.05782201886,-0.2032638788,-0.617649138,2.580954313,0.6616990566,-2.855885744
hjcdik,73,-2.343665838,-0.7574723363,-0.1086755693,-0.6417447925,-0.3025415242,1.183953285,-2.599670887
hjcdik,73,0.8454552293,0.0581690371,-0.02903840877,-0.6143838763,2.552178383,0.6665935516,-2.86246109
hjcdik,73,0.1997999847,0.5675196052,2.385909081,-0.5967220068,0.735994041,1.099550486,-2.892283678
hjcdik,73,-2.129679441,-0.7423221469,0.1189020351,-0.605677247,-0.6630777717,1.116840482,-2.50908947
hjcdik,73,1.14136219,0.7113949656,-2.859495163,-0.5750201344,-0.9102420807,1.055729389,-2.467750072
hjcdik,73,-1.96679461,-0.5338408947,0.6755708456,-0.3117248714,-1.373034358,0.9293989539,-2.541490555
hjcdik,73,1.31971395,0.06267043948,-0.5760161877,-0.6247042418,2.646181822,0.65131253,-2.840154171
hjcdik,73,-2.008284569,-0.713817656,0.271145761,-0.5770260096,-0.8939002156,1.059935808,-2.469936848
hjcdik,73,-2.173758507,-0.749019146,0.0686236918,-0.6148762107,-0.5851173401,1.13427639,-2.525821924
hjcdik,73,-1.904286742,-0.3167986572,2.012770653,-0.2832736373,-2.846231937,0.7848129272,-2.65278697
hjcdik,73,1.291997075,0.3605446815,-1.450951695,-0.2892750502,-2.545493841,0.7976304293,-2.613079309
hjcdik,73,0.6325066686,0.7402476668,2.873312235,-0.6525687575,-0.03965355456,1.203608274,-2.680972099
hjcdik,73,0.4672245085,0.2743485272,0.9500212669,-0.3071144819,1.964519739,0.848770082,-2.834763527
hjcdik,73,-2.07350421,-0.730990231,0.1865627468,-0.5929065943,-0.7665671706,1.092073798,-2.489604235
hjcdik,73,-1.981044769,-0.7053599954,0.3086656332,-0.5702348948,-0.9497653842,1.04551053,-2.462769508
hjcdik,73,0.6576179266,0.7444558144,2.897300005,-0.6519802213,-0.07947222888,1.202545166,-2.668273211
hjcdik,73,0.6576177478,0.744455874,2.897300005,-0.6519802213,-0.07947219908,1.202545047,-2.668273211
hjcdik,73,0.6014971137,0.7342585921,2.843622684,-0.6527537704,0.00968198292,1.203940511,-2.69675684
hjcdik,73,0.6576179266,0.7444558144,2.897300005,-0.6519802213,-0.07947225869,1.202545285,-2.668273211
hjcdik,73,-2.259098768,-0.756647706,-0.02312168851,-0.6302024126,-0.4403788447,1.162799358,-2.561285973
hjcdik,73,0.657617867,0.744455874,2.897300005,-0.6519801021,-0.07947222143,1.202545047,-2.668273211
hjcdik,73,0.657617867,0.7444558144,2.897300005,-0.6519802213,-0.07947223634,1.202545047,-2.668273211
hjcdik,73,-1.679636598,-0.572153151,0.7984089255,-0.5278041363,-1.674465895,0.8630747795,-2.430989742
hjcdik,73,0.6348466873,0.7406643629,2.87554884,-0.6525309086,-0.04336833954,1.203539014,-2.679785013
hjcdik,73,-2.036492348,-0.7217796445,0.233693704,-0.5839952826,-0.8377751708,1.074265361,-2.47802496
hjcdik,73,1.632009864,0.4821338654,-2.088030815,-0.5593380928,-2.097729206,0.7618920803,-2.452605963
hjcdik,73,-2.424670219,-0.7521307468,-0.1875135303,-0.6490693688,-0.1733958125,1.197270393,-2.638701916
hjcdik,73,-1.999757051,-0.7112512589,0.2827442586,-0.5749034882,-0.9112064242,1.055480957,-2.467623234
hjcdik,73,1.113187551,0.7195774317,-2.897300005,-0.5820043087,-0.853697598,1.07022047,-2.475640059
hjcdik,73,-1.446694493,-0.4453921914,1.135157466,-0.5775049329,-2.251572609,0.7267961502,-2.470466614
hjcdik,73,-2.020502567,-0.5490217805,0.5399003029,-0.3076560497,-1.196118116,0.9535673857,-2.551199436
hjcdik,73,1.025179386,0.2573572397,-0.4406301975,-0.2826626599,2.894880056,0.7835685611,-2.727870464
hjcdik,73,-1.89699769,-0.6746113896,0.4334497154,-0.5498869419,-1.133578658,0.9977557063,-2.444988966
hjcdik,73,-1.995046258,-0.709800601,0.2892096937,-0.5737268329,-0.9208384156,1.052995205,-2.466372967
hjcdik,73,0.4080708027,0.6763772964,2.649680376,-0.6398008466,0.3290673494,1.180405736,-2.795331717
hjcdik,73,0.8025894165,0.05855862796,0.02034685016,-0.6134278178,2.543898106,0.6680358052,-2.864310026
hjcdik,74,1.114448547,1.222613096,1.104841232,-0.6608918309,-1.007864356,1.150342822,-2.268158674
hjcdik,74,1.138049483,1.176815033,0.9673473835,-0.6723336577,-0.8827369213,1.186767817,-2.2873559
hjcdik,74,1.791959167,1.147428155,-0.8820717335,-0.6997377872,0.5995995998,1.26104033,-2.713467836
hjcdik,74,1.149835944,1.616600394,2.216340303,-0.6618542075,-2.144778252,0.820717454,-2.269680738
hjcdik,74,1.193858862,1.107674479,0.7348669767,-0.6920480132,-0.6804201007,1.241435885,-2.327628374
hjcdik,74,-1.817898512,-1.027787685,-2.789523602,-0.7185683846,-0.3706666529,1.306433201,-2.409956932
hjcdik,74,-1.914652944,-1.079761147,-2.51704216,-0.7007734179,-0.5884126425,1.263626575,-2.349643707
hjcdik,74,1.088178277,1.317035913,1.371500492,-0.6426239014,-1.261350036,1.074104905,-2.242061138
hjcdik,74,1.228511333,1.07859695,0.6196131706,-0.7011486888,-0.5843513012,1.264557958,-2.350665808
hjcdik,74,-1.740971923,-1.307803392,-2.535547018,-0.2053389549,-0.6764565706,1.076739073,-2.470093966
hjcdik,74,1.269648075,1.05234611,0.4975554943,-0.70983392,-0.4853984416,1.285778999,-2.376841068
hjcdik,74,-1.278722167,-1.415527344,1.522099495,-0.6409647465,1.293233633,1.064459085,-2.820395708
hjcdik,74,-1.914739251,-1.709151626,-0.6246467233,-0.6953389049,-2.495355368,0.7405017018,-2.335545778
hjcdik,74,1.573728442,1.01243329,-0.2482614368,-0.7311919332,0.08584844321,1.33530283,-2.559002638
hjcdik,74,1.61186111,1.022948265,-0.3416361213,-0.7294242382,0.1576230675,1.331318021,-2.582864761
hjcdik,74,-1.775099635,-1.014627695,-2.897300005,-0.7237337828,-0.2874619663,1.318373203,-2.435544014
hjcdik,74,-1.926049829,-1.088607192,-2.480499029,-0.6979593635,-0.6186184287,1.256569624,-2.342170238
hjcdik,74,1.093601584,1.287640214,1.289836168,-0.6474171877,-1.182296276,1.098024368,-2.248437405
hjcdik,74,-1.489476323,-1.038474321,2.697334766,-0.7262784243,0.2376842499,1.324185014,-2.608949184
hjcdik,74,-1.75731194,-1.31859839,-2.37198925,-0.2066999823,-0.8309788108,1.066973686,-2.458801031
hjcdik,74,-1.542423248,-1.428964019,1.337032795,-0.2109898329,1.615961552,0.9982993603,-2.628775835
hjcdik,74,-1.91320467,-1.710500002,-0.6197512746,-0.6959034801,-2.501282454,0.7393484116,-2.336950541
hjcdik,74,-1.769249201,-1.329328775,-2.236666679,-0.207845822,-0.9597766399,1.057560921,-2.450565815
hjcdik,74,-1.787476659,-1.017923832,-2.866630793,-0.7223846316,-0.3110110164,1.31527102,-2.428184748
hjcdik,74,1.094151855,1.285219908,1.28307569,-0.6478500366,-1.175806761,1.099985719,-2.249030352
hjcdik,74,-1.846971869,-1.039773464,-2.7129004,-0.7142086625,-0.4306986332,1.296197891,-2.392285585
hjcdik,74,1.302649856,1.036193967,0.4071923494,-0.7154877782,-0.4137705863,1.299214959,-2.397195339
hjcdik,74,-1.331124902,-1.174033403,2.178072929,-0.6929367781,0.6712437272,1.243738413,-2.730593443
hjcdik,74,-1.775099635,-1.014627695,-2.897300005,-0.723733902,-0.2874619067,1.318373203,-2.435544014
hjcdik,74,1.347739339,1.019778967,0.2909084558,-0.721645534,-0.3232926726,1.313565016,-2.424381971
hjcdik,74,-1.354868174,-1.140788436,2.28065443,-0.7014333606,0.5812410712,1.265267134,-2.708864212
hjcdik,74,-1.285183787,-1.28775847,1.86247611,-0.6649988294,0.9615393281,1.163984299,-2.785554886
hjcdik,74,1.599665403,1.384322405,-1.417583108,-0.2099165618,1.231257677,1.034638882,-2.622743607
hjcdik,74,1.468999147,1.001456261,-0.0006428305642,-0.7308908105,-0.1016828269,1.334623933,-2.496021271
hjcdik,74,1.426898837,1.003946066,0.09859889746,-0.7287844419,-0.1766154915,1.329877377,-2.471204281
hjcdik,74,-1.281234622,-1.308921695,1.806315422,-0.6602654457,1.015103459,1.148197532,-2.79313612
hjcdik,74,-1.569217205,-1.333603501,2.218217611,-0.206017971,0.7546367049,1.07201767,-2.596110821
hjcdik,74,1.084453702,1.353834867,1.473046064,-0.6379785538,-1.361266732,1.043913007,-2.236162186
hjcdik,74,-1.930803061,-1.092520833,-2.464841366,-0.6967305541,-0.6316421032,1.253456235,-2.339020967
hjcdik,74,1.108003855,1.238808036,1.151733518,-0.657201767,-1.05144155,1.137384892,-2.262480497
hjcdik,74,1.168231249,1.644307733,2.301246405,-0.6706669331,-2.241263866,0.7966192365,-2.284393787
hjcdik,74,1.225134015,1.081115007,0.630253613,-0.7003390193,-0.5931094289,1.262544394,-2.348466396
hjcdik,74,1.160585642,1.144360662,0.8633360863,-0.6812508106,-0.7907760739,1.212439418,-2.304246187
hjcdik,74,-1.818618894,-1.028053045,-2.787663221,-0.7184691429,-0.3721146584,1.306201696,-2.409522533
hjcdik,74,1.106041551,1.244231701,1.167292118,-0.6560140848,-1.065997362,1.133035064,-2.26069665
hjcdik,74,-1.561252356,-1.013986707,2.877341747,-0.7309641838,0.09807871282,1.334788442,-2.563091755
hjcdik,74,-1.422541857,-1.076934814,2.510849237,-0.7174090147,0.3873357773,1.303722739,-2.655337334
hjcdik,74,-1.968740582,-1.129576087,-2.328320026,-0.6855122447,-0.7473499775,1.22411871,-2.313045263
hjcdik,74,-1.45629847,-1.055277228,2.608077288,-0.7225301862,0.3085691035,1.315603375,-2.631372929
hjcdik,74,1.285037875,1.044332266,0.4547395408,-0.712602675,-0.4513001144,1.292391658,-2.38639164
hjcdik,75,0.883038044,-1.683674097,2.493355989,-2.759476662,1.275044084,2.627725124,2.462953091
hjcdik,75,0.5854138136,1.295118451,1.034211397,-2.834082365,-2.408411026,0.8210772872,-2.413478613
hjcdik,75,-0.1851309389,-0.6259293556,2.396933317,-2.741095304,-1.472873449,2.330020189,-1.981721997
hjcdik,75,0.3002156913,-1.067899466,2.107932806,-2.795038462,-1.020893097,2.828535557,-2.211161613
hjcdik,75,-2.674587011,1.747780323,-1.084304094,-2.415420532,-2.260154009,3.653699875,-0.7177244425
hjcdik,75,-0.07393044978,-0.6931757927,2.311197996,-2.744156837,-1.424869537,2.416914701,-1.993901491
hjcdik,75,0.5848772526,-1.406666756,2.396704197,-2.846255541,0.6261991262,2.95688653,2.897300005
hjcdik,75,1.006257653,0.7760676146,0.9074825048,-2.769727468,-1.944484949,1.312220693,-2.098998785
hjcdik,75,-2.421771288,1.544145823,-0.680627346,-2.790755749,1.050306797,2.812220335,2.598325491
hjcdik,75,-0.7677172422,-0.4591138959,2.895455122,-2.739057779,-1.61618948,2.021119833,-1.97365737
hjcdik,75,0.3697251976,-1.612252712,2.152988672,-2.349158764,-2.660098553,3.570462704,-0.3124580383
hjcdik,75,-2.262514353,1.680505395,-0.6490123272,-2.759973049,1.271060824,2.632187843,2.465005875
hjcdik,75,-0.7687200904,-0.4590010047,2.896346569,-2.739062309,-1.616368294,2.020701408,-1.973675013
hjcdik,75,-2.469607592,1.498774171,-0.6943412423,-2.806171179,0.9435581565,2.865478277,2.671105146
hjcdik,75,-2.131534815,-0.7728170753,-2.23652935,-2.769436359,-1.942368507,1.31583631,-2.097763538
hjcdik,75,-2.041204691,-0.702857554,-2.297467709,-2.76341629,-1.89746666,1.396190882,-2.072427034
hjcdik,75,0.6359164119,-1.462447882,2.432313204,-2.820717096,0.8381285667,2.904687643,2.745328665
hjcdik,75,0.6483953595,1.202663779,1.041341543,-2.819732428,-2.296093225,0.8963241577,-2.333206177
hjcdik,75,0.2490139306,-1.003831387,2.120118141,-2.779867649,-1.125290513,2.763748407,-2.142749786
hjcdik,75,0.1807341129,-1.400555968,2.442869425,-2.344279051,2.699492931,3.566120625,0.677769959
hjcdik,75,-0.7546643019,-0.4606223106,2.883857489,-2.739001036,-1.613850713,2.02658534,-1.973433137
hjcdik,75,0.5812802911,1.301189661,1.033288002,-2.83506012,-2.416524887,0.8163862824,-2.419305801
hjcdik,75,-0.2683140635,-0.5856061578,2.464150429,-2.739799261,-1.501683593,2.273366451,-1.976588488
hjcdik,75,0.8117551804,-1.625107288,2.479830503,-2.770076513,1.194576144,2.708329439,2.50736618
hjcdik,75,0.2477550805,-1.002282977,2.120528936,-2.779550314,-1.127494574,2.762155533,-2.141359568
hjcdik,75,2.140829086,0.444080174,-0.03808346763,-2.740463257,-1.655835271,1.927534699,-1.979216933
hjcdik,75,-2.57826376,-1.327492952,-2.112996817,-2.839332104,-2.452861786,0.7964721322,-2.445424795
hjcdik,75,-2.480012178,1.488510132,-0.6981069446,-2.810082912,0.9158350229,2.87690115,2.69045496
hjcdik,75,-2.556711435,1.406671286,-0.7448850274,-2.846253395,0.6262184381,2.956882477,2.897300005
hjcdik,75,0.6189447641,-1.444544196,2.422936678,-2.828569174,0.7777075171,2.922636509,2.788441658
hjcdik,75,0.9245657325,0.8524726033,0.9559972882,-2.776890039,-1.995527387,1.229656458,-2.129757404
hjcdik,75,-2.685675621,1.254652977,-0.9629021883,-2.868365049,-0.3694036603,2.99076581,-2.674937725
hjcdik,75,0.5689664483,1.319246054,1.030189395,-2.837987185,-2.441257238,0.8026422262,-2.43707943
hjcdik,75,0.6830940247,-1.509563327,2.450900078,-2.80223012,0.9711511731,2.853205442,2.652001619
hjcdik,75,-1.894900799,-0.6152893901,-2.406839132,-2.756420612,-1.841349959,1.50629437,-2.043491125
hjcdik,75,0.7432371974,-1.565446854,2.466313124,-2.784525394,1.093095183,2.785868168,2.570226192
hjcdik,75,0.5640203953,1.326482296,1.02879715,-2.839167118,-2.451429605,0.797224462,-2.444394588
hjcdik,75,-1.623233557,-0.5130703449,-2.630304813,-2.748562813,-1.768265128,1.664281368,-2.011564255
hjcdik,75,1.907117605,0.4501937628,0.1707572043,-2.742606878,-1.694524169,1.835623622,-1.987725735
hjcdik,75,0.5868901014,1.29294908,1.034527063,-2.833733797,-2.405536175,0.8227615356,-2.411414862
hjcdik,75,0.7660055161,-1.585683465,2.471041203,-2.779153824,1.130254507,2.760146379,2.546508074
hjcdik,75,-0.6968243718,-0.4682355225,2.832582712,-2.738780975,-1.603254437,2.051239491,-1.972564101
hjcdik,75,-2.583391666,-1.334980965,-2.114542723,-2.840557098,-2.463571548,0.7909305096,-2.45312953
hjcdik,75,-0.7687798142,-0.4589945972,2.896399498,-2.739062309,-1.616379023,2.020676374,-1.973675966
hjcdik,75,1.076132417,0.7203194499,0.861084044,-2.764878035,-1.908590198,1.375635147,-2.078539848
hjcdik,75,-2.31358695,1.63875103,-0.6587235332,-2.767321825,1.214740515,2.689918995,2.495699883
hjcdik,75,0.8717026114,0.9088618755,0.9831777811,-2.782612562,-2.035310984,1.171293259,-2.154844284
hjcdik,75,0.91308254,-1.707404852,2.499399185,-2.756006718,1.303757668,2.593948603,2.448680162
hjcdik,75,0.3468436003,-1.126688838,2.107002258,-2.81325841,-0.893029809,2.885669708,-2.299587488
hjcdik,75,0.9147850871,0.8624849319,0.9613038898,-2.777877808,-2.002440214,1.219147086,-2.134052992
hjcdik,76,-1.575644493,0.7181401849,1.415008068,-2.317599773,-2.042260647,0.6978151202,-1.912833929
hjcdik,76,-2.257102251,-0.4975827932,1.86390686,-2.295463085,-1.313073158,1.683702946,-1.822916865
hjcdik,76,1.679581761,-0.4717296064,-1.887050271,-2.296082258,-1.835956335,0.9082092643,-1.825332761
hjcdik,76,1.507276058,-1.039487839,-1.636161923,-2.366856813,-2.443586111,0.4661408663,-2.154950142
hjcdik,76,1.043360591,1.394031525,-1.580327749,-2.380329847,-0.570754528,2.34600997,-2.241620302
hjcdik,76,0.630877912,0.2941867113,-0.9775882959,-2.287262678,-1.440010309,1.489861608,-1.791358352
hjcdik,76,1.703485489,-0.4422726631,-1.917225957,-2.294304609,-1.814119101,0.934944272,-1.818407774
hjcdik,76,1.511796474,-1.00431788,-1.641240478,-2.36041379,-2.387900114,0.4878513217,-2.118018627
hjcdik,76,-0.4496760368,0.1740224063,0.1579522192,-2.284290075,-1.584705114,1.26109004,-1.78011322
hjcdik,76,1.51061058,-1.013343692,-1.639818549,-2.362053394,-2.401843309,0.4821636975,-2.127197981
hjcdik,76,1.045230508,1.60888958,-1.588235259,-2.402436495,-0.2793251276,2.429011106,-2.447336435
hjcdik,76,0.1740489304,0.1936702728,-0.4898329973,-2.284693718,-1.521177769,1.361151934,-1.781635165
hjcdik,76,-2.538538933,-0.2829504907,2.19471097,-2.2869277,-1.4476192,1.477859497,-1.790085077
hjcdik,76,1.851389408,-0.3253141046,-2.091604233,-2.288649797,-1.729428768,1.046479344,-1.796638012
hjcdik,76,0.5340278745,0.2594299316,-0.8715751171,-2.286265135,-1.464147925,1.451711655,-1.787573218
hjcdik,76,-0.184629336,0.1730762422,-0.1167496368,-2.284280062,-1.559069991,1.301238537,-1.78007555
hjcdik,76,1.509698033,-1.020386457,-1.638765574,-2.363340139,-2.412887096,0.4777799547,-2.134501934
hjcdik,76,1.045069098,1.545880556,-1.587823629,-2.397010803,-0.370367378,2.410134315,-2.382358313
hjcdik,76,0.8021817207,0.4008451402,-1.174166441,-2.291056633,-1.372251391,1.595176458,-1.805856943
hjcdik,76,-0.8880912662,0.2083144039,0.6152125597,-2.285004616,-1.635710716,1.182706475,-1.782807469
hjcdik,76,0.2822594345,0.2067029327,-0.6033511758,-2.284973145,-1.507273555,1.383230925,-1.782688022
hjcdik,76,-0.4783943295,0.1748892814,0.1877407134,-2.284305811,-1.587562799,1.256640434,-1.78017211
hjcdik,76,0.1057768539,0.1873869002,-0.4185247421,-2.284564972,-1.529140353,1.348523259,-1.781147957
hjcdik,76,-0.1237858906,0.174642086,-0.1798428297,-2.284311295,-1.553129196,1.310595155,-1.780192852
hjcdik,76,-1.654885292,1.225448251,1.510155439,-2.399191856,-2.805022717,0.3778605461,-2.406425714
hjcdik,76,1.463587761,-1.50928545,-1.670676827,-2.398592472,2.795430899,0.379247427,-2.897300005
hjcdik,76,-1.587360263,0.7634880543,1.433914781,-2.323040724,-2.087148666,0.6615946293,-1.936216116
hjcdik,76,1.487630725,-1.216150522,-1.630770683,-2.397871256,-2.784208298,0.3809265196,-2.391595125
hjcdik,76,0.4748883247,0.2431693673,-0.8078253865,-2.285838366,-1.47624743,1.432521582,-1.785957575
hjcdik,76,0.4545163214,0.2382385433,-0.7859963179,-2.285713911,-1.480066657,1.426458001,-1.785487056
hjcdik,76,-2.375439644,-0.37095204,2.010267973,-2.289881468,-1.390746236,1.566772699,-1.801347852
hjcdik,76,0.960945785,0.6616766453,-1.388136983,-2.305098772,-1.210455179,1.826192856,-1.861128211
hjcdik,76,-1.631516695,1.017457843,1.502395391,-2.362804413,-2.408277035,0.4795969427,-2.131449699
hjcdik,76,0.08755367249,0.1859280616,-0.3995233774,-2.284535408,-1.531183243,1.345286489,-1.781036615
hjcdik,76,0.8935142756,0.5117957592,-1.289742589,-2.296189308,-1.304365754,1.696377158,-1.825751185
hjcdik,76,0.991958797,0.779931128,-1.442304611,-2.313793421,-1.131695867,1.924212217,-1.89680934
hjcdik,76,-0.3812059462,0.1725743562,0.08696682751,-2.284265041,-1.578001261,1.271549702,-1.780018091
hjcdik,76,1.737083316,-0.4074206054,-1.958425283,-2.292392015,-1.78868556,0.9671520591,-1.811000347
hjcdik,76,0.6407694817,0.2984699309,-0.9885624647,-2.287393808,-1.437147856,1.494369864,-1.791856766
hjcdik,76,0.4614748061,0.2398881763,-0.7934456468,-2.285754919,-1.478779912,1.42850101,-1.785643578
hjcdik,76,-2.379452944,-0.3679465055,2.014975309,-2.289768219,-1.392618895,1.563880086,-1.800913811
hjcdik,76,0.8824481964,0.4944956899,-1.274982333,-2.295308113,-1.314962387,1.68094039,-1.822312713
hjcdik,76,1.619754076,-0.5711619258,-1.807031751,-2.303252935,-1.913144231,0.8206357956,-1.853704453
hjcdik,76,1.034785151,1.14677918,-1.546482682,-2.350248814,-0.8375568986,2.199379444,-2.063911915
hjcdik,76,0.7423918247,0.353972286,-1.103618264,-2.289252996,-1.401368022,1.550329804,-1.798942685
hjcdik,76,-0.5855569839,0.1795651913,0.2990164161,-2.284393072,-1.598586082,1.239534855,-1.780502081
hjcdik,76,-2.172346354,-0.6885424852,1.739792347,-2.30694294,-1.193012595,1.84879446,-1.868594646
hjcdik,76,2.588517189,-0.1778983474,-2.87632823,-2.284361362,-1.595174074,1.244819403,-1.780382514
hjcdik,76,0.5073181391,0.2517011762,-0.8427076936,-2.286059141,-1.469813943,1.442729473,-1.786793232
hjcdik,76,-1.622184396,0.9497433901,1.490067005,-2.350785255,-2.30837512,0.5237788558,-2.066660643
hjcdik,77,-0.6016815901,-1.608244419,0.2511413395,-1.841803908,-1.060527444,1.689473271,-1.380117893
hjcdik,77,0.7349842787,1.174514532,2.555732489,-1.849115014,0.9911050797,1.74956274,-2.613457918
hjcdik,77,-2.184952021,-1.31051147,-0.5208366513,-1.874683499,0.759360373,1.917872548,-2.495903492
hjcdik,77,0.6618156433,-0.8321144581,0.7438232303,-1.878920674,-2.421538115,0.5469102859,-1.549732089
hjcdik,77,-1.828164339,0.5573624969,-2.740391016,-1.91648531,2.88150239,0.4388464093,-2.186097383
hjcdik,77,0.6817429662,-0.8195924163,0.7390893698,-1.882186174,-2.45243001,0.5357078314,-1.567494869
hjcdik,77,2.1529603,-0.4915834367,-0.1539464891,-1.852686167,2.183354378,0.6571730971,-2.598344326
hjcdik,77,-2.544004679,-1.085924387,-0.6164424419,-1.835816383,1.12080586,1.634001017,-2.666972637
hjcdik,77,0.6228141189,1.102278113,2.530070066,-1.838061333,1.097730875,1.655580401,-2.658217669
hjcdik,77,-0.5695686936,-1.599061489,0.2718246877,-1.838959575,-1.088670492,1.66393888,-1.368813872
hjcdik,77,-0.5018171072,-1.577380061,0.3154244423,-1.833289266,-1.147640824,1.608395457,-1.346793532
hjcdik,77,-2.521323204,0.8590721488,-2.389669418,-1.872043252,-2.358083725,0.5720269084,-1.514270902
hjcdik,77,-2.019999981,-1.401589632,-0.4643861651,-1.894266248,0.5676030517,2.019002676,-2.383388758
hjcdik,77,0.3016183674,-1.093694925,0.7345486879,-1.827242136,-1.924646258,0.8320870399,-1.324000716
hjcdik,77,0.5623862147,1.06310606,2.518859148,-1.832843542,1.152476788,1.603724718,-2.678407431
hjcdik,77,-0.4546887875,0.5724396706,2.689435959,-1.823136806,1.871300936,0.8758442402,-2.714603424
hjcdik,77,-1.644669414,-1.563493013,-0.3210753202,-1.922147393,0.08408673853,2.137087822,-2.068407774
hjcdik,77,0.3143554628,-1.083817601,0.7377463579,-1.828522086,-1.94006753,0.8199250698,-1.328770399
hjcdik,77,1.587881684,1.59195292,2.858890295,-1.922695279,-0.03589762002,2.13917017,-1.987549901
hjcdik,77,-2.534963369,0.8681643605,-2.387539148,-1.869781375,-2.337554455,0.5807834268,-1.503116846
hjcdik,77,-0.2914382219,-1.489648461,0.4484090209,-1.819175363,-1.330391288,1.422192574,-1.294583678
hjcdik,77,0.71052742,-0.801985085,0.7313031554,-1.886824608,-2.49751997,0.52050668,-1.593952298
hjcdik,77,0.1299831271,-1.224864244,0.6754245758,-1.815109849,-1.730692029,1.003049254,-1.280149817
hjcdik,77,0.7091191411,-0.8028333187,0.7317098975,-1.886600614,-2.495301962,0.5212233067,-1.592636824
hjcdik,77,0.2850200832,-1.106565952,0.7301101685,-1.825652838,-1.90477705,0.8480811715,-1.318119049
hjcdik,77,1.952504992,-0.485920161,-0.02612968348,-1.866907477,2.311607599,0.5923070908,-2.534240007
hjcdik,77,1.897203326,-0.4865574837,0.00998740457,-1.871101141,2.349515438,0.5756432414,-2.513903618
hjcdik,77,1.402976036,1.529518604,2.782685041,-1.91872716,0.2085328549,2.123901129,-2.151827812
hjcdik,77,2.848767996,1.490328789,-2.694038153,-1.819247961,-1.329174399,1.423483491,-1.294844031
hjcdik,77,-1.703912973,-1.542602658,-0.3451201618,-1.920321345,0.1626158059,2.130088091,-2.121142149
hjcdik,77,-2.259740353,-1.266056657,-0.5444918275,-1.865701437,0.8408356905,1.864507198,-2.539952755
hjcdik,77,0.6029468775,-0.8706394434,0.7545833588,-1.869171977,-2.332039118,0.5831902623,-1.500148177
hjcdik,77,0.6368458271,-0.8481811285,0.7489811182,-1.874793053,-2.383238792,0.5617231727,-1.528155923
hjcdik,77,1.214187741,1.447798252,2.710777283,-1.904147148,0.4531336427,2.063806295,-2.311772346
hjcdik,77,-0.06714780629,-1.362158537,0.5793975592,-1.811964512,-1.533743501,1.204005241,-1.269147992
hjcdik,77,-1.653898835,0.5227309465,-2.857792854,-1.904205918,2.689203262,0.46982342,-2.31129837
hjcdik,77,0.5983813405,-0.8737189174,0.7552137971,-1.868416548,-2.325217485,0.5861983299,-1.496493697
hjcdik,77,0.4511292279,-0.9790816903,0.7596971393,-1.845395446,-2.115608215,0.6970740557,-1.394655824
hjcdik,77,2.709576368,1.55172205,-2.781481504,-1.827972531,-1.208096623,1.548860908,-1.326716304
hjcdik,77,0.7902088761,1.209476829,2.570378542,-1.855121493,0.9360737801,1.794115424,-2.58783102
hjcdik,77,-0.2220273316,0.6436840296,2.592593908,-1.815142989,1.731500387,1.002273202,-2.743232489
hjcdik,77,2.228984833,-0.4970335662,-0.2007956207,-1.847712755,2.137425423,0.683780551,-2.619300365
hjcdik,77,-2.134552717,-1.339430928,-0.5041359663,-1.880783081,0.7025181055,1.95138216,-2.463721752
hjcdik,77,-1.640959978,0.5206649899,-2.866533041,-1.90318048,2.676314831,0.4725737572,-2.319493294
hjcdik,77,-1.0925349,-1.666312814,-0.05181816593,-1.8920964,-0.5905489326,2.008658409,-1.626102448
hjcdik,77,-1.091094851,-1.666356444,-0.05099765211,-1.891948223,-0.5920904279,2.007946491,-1.625165939
hjcdik,77,-0.5026959181,-1.57768178,0.3148598969,-1.833359957,-1.146878481,1.609130263,-1.347063065
hjcdik,77,1.300305009,-0.5605152249,0.4099804461,-1.917231321,2.897500038,0.4370731711,-2.175487995
hjcdik,77,-1.44119823,-1.620983481,-0.2323068827,-1.91972065,-0.18125467,2.127764702,-1.889885068
hjcdik,77,-1.789648414,-1.509161592,-0.3788301945,-1.915714383,0.2757119238,2.112014532,-2.196435213
hjcdik,78,1.618611336,-1.21305263,0.8771545887,-1.390753627,0.8676643968,1.932773471,-1.718299627
hjcdik,78,-1.519178391,-0.01831583679,-0.8703100085,-1.37514782,-1.05312252,1.831722856,-0.8376642466
hjcdik,78,-0.6426832676,-0.381729573,-1.341989875,-1.353066921,-1.511105776,1.529600263,-0.7657930851
hjcdik,78,-0.4326114058,-0.7123684287,-1.143355131,-1.364786983,-1.9413414,1.238792658,-0.802618444
hjcdik,78,1.060192108,-1.567505002,0.2526967824,-1.354077697,1.691568494,1.403743148,-1.845666289
hjcdik,78,0.9849556088,0.01231929474,2.8971982,-1.376264811,-1.038918495,1.84003067,-0.8416036963
hjcdik,78,0.2596615553,-1.440398216,-0.5555024147,-1.435025811,2.861167908,0.8721747994,-1.454991221
hjcdik,78,0.006590528879,-1.249509573,-0.7569876313,-1.436583996,-2.897500038,0.8670564294,-1.178315401
hjcdik,78,1.012004733,0.0123996716,2.870503902,-1.37623024,-1.039356589,1.839775801,-0.8414809108
hjcdik,78,-2.240789175,-0.01213149074,-0.1613217443,-1.376370788,-1.037585735,1.840805769,-0.8419780731
hjcdik,78,1.221779943,-1.509376168,0.4352365434,-1.353450656,1.482839108,1.549381852,-1.847574353
hjcdik,78,1.615782261,-1.216071963,0.874179244,-1.390283465,0.87299335,1.930107236,-1.72018826
hjcdik,78,1.85883069,-0.9037319422,1.105975747,-1.432231426,0.3367126882,2.118591547,-1.483726978
hjcdik,78,2.195950747,-0.3395844698,1.345589876,-1.416237235,-0.5727699399,2.05602622,-1.016763568
hjcdik,78,1.079062939,-1.562309504,0.2738850415,-1.353601575,1.667639732,1.420271277,-1.847116828
hjcdik,78,-1.453931451,1.134875298,-2.193483591,-1.402831912,0.731464982,1.995752454,-1.666319013
hjcdik,78,-0.01897203922,-1.225480199,-0.7770829201,-1.434087276,-2.841215611,0.8752903342,-1.149302006
hjcdik,78,-2.880578041,1.441200137,2.587222576,-1.434907913,2.858589649,0.8725652695,-1.456317186
hjcdik,78,-2.850265503,-0.01344331913,0.4401375353,-1.377161384,-1.027663708,1.846550584,-0.8447925448
hjcdik,78,0.1451025158,0.0146619156,-2.557687044,-1.37740612,-1.024614811,1.848307133,-0.8456665277
hjcdik,78,1.78734374,-1.006656885,1.043597221,-1.420924544,0.5119075775,2.075278997,-1.569561124
hjcdik,78,-1.294531226,-0.02529117838,-1.086162448,-1.374312878,-1.063887477,1.825368285,-0.8347418308
hjcdik,78,-1.631633878,-0.01633301564,-0.7607299089,-1.375423789,-1.049592733,1.833795786,-0.8386344314
hjcdik,78,-1.397684336,1.064756393,-2.138461828,-1.413132906,0.6110880375,2.042798996,-1.615017414
hjcdik,78,-1.045087576,0.5097958446,-1.85954833,-1.433374524,-0.314776212,2.122748137,-1.141947985
hjcdik,78,-1.219430685,-0.02932250127,-1.156567574,-1.373873353,-1.069615126,1.821967721,-0.8332093954
hjcdik,78,1.492624879,0.01608134992,2.397806644,-1.375461221,-1.049112916,1.834076762,-0.8387667537
hjcdik,78,-2.182650805,-0.01225159597,-0.2187182754,-1.376297951,-1.038501859,1.840272784,-0.8417207003
hjcdik,78,2.642025471,0.6095241308,1.932683945,-1.357566237,-1.801757097,1.328963518,-0.7796140313
hjcdik,78,-1.765421391,-0.01467602793,-0.6296854615,-1.375688672,-1.046220183,1.835771084,-0.839566648
hjcdik,78,-2.884305716,1.438985825,2.584105492,-1.43523097,2.865699053,0.8714977503,-1.452658772
hjcdik,78,-2.024391651,-0.01281144004,-0.3748515248,-1.376090288,-1.041124821,1.838745952,-0.8409855366
hjcdik,78,0.5135580897,-1.553995728,-0.3265046477,-1.404152989,2.425175667,0.9900704622,-1.660163164
hjcdik,78,1.525207639,-1.305298328,0.7767347097,-1.376628995,1.034324884,1.842698455,-1.771633148
hjcdik,78,-1.826751709,-0.01410057954,-0.5694440603,-1.375793815,-1.044879556,1.836554646,-0.839938879
hjcdik,78,0.3916953504,-1.508504152,-0.4406068027,-1.420410156,2.622796535,0.9236398935,-1.572800756
hjcdik,78,-1.830869555,-0.01406584959,-0.5653963089,-1.375801086,-1.044793606,1.836605191,-0.8399625421
hjcdik,78,-0.2986284494,-0.9034044147,-1.01517868,-1.386548638,-2.22593236,1.078555584,-0.8796435595
hjcdik,78,-2.866263151,1.449549675,2.599256039,-1.433609128,2.831484795,0.8768880367,-1.470202327
hjcdik,78,2.325363159,-0.1605693698,1.391265273,-1.39456439,-0.8246695399,1.953738213,-0.9118824601
hjcdik,78,1.857437849,0.02577535249,2.045627117,-1.374259233,-1.064586997,1.824953794,-0.8345538378
hjcdik,78,-2.809818268,-0.01318810508,0.4003041685,-1.377100468,-1.02842474,1.846111417,-0.8445750475
hjcdik,78,-0.3116665184,-0.8857913613,-1.027317047,-1.384132266,-2.197896481,1.092668533,-0.8704015017
hjcdik,78,-2.433912277,-0.0120289335,0.0293953456,-1.376606703,-1.034612536,1.8425318,-0.8428168893
hjcdik,78,2.123722076,-0.4623267651,1.300285697,-1.429271102,-0.3885769248,2.107644081,-1.10477066
hjcdik,78,1.483913302,-1.341335058,0.731193006,-1.371405363,1.1025666,1.802138448,-1.789832711
hjcdik,78,-0.5700551271,0.04616554454,-1.879800677,-1.381242871,-0.9778508544,1.874718547,-0.859604001
hjcdik,78,-1.624076605,-0.01644663885,-0.7681130171,-1.3754071,-1.049806476,1.833670259,-0.838575542
hjcdik,78,-2.738348722,-0.01280878671,0.3298683167,-1.376997948,-1.029705882,1.845371485,-0.8442095518
hjcdik,78,1.447312236,-1.370948792,0.6904175878,-1.367331028,1.160680413,1.766129971,-1.803545713
hjcdik,79,-0.1220863685,0.2583033144,-2.89585042,-0.9611370564,2.355985403,1.650006175,-0.9960992932
hjcdik,79,1.328448296,-0.6858599186,0.5380213857,-0.9769232273,-2.550007582,1.586635113,-0.4787715077
hjcdik,79,2.303848267,-0.3641391993,0.5541945696,-0.991511941,2.761221886,1.534766912,-0.8614688516
hjcdik,79,1.051693201,0.2720514238,2.756492138,-0.9258713126,1.835779428,1.865654469,-1.093518853
hjcdik,79,1.244852185,-0.7141814232,0.5052108169,-0.9686130285,-2.446318388,1.618852615,-0.4458024204
hjcdik,79,2.106881618,0.5072241426,2.570653439,-0.9463301897,0.9691737294,2.226950884,-1.041181922
hjcdik,79,-2.092879772,0.7734619379,-2.732491016,-0.9480810761,-2.195100784,1.711379528,-0.3795242012
hjcdik,79,1.273027539,0.2995301783,2.666641712,-0.9219187498,1.710484982,1.921800017,-1.102642059
hjcdik,79,2.40204215,0.6129118204,2.624967575,-0.9789116979,0.5657280684,2.342092276,-0.9282987714
hjcdik,79,-1.655078292,-0.3362593055,-0.5398814678,-0.9203663468,1.567783475,1.985488534,-1.106151104
hjcdik,79,0.7840253711,0.2509478927,2.886870146,-0.932318151,1.966294646,1.807864904,-1.078014374
hjcdik,79,0.7981848121,0.2517684102,2.879531384,-0.9319471717,1.959807992,1.810705066,-1.078929067
hjcdik,79,-2.453168631,-0.2462094873,-0.2041941881,-0.9348932505,2.009183884,1.789197206,-1.071588039
hjcdik,79,0.579426825,-0.8568974733,0.09864553064,-0.9203999043,-1.550011516,1.993348837,-0.3096720278
hjcdik,79,-1.640075684,0.6236414313,-2.552043915,-0.991279304,-2.757255793,1.535553932,-0.5527726412
hjcdik,79,-0.11258246,-0.8052733541,-0.3319636881,-0.9857830405,-0.4706902206,2.361319542,-0.5207638741
hjcdik,79,-2.180609465,0.7958891392,-2.783352375,-0.9395187497,-2.079296827,1.75917995,-0.3560722768
hjcdik,79,0.05510357767,-0.8360568881,-0.2503981888,-0.9642905593,-0.7476061583,2.296490669,-0.4303463995
hjcdik,79,0.7768775821,-0.8331392407,0.2388693988,-0.9256082177,-1.829257846,1.86856842,-0.3216142356
hjcdik,79,-1.581847668,0.6021377444,-2.539723396,-0.9949459434,-2.824401379,1.523261666,-0.5786320567
hjcdik,79,-0.4892840385,-0.7006722689,-0.4565429688,-1.000828028,0.1679925025,2.39974618,-0.77734375
hjcdik,79,1.461321831,-0.6383833885,0.5795717835,-0.9883774519,-2.710099459,1.545481682,-0.5351045132
hjcdik,79,2.803141117,-0.278699249,0.3558768928,-0.9697465897,2.460161686,1.614321589,-0.9657189846
hjcdik,79,-1.531077504,0.5833469033,-2.53102541,-0.9975965619,-2.881742001,1.514536977,-0.6012772918
hjcdik,79,0.8684415817,-0.8163533211,0.3001195788,-0.9316641688,-1.954822779,1.812891245,-0.3361256719
hjcdik,79,-0.5345415473,-0.6854906082,-0.4681369066,-0.9982914925,0.2428487986,2.393574238,-0.8076694012
hjcdik,79,-1.828045249,0.6910137534,-2.609046936,-0.9754914045,-2.531683207,1.592030764,-0.472728461
hjcdik,79,-0.5924350619,-0.6655212045,-0.4824484885,-0.9939267039,0.3369677961,2.382677317,-0.8448105454
hjcdik,79,-2.640407801,-0.2407886982,-0.1014579237,-0.9402502775,2.089762926,1.754761219,-1.057747841
hjcdik,79,1.348442197,0.311278969,2.640962362,-0.9210426211,1.66288662,1.943124771,-1.104626894
hjcdik,79,1.538760185,-0.6099002957,0.5977188945,-0.9937002063,-2.800367117,1.527407885,-0.569288075
hjcdik,79,0.9711363316,-0.7934391499,0.3643500805,-0.9404631853,-2.092807293,1.753479362,-0.3585676849
hjcdik,79,-2.488086224,-0.2448180467,-0.1853639781,-0.9358620644,2.024504662,1.782580853,-1.069133639
hjcdik,79,1.269368291,-0.7060317993,0.51535815,-0.9711127877,-2.476948261,1.608919501,-0.4552259445
hjcdik,79,-2.014149904,-0.280343771,-0.4180399179,-0.9243319631,1.795045972,1.883878589,-1.097104311
hjcdik,79,0.4791613817,-0.8622714281,0.02599062026,-0.9225842357,-1.403620243,2.057061195,-0.3146229386
hjcdik,79,1.561050415,-0.6016545892,0.6021168828,-0.9950206876,-2.825890064,1.523014069,-0.5792139769
hjcdik,79,-1.811128855,0.685159564,-2.602843285,-0.9771150947,-2.552480698,1.585916996,-0.4795936942
hjcdik,79,0.3453004956,-0.8624140024,-0.06894960999,-0.9307587147,-1.203175902,2.139882803,-0.3339082599
hjcdik,79,2.313740492,-0.361839205,0.5513020158,-0.9910966158,2.754134893,1.536177993,-0.8641567826
hjcdik,79,-1.608325601,-0.3457858264,-0.5506916642,-0.920480907,1.532974362,2.000863314,-1.105895758
hjcdik,79,2.225561857,-0.3832803965,0.57528162,-0.9946836829,2.819235086,1.524129152,-0.8391311169
hjcdik,79,-0.5311027169,-0.6866582632,-0.4672695398,-0.9985127449,0.237197578,2.394117832,-0.8054009676
hjcdik,79,0.6929463148,-0.8453537822,0.1802411824,-0.9219529033,-1.711997151,1.921122193,-0.3131811619
hjcdik,79,-0.3178278506,-0.7537000179,-0.4077106118,-1.001944661,-0.1220672056,2.402426243,-0.6572571993
hjcdik,79,0.7023724914,-0.8441366553,0.1869183481,-0.9222631454,-1.725271106,1.915168524,-0.3138872385
hjcdik,79,2.857936621,-0.2727135122,0.3289764225,-0.9674919844,2.432698727,1.623376131,-0.9740460515
hjcdik,79,-2.160517931,0.7910035253,-2.771317005,-0.9414016604,-2.106004953,1.747939348,-0.3610669076
hjcdik,79,1.569641113,-0.5984746218,0.60371387,-0.9955033064,-2.835668802,1.521416426,-0.5830442309
hjcdik,79,1.502287745,-0.6233574748,0.5897285342,-0.9913316965,-2.758153915,1.535375357,-0.5531132817
hjcdik,80,1.911199212,-0.7621514201,-1.087561369,-0.621750474,-2.835446596,2.207299709,-0.09765937179
hjcdik,80,-0.4514821768,0.6592161059,-1.549266577,-0.3006914556,0.2870957851,2.604373932,-0.2626193464
hjcdik,80,1.907279134,-0.7555830479,-1.102870822,-0.6202779412,-2.819757223,2.209606171,-0.0922985673
hjcdik,80,1.928288221,-0.7877104878,-1.028177261,-0.6269127131,-2.897181273,2.199212074,-0.1193187013
hjcdik,80,-1.214465857,0.7861080766,2.109692335,-0.6266197562,-2.8932693,2.199674606,-0.1179212257
hjcdik,80,-0.9694994092,0.7177966833,1.962509274,-0.2998887599,-2.896998167,2.341750383,-0.166689828
hjcdik,80,1.909709334,-0.7596983314,-1.093274832,-0.6212112308,-2.829578638,2.208148956,-0.09564638883
hjcdik,80,2.172073603,-0.7177706957,-1.17922473,-0.2998913527,-2.896857977,2.341754436,-0.1666647196
hjcdik,80,-0.4628412724,0.6232503653,-1.34938693,-0.2978853583,0.05862473324,2.60763073,-0.2214512676
hjcdik,80,-0.9695257545,0.7177636623,1.962328434,-0.2998932004,-2.896818399,2.341755152,-0.1666572988
hjcdik,80,1.925926566,-0.7844299674,-1.035797954,-0.6263056993,-2.889181852,2.200167179,-0.1164645776
hjcdik,80,-0.4549747109,0.6452900171,-1.47325778,-0.299177587,0.199457705,2.606137991,-0.2468797863
hjcdik,80,-1.242036223,0.7415563464,2.005866051,-0.616930306,-2.786418438,2.214832544,-0.08112256974
hjcdik,80,-1.235593557,0.7533636093,2.033539295,-0.6197655201,-2.814468622,2.210406542,-0.09050608426
hjcdik,80,1.917125821,-0.7715303302,-1.065753102,-0.6237549782,-2.857956886,2.204163551,-0.1054565236
hjcdik,80,-0.451528281,0.6590046883,-1.54812336,-0.300663203,0.2857720852,2.604404926,-0.2623819709
hjcdik,80,-0.4476764798,0.6862297654,-1.692331553,-0.3051142097,0.454303652,2.599182367,-0.2923263609
hjcdik,80,-1.255204439,0.7126034498,1.936902642,-0.6092104912,-2.717947006,2.22685051,-0.05917042866
hjcdik,80,-1.2398808,0.7456341982,2.015445471,-0.6179303527,-2.796092033,2.213271856,-0.08433456719
hjcdik,80,2.155014277,-0.6926583648,-1.31372416,-0.3028258681,-2.76443243,2.346726418,-0.1430014968
hjcdik,80,-1.010282159,0.9506384134,2.554143429,-0.6269304156,2.897500038,2.199177504,-0.3022529483
hjcdik,80,-1.010281324,0.9506370425,2.554142714,-0.6269274354,2.897500038,2.199178696,-0.3022524416
hjcdik,80,-1.226902485,0.767752409,2.067060947,-0.6229634881,-2.848872423,2.205403566,-0.1022951975
hjcdik,80,-1.23339653,0.7571516633,2.042381048,-0.6206367612,-2.823498011,2.209046602,-0.0935709402
hjcdik,80,-1.213794708,0.7870374322,2.111851215,-0.6267912388,-2.895536661,2.199405432,-0.1187306121
hjcdik,80,1.899155855,-0.7407864332,-1.137538671,-0.61674124,-2.784592152,2.215130329,-0.08051868528
hjcdik,80,-1.256394386,0.7094912529,1.929365158,-0.6083171964,-2.710589647,2.228237629,-0.05689786747
hjcdik,80,2.166429043,-0.7100860476,-1.220878959,-0.3006693423,-2.855633259,2.343073368,-0.1592710465
hjcdik,80,-1.246742964,0.7321153879,1.983578086,-0.6145318747,-2.764063358,2.218572378,-0.07380154729
hjcdik,80,-1.233291745,0.7573295832,2.042796373,-0.6206771135,-2.823922873,2.208983421,-0.09371554852
hjcdik,80,-0.4583971798,0.6346672177,-1.414126754,-0.2983787656,0.1319124103,2.607057095,-0.234698087
hjcdik,80,1.905102134,-0.7517843246,-1.111744046,-0.6193966866,-2.810709476,2.210982084,-0.08923632652
hjcdik,80,1.919499159,-0.7751234174,-1.057408452,-0.6244921684,-2.86661911,2.203011751,-0.1084881425
hjcdik,80,2.131310463,-0.9506387115,-0.5874487162,-0.6269308925,2.897500038,2.199177027,-0.3022530079
hjcdik,80,2.676348925,-0.6178475022,1.823311567,-0.2977793515,0.02367597446,2.60774684,-0.21512793
hjcdik,80,-0.9725313783,0.7137326002,1.940419912,-0.3002847731,-2.875113726,2.34242487,-0.1627626568
hjcdik,80,-1.256142855,0.7101644278,1.930998325,-0.6085137129,-2.712180376,2.227934837,-0.05738704652
hjcdik,80,1.907148957,-0.7553614974,-1.10338819,-0.6202285886,-2.819228411,2.209685326,-0.09211871773
hjcdik,80,-1.216421247,0.7833672762,2.103326321,-0.6261062026,-2.886595249,2.200481653,-0.1155442894
hjcdik,80,-0.4508554637,0.662314117,-1.565954685,-0.3010951281,0.3064561486,2.603894472,-0.2660825551
hjcdik,80,2.131311178,-0.9506369829,-0.5874504447,-0.626927793,2.897500038,2.199178696,-0.3022521138
hjcdik,80,-1.234260798,0.7556726933,2.03893137,-0.6202978492,-2.819971561,2.209574223,-0.09237159044
hjcdik,80,-0.457518965,0.6372104883,-1.428376079,-0.2985380888,0.1481398046,2.606869221,-0.2376276553
hjcdik,80,-1.232578635,0.758535862,2.045608997,-0.6209513545,-2.826801777,2.208556414,-0.09469717741
hjcdik,80,1.884012818,-0.7062690258,-1.220063925,-0.6073793173,-2.702967882,2.229693174,-0.05456181243
hjcdik,80,-1.250240922,0.7245256901,1.965532303,-0.6125229597,-2.746119261,2.221704483,-0.06803008914
hjcdik,80,-1.262652755,0.6905878782,1.882898569,-0.6026237011,-2.665797234,2.237052917,-0.04344950244
hjcdik,80,-1.236451626,0.7518583536,2.030021667,-0.6194169521,-2.810883999,2.210953951,-0.0892945081
hjcdik,80,-0.9695845246,0.7176822424,1.961886764,-0.2998976707,-2.896381378,2.341769457,-0.1665795296
hjcdik,80,1.880555272,-0.6959790587,-1.24531436,-0.6042914391,-2.678596973,2.234472275,-0.04722377658
hjcdik,81,1.577751637,1.590052962,-2.663352013,-0.1354381442,-0.3168646097,3.010502815,0.1669251025
hjcdik,81,-1.239997864,-1.26351738,2.271790981,-0.7238978148,-2.619244099,2.70937705,0.6493535042
hjcdik,81,1.749480963,1.134731054,-0.4313306212,-0.7729919553,-2.841086626,2.632615805,0.4375809133
hjcdik,81,-2.034637451,-1.605849266,-1.48038435,-0.6566921473,2.381863117,2.808034658,-0.6043493748
hjcdik,81,1.929680109,1.311690211,-0.9949262142,-0.7044197321,-2.547597408,2.738632441,0.707159102
hjcdik,81,1.179849744,1.255720258,0.8696298003,-0.7747126222,2.85126996,2.629841566,-0.2151058167
hjcdik,81,1.728898764,1.125341773,-0.3831426501,-0.7766935825,-2.863395214,2.626642942,0.4141709805
hjcdik,81,-1.277743936,-1.217370033,2.403535604,-0.7417384386,-2.69017005,2.682006121,0.5865061283
hjcdik,81,1.126454234,1.345314026,1.083693027,-0.7525420189,2.737128973,2.665148258,-0.330342412
hjcdik,81,-1.199174285,-1.583063602,1.444963813,-0.5702982545,-2.041996717,2.933567286,0.9352399111
hjcdik,81,1.839943886,1.194547415,-0.6658087373,-0.7503633499,-2.727339268,2.668565273,0.5515759587
hjcdik,81,1.110921621,1.387325287,1.175941825,-0.740542531,2.685193539,2.683858156,-0.3792565465
hjcdik,81,1.136492252,1.323894858,1.035204411,-0.7582556605,2.763750792,2.656139851,-0.3043447733
hjcdik,81,1.890183806,1.247906566,-0.8269103765,-0.7300090194,-2.642811537,2.700066328,0.6290576458
hjcdik,81,1.791332722,1.158150434,-0.5341836214,-0.7640406489,-2.792353153,2.646957397,0.4876072705
hjcdik,81,1.130041599,1.337280273,1.065648675,-0.754716754,2.747089863,2.661727428,-0.3206846118
hjcdik,81,-1.304864883,-1.191761971,2.485046864,-0.7514097691,-2.732024193,2.666923761,0.5470837951
hjcdik,81,-2.036537409,-1.598922491,-1.497546554,-0.6600784063,2.393558741,2.803192616,-0.5978341699
hjcdik,81,-1.177451491,-1.446152806,1.818641901,-0.6433969736,-2.335559845,2.826968193,0.8402184844
hjcdik,81,1.19206655,1.240882993,0.8302740455,-0.7779458761,2.871333122,2.624613047,-0.1939446628
hjcdik,81,-1.707315087,-1.542352438,-1.456148028,-0.1439744085,1.878113151,2.938133717,-0.09382864833
hjcdik,81,1.903353095,1.266085148,-0.8767236471,-0.7228832245,-2.615395069,2.710915565,0.6526097655
hjcdik,81,1.168463469,1.270941615,0.9085305929,-0.7712658048,2.831166983,2.635394335,-0.2360671163
hjcdik,81,-1.374817133,-1.143656254,2.668651581,-0.7695488334,-2.821565628,2.638153076,0.4578131437
hjcdik,81,1.866979599,1.715381622,-2.194488764,-0.5220662951,-1.575927973,3.059723139,0.9687069058
hjcdik,81,-1.202306509,-1.333385587,2.092728853,-0.6952917576,-2.515274763,2.752135754,0.7312036157
hjcdik,81,1.884092093,1.240229964,-0.8052517176,-0.7329822183,-2.654532433,2.695510626,0.6187402606
hjcdik,81,-2.041315794,-1.578298211,-1.547345996,-0.6698093414,2.427048206,2.789227009,-0.5781874657
hjcdik,81,-1.963744998,-1.258291364,-2.26529336,-0.7741402984,2.847842932,2.630766153,-0.2186969221
hjcdik,81,-1.382660866,-1.139485359,2.687662601,-0.7711504698,-2.830515385,2.635579348,0.4485674798
hjcdik,81,-1.508262396,-1.550349832,1.208358765,-0.1433202773,-1.1795398,2.98217392,0.2986576855
hjcdik,81,-2.048114538,-1.487048864,-1.752083898,-0.7073913217,2.558253765,2.734211206,-0.4871236086
hjcdik,81,1.824993253,1.182094693,-0.6235050559,-0.7550400496,-2.748594046,2.661216736,0.5310444236
hjcdik,81,-1.20195961,-1.590296388,1.422048807,-0.5663735271,-2.022114515,2.93985486,0.9387686253
hjcdik,81,1.114084125,1.377509236,1.154647708,-0.7434432507,2.697333813,2.679361105,-0.3680483401
hjcdik,81,-1.573448181,-1.593323469,0.3796320558,-0.1349040866,-0.1949443966,3.011797667,0.1436780989
hjcdik,81,1.169069886,1.270092368,0.9063957334,-0.771461904,2.832277536,2.635079384,-0.2349161059
hjcdik,81,-1.218937635,-1.297922373,2.181540251,-0.7100920081,-2.568020582,2.730177164,0.6913009286
hjcdik,81,1.704432249,1.115772843,-0.3274179101,-0.7805922031,-2.888833523,2.620317459,0.3871286809
hjcdik,81,1.093282223,1.492037535,1.400286078,-0.7055362463,2.551589966,2.736973763,-0.4922743738
hjcdik,81,-2.046972275,-1.539225578,-1.637441278,-0.6869043112,2.486015081,2.764436007,-0.5400024056
hjcdik,81,1.736930013,1.128852248,-0.4017881453,-0.7752990723,-2.854799747,2.628897667,0.4232261181
hjcdik,81,1.609919667,1.468912363,-0.7946039438,-0.1401621252,-2.280002832,2.914089918,0.2602691948
hjcdik,81,1.095767856,1.550109267,1.528782845,-0.6823066473,2.470094204,2.771138906,-0.5507611632
hjcdik,81,-1.937436223,-1.227483749,-2.348301172,-0.7807539105,2.889940262,2.620054483,-0.1741188169
hjcdik,81,1.093592525,1.524832726,1.47202456,-0.6928056479,2.506564617,2.755792141,-0.5256323814
hjcdik,81,-1.209122896,-1.607192159,1.366706133,-0.5574053526,-1.973297238,2.954832554,0.9462893605
hjcdik,81,1.159310818,1.284342885,0.9417290688,-0.7681229711,2.813791275,2.640437365,-0.2539747357
hjcdik,81,1.165753365,1.720945001,2.001768827,-0.5897354484,2.131231546,2.903913498,-0.7037064433
hjcdik,81,1.108637929,1.395002484,1.192514539,-0.7382318377,2.675681829,2.687429667,-0.3879376054
hjcdik,82,1.189230561,-0.3455598056,0.1784331352,-2.474933624,2.897500038,3.32455349,-1.113009214
hjcdik,82,-0.5866997838,1.762799978,1.906258702,-2.853418827,-2.004573107,1.755393386,2.660681009
hjcdik,82,1.189230561,-0.3455597162,0.1784331948,-2.474933624,2.897500038,3.32455349,-1.113009095
hjcdik,82,1.378289104,-0.4402962029,0.1841559559,-2.868155956,1.065625191,3.334293365,0.8730022311
hjcdik,82,1.109443665,-0.3499163687,0.1102860048,-2.476580858,-2.876581907,3.324454069,-1.727398276
hjcdik,82,-2.654234409,0.7977790236,-2.131803989,-2.780528545,1.708622813,2.771714926,0.505392015
hjcdik,82,1.11245358,-0.3494015932,0.11322207,-2.474934101,-2.897500038,3.324553251,-1.702195644
hjcdik,82,0.2167799324,-1.284965873,1.1920228,-2.812177181,1.824994802,2.284099817,0.6332390308
hjcdik,82,-0.5866997838,1.762799978,1.906258821,-2.853418827,-2.004573107,1.755393386,2.660681009
hjcdik,82,1.28208971,-0.3843672574,0.2864490747,-2.649687767,1.971445203,3.306012392,-0.02290965803
hjcdik,82,-1.048006535,0.4357882142,2.697868586,-2.744519234,1.48062396,3.593099833,0.3623232245
hjcdik,82,0.05738971755,-1.761117697,1.258370161,-2.845782518,1.969207644,1.84128952,0.7741261125
hjcdik,82,0.5276131034,-0.7527164817,0.9780597091,-2.777373791,1.698849082,2.820199966,0.4927973747
hjcdik,82,0.5603799224,-0.7196847796,0.9516620636,-2.774978638,1.691812038,2.856430292,0.4832469821
hjcdik,82,0.7988446951,-0.5509278178,0.7485895157,-2.760254622,1.659811378,3.056925058,0.4247120023
hjcdik,82,1.073506713,-0.481590122,0.04788083211,-2.936518908,-0.6424231529,3.324517012,2.232414007
hjcdik,82,2.554893017,-1.762799978,-1.235334039,-2.853418827,-2.004573107,1.755393386,2.660681009
hjcdik,82,0.2826910317,-1.130106807,1.154156327,-2.802171946,1.785640717,2.434186459,0.5924604535
hjcdik,82,0.3206563294,-1.052687883,1.130090117,-2.797221422,1.766891718,2.510589361,0.5724237561
hjcdik,82,1.178667784,-0.4924580157,0.0959475711,-2.975017071,-0.08724928647,3.320659399,1.800092459
hjcdik,82,1.274141669,-0.3654541969,0.2510045767,-2.577837467,2.257927179,3.316665649,-0.3521752954
hjcdik,82,1.301862717,-0.4729128182,0.1628279537,-2.943096876,0.5861023664,3.323808193,1.281078339
hjcdik,82,1.11245358,-0.3494015932,0.1132220849,-2.474934101,-2.897500038,3.324553251,-1.702195406
hjcdik,82,-1.186276913,0.4146206975,2.82469511,-2.749779463,1.485733509,3.537853003,0.3831744492
hjcdik,82,0.303106606,-1.087447047,1.141402125,-2.799443245,1.775241017,2.476159334,0.5814061761
hjcdik,82,1.189230561,-0.3455597162,0.1784331501,-2.474933624,2.897500038,3.32455349,-1.113008976
hjcdik,82,1.189230561,-0.3455597758,0.1784331501,-2.474933624,2.897500038,3.32455349,-1.113008857
hjcdik,82,-1.022083163,0.4408633113,2.674253941,-2.743555069,1.47923398,3.604105711,0.358500421
hjcdik,82,1.37655592,-0.4411360919,0.1843024641,-2.870222092,1.055249929,3.333891869,0.8824198246
hjcdik,82,1.11245358,-0.3494016528,0.1132219285,-2.474934101,-2.897500038,3.324553013,-1.702195525
hjcdik,82,-1.263430715,0.4066975117,2.895940304,-2.75296402,1.48657012,3.508944273,0.3957982063
hjcdik,82,-0.7127916813,1.401805043,1.955121279,-2.826090097,-1.882525444,2.088242769,2.77726078
hjcdik,82,1.300446749,-0.4733648598,0.1621332318,-2.944031477,0.5776553154,3.323709726,1.287860155
hjcdik,82,1.001740098,-0.4611315727,0.0388901867,-2.874114037,-1.035439849,3.333163023,2.567666769
hjcdik,82,-1.016482353,0.442009896,2.669160366,-2.743346453,1.478917122,3.606515408,0.3576739132
hjcdik,82,-0.8294523358,1.135017753,2.018765688,-2.807965994,-1.808210969,2.346450567,2.851954222
hjcdik,82,-0.8119518161,1.170473695,2.008222342,-2.810318232,-1.817548037,2.311464787,2.842349768
hjcdik,82,0.8308310509,-0.5352630019,0.7203011513,-2.758416653,1.657753468,3.07774353,0.4174202681
hjcdik,82,2.359549522,-0.5090402365,-0.6821431518,-2.734177828,1.460098386,3.720934391,0.3213074505
hjcdik,82,1.11245358,-0.3494015932,0.1132219434,-2.474934101,-2.897500038,3.324553013,-1.702195644
hjcdik,82,-0.8477074504,1.09969449,2.030097723,-2.805632114,-1.79904294,2.381542683,2.86146307
hjcdik,82,-0.8411031365,0.4881883562,2.511499643,-2.736623287,1.465920091,3.689139128,0.3310117126
hjcdik,82,0.06111394987,-1.748796701,1.257265806,-2.844829321,1.964865804,1.852393866,0.770021975
hjcdik,82,1.058785439,-0.3667874038,0.04751868173,-2.539212465,-2.43755126,3.320138454,-2.25218606
hjcdik,82,0.2566696107,-1.188067794,1.169736862,-2.805891991,1.800059319,2.377615452,0.6075763106
hjcdik,82,1.061704159,-0.3650407791,0.05258246511,-2.532438278,-2.472573757,3.320669174,-2.210743427
hjcdik,82,1.952742338,-0.4143140614,-0.3145259321,-2.749881983,1.485786557,3.536870718,0.3835801184
hjcdik,82,1.189230561,-0.3455597162,0.1784332544,-2.474933624,2.897500038,3.32455349,-1.113008857
hjcdik,82,1.059901834,-0.3993523717,-0.03772084042,-2.662659168,-1.923199177,3.302762508,-2.846993685
hjcdik,82,1.262300014,-0.3593482971,0.2377953678,-2.550582647,2.381568909,3.319202662,-0.4969845414
hjcdik,83,-2.362554789,0.9882259369,1.338544607,-2.136899948,2.897500038,3.49304533,-0.04620074853
hjcdik,83,-2.362554789,0.9882259369,1.338544607,-2.136899948,2.897500038,3.49304533,-0.04620060325
hjcdik,83,-2.362554789,0.9882259369,1.338544607,-2.136899948,2.897500038,3.49304533,-0.04620029405
hjcdik,83,0.6819252372,-0.2460719794,-1.709410191,-2.543047667,1.493183494,2.630856276,1.804261684
hjcdik,83,0.447175175,1.264311433,-1.595348001,-2.610620737,2.164126158,1.338322401,2.08988595
hjcdik,83,0.4484437108,1.578087568,-1.588701725,-2.642754078,2.381491184,1.116655231,2.254906178
hjcdik,83,-1.496141672,0.04172505811,0.4449698329,-2.541496277,1.602372408,2.429634333,1.798231363
hjcdik,83,-2.694700003,-1.041352034,1.553833723,-2.591337681,2.04276228,1.513562799,2.002457857
hjcdik,83,0.4484215379,1.57617259,-1.588822484,-2.642544508,2.379947662,1.117885232,2.253715992
hjcdik,83,-2.124714136,0.07937114686,1.079008102,-2.541207552,1.579294562,2.476000071,1.797110796
hjcdik,83,-1.984475732,0.06345518678,0.9367861152,-2.541275024,1.587763071,2.459199667,1.797372699
hjcdik,83,-2.630581141,1.039250493,1.27521646,-2.619740486,-0.918725431,3.060326815,-2.731523514
hjcdik,83,-1.894546628,0.05674539879,0.8459483981,-2.541320324,1.591605783,2.451493025,1.797548413
hjcdik,83,-2.386964321,1.061206102,1.440380573,-2.172484875,2.570827484,3.51341033,0.2877539098
hjcdik,83,0.02521653101,0.07957882434,-1.085585594,-2.542659998,1.639775515,2.350929976,1.802753329
hjcdik,83,0.4257427156,0.4936779439,-1.527091384,-2.556785583,1.805736184,1.97758162,1.858417034
hjcdik,83,-0.4617013335,0.04528231546,-0.5939958692,-2.541968107,1.620949745,2.391046047,1.800064206
hjcdik,83,0.818315208,-0.890320003,-1.965147138,-2.136899948,-2.897500038,3.49304533,-0.5515632629
hjcdik,83,0.4477733374,1.50483942,-1.59251976,-2.634823084,2.324574947,1.164951801,2.211124897
hjcdik,83,2.530229568,-0.0415924117,2.69803977,-2.541872501,1.61777091,2.397722721,1.799692512
hjcdik,83,0.4472596943,1.379486322,-1.595649362,-2.621803522,2.236390114,1.252826691,2.143958807
hjcdik,83,-2.243207216,0.7499297857,0.9663589001,-2.216737509,-2.310729742,3.550025702,-1.141770959
hjcdik,83,0.7271146178,-0.1890056729,-1.760644436,-2.541870117,1.523911476,2.579107285,1.79968226
hjcdik,83,2.559587002,-0.04219421372,2.668539047,-2.541889668,1.618355155,2.396497965,1.79975903
hjcdik,83,-2.315712214,0.8734275699,1.148784161,-2.143316746,-2.815769434,3.496293068,-0.6357902884
hjcdik,83,-2.603348255,0.8607985377,1.475925326,-2.689111471,0.2853662968,3.139722109,2.622710943
hjcdik,83,0.5508163571,-0.8219961524,-1.620166183,-2.665079832,0.5776153207,3.119094849,2.396267414
hjcdik,83,0.4332925379,-1.343617916,-1.837777257,-2.552547693,-1.373047829,2.794885397,-2.439320803
hjcdik,83,0.4466173947,0.990621686,-1.584872007,-2.587388515,2.017856359,1.554851651,1.985281944
hjcdik,83,-2.381227016,1.042463422,1.416888595,-2.161704063,2.648650408,3.506586313,0.2089934796
hjcdik,83,1.067721605,-0.07258105278,-2.114253283,-2.541230202,1.582834721,2.469008684,1.797198892
hjcdik,83,-2.793828487,-0.2301840782,1.717526317,-2.546452761,1.702777743,2.211205721,1.817553639
hjcdik,83,-0.3377562165,0.04979275167,-0.7187152505,-2.542068958,1.624091744,2.384418011,1.800455451
hjcdik,83,0.5880985856,-0.6427032948,-1.589997411,-2.585637331,1.134838104,2.979868889,1.977734566
hjcdik,83,-2.693619967,-1.530849814,1.550245643,-2.63761735,2.344297886,1.147518158,2.226267099
hjcdik,83,0.7208017707,-1.269193649,-1.547843099,-2.275573254,2.01156354,3.641973495,0.8110343814
hjcdik,83,-2.562788248,0.7022651434,1.554489613,-2.603964329,1.019575477,3.029215336,2.058968782
hjcdik,83,2.687943697,-0.04552945867,2.539498568,-2.541974068,1.621137261,2.390651464,1.800086498
hjcdik,83,-1.693757296,0.04707558453,0.6436646581,-2.541414022,1.597876668,2.438808441,1.797912478
hjcdik,83,-2.415486574,1.202665687,1.560604215,-2.250452042,2.138661385,3.593101501,0.7031670213
hjcdik,83,0.9800291061,-0.6660559177,-2.295029402,-2.263311148,-2.07411027,3.615594864,-1.357046604
hjcdik,83,-2.726082325,1.413740039,1.314964175,-2.547544956,-1.425252199,2.730896711,-2.419599533
hjcdik,83,1.761213303,-0.0397888422,-2.812921047,-2.541541815,1.604594827,2.425074339,1.798407435
hjcdik,83,-2.41430831,1.192727685,1.554751396,-2.245992899,2.161008596,3.586254597,0.6832044125
hjcdik,83,-2.694794655,-1.021086097,1.554936647,-2.589740753,2.032709837,1.530002713,1.995486498
hjcdik,83,0.7533029318,-1.06574595,-1.695820451,-2.175180435,2.552703619,3.515220642,0.3059926629
hjcdik,83,-2.579409599,0.782007277,1.543137431,-2.640458345,0.776883781,3.091424704,2.241971493
hjcdik,83,-0.005596321542,0.07526943833,-1.054262161,-2.542574883,1.637731314,2.355330706,1.802421331
hjcdik,83,-2.422092438,1.370333791,1.631562948,-2.300864458,1.872153997,3.723082066,0.9134514332
hjcdik,83,-0.4040507376,0.0471832715,-0.6519885659,-2.542011976,1.622338653,2.388119221,1.800234556
hjcdik,84,-0.026666319,-1.490588784,-2.403371811,-1.674447656,1.662293077,0.5060945153,0.344856739
hjcdik,84,-1.662962079,1.332268,-0.612864852,-1.674849987,-1.467408538,0.6886588931,2.112988472
hjcdik,84,-2.650525331,1.196124196,0.2651745975,-1.798377156,2.795301199,0.0799825266,0.9602739215
hjcdik,84,0.2585212588,-1.292346954,-2.701794863,-1.717976928,2.125233889,0.2242986262,0.5039696097
hjcdik,84,-1.517231703,1.449954748,-0.778197825,-1.683651328,-1.319397211,0.845312953,2.082813978
hjcdik,84,-2.477576971,1.159019232,0.191997394,-1.79752624,-2.784113169,0.08095830679,1.507474661
hjcdik,84,-0.2154716104,-1.703019977,-2.191797733,-1.677500844,1.409114838,0.749086678,0.355212301
hjcdik,84,-2.413005114,1.152904153,0.1532720327,-1.77681911,-2.569485188,0.1071112007,1.667629957
hjcdik,84,1.666544199,-1.492220402,2.315345526,-1.687608242,-1.274176598,0.8946539164,2.068954706
hjcdik,84,-1.891629338,1.216239452,-0.3572042286,-1.675787807,-1.697764993,0.4767996371,2.109813929
hjcdik,84,-1.346516132,1.649193525,-0.9726506472,-1.704020143,-1.124105811,1.057683587,2.009271145
hjcdik,84,-1.85772872,1.229112744,-0.3946977854,-1.674447179,-1.662283421,0.5061029196,2.114346981
hjcdik,84,-1.426328778,1.546404719,-0.8817802668,-1.693027735,-1.219805837,0.9541394114,2.049654961
hjcdik,84,0.1070869118,-1.383245945,-2.548462868,-1.686584234,1.856269836,0.362161845,0.3866422772
hjcdik,84,-2.840212822,1.271171093,0.4001757205,-1.730773687,2.218381882,0.1903610229,0.5568256974
hjcdik,84,-1.915431738,1.207989097,-0.3309919536,-1.677005291,-1.723208904,0.4566014707,2.105678558
hjcdik,84,-0.05640791729,-1.518780708,-2.370417833,-1.673441768,1.621827722,0.5410951972,0.3414663374
hjcdik,84,-2.501784801,1.162201047,0.2038876712,-1.803715706,-2.875096798,0.07401568443,1.437575459
hjcdik,84,1.664298654,-1.489865303,2.317904949,-1.687381029,-1.276623607,0.8919773698,2.069756985
hjcdik,84,1.427074671,-1.299637437,2.586855888,-1.673466444,-1.51838696,0.6377103925,2.117652178
hjcdik,84,-1.362608671,1.626953602,-0.9543558955,-1.701581717,-1.144186974,1.036185861,2.018380642
hjcdik,84,-2.802352428,1.253840327,0.36729303,-1.743478894,2.309803009,0.1625592858,0.6132672429
hjcdik,84,1.736452937,-1.571911573,2.235663652,-1.695682287,-1.195291162,0.9808798432,2.040059805
hjcdik,84,-2.804167986,1.25464344,0.3688173294,-1.742842555,2.305197239,0.1638415307,0.6103287935
hjcdik,84,-2.790405273,1.248621464,0.3574066758,-1.747730017,2.340713024,0.1542565972,0.6332274079
hjcdik,84,1.457378983,-1.318305612,2.552716255,-1.674171329,-1.488440871,0.6674025059,2.115279198
hjcdik,84,0.1774103194,-1.337594032,-2.621683598,-1.698579669,1.97190392,0.2948303223,0.4297275543
hjcdik,84,-0.06508676708,-1.52734077,-2.360767126,-1.673256516,1.610121369,0.5515261889,0.3408428133
hjcdik,84,-2.829755306,1.266260266,0.3908740282,-1.734158158,2.242700338,0.1824661195,0.5714336634
hjcdik,84,0.02825816721,-1.442889214,-2.463657141,-1.677867293,1.739021659,0.4443951249,0.3564610779
hjcdik,84,-2.421985149,1.153570771,0.1592677236,-1.779886365,-2.59688139,0.1029174775,1.647674203
hjcdik,84,-1.625478864,1.358743787,-0.6552609205,-1.676417112,-1.430125833,0.7270712852,2.107677698
hjcdik,84,-2.890489817,1.296192169,0.4468732178,-1.715941668,2.110071898,0.2304171473,0.4958735406
hjcdik,84,-2.853613138,1.277606726,0.4123172164,-1.726584792,2.188175917,0.2007048875,0.5391275287
hjcdik,84,-2.777084827,1.242939115,0.3466946781,-1.752585411,2.376457691,0.1452899128,0.6568011642
hjcdik,84,-1.319532514,1.688333511,-1.003272772,-1.708371282,-1.089394569,1.094429731,1.992782235
hjcdik,84,-2.742525339,1.22885263,0.3205924332,-1.765591264,2.476028681,0.1235891953,0.7249138951
hjcdik,84,-1.313581944,1.69728756,-1.010014653,-1.709375501,-1.081551552,1.102650285,1.988930464
hjcdik,84,-1.705430388,1.305085897,-0.5649660826,-1.673645377,-1.509407163,0.6465402246,2.117050409
hjcdik,84,1.718021393,-1.549654961,2.256669283,-1.693362594,-1.216647625,0.9575892091,2.048449039
hjcdik,84,-1.353546619,1.639378309,-0.9646602869,-1.702940583,-1.13293314,1.048253059,2.013315201
hjcdik,84,1.276985407,-1.226391196,2.75451684,-1.674682856,-1.669418454,0.5001048446,2.113551855
hjcdik,84,-2.188800097,1.1534729,-0.04140126333,-1.711464047,-2.076168537,0.244745791,1.980870605
hjcdik,84,-0.1938703209,-1.674296856,-2.216209173,-1.676038027,1.438220263,0.7186574936,0.3502376974
hjcdik,84,-2.115997553,1.161447167,-0.1156016886,-1.697979927,-1.96669209,0.2975873947,2.031675339
hjcdik,84,0.2373735309,-1.303456664,-2.681475163,-1.71231544,2.082679033,0.241923511,0.481638819
hjcdik,84,0.07561026514,-1.405905724,-2.514886141,-1.682536721,1.808190703,0.3941290677,0.3725189865
hjcdik,84,0.2169480026,-1.314632535,-2.661441088,-1.70725584,2.043422937,0.2594676018,0.4621657431
hjcdik,84,0.04389703646,-1.430272222,-2.480661869,-1.679226875,1.761501312,0.427500546,0.3611120284
hjcdik,84,1.151961327,-1.186192393,2.891599417,-1.682382345,-1.806195736,0.3955077231,2.087218523
hjcdik,85,-0.8107119203,-0.7096163034,-1.260664701,-1.328978419,2.1077106,0.4959044158,0.3458082378
hjcdik,85,0.2545417845,-1.550423622,-0.07400649041,-1.389039159,0.4452378452,1.485368371,0.6275057197
hjcdik,85,-0.727704227,-0.8504557014,-1.152138591,-1.308597565,1.861154914,0.6157618165,0.278958708
hjcdik,85,-0.5832861066,-1.05592978,-0.9623479843,-1.299289346,1.53800571,0.8147535324,0.2508004606
hjcdik,85,2.510037661,0.9927297831,2.116889,-1.299639225,1.634920835,0.7507957816,0.2518368959
hjcdik,85,2.176135302,0.413469255,1.72829628,-1.394474983,2.767586946,0.3167749345,0.6694734693
hjcdik,85,0.6225199103,-1.520850539,0.2520745397,-1.408155322,0.03200254962,1.562966108,0.8814985156
hjcdik,85,-1.785306692,1.029150486,-2.231472254,-1.339648485,-0.9302584529,1.23843348,1.419155121
hjcdik,85,1.099227786,-1.278329492,0.6663234234,-1.378786206,-0.5605031848,1.440511107,1.241282463
hjcdik,85,0.7805817127,-1.467981696,0.3880021274,-1.405817509,-0.1549740136,1.553851008,0.9995648861
hjcdik,85,-0.9378349781,-0.4684775472,-1.393950462,-1.383053541,2.626898289,0.3392281234,0.5877421498
hjcdik,85,-0.9086720943,-0.525650084,-1.369456053,-1.369660854,2.48971653,0.3688155115,0.5133109093
hjcdik,85,1.023474574,-1.334388494,0.5987309217,-1.38782692,-0.4599189758,1.480193973,1.184518695
hjcdik,85,1.270319462,-1.123278141,0.8254310489,-1.35371089,-0.8006399274,1.318144083,1.363316417
hjcdik,85,-0.9710577726,-0.4021862447,-1.41680789,-1.396516919,2.797414303,0.3129893839,0.6873566508
hjcdik,85,1.068347216,-1.302066922,0.6386054754,-1.382650256,-0.5191341639,1.45771575,1.218274117
hjcdik,85,0.2528319359,-1.550262094,-0.0755751878,-1.388885498,0.4471226335,1.484713435,0.6264106631
hjcdik,85,0.6906512976,-0.004633118398,2.896058083,-1.363616109,-2.4323318,0.3835811317,1.319443464
hjcdik,85,1.760949731,-0.02285238542,1.806376576,-1.358773112,-2.38739109,0.3961695731,1.341452718
hjcdik,85,1.089272618,-0.005772908218,2.495299101,-1.363073707,-2.427259684,0.3849560916,1.321967721
hjcdik,85,-2.287983656,1.434796929,-2.690789938,-1.402253866,-0.2441732436,1.5397681,1.055109859
hjcdik,85,0.9928438067,-0.005365386605,2.592343092,-1.363229513,-2.428715944,0.384560287,1.321244001
hjcdik,85,0.1015501916,-0.004630858544,-2.795580387,-1.364239454,-2.438171387,0.3820120096,1.316524744
hjcdik,85,-0.939412415,-0.4653602242,-1.395153165,-1.383751512,2.634648085,0.3377888501,0.5921161175
hjcdik,85,1.065328121,-1.304321527,0.6359081864,-1.383015394,-0.5151175261,1.45932126,1.216014147
hjcdik,85,-0.4644212127,-0.006808789913,-2.226150751,-1.365125179,-2.446496725,0.3798009455,1.312341332
hjcdik,85,-0.03962183744,-1.479363203,-0.3545532823,-1.356640339,0.7738134861,1.333566308,0.4527193308
hjcdik,85,2.22791934,0.5159054995,1.767632365,-1.371994495,2.512430668,0.3633680046,0.5252127647
hjcdik,85,-0.6854307652,-0.9157730937,-1.09578228,-1.303048968,1.755328298,0.6761786938,0.2620185316
hjcdik,85,0.490714699,-1.54616034,0.1374724805,-1.404874802,0.1826755106,1.550147772,0.7866173983
hjcdik,85,-0.1561263651,-1.424945116,-0.4729272425,-1.341703892,0.9110339284,1.250752687,0.3921318948
hjcdik,85,0.5645158887,-1.534040093,0.2018557191,-1.407263756,0.09881745279,1.559499502,0.8392728567
hjcdik,85,1.636894584,-0.6344611049,1.222131848,-1.301403999,-1.431107163,0.8884252906,1.546435714
hjcdik,85,1.58555913,-0.7176968455,1.159817696,-1.305922747,-1.326188803,0.9628161192,1.532785892
hjcdik,85,1.319218874,-0.007378744427,2.263345003,-1.362565756,-2.422522306,0.3862509727,1.324316263
hjcdik,85,-0.7491996288,-0.815557301,-1.180742145,-1.312580466,1.919578791,0.5846564174,0.2914252877
hjcdik,85,1.076024175,-0.005710127298,2.508637667,-1.363096118,-2.42747283,0.3848982751,1.321861863
hjcdik,85,1.790300012,-0.3474647701,1.429710746,-1.306170702,-1.819957495,0.6386714578,1.532028198
hjcdik,85,-0.8757352829,-0.5891188979,-1.336850166,-1.354515314,2.348316193,0.4078646004,0.4436063766
hjcdik,85,2.193053484,0.4472732544,1.739720821,-1.387700081,2.680156231,0.3298192024,0.6181226969
hjcdik,85,0.253028512,-1.55028069,-0.0753948465,-1.388903141,0.4469060004,1.484788656,0.6265364885
hjcdik,85,-0.7995446324,-0.7294896841,-1.24651432,-1.325422525,2.07098937,0.5118429661,0.3335567117
hjcdik,85,-0.6761569381,-0.9295173883,-1.083461642,-1.30219543,1.733540773,0.6892384887,0.2594513595
hjcdik,85,0.9217969775,-1.398516059,0.5097516775,-1.397480011,-0.3292979002,1.520526648,1.10717845
hjcdik,85,-0.9753562808,-0.3934876919,-1.41942203,-1.398003221,2.820613623,0.3102737069,0.7013776898
hjcdik,85,-0.8652604222,-0.6090112329,-1.325502753,-1.34991467,2.306230307,0.421253562,0.4244696796
hjcdik,85,1.362782836,-1.021565437,0.9166833162,-1.338575482,-0.9403656125,1.231894374,1.423164725
hjcdik,85,-2.111884356,1.330049157,-2.53734827,-1.387139559,-0.4680845737,1.477246881,1.189227223
hjcdik,85,-2.021749973,0.005927515682,-0.6770797968,-1.363018751,-2.426749229,0.3850952983,1.322221041
hjcdik,85,0.3123572171,-1.554247975,-0.02131343447,-1.393943191,0.381459415,1.505972385,0.6650316119
hjcdik,86,1.382203817,1.47660625,0.3398224115,-1.017153859,2.874234915,0.4368158281,1.061394811
hjcdik,86,-1.140212417,-1.594958186,2.441361666,-0.9310657978,-1.788612723,0.7263412476,1.656582713
hjcdik,86,1.180058479,1.606792569,0.6976886988,-0.9661259651,2.26751256,0.5556885004,0.8206902742
hjcdik,86,1.294734836,1.519624233,0.4786379933,-0.999309957,2.618150711,0.4720532,0.9465712309
hjcdik,86,-1.870135546,-1.534199357,-2.622589588,-0.9931569099,2.548703194,0.4854575396,0.9183283448
hjcdik,86,1.062936068,1.752445102,1.002363086,-0.9344162345,1.861264348,0.6969883442,0.7352203727
hjcdik,86,-1.17775774,-1.564247489,2.526896477,-0.9358259439,-1.887263536,0.6867476106,1.645310998
hjcdik,86,1.962019682,1.562877893,-0.6106888056,-0.9360923171,-1.891957521,0.6849138737,1.644671202
hjcdik,86,1.636688232,1.438763142,-0.02518191561,-1.006621122,-2.7087152,0.4570182562,1.398456335
hjcdik,86,1.379291654,1.477761507,0.3441863954,-1.016721487,2.865819931,0.4376141429,1.057409644
hjcdik,86,1.233407021,1.561233521,0.5890610218,-0.9822718501,2.433594227,0.5111799836,0.8749200106
hjcdik,86,-1.086702943,-1.647991657,2.309051991,-0.927112937,-1.640830517,0.7890614867,1.665673256
hjcdik,86,1.176923394,1.609785914,0.7045178413,-0.9651724696,2.257523537,0.5586320758,0.8177677393
hjcdik,86,1.257149339,1.543880224,0.5447149277,-0.9891650081,2.505674124,0.494566828,0.9015830159
hjcdik,86,1.377874136,1.478329778,0.3463157713,-1.016507864,2.861720562,0.4380115271,1.055472136
hjcdik,86,1.600803256,1.43706584,0.02776894532,-1.013107538,-2.802680254,0.4443875253,1.356012106
hjcdik,86,-1.353513956,-1.470372438,2.871878386,-0.9718351364,-2.326584339,0.5388882756,1.545130253
hjcdik,86,1.323622942,1.503443122,0.4307800829,-1.00622654,2.703513384,0.4578063786,0.9831590056
hjcdik,86,-1.368139148,-1.465535283,2.897300005,-0.9753707051,-2.362807274,0.529109776,1.533373237
hjcdik,86,1.736995935,1.455189943,-0.1827446073,-0.9841998219,-2.453542233,0.5064140558,1.501786828
hjcdik,86,1.927689314,1.538800001,-0.536927402,-0.9416633248,-1.979693532,0.6515513062,1.630970001
hjcdik,86,1.595774174,1.437003136,0.03507840261,-1.013922691,-2.815977812,0.442845583,1.349856138
hjcdik,86,1.583319187,1.437036633,0.05307775736,-1.015825152,-2.849048853,0.4392780066,1.334404349
hjcdik,86,-1.185595274,-1.558407903,2.544116259,-0.9369950891,-1.907484412,0.6788838506,1.642485976
hjcdik,86,-1.960802436,-1.606099367,-2.445490122,-0.9663487673,2.269839764,0.5550069213,0.8213767409
hjcdik,86,2.089832544,1.690235734,-0.9277075529,-0.9267566204,-1.537307024,0.835018158,1.666481376
hjcdik,86,1.289545178,1.522751451,0.4874888957,-0.9979786277,2.602722883,0.4748914242,0.9401727915
hjcdik,86,1.068089128,1.744078279,0.9860380888,-0.935495615,1.881354213,0.6890627146,0.7378031015
hjcdik,86,-2.039581776,-1.694583416,-2.254609823,-0.9436020851,2.006796598,0.6416066885,0.7578329444
hjcdik,86,1.611824274,1.437353015,0.01166097447,-1.011238098,-2.773652077,0.4479644299,1.369328856
hjcdik,86,1.143587589,1.644130945,0.7807591558,-0.9551860094,2.149191856,0.5923961401,0.788667798
hjcdik,86,1.662490249,1.441339612,-0.06424622238,-1.001330614,-2.642102957,0.4678059518,1.427266479
hjcdik,86,-1.288148522,-1.497101903,2.752659798,-0.9565988183,-2.165068388,0.5872416496,1.591273904
hjcdik,86,1.131782889,1.657507062,0.8095223904,-0.9517660141,2.109725475,0.6055059433,0.7792681456
hjcdik,86,2.120257854,1.733732224,-1.018620729,-0.9282541275,-1.440088391,0.8793424368,1.663071036
hjcdik,86,-1.910673499,-1.563149333,-2.547755003,-0.981533289,2.425986767,0.5130311847,0.8722119331
hjcdik,86,1.380267859,1.477372169,0.3427218497,-1.016867995,2.868641615,0.437343657,1.058744311
hjcdik,86,-1.915044546,-1.56656158,-2.539299488,-0.9802315235,2.412591934,0.5163345933,0.8674935102
hjcdik,86,1.218050003,1.573369503,0.6189702153,-0.9776800275,2.386442184,0.5229482055,0.8584707975
hjcdik,86,1.082841277,1.721449733,0.941304028,-0.9388259053,1.937222004,0.6674835086,0.7458937168
hjcdik,86,1.971320987,1.570001602,-0.6313399673,-0.9347621202,-1.867841482,0.6943841577,1.647859097
hjcdik,86,1.090290666,1.710695028,0.9197248816,-0.9406273365,1.964622736,0.6571567059,0.7503492236
hjcdik,86,1.212034464,1.578328967,0.6309685111,-0.9758627415,2.367842913,0.5277824402,0.8522064686
hjcdik,86,2.074486732,1.670805216,-0.8848816156,-0.9266657829,-1.583648443,0.8142668009,1.666685462
hjcdik,86,1.669408679,1.442223549,-0.07487859577,-0.9998395443,-2.624368429,0.4709320664,1.434736609
hjcdik,86,1.364701748,1.483823895,0.3662733436,-1.014372945,2.823545456,0.4419963062,1.037567735
hjcdik,86,1.156139493,1.630634308,0.7512337565,-0.9589010477,2.190476179,0.5791378617,0.7991926074
hjcdik,86,1.875974774,1.508387208,-0.4323215783,-0.9517226219,-2.109218836,0.6056770682,1.60475421
hjcdik,86,1.83906734,1.490476131,-0.3618858159,-0.9598328471,-2.200614214,0.5759544969,1.582022071
hjcdik,86,1.390268445,1.473502278,0.3278076947,-1.018284082,2.897500038,0.4347378314,1.072470546
hjcdik,87,0.6560836434,0.5836763382,-1.800745964,-0.579641521,-2.390055895,0.7188926935,1.922008157
hjcdik,87,-0.2856062353,0.8529259562,2.61560607,-0.6384320855,0.09479758888,1.211506009,1.698367596
hjcdik,87,-2.428832293,-0.4806673229,1.578360319,-0.6206671596,-2.746204138,0.6590758562,1.844261289
hjcdik,87,-0.3887827992,0.7939969897,2.443128586,-0.6267461777,0.3228344321,1.191106439,1.630905151
hjcdik,87,2.748667717,-0.7910885215,-0.7061825991,-0.6259772778,0.3328327835,1.189748406,1.628123403
hjcdik,87,-2.508553743,-0.60985291,1.275649309,-0.56683743,-2.292556286,0.7393376231,1.936987877
hjcdik,87,-0.2003590167,0.8856167793,2.742038727,-0.6388413906,-0.07580050081,1.212220192,1.751219153
hjcdik,87,-0.4714628458,0.7242026329,2.265697479,-0.6050780416,0.5463880301,1.152884245,1.574012518
hjcdik,87,-0.1347670853,0.9025534391,2.835741758,-0.6344258189,-0.2025358826,1.204517722,1.789763093
hjcdik,87,2.744274616,-0.7879393101,-0.7144805193,-0.625118196,0.343551755,1.188246608,1.625164628
hjcdik,87,-2.562582016,-0.6606370211,1.135838509,-0.5410748124,-2.089305401,0.7849746346,1.959582448
hjcdik,87,0.6924985051,0.5305197835,-1.676656961,-0.6030682325,-2.577789545,0.683873117,1.88533926
hjcdik,87,0.4013120532,0.2587096989,-0.6475869417,-0.6152499318,2.689680815,0.6665894389,1.596612215
hjcdik,87,0.7171828151,0.4374774098,-1.460318685,-0.631673038,-2.889812231,0.644100666,1.804269671
hjcdik,87,-0.291903913,0.8499882221,2.605870962,-0.638097167,0.1078563184,1.210923433,1.694353819
hjcdik,87,-0.5017035007,0.6897642612,2.179832697,-0.5927278399,0.6493578553,1.130800366,1.552130222
hjcdik,87,-2.531225681,-0.6325733066,1.215632081,-0.5553269982,-2.204227924,0.7587906122,1.948185802
hjcdik,87,0.6595034003,0.5794427395,-1.790524721,-0.581651032,-2.405460119,0.7157824039,1.919387221
hjcdik,87,2.738665581,-0.7838410139,-0.7252144217,-0.6239856482,0.357382983,1.18625319,1.621378422
hjcdik,87,-0.257587105,0.8650900126,2.658126116,-0.6393934488,0.03759333119,1.213178754,1.716051102
hjcdik,87,-0.3778841197,0.8014388084,2.463078976,-0.6286723614,0.2969050705,1.194470167,1.638200998
hjcdik,87,-0.5119231939,0.6762640476,2.145803213,-0.5877059102,0.689165473,1.12171793,1.544481516
hjcdik,87,-2.487863541,-0.5865340233,1.333899975,-0.5782767534,-2.379604578,0.7210219502,1.923747659
hjcdik,87,-0.09233293682,0.909958303,2.89613986,-0.6295846105,-0.2839523852,1.196058154,1.813553929
hjcdik,87,-2.424945831,-0.4594559073,1.627915859,-0.6266039014,-2.816800356,0.650949657,1.825085521
hjcdik,87,-0.4708220959,0.7248591185,2.267331123,-0.6053022146,0.5443925261,1.153287768,1.574466467
hjcdik,87,-0.2196515352,0.6502674222,2.186848879,-0.3002823591,0.4647819698,1.044004202,1.66166234
hjcdik,87,2.844850063,-0.5798045397,-1.349625707,-0.3149525225,0.8977081776,1.008719802,1.606603384
hjcdik,87,2.662506104,-0.7161572576,-0.8958986402,-0.6022666097,0.5706986785,1.147878885,1.568578243
hjcdik,87,2.621212006,-0.6640736461,-1.026830196,-0.5830991268,0.7249732018,1.113333702,1.537999511
hjcdik,87,-0.3358481228,0.8272559643,2.535579443,-0.6344702244,0.2015849799,1.204599142,1.665963888
hjcdik,87,2.709307432,-0.7606564164,-0.7846975327,-0.6171048284,0.4331807792,1.174164057,1.601358175
hjcdik,87,-0.313046068,0.8395521045,2.572614908,-0.6366410851,0.1523347199,1.20838654,1.680777311
hjcdik,87,2.670104265,-0.724173665,-0.8759662509,-0.6050657034,0.5464733243,1.152866006,1.573993802
hjcdik,87,-0.196105063,0.8869233727,2.748168468,-0.63867414,-0.08409547061,1.211928129,1.753778934
hjcdik,87,2.653380871,-0.7059996128,-0.9211772084,-0.5986439586,0.601138711,1.141419172,1.562006354
hjcdik,87,-0.3318692744,0.8294824958,2.542140484,-0.6348950863,0.1928843707,1.20534122,1.66856122
hjcdik,87,2.598666668,-0.6244910955,-1.13057816,-0.5678593516,0.8412324786,1.08506155,1.519553542
hjcdik,87,-0.09183611721,0.910027802,2.89684844,-0.629517138,-0.2849057615,1.195942521,1.813826084
hjcdik,87,2.801246643,-0.824695766,-0.6134858727,-0.6339648962,0.2114809304,1.203716636,1.663021207
hjcdik,87,-0.4285703301,0.7637585402,2.36475873,-0.618062377,0.423242867,1.175853729,1.603910327
hjcdik,87,-0.2657993734,0.6137074232,1.973491549,-0.307430774,0.7014250755,1.027512908,1.63025105
hjcdik,87,-0.315323174,0.8383739591,2.568974972,-0.6364530325,0.157189548,1.208058357,1.679305792
hjcdik,87,2.632922411,-0.6806900501,-0.9845973849,-0.5893606544,0.6761354208,1.124719381,1.546934962
hjcdik,87,2.725353718,-0.7736952901,-0.751465857,-0.6210570931,0.3910106719,1.181121469,1.612342
hjcdik,87,-0.4505302012,0.7445849776,2.316486835,-0.6119576097,0.4838087261,1.165085912,1.588727713
hjcdik,87,2.693703175,-0.7469990849,-0.8190630674,-0.6127464771,0.4762833118,1.166481853,1.590565562
hjcdik,87,2.863897085,-0.8565067649,-0.513859272,-0.6387874484,0.07850707322,1.212127447,1.703388572
hjcdik,87,2.642151833,-0.6926019192,-0.9546440244,-0.5937725306,0.6409612298,1.132681489,1.553802013
hjcdik,87,-0.538197577,0.6339924932,2.036410332,-0.5715416074,0.813254118,1.091983199,1.523630619
hjcdik,88,0.3881380856,0.3677048981,-1.802689195,-0.0821377933,2.448387146,1.18779707,2.268190622
hjcdik,88,-2.056861162,-0.6367238164,0.5735670328,-0.8209209442,2.489082336,0.9074382782,2.080576658
hjcdik,88,-0.3188717365,-0.1172517836,0.491784513,-0.8069774508,0.8223260045,1.459596395,2.04019022
hjcdik,88,-1.939908147,-0.5831333995,0.6475800276,-0.8038774729,2.281261444,0.9599657059,2.032244444
hjcdik,88,-2.1130054,0.1321427077,2.600534439,-0.8322873712,0.5042397976,1.545090318,2.121878862
hjcdik,88,0.9646776319,0.686614871,-2.640775204,-0.8370696306,2.707395077,0.8652840853,2.14310813
hjcdik,88,1.92542243,-0.3389583826,-0.9061233997,-0.8520263433,-0.04618776217,1.602232218,2.306880236
hjcdik,88,-0.7756860852,-0.1599524319,0.789409399,-0.7944988012,0.9800578356,1.408204794,2.009922981
hjcdik,88,2.371574879,-0.5475156903,-0.7865408659,-0.8246676326,-0.6054418087,1.521159887,2.487905502
hjcdik,88,1.852314472,-0.3093385696,-0.9044880271,-0.852144599,0.02754551545,1.60255754,2.280744314
hjcdik,88,2.584026575,-0.6421673298,-0.6576497555,-0.79919976,-0.9188812971,1.428655624,2.560209513
hjcdik,88,2.061676741,0.2199669331,-2.228966951,-0.7825325131,1.157537341,1.346168637,1.984508276
hjcdik,88,-2.021651268,-0.6210334897,0.5955944061,-0.8157691956,2.42592001,0.9222444296,2.064646006
hjcdik,88,1.087387562,-0.1376211196,-0.5811297894,-0.833645463,0.485026449,1.549230576,2.127600908
hjcdik,88,-0.9183411598,0.4763490856,2.291450739,-0.8391036987,-0.4019814432,1.56552887,2.427821159
hjcdik,88,1.191234946,-0.1490912288,-0.648645997,-0.8361872435,0.4476757348,1.556887865,2.138945103
hjcdik,88,0.4204360247,-0.1042383537,-0.08231212199,-0.8206067681,0.6564158201,1.507852435,2.079560995
hjcdik,88,-2.024041891,0.1407032907,2.54039526,-0.8343638778,0.474657923,1.551408172,2.130721331
hjcdik,88,1.059544921,-0.1349421144,-0.5623059273,-0.8329943419,0.4942822456,1.547252655,2.124834776
hjcdik,88,-1.462859869,-0.3538655043,0.9031444788,-0.7698626518,1.540081978,1.206604719,1.960552335
hjcdik,88,1.242355347,0.5636531711,-2.467942953,-0.7982448936,2.21050334,0.9801372886,2.01855135
hjcdik,88,-2.78896594,-0.3238688409,2.412110567,-0.08261685073,1.403868079,1.222427964,2.255860329
hjcdik,88,1.090708852,0.6340911984,-2.564306736,-0.8200526834,2.478328705,0.9098818898,2.077790737
hjcdik,88,2.815587044,0.1176444367,-2.644595623,-0.8068205118,0.8242413402,1.459000707,2.039779902
hjcdik,88,0.2047849149,0.3199576735,0.457060039,-0.08190122247,0.3644850552,1.250994444,2.278096199
hjcdik,88,-2.836054087,-0.8239677548,0.0885386765,-0.8112353683,-2.37095499,0.93598032,2.529369831
hjcdik,88,-2.190353394,-0.6918098927,0.4929073751,-0.8386362791,2.73205924,0.8614779115,2.150816441
hjcdik,88,-2.026299953,0.1404658109,2.541885376,-0.8343097568,0.4754469693,1.55124414,2.13048315
hjcdik,88,-2.212596416,-0.7002199292,0.4799093306,-0.8410813808,2.772960186,0.8556224704,2.163844585
hjcdik,88,-2.042967319,-0.6305834651,0.5822259188,-0.8188961148,2.464103699,0.9131640792,2.074151754
hjcdik,88,-0.8868557215,0.491573602,2.303041935,-0.8364338875,-0.4439543784,1.557622313,2.440929413
hjcdik,88,-1.609875679,-0.421521306,0.8440591693,-0.7720835209,1.742725968,1.133586287,1.964563966
hjcdik,88,-2.797703028,-0.3217042685,2.4976933,-0.08259062469,1.326736689,1.225251436,2.256424189
hjcdik,88,1.046614885,0.6532024145,-2.591534376,-0.8263653517,2.557945013,0.8925707936,2.099106312
hjcdik,88,-1.828865886,-0.529275775,0.7184579968,-0.7893608212,2.090398073,1.016577601,1.998633027
hjcdik,88,0.108375527,-0.1038350686,0.1645129025,-0.8152326345,0.7222209573,1.489557028,2.063054085
hjcdik,88,-2.049044847,-0.6332783699,0.5784322619,-0.8197845817,2.475022078,0.9106395245,2.076939821
hjcdik,88,-1.566280961,0.219611153,2.297303677,-0.8468423486,0.2526398301,1.58779645,2.202243567
hjcdik,88,0.9771158099,0.6817335486,-2.633414984,-0.8355662823,2.684602022,0.8689813614,2.136089325
hjcdik,88,-1.942783237,0.1500279754,2.48820734,-0.8363810182,0.4447567761,1.557464361,2.139843464
hjcdik,88,-1.583882809,-0.4091186523,0.856390357,-0.7711891532,1.704836488,1.147060156,1.962936997
hjcdik,88,1.106989741,0.6268535852,-2.554131985,-0.8176699877,2.449099064,0.9166861176,2.070370436
hjcdik,88,0.04897516593,-0.1046646908,0.2112079263,-0.8141800761,0.7349921465,1.485870838,2.059983969
hjcdik,88,-2.017306328,-0.619068563,0.5983310938,-0.8151299953,2.418158293,0.9241376519,2.062761545
hjcdik,88,-1.989982843,-0.6065765619,0.6156204343,-0.8111162186,2.369525909,0.936348021,2.051324129
hjcdik,88,-0.9074733853,0.4816055596,2.295334339,-0.8382098675,-0.4163908064,1.562892675,2.43235898
hjcdik,88,-2.120978832,-0.6641155481,0.534239769,-0.8299427032,2.605177164,0.8831866384,2.112478256
hjcdik,88,1.091944933,0.6335445046,-2.563535929,-0.8198716044,2.47610569,0.9103911519,2.077218533
hjcdik,88,1.05827713,0.6482184529,-2.584379911,-0.8247193694,2.536824465,0.896984756,2.093298435
hjcdik,88,-0.7683887482,0.5482841134,2.355875731,-0.8244864345,-0.607753396,1.520573854,2.488533974
hjcdik,89,1.081521869,-1.546820521,0.9496443868,-2.661859751,0.2607748806,1.562081099,1.911057472
hjcdik,89,1.241759658,-1.342448592,0.8850355148,-2.671251774,0.0998878032,1.60661602,2.11615634
hjcdik,89,1.66799438,-0.9704002142,0.6108338833,-2.663381577,-0.2423442155,1.569386482,2.546455622
hjcdik,89,1.613284111,-1.004609466,0.6503638625,-2.665928364,-0.2076032609,1.581535459,2.501665592
hjcdik,89,1.431185842,-1.145672202,0.7749320269,-2.671999931,-0.07262220234,1.610107541,2.331235886
hjcdik,89,1.155063868,-1.4494313,0.9242142439,-2.667272329,0.1865272671,1.587908626,2.006772041
hjcdik,89,1.328127503,-1.246165037,0.8382217288,-2.672787905,0.01757468842,1.6137743,2.218874216
hjcdik,89,-1.964726925,1.4216398,-2.22637248,-2.668516874,0.1645219773,1.593784809,2.034741402
hjcdik,89,1.075133204,-1.555501223,0.9514672756,-2.661303282,0.2671727538,1.559401155,1.902691364
hjcdik,89,-1.826242805,1.259721279,-2.296036959,-2.672699928,0.029406555,1.613364816,2.204143286
hjcdik,89,-1.833157539,1.267158151,-2.292122841,-2.672633171,0.03586371988,1.613054276,2.196101427
hjcdik,89,1.360745192,-1.212659478,0.8189435005,-2.672814131,-0.01200808398,1.613895774,2.255692959
hjcdik,89,-2.00612855,1.474871874,-2.209836245,-2.666012049,0.2063559145,1.58193326,1.981429696
hjcdik,89,1.276229858,-1.302722812,0.8671637177,-2.67213726,0.06641384959,1.610746264,2.158012152
hjcdik,89,-1.908426404,1.352612495,-2.252288818,-2.670971155,0.1083406806,1.605305076,2.105559826
hjcdik,89,0.7410342693,1.392984271,2.323490858,-2.451375961,-0.7509742975,0.5123790503,-2.309601068
hjcdik,89,1.069453359,-1.563243151,0.9530331492,-2.660797596,0.2728478909,1.55696106,1.895252585
hjcdik,89,1.00291121,-1.655186057,0.9673658609,-2.654137135,0.3380181491,1.524488568,1.808426261
hjcdik,89,1.58964467,-1.020487428,0.6671973467,-2.666949987,-0.1918041706,1.586382031,2.481454849
hjcdik,89,0.9369065762,-1.74718523,0.9738790393,-2.646383762,0.3990920484,1.485905051,1.724111557
hjcdik,89,1.034722447,-1.610996723,0.9614541531,-2.657484055,0.3072109222,1.540886164,1.849815011
hjcdik,89,1.09036839,-1.534849644,0.9470132589,-2.662608147,0.2518919706,1.565677762,1.922636509
hjcdik,89,1.250257373,-1.33249855,0.8807390928,-2.671505213,0.09156893194,1.607800126,2.126573801
hjcdik,89,0.9258676767,-1.762493491,0.9741939306,-2.644998312,0.4088543952,1.478925824,1.710304022
hjcdik,89,-1.148373723,0.8286492229,-2.776614666,-2.645423174,-0.4058901668,1.481069922,2.766988993
hjcdik,89,-1.878253102,1.317379951,-2.267610073,-2.671850204,0.07884462923,1.609409332,2.142486334
hjcdik,89,-2.727046013,-1.109269738,-0.7250370383,-2.514663219,-0.782491684,0.7838144898,-2.658037663
hjcdik,89,0.1298568398,0.9339456558,2.562995911,-2.551609039,-0.7460929155,0.975296855,-2.864269733
hjcdik,89,1.322761774,-1.251828551,0.8413171172,-2.672756433,0.02252719924,1.61362803,2.212708712
hjcdik,89,0.3405545354,1.056764007,2.44965148,-2.525526762,-0.7762206793,0.8381747007,-2.717861176
hjcdik,89,1.136965513,-1.472908378,0.9311975837,-2.666113138,0.2048363835,1.582414389,1.983376861
hjcdik,89,1.274141908,-1.305080533,0.8682788014,-2.672094107,0.06842008233,1.610546112,2.155507803
hjcdik,89,1.337069988,-1.236821532,0.8330140114,-2.672822952,0.00937392842,1.613937259,2.229081869
hjcdik,89,1.276867628,-1.302003622,0.8668223619,-2.672149897,0.06580174714,1.610806108,2.158776045
hjcdik,89,-2.849926233,-1.024772525,-0.6679987311,-2.532169342,-0.7705984712,0.8722997308,-2.754702091
hjcdik,89,1.054334879,-1.583949566,0.9569453597,-2.65940094,0.287884444,1.55020535,1.875457168
hjcdik,89,1.346560597,-1.227035761,0.8274219632,-2.672836781,0.0007444838411,1.614001632,2.239821672
hjcdik,89,1.50743103,-1.081207156,0.7243454456,-2.670023918,-0.1329251528,1.600869656,2.406835318
hjcdik,89,-2.086601019,-1.703058004,-0.8335419297,-2.35956192,-0.5044536591,0.2603475451,-1.722212195
hjcdik,89,-2.063625574,1.551646948,-2.190926075,-2.661551714,0.2643367946,1.560598373,1.906402707
hjcdik,89,-1.836840868,1.271148682,-2.290053844,-2.672591925,0.03931875527,1.612862587,2.191797256
hjcdik,89,1.147383809,-1.459350348,0.9272325039,-2.6667943,0.194294259,1.585645676,1.996861458
hjcdik,89,1.59632206,-1.015933037,0.6624587178,-2.666666746,-0.1963164061,1.585040331,2.487218142
hjcdik,89,1.305823326,-1.269985676,0.8509381413,-2.672604322,0.03831267729,1.612920284,2.193050861
hjcdik,89,1.108005166,-1.511172533,0.9414071441,-2.664021969,0.2341209054,1.572451115,1.94568944
hjcdik,89,0.3333963454,1.051945448,2.453058004,-2.526524544,-0.7754635811,0.8432608843,-2.723380804
hjcdik,89,1.107441187,-1.511925697,0.9415938258,-2.663978338,0.2346903682,1.572242618,1.944952965
hjcdik,89,0.5794343948,1.243206024,2.358151197,-2.486265421,-0.7823311687,0.6517723799,-2.502716303
hjcdik,89,0.4608404934,1.144587994,2.397925615,-2.507316113,-0.7847157121,0.7481826544,-2.617783308
hjcdik,89,1.323420167,-1.251131177,0.8409386277,-2.672760725,0.02191835456,1.613648057,2.213466883
hjcdik,90,1.571804881,-1.410166264,-1.495378733,-2.163142443,0.243187353,1.833465815,-2.832183599
hjcdik,90,0.3777928054,0.2751364112,-0.7621156573,-2.029490232,1.264356017,0.8897590637,2.67825985
hjcdik,90,0.8712650537,1.125511527,-1.631286383,-2.038589716,1.942372441,0.1247398034,2.713254929
hjcdik,90,-2.269865513,-1.066774607,1.535049319,-2.026764631,1.856115341,0.1736783832,2.667939663
hjcdik,90,-2.556041718,-0.3565022051,2.133692265,-2.022685766,1.319202542,0.8030790091,2.652625322
hjcdik,90,-0.2561698854,0.2034883499,-0.07099265605,-2.041644335,1.178649306,1.02340591,2.725201368
hjcdik,90,-0.8062160015,0.2289403975,0.5189874768,-2.051454782,1.115272284,1.118488789,2.764318466
hjcdik,90,0.6605781317,0.4074501395,-1.104919434,-2.019240141,1.350472808,0.7539121509,2.639805317
hjcdik,90,-1.572608829,1.363201022,1.635442972,-2.160675049,0.2848623097,1.822297812,-2.867178679
hjcdik,90,-1.001417398,0.2620817423,0.7330205441,-2.056447506,1.084082484,1.16360569,2.784701824
hjcdik,90,0.3674745858,0.2724282742,-0.7503958344,-2.029761076,1.262308121,0.8929913044,2.679289103
hjcdik,90,1.828121424,-0.3875848353,-2.046271563,-2.070878267,0.9957839251,1.284061551,2.845713377
hjcdik,90,0.6916308403,0.4349021316,-1.14761436,-2.017566919,1.366958499,0.72818923,2.633617163
hjcdik,90,-2.285776377,-1.633141398,1.584906101,-2.051774025,-2.028328657,0.08618335426,-1.73724556
hjcdik,90,-2.40507412,-0.484826386,1.928064823,-2.014820099,1.396703601,0.6822882891,2.6235075
hjcdik,90,1.576932788,-1.478729963,-1.479952335,-2.166101217,0.1813499182,1.84665978,-2.780184507
hjcdik,90,-2.271434069,-1.222921491,1.477683187,-2.070516348,2.143607855,0.046715267,2.844141006
hjcdik,90,0.6028655171,0.3667347729,-1.029690981,-2.021954775,1.325585961,0.7930122614,2.64989686
hjcdik,90,-1.534964442,1.731149435,1.720001459,-2.169514894,-0.05261689052,1.861625671,-2.583061934
hjcdik,90,-1.572197199,1.370686769,1.637175441,-2.161090851,0.2782604098,1.824191332,-2.861638069
hjcdik,90,-1.54317832,1.674794436,1.706269503,-2.169829845,5.205717389e-05,1.862991929,-2.627454281
hjcdik,90,0.8706171513,1.173862815,-1.649260044,-2.052099228,2.030376673,0.08537038416,2.76693058
hjcdik,90,-2.544230461,-0.3633977175,2.118860483,-2.022190809,1.323511124,0.7962827086,2.65077734
hjcdik,90,-1.571669459,1.379924774,1.639304757,-2.16159296,0.270091325,1.826469302,-2.854780436
hjcdik,90,-2.307897806,-0.6888967156,1.743939996,-2.007651806,1.522521257,0.5003860593,2.597411871
hjcdik,90,-2.291947365,-1.743269324,1.539459109,-2.02607131,-1.850578785,0.1772276908,-1.636960149
hjcdik,90,-1.115004539,0.2928064764,0.8606464863,-2.060318708,1.060201764,1.197288632,2.800750256
hjcdik,90,0.6223412752,0.3792360127,-1.054588437,-2.021089554,1.333303452,0.7808594704,2.646673441
hjcdik,90,0.8646201491,1.505323887,-1.53385675,-2.112921,-2.41234827,-0.009947835468,-2.021002531
hjcdik,90,0.2184274793,0.2416192293,-0.5839318037,-2.033241034,1.236662865,0.9333597422,2.692581415
hjcdik,90,-0.4305167198,0.2036890388,0.115310289,-2.044469833,1.160030484,1.051760077,2.736345768
hjcdik,90,-0.08489184082,0.2098576874,-0.2545237541,-2.038849354,1.197452784,0.9944710732,2.714265347
hjcdik,90,0.6755563617,0.4201037884,-1.125275493,-2.018454075,1.358091593,0.7420029044,2.636894941
hjcdik,90,-1.531359673,1.75389874,1.72574985,-2.16920948,-0.07387271523,1.860297203,-2.565149546
hjcdik,90,1.572125554,-1.414978266,-1.494286895,-2.163375854,0.2388847619,1.834513545,-2.828567743
hjcdik,90,2.553004265,-0.2097069174,-2.857138634,-2.047171593,1.142527461,1.078111529,2.747094154
hjcdik,90,-0.9221544862,0.246241942,0.645496726,-2.054228544,1.097878695,1.143800735,2.775601864
hjcdik,90,-2.270878077,-1.166522622,1.494878054,-2.049783707,2.015748739,0.09127853066,2.757569551
hjcdik,90,-1.043201804,0.2721163332,0.7796164155,-2.057759762,1.075961471,1.175147414,2.790118456
hjcdik,90,-1.289964318,0.3719780743,1.066272616,-2.069209814,1.005928636,1.270810604,2.838484526
hjcdik,90,0.8693602085,0.944372654,-1.548353672,-2.012797117,1.719850063,0.2779718935,2.616102457
hjcdik,90,0.7312731743,0.4781981707,-1.205495596,-2.015163422,1.392759085,0.6883302927,2.624767542
hjcdik,90,-0.6770090461,0.2157903463,0.3794144094,-2.04880619,1.132062554,1.093713284,2.75363946
hjcdik,90,0.402479589,0.2819928229,-0.7902887464,-2.028823137,1.26944077,0.8817300797,2.675726414
hjcdik,90,0.6632982492,0.40967381,-1.108586311,-2.019099951,1.351814628,0.751812458,2.639286518
hjcdik,90,-0.4143550694,0.2033943236,0.09804031998,-2.04420352,1.161768317,1.049126983,2.735292912
hjcdik,90,0.8702842593,1.203426003,-1.658650756,-2.062541723,2.095016956,0.06188318506,2.810066462
hjcdik,90,0.3976700306,0.2806136906,-0.784784615,-2.028955221,1.268428922,0.8833281994,2.676228285
hjcdik,90,1.828349829,-0.3874250948,-2.046556234,-2.07086134,0.9958872795,1.283927441,2.845639229
hjcdik,90,-1.544235945,1.66700995,1.704421163,-2.169823647,0.007322184741,1.862965703,-2.633581877
hjcdik,91,0.725702703,-1.724058628,0.1631230861,-1.728548884,-2.335474253,0.9000318646,-1.567936659
hjcdik,91,-2.064332247,1.627679348,-2.73318243,-1.770936012,-2.856756926,0.7311083674,-1.855666518
hjcdik,91,-0.2943702042,0.3807094395,-2.425514221,-1.692918658,1.188304067,1.828971148,-2.640282393
hjcdik,91,-1.690368176,1.416253209,-2.536700726,-1.763228774,2.726728201,0.7568136454,-2.28365016
hjcdik,91,-1.401523709,1.181488514,-2.395715952,-1.718231082,2.232947111,0.9556180239,-2.540425539
hjcdik,91,-1.003804684,-0.6903219819,-0.9512461424,-1.777120829,-0.1045937464,2.298457861,-1.966087461
hjcdik,91,1.565914035,0.3711120486,2.471392393,-1.756375551,0.5066814423,2.221839428,-2.336595297
hjcdik,91,1.800363779,-1.126631021,0.7737478614,-1.709406614,2.14302063,1.010915518,-2.577194452
hjcdik,91,2.777141571,-0.4042865336,0.7549510598,-1.690399408,1.222808599,1.800235033,-2.649390459
hjcdik,91,-1.0386976,-0.6602794528,-0.9425070882,-1.777885795,-0.04919298366,2.301043034,-2.000409365
hjcdik,91,-0.1294783652,-1.531740308,-0.5739656687,-1.679502964,-1.435339928,1.610798717,-1.374448061
hjcdik,91,-1.250548244,1.041853309,-2.328882933,-1.697934628,2.016093493,1.099252582,-2.621758938
hjcdik,91,0.08004947007,0.2988788188,-2.67408514,-1.705501914,1.040006161,1.943811059,-2.592736244
hjcdik,91,0.266630888,0.2777779996,-2.813775301,-1.711176515,0.9801974893,1.985742211,-2.570011139
hjcdik,91,-0.8498834968,0.6795734167,-2.241357803,-1.677453518,1.562834859,1.491517067,-2.694354296
hjcdik,91,1.546205163,-1.345064998,0.6515601873,-1.749484301,2.553467274,0.8073970675,-2.381998062
hjcdik,91,1.092025399,-1.621489286,0.4172049463,-1.772149682,-2.882428169,0.7272119522,-1.871219993
hjcdik,91,1.092010736,-1.621495605,0.4171962142,-1.772148728,-2.88240242,0.7272157669,-1.871204376
hjcdik,91,0.9960492849,-1.658595443,0.3577944934,-1.76283133,-2.720981121,0.7581853867,-1.77486217
hjcdik,91,0.7700673938,-1.717227221,0.1975176483,-1.734232426,-2.392319679,0.8725901842,-1.595563054
hjcdik,91,0.9892884493,-1.660932302,0.3534071445,-1.762068272,-2.710104942,0.7608373761,-1.768516898
hjcdik,91,0.3006721139,0.2749678493,-2.839922428,-1.712182522,0.9698425531,1.992730737,-2.565886259
hjcdik,91,-0.264638871,-1.435139418,-0.685790956,-1.686550856,-1.281509638,1.749842763,-1.39880693
hjcdik,91,0.9724426866,-1.666596174,0.3423594832,-1.760119319,-2.683295488,0.7676898241,-1.752970219
hjcdik,91,1.041603804,-1.641903877,0.3866590559,-1.76764822,-2.795990229,0.7418643832,-1.819169164
hjcdik,91,0.9589471221,-1.670971632,0.3333903253,-1.758515358,-2.662116289,0.7734230161,-1.740788579
hjcdik,91,0.9961351156,-1.65856576,0.3578499556,-1.762841344,-2.721119404,0.7581521869,-1.774942994
hjcdik,91,1.056084752,-1.636250138,0.3955807984,-1.769040227,-2.82045579,0.7372725606,-1.833805442
hjcdik,91,2.53170681,1.101576805,2.229740143,-1.729764581,-0.7940238714,2.098861456,-1.573710561
hjcdik,91,1.932311654,0.5351917744,2.261720181,-1.775033951,0.1853705198,2.291326046,-2.145581961
hjcdik,91,-1.959259868,-0.2927787304,-0.3928229511,-1.739599466,0.6944854856,2.148411989,-2.438574791
hjcdik,91,2.27457428,0.8214817047,2.173216343,-1.767982483,-0.3398615122,2.266334057,-1.822596192
hjcdik,91,2.299438477,-0.673479259,0.900082469,-1.677471995,1.555727482,1.498185873,-2.694292068
hjcdik,91,-0.4621113837,-1.25746882,-0.8301764727,-1.707125068,-1.02261126,1.956279039,-1.475550175
hjcdik,91,2.479333401,1.043742299,2.208582878,-1.738514066,-0.7056891918,2.143210888,-1.617543697
hjcdik,91,-0.1093859524,-1.544337511,-0.5568110347,-1.678900719,-1.457041144,1.590624452,-1.372403622
hjcdik,91,-1.771779895,1.471881509,-2.57673645,-1.772086143,2.88102293,0.7274153233,-2.191507578
hjcdik,91,0.8672354221,-1.696912169,0.2697244287,-1.746934533,-2.525112152,0.817556262,-1.664469838
hjcdik,91,-1.670603275,1.401981592,-2.527000666,-1.760611892,2.689954996,0.7659454942,-2.305055618
hjcdik,91,-0.7085473537,-0.9923520684,-0.9477511048,-1.746155858,-0.624990046,2.178580046,-1.659889817
hjcdik,91,1.092010379,-1.621495843,0.417196095,-1.772148848,-2.882401705,0.7272155881,-1.871204019
hjcdik,91,-1.082503796,0.8828651309,-2.27170372,-1.683513761,1.805422544,1.269928455,-2.673667908
hjcdik,91,-2.131269693,1.653543234,-2.774623394,-1.764405131,-2.744161606,0.752776444,-1.78845644
hjcdik,91,-0.8904687166,0.7124016285,-2.241829634,-1.677550435,1.60115242,1.455619812,-2.694027901
hjcdik,91,1.593669772,0.3796994388,2.453044653,-1.757792592,0.4887912869,2.227517366,-2.326414108
hjcdik,91,-0.5652236342,-1.150136232,-0.8903384805,-1.722468257,-0.8664482236,2.058028698,-1.540029168
hjcdik,91,0.8050673604,-1.710756898,0.2240460813,-1.738793135,-2.438780546,0.8519117236,-1.619018078
hjcdik,91,2.488732338,1.05416429,2.212038755,-1.736942053,-0.7217922807,2.135568857,-1.609345555
hjcdik,91,0.1951462775,0.2846725881,-2.759461164,-1.709038019,1.002427697,1.970466256,-2.578679085
hjcdik,91,0.1220136508,0.2932262719,-2.704877377,-1.706806421,1.026010275,1.953860164,-2.587589979
hjcdik,92,1.029710889,1.151253104,0.5238204002,-1.297292113,1.548218012,2.244137764,-2.145500183
hjcdik,92,1.465469241,1.06948173,-0.1366903186,-1.317899346,2.02817893,1.914301753,-2.081064463
hjcdik,92,0.7997626662,1.341341019,0.9307838678,-1.31584239,1.138598323,2.483314753,-2.087851286
hjcdik,92,1.394741058,1.065451384,-0.03340434656,-1.312316298,1.957163334,1.962763786,-2.099286318
hjcdik,92,1.228266001,1.080972552,0.2136086971,-1.302064776,1.785220742,2.082422018,-2.131228924
hjcdik,92,-1.368212104,-1.168465376,2.552742958,-1.350028157,2.361465216,1.708643675,-1.960634351
hjcdik,92,-1.264125586,-1.24152863,2.392976284,-1.363837719,2.499746323,1.639349818,-1.896366
hjcdik,92,1.775282979,1.169574738,-0.5917145014,-1.350267529,2.363810539,1.707375884,-1.959605694
hjcdik,92,0.949770391,1.200204015,0.6572918296,-1.299298644,1.431354523,2.318967819,-2.139541149
hjcdik,92,-2.066401482,-1.129330754,-2.691083431,-1.297383547,1.607780457,2.204481363,-2.145229578
hjcdik,92,0.8663601279,1.268951893,0.8047993183,-1.305710077,1.284817457,2.405820131,-2.120081425
hjcdik,92,-1.256318569,-1.248155117,2.380679369,-1.364928961,2.511102676,1.63417685,-1.890783072
hjcdik,92,1.256450891,1.075807095,0.1712122709,-1.303483367,1.815311193,2.06141758,-2.126920462
hjcdik,92,0.6513521075,1.60515976,1.253436685,-1.369244576,0.5845558643,2.684801579,-1.867774606
hjcdik,92,-1.968172312,-1.094192386,-2.844542503,-1.299748302,1.724790096,2.124448538,-2.138200998
hjcdik,92,-1.581948757,-1.08483398,2.867803335,-1.326367855,2.123828888,1.850942969,-2.052143335
hjcdik,92,0.8536603451,1.281381965,0.8281866908,-1.307226896,1.259388804,2.419987917,-2.115376472
hjcdik,92,-1.180447221,-1.32313621,2.25772357,-1.375828147,2.63141942,1.584558487,-1.829170465
hjcdik,92,-2.492816687,-1.612062097,-1.881715178,-1.370681524,0.5688260794,2.688434362,-1.859744668
hjcdik,92,-1.52328074,-1.100528359,2.782212019,-1.332238317,2.18522954,1.811830759,-2.031064272
hjcdik,92,-2.530186176,-1.734629273,-1.778939247,-1.391919374,0.2774763703,2.736782074,-1.699907303
hjcdik,92,1.593454838,1.09327507,-0.3230749369,-1.329694748,2.158976555,1.828383446,-2.040309191
hjcdik,92,1.066903472,1.133037806,0.463747263,-1.297311902,1.597228527,2.211570024,-2.145440578
hjcdik,92,1.393700361,1.065438867,-0.03188007697,-1.312239408,1.956116676,1.963484645,-2.099533558
hjcdik,92,-2.505559444,-1.648508072,-1.848983407,-1.377964139,0.4845018387,2.706077576,-1.815493822
hjcdik,92,0.619212091,1.704337597,1.33902812,-1.387669086,0.3514102697,2.727819443,-1.742129087
hjcdik,92,1.840081215,1.212182045,-0.6904204488,-1.358713627,2.447480679,1.664196491,-1.92148912
hjcdik,92,1.85008955,1.219667912,-0.7058961987,-1.360068083,2.461149216,1.657535553,-1.915011883
hjcdik,92,-1.591282248,-1.082784653,2.881394863,-1.32547605,2.114222288,1.857183218,-2.055267096
hjcdik,92,-1.238918424,-1.263595104,2.353065968,-1.36738503,2.537027836,1.622677922,-1.877879858
hjcdik,92,-1.488343835,-1.112294078,2.731033087,-1.335954905,2.22285533,1.788590312,-2.017224789
hjcdik,92,1.585790515,1.091219783,-0.3118942976,-1.328927279,2.150956869,1.833492279,-2.043065071
hjcdik,92,-2.16172576,-1.180069923,-2.535328865,-1.298164129,1.477499962,2.289944887,-2.142918587
hjcdik,92,0.6596403718,1.583859086,1.233040571,-1.364726186,0.6326126456,2.673022032,-1.891829729
hjcdik,92,-2.528207302,-1.726603031,-1.785108089,-1.390874386,0.29716748,2.734607935,-1.711237431
hjcdik,92,-2.057650566,-1.125549912,-2.705006361,-1.297483325,1.618789434,2.197058916,-2.144934893
hjcdik,92,0.7224084139,1.454275489,1.089722276,-1.336790085,0.9103801847,2.584072113,-2.014059305
hjcdik,92,-1.512173653,-1.104066133,2.765962839,-1.333401561,2.197092533,1.804440141,-2.026774883
hjcdik,92,-1.503484011,-1.106964469,2.753237247,-1.334323525,2.20643568,1.798659682,-2.02334857
hjcdik,92,-1.238332629,-1.264131308,2.352131367,-1.367468596,2.537915945,1.622291565,-1.877433777
hjcdik,92,0.8539741039,1.281068087,0.8276059031,-1.307186961,1.26002872,2.419635057,-2.115499496
hjcdik,92,-1.082003355,-1.459848046,2.082532167,-1.38992238,2.827460766,1.525157452,-1.72095108
hjcdik,92,-1.22000587,-1.281492591,2.322695494,-1.370088935,2.566247463,1.61024189,-1.863081694
hjcdik,92,-1.09370935,-1.440381169,2.104848385,-1.388329983,2.800741911,1.531633258,-1.736154437
hjcdik,92,-2.05834651,-1.12584579,-2.703901052,-1.297474146,1.61791873,2.197647333,-2.144960642
hjcdik,92,0.6253471971,1.682719469,1.321537852,-1.384165764,0.4034745693,2.720185995,-1.77128005
hjcdik,92,1.466150403,1.069551349,-0.13768287,-1.317956328,2.028863668,1.91383934,-2.08087492
hjcdik,92,1.534452796,1.079574347,-0.2371129096,-1.323987842,2.097980976,1.867800713,-2.06043911
hjcdik,92,1.382310271,1.06539166,-0.01518495474,-1.311406136,1.944651008,1.971392274,-2.102199793
hjcdik,92,0.9954280853,1.17049551,0.5802653432,-1.29776752,1.500278473,2.275357246,-2.144093752
hjcdik,93,-1.714532256,-1.285275698,-1.602514148,-0.8837900162,-1.851980209,2.67921114,-0.349181205
hjcdik,93,-0.6580681205,-1.668780446,0.8947065473,-0.9924640059,2.654670238,2.293488264,-1.411010027
hjcdik,93,1.43391645,1.231169581,1.433540225,-0.8773450255,-1.756957054,2.724050283,-0.3349833488
hjcdik,93,1.425568104,1.316888094,1.598711729,-0.888391912,-1.904677391,2.653571367,-0.3595930934
hjcdik,93,-1.7160815,-1.320545435,-1.536063433,-0.8889579177,-1.91065824,2.650629997,-0.3608901501
hjcdik,93,2.098296881,0.7958268523,-0.05705790594,-0.9652932882,0.6785492897,3.071772099,-1.529622912
hjcdik,93,1.441886544,1.19427228,1.358503342,-0.8742507696,-1.687915564,2.755383968,-0.3283196688
hjcdik,93,1.696950674,0.8651022911,0.5085650682,-0.9637342691,-0.6887974143,3.069987774,-0.5759553313
hjcdik,93,1.689651728,0.869494319,0.5226708055,-0.9598914981,-0.713874042,3.065494537,-0.5619570017
hjcdik,93,1.68000567,0.8755070567,0.5418311954,-0.9547998905,-0.746837616,3.05931592,-0.54409796
hjcdik,93,1.426194906,1.356067896,1.670998096,-0.894772768,-1.967636704,2.622316837,-0.3744349182
hjcdik,93,-1.367862344,-0.8265278339,-2.762656927,-1.001088858,-0.4158495963,3.107636213,-0.7484822273
hjcdik,93,-1.532508373,-0.9280478358,-2.439016819,-0.9185448289,-0.9862574935,3.005095482,-0.4343371987
hjcdik,93,-1.530250907,-1.754726648,-0.7083620429,-0.980758667,-2.568051338,2.327496529,-0.6445983648
hjcdik,93,-1.601222277,-1.675526977,-0.8837354779,-0.9619003534,-2.440797567,2.38391757,-0.5692136884
hjcdik,93,1.561184883,0.974406898,0.8348858356,-0.8972853422,-1.151326537,2.958217382,-0.3804117441
hjcdik,93,-1.584926724,-0.9793995619,-2.292978048,-0.8954911828,-1.167377472,2.953253508,-0.3761378527
hjcdik,93,2.588181496,1.178085923,-1.391179323,-0.8959501982,1.978373289,2.616927624,-1.734171033
hjcdik,93,-1.682896495,-1.140611887,-1.897628307,-0.8722171187,-1.579810143,2.802173376,-0.3239910305
hjcdik,93,1.425747275,1.309763193,1.58538425,-0.8873077631,-1.892959714,2.659316063,-0.3571207225
hjcdik,93,1.693646789,0.8670735955,0.5149086118,-0.9619966745,-0.7001634836,3.067973137,-0.5695671439
hjcdik,93,-0.5375580192,-1.308217287,1.511236787,-0.9209564924,2.172208786,2.517829657,-1.670531392
hjcdik,93,2.59118247,1.190539479,-1.415593982,-0.8981936574,1.998226047,2.606922388,-1.728803396
hjcdik,93,1.428357244,1.384686351,1.722914696,-0.8998289704,-2.012244701,2.599828482,-0.3865441382
hjcdik,93,-1.504799843,-0.9056097269,-2.506239176,-0.9322733879,-0.8928716183,3.028200626,-0.4728251696
hjcdik,93,2.355193377,0.8811607957,-0.5742505193,-0.8843835592,1.282322645,2.915661097,-1.760887265
hjcdik,93,-0.5871029496,-1.545021653,1.115873814,-0.9688555002,2.48662138,2.362838745,-1.516014338
hjcdik,93,1.703089118,0.8615115881,0.4969586432,-0.9669518471,-0.6676093936,3.073645115,-0.5880537629
hjcdik,93,-1.482679844,-0.8895229101,-2.555732489,-0.94370085,-0.8183587193,3.044842482,-0.5075513124
hjcdik,93,-1.716077566,-1.320261359,-1.536592364,-0.8889131546,-1.910194397,2.650858641,-0.3607890904
hjcdik,93,2.595891237,1.21379292,-1.460160613,-0.9024950862,2.034426689,2.588559151,-1.718340993
hjcdik,93,2.334797382,0.8701188564,-0.5256278515,-0.888479948,1.235957265,2.931254864,-1.751600146
hjcdik,93,-1.715167642,-1.294714212,-1.584570646,-0.8851071,-1.867910385,2.67151475,-0.3521360755
hjcdik,93,-0.7185820937,-1.738360643,0.7512559295,-1.004771829,2.75903821,2.25840497,-1.339759231
hjcdik,93,-0.6698638201,-0.9698690772,2.250576019,-0.8722102046,1.564445138,2.808590174,-1.787421465
hjcdik,93,-1.295841217,-0.8023973703,-2.859429121,-1.022960782,-0.1457456052,3.125830173,-0.9448979497
hjcdik,93,-1.6574229,-1.083670855,-2.027525187,-0.8742972612,-1.45236063,2.853595495,-0.3284174502
hjcdik,93,1.925665855,0.788818419,0.1862461567,-1.022784114,0.1497408003,3.125691891,-1.169514418
hjcdik,93,-1.499607205,-0.901696384,-2.518177032,-0.934927702,-0.875400424,3.032246113,-0.4806522429
hjcdik,93,1.496279955,1.061891437,1.0617733,-0.8765762448,-1.399246335,2.873796225,-0.3333178461
hjcdik,93,2.060760736,0.7909459472,0.002697351854,-0.9802790284,0.5769148469,3.087881327,-1.468904972
hjcdik,93,-1.331063151,-0.8127507567,-2.814381123,-1.014564633,-0.2788926661,3.119118452,-0.8459054232
hjcdik,93,1.676812291,0.8775512576,0.5483067632,-0.9531140327,-0.7577107549,3.05720973,-0.5383452177
hjcdik,93,1.542056203,0.9964484572,0.8947569132,-0.8899993896,-1.220157385,2.93643713,-0.3632873893
hjcdik,93,1.538434029,1.000910401,0.9066454172,-0.8887149096,-1.233484983,2.932070494,-0.3603345752
hjcdik,93,-0.5725331903,-1.119221687,1.871959448,-0.8860843778,1.879262209,2.666001081,-1.757056355
hjcdik,93,1.582401514,0.9525093436,0.7734849453,-0.9062360525,-1.077279925,2.980190277,-0.4023554623
hjcdik,93,-0.7110396028,-1.730811477,0.7679212689,-1.003480911,2.74711585,2.262055159,-1.34809494
hjcdik,93,-0.5487054586,-1.198325992,1.710932493,-0.8996193409,2.010469675,2.600727797,-1.725362778
hjcdik,93,1.443735361,1.471421838,1.877756357,-0.9167003632,-2.142251253,2.533256769,-0.4294017255
hjcdik,94,-0.9353381395,0.3230373561,1.943696141,-0.5627917647,-0.5989210606,3.344121933,0.274572283
hjcdik,94,-0.8358905315,0.3349139988,1.905925393,-0.5082376003,-0.709852159,3.315640688,0.3265922368
hjcdik,94,-2.699813128,-0.6832820177,0.2476138175,-0.7013566494,-2.891408205,2.776686668,-0.1404248029
hjcdik,94,-0.9870584607,0.3148265481,2.520555019,-0.585193336,0.5528932214,3.354270697,-1.336327434
hjcdik,94,2.025863886,-0.3493025005,-0.8222486973,-0.7303602695,-0.07279253751,3.401117802,-0.4269992709
hjcdik,94,-0.9099405408,0.3254917562,1.930107951,-0.548297286,-0.6283376813,3.337084532,0.2927015126
hjcdik,94,-1.10472548,0.3545832932,2.36212945,-0.7330440283,-0.0008948877221,3.401716948,-0.5467269421
hjcdik,94,2.213173389,-0.3236593604,-1.201887846,-0.5587972999,-0.607045114,3.342220068,0.2798964679
hjcdik,94,-0.1368477792,0.2274494022,1.335422873,-0.2022910416,0.1836932898,3.160074949,-0.6336900592
hjcdik,94,-2.726768732,-0.6859183908,0.2333920896,-0.6973056197,-2.875850439,2.781562805,-0.1165029407
hjcdik,94,-0.8361563087,0.3348752856,1.90597403,-0.5083765388,-0.7095662951,3.315720081,0.3265135288
hjcdik,94,2.28803277,-0.3324053884,-1.231865406,-0.5175392628,-0.690780282,3.320884466,0.3207642734
hjcdik,94,-1.680650115,-0.4168162644,0.6004910469,-0.6948670745,2.866895914,2.784477949,-0.9935746193
hjcdik,94,-2.841254473,-0.4178561568,0.2775307,-0.2112773806,-2.641383648,2.990868092,-0.3117967844
hjcdik,94,-1.112967372,0.3316306472,2.186332464,-0.6975311041,-0.2649092674,3.393087626,-0.1177749708
hjcdik,94,1.476237655,0.4116550684,-2.538600445,-0.6928027272,2.859533787,2.786933184,-1.004711509
hjcdik,94,-0.8277813792,0.3361106813,1.904574752,-0.5040172338,-0.7185499668,3.313207626,0.3288347125
hjcdik,94,-1.068353176,0.3603108227,2.441612959,-0.7208271623,0.1552957445,3.398921251,-0.8051279783
hjcdik,94,2.020226479,-0.3412148058,-0.8817878366,-0.7194888592,-0.1635771394,3.398604155,-0.2778711319
hjcdik,94,-1.0211519,0.3527581394,2.505716562,-0.6770756245,0.3330487609,3.387389183,-1.079699874
hjcdik,94,2.055324316,-0.3237453699,-1.03082943,-0.6671261191,-0.3618370891,3.384413242,0.02367752232
hjcdik,94,-0.8361626267,0.3348743021,1.905975103,-0.5083797574,-0.7095600963,3.315721989,0.3265125751
hjcdik,94,-2.84991765,-0.6931533217,0.1645129919,-0.6748842001,-2.802019835,2.807771444,-0.007448440418
hjcdik,94,2.155297279,-0.3037643135,-0.6304810643,-0.5647655129,0.5948995948,3.345051289,-1.36828649
hjcdik,94,-0.8237656951,0.3367133141,1.903995514,-0.501937747,-0.7228512764,3.311996698,0.3298537731
hjcdik,94,2.020442724,-0.3427779377,-0.8703815341,-0.7221133113,-0.1468862444,3.399223328,-0.3050005734
hjcdik,94,0.284039706,0.4214780927,-2.897300005,-0.2127585858,-2.608721018,2.992585421,-0.295687139
hjcdik,94,2.414483786,-0.352671504,-1.234547019,-0.4539044201,-0.8252353072,3.281780958,0.336966157
hjcdik,94,2.308417797,-0.3353116512,-1.236146331,-0.5068211555,-0.7127662897,3.314827681,0.3273700178
hjcdik,94,2.042106628,-0.3561894298,-0.7645075917,-0.7327038646,0.02589455806,3.40164113,-0.5914084911
hjcdik,94,2.020690918,-0.3435297906,-0.8649047017,-0.7232891321,-0.1387635618,3.399498463,-0.3182594478
hjcdik,94,-1.118519902,0.3469947577,2.302062988,-0.7279666662,-0.1001324877,3.400576591,-0.3817403913
hjcdik,94,-0.837561667,0.3346707523,1.906234145,-0.5091109872,-0.7080563903,3.316139698,0.3260975778
hjcdik,94,-1.047079682,0.3196966946,2.045975208,-0.6347823739,-0.4441849291,3.373755932,0.1294459254
hjcdik,94,2.154662848,-0.3140143454,-0.6215991378,-0.5836347938,0.5561330914,3.353592873,-1.339018464
hjcdik,94,-1.072165012,0.3601934314,2.435070038,-0.7229943275,0.1408530027,3.399430275,-0.78159374
hjcdik,94,-0.8109343648,0.3386800289,1.902540326,-0.4953411818,-0.736551106,3.308101892,0.3326865733
hjcdik,94,-0.835582912,0.3349589109,1.905869603,-0.5080769658,-0.710182488,3.315548658,0.3266818523
hjcdik,94,-0.9865658283,0.3110442758,2.517752171,-0.5780206323,0.567743659,3.351115704,-1.348351002
hjcdik,94,2.098639727,-0.3585604727,-0.6620310545,-0.7016426325,0.2490603477,3.394166708,-0.9542756081
hjcdik,94,2.128161669,-0.3492494822,-0.6281046271,-0.6656365395,0.3659743965,3.383955956,-1.125796199
hjcdik,94,-1.097826838,0.3566246033,2.38143611,-0.7324633598,0.03387084231,3.401587725,-0.6047035456
hjcdik,94,-0.177993536,0.2942310274,1.676924706,-0.207340613,-0.3972309232,3.159298182,-0.3617707193
hjcdik,94,2.308670521,-0.3353488445,-1.236189961,-0.5066893697,-0.713038981,3.314751863,0.3274429142
hjcdik,94,0.4380245209,0.6836698055,-2.895942926,-0.7008080482,-2.889251232,2.777348518,-0.137092486
hjcdik,94,2.027796268,-0.3320801556,-0.9515553117,-0.6988271475,-0.2600108981,3.393429995,-0.1252821833
hjcdik,94,2.057650566,-0.3591991961,-0.7286687493,-0.7285203934,0.094500117,3.400702,-0.705393374
hjcdik,94,2.28733182,-0.332308948,-1.231690645,-0.5179111958,-0.6900221109,3.321091175,0.3205083907
hjcdik,94,-1.119000077,0.3359552324,2.220636129,-0.7088010907,-0.2187883258,3.395993948,-0.1894952804
hjcdik,94,-1.121248722,0.339992702,2.250845194,-0.7172656655,-0.1764817536,3.39807272,-0.2570139468
hjcdik,95,-0.5704885721,-1.667393446,1.918358564,-3.029514551,2.783993006,3.293159962,-1.012084126
hjcdik,95,2.571238041,1.651581407,-1.170476913,-3.043658018,2.692624092,3.293478251,-0.8681489229
hjcdik,95,2.571168184,1.673877716,-1.245800138,-3.024457693,2.822390795,3.293085337,-1.072900176
hjcdik,95,-0.5703701973,-1.652383208,1.968524456,-3.042885303,2.697174311,3.293456316,-0.875287056
hjcdik,95,-0.5703212023,-1.678900838,1.877980232,-3.020875216,2.852472544,3.293044329,-1.120655894
hjcdik,95,-0.5696753263,-1.630086422,2.036906719,-3.066113949,2.574232817,3.294384241,-0.6838018894
hjcdik,95,2.571167231,1.65573144,-1.183990121,-3.039719343,2.716275215,3.293372154,-0.9052878022
hjcdik,95,-0.570328474,-1.678616524,1.878995895,-3.021069765,2.850762129,3.293046236,-1.117938161
hjcdik,95,2.57200551,1.627966166,-1.098603129,-3.068479538,2.562950373,3.294513464,-0.6663927436
hjcdik,95,-0.5694881082,-1.625639915,2.049577951,-3.07109952,2.550653696,3.29466486,-0.6474541426
hjcdik,95,-0.5700298548,-1.639573693,2.008770704,-3.055825472,2.625609398,3.293901682,-0.7634496689
hjcdik,95,-0.5703795552,-1.652885556,1.966895938,-3.042404175,2.700030327,3.293442965,-0.8797690868
hjcdik,95,-0.5703729987,-1.676687479,1.885863304,-3.022416353,2.839182615,3.293060541,-1.099546432
hjcdik,95,-0.5702853203,-1.680244803,1.873169065,-3.019968987,2.860567093,3.29303503,-1.13352108
hjcdik,95,2.57128644,1.649330139,-1.163250446,-3.045855522,2.679896593,3.293544054,-0.8482015729
hjcdik,95,-0.5704458952,-1.672411084,1.900940776,-3.025559902,2.813661098,3.293099642,-1.059059262
hjcdik,95,-0.5699681044,-1.637774825,2.014217854,-3.057735443,2.615759134,3.293982029,-0.748134017
hjcdik,95,2.572098255,1.625788927,-1.092434525,-3.070930958,2.551439047,3.294654846,-0.6486626863
hjcdik,95,-0.5704880357,-1.662368059,1.935489774,-3.033746243,2.754593372,3.293237448,-0.9656411409
hjcdik,95,-0.5701754689,-1.68371284,1.860667825,-3.017735004,2.881544113,3.29301548,-1.16688931
hjcdik,95,-0.5704918504,-1.66362226,1.931245446,-3.032665968,2.761899471,3.293216228,-0.9771719575
hjcdik,95,2.571423769,1.683895946,-1.281588793,-3.017621279,2.882655621,3.293014288,-1.168658853
hjcdik,95,-0.5702029467,-1.682915688,1.863551497,-3.01823473,2.876711845,3.293019533,-1.159199595
hjcdik,95,-0.5704404712,-1.656823754,1.95400393,-3.038707495,2.722541332,3.293347359,-0.9151427746
hjcdik,95,2.571525097,1.640727043,-1.136342168,-3.054611921,2.631951809,3.293852806,-0.7733219862
hjcdik,95,2.571138144,1.658021331,-1.191552281,-3.037611246,2.729429245,3.293321371,-0.9259822369
hjcdik,95,2.57125783,1.678363442,-1.261693954,-3.021243811,2.849240541,3.293047667,-1.115521193
hjcdik,95,-0.5703302026,-1.650398254,1.974923372,-3.044807673,2.685925961,3.293512106,-0.8576477766
hjcdik,95,-0.5701386929,-1.643007994,1.998227,-3.052237988,2.644556522,3.293761492,-0.7929649353
hjcdik,95,-0.569470942,-1.625249028,2.050675631,-3.071542263,2.548596621,3.294691086,-0.644289732
hjcdik,95,-0.5702683926,-1.680839419,1.871034741,-3.019575119,2.8641541,3.293031216,-1.139223933
hjcdik,95,-0.569866538,-1.634973645,2.022597075,-3.060749531,2.600519896,3.294117212,-0.7244806886
hjcdik,95,-0.5698774457,-1.635264874,2.021732092,-3.060434103,2.602098465,3.294102907,-0.7269280553
hjcdik,95,2.571119308,1.669836164,-1.231675744,-3.027554274,2.798398256,3.29312849,-1.034879565
hjcdik,95,-0.5704908967,-1.663191676,1.932704806,-3.03303504,2.759389162,3.293223381,-0.9732093811
hjcdik,95,2.571959496,1.629068494,-1.101755023,-3.067247152,2.568805456,3.294445038,-0.6754230261
hjcdik,95,2.571328402,1.647571445,-1.157657862,-3.047600508,2.670006514,3.293599367,-0.8327198625
hjcdik,95,-0.5704934597,-1.665177703,1.925952554,-3.031348228,2.770989418,3.293191671,-0.9915283918
hjcdik,95,2.571304798,1.680150151,-1.268084049,-3.020031929,2.859995604,3.293035746,-1.132612824
hjcdik,95,-0.5703852177,-1.653196573,1.96588707,-3.042107582,2.701798677,3.29343462,-0.8825443983
hjcdik,95,-0.5704771876,-1.669368029,1.911540508,-3.027925014,2.795631647,3.293134212,-1.030499816
hjcdik,95,2.571213722,1.676390886,-1.254676938,-3.022627592,2.837405443,3.293063164,-1.096724868
hjcdik,95,-0.57049191,-1.663663149,1.931105852,-3.03263092,2.762139082,3.293215513,-0.9775503278
hjcdik,95,-0.5701809525,-1.644447327,1.993754387,-3.050759077,2.652548313,3.293707132,-0.8054357767
hjcdik,95,2.571696758,1.635775447,-1.121381283,-3.059881926,2.604869843,3.294077396,-0.7312271595
hjcdik,95,2.571128368,1.670812249,-1.235069871,-3.026789427,2.804176092,3.293117285,-1.044029832
hjcdik,95,-0.5704572797,-1.671467066,1.904240251,-3.02628231,2.80805707,3.293110132,-1.05017817
hjcdik,95,-0.5702206492,-1.645881414,1.989265323,-3.049299955,2.660544634,3.293656588,-0.817925334
hjcdik,95,-0.5702362657,-1.681892276,1.867245436,-3.018888712,2.870516539,3.293025017,-1.149343014
hjcdik,95,2.57122159,1.652431846,-1.173225284,-3.042838812,2.697450161,3.293454885,-0.8757196069
hjcdik,96,0.1697415113,-0.709444344,-0.1941563636,-2.533225775,2.897500038,3.525811672,0.3410513997
hjcdik,96,0.1697414368,-0.7094442844,-0.1941562593,-2.533225775,2.897500038,3.525811911,0.3410514295
hjcdik,96,0.1697413921,-0.7094442844,-0.1941562593,-2.533225775,2.897500038,3.525811672,0.3410513103
hjcdik,96,0.1697413921,-0.709444344,-0.1941563636,-2.533225775,2.897500038,3.525811672,0.3410513103
hjcdik,96,0.1697413921,-0.7094442844,-0.194156304,-2.533225775,2.897500038,3.525811911,0.3410512209
hjcdik,96,-2.27453804,1.67641592,2.233380318,-2.933807135,-1.554475069,2.049658537,-2.15690732
hjcdik,96,0.0877077505,-1.05643785,-0.3683426678,-3.048449039,-0.532327354,2.923238993,-2.732169628
hjcdik,96,-0.2974247038,-1.044491768,0.315744549,-2.999991655,0.9553192854,2.80959034,2.558741808
hjcdik,96,-0.4571919739,-1.089466214,0.4518027306,-2.971185684,1.158587694,2.682401657,2.426382303
hjcdik,96,-0.2446721941,-0.6746612191,-0.1255041063,-2.572933674,-2.558665752,3.559630871,-0.6133008599
hjcdik,96,-1.006248474,-1.452368617,0.7608653903,-2.93407774,1.536249638,2.093666792,2.272311211
hjcdik,96,0.1697414517,-0.7094442844,-0.1941562593,-2.533225775,2.897500038,3.525811672,0.3410514295
hjcdik,96,2.096218109,1.489796162,-2.367296696,-2.933782578,1.557277203,2.042800665,2.271134377
hjcdik,96,0.03744490072,-1.048818231,-0.2696508765,-3.063678026,-0.3092178404,2.946566343,-2.881161451
hjcdik,96,-0.7877595425,-1.269968033,0.6633610725,-2.940729618,1.412035227,2.357212305,2.299006462
hjcdik,96,0.1697413921,-0.7094442844,-0.1941563189,-2.533225775,2.897500038,3.525811672,0.3410511613
hjcdik,96,0.2237604707,-1.097433329,-0.5480770469,-3.006376028,-0.9084402323,2.829579592,-2.476169825
hjcdik,96,-0.160898149,-1.030717492,0.1574415565,-3.036492109,0.658090353,2.901739359,2.761326075
hjcdik,96,0.3509655297,-0.7460554838,-0.2242627293,-2.577029705,2.533154726,3.563807487,0.7560428381
hjcdik,96,0.8653792739,-1.674286842,-0.9079104066,-2.933817387,-1.553431988,2.052205324,-2.156948328
hjcdik,96,-0.397572279,-1.069350243,0.4046671093,-2.980478764,1.093289971,2.732065916,2.467478275
hjcdik,96,-0.410079807,-0.6762009859,-0.05437561125,-2.615435839,-2.321614027,3.612010241,-0.8710895181
hjcdik,96,0.03892174736,-1.049001455,-0.272916764,-3.063295364,-0.3167035878,2.946027994,-2.876203537
hjcdik,96,-2.626763105,1.286945224,2.368908167,-2.952941895,-1.295398831,2.538477659,-2.234628916
hjcdik,96,0.3294418156,-1.150703907,-0.6449040771,-2.981539249,-1.085877299,2.737096071,-2.35792923
hjcdik,96,-0.8726062775,-1.335085869,0.7055200934,-2.937096596,1.462179184,2.259335041,2.284386635
hjcdik,96,0.09035047144,-1.056935787,-0.3728770614,-3.047579765,-0.5423814654,2.921779156,-2.725391388
hjcdik,96,0.4730932117,-0.7767853141,-0.2631188929,-2.613940477,2.329229116,3.609759569,0.9773952365
hjcdik,96,0.09430901706,-1.057702184,-0.3795623481,-3.046273947,-0.557164669,2.919557571,-2.715415239
hjcdik,96,-0.1204686463,-1.031720877,0.09382019937,-3.049244404,0.5229653716,2.924561262,2.852800131
hjcdik,96,-0.8787152171,-1.340063691,0.7083532214,-2.936888456,1.465674162,2.25206089,2.283551455
hjcdik,96,-2.477512836,1.43409729,2.294426918,-2.940243006,-1.417930365,2.346342087,-2.182718754
hjcdik,96,-2.831909418,1.139368534,2.513103962,-2.985646963,-1.057153106,2.755552053,-2.37660408
hjcdik,96,-0.5774449706,-1.141636491,0.537602365,-2.956539154,1.266613007,2.574145555,2.363929033
hjcdik,96,0.8681032062,-1.677748442,-0.9083995819,-2.933800936,-1.555127501,2.04806447,-2.156883001
hjcdik,96,-0.9236543179,-1.377842188,0.728325069,-2.935567141,1.491011024,2.197639704,2.278260946
hjcdik,96,-1.011846423,-1.457643986,0.7628673911,-2.934019566,1.539270639,2.086448669,2.272078991
hjcdik,96,-0.2697450817,-0.6744362116,-0.1165214628,-2.579431534,-2.518562078,3.566329956,-0.6579126716
hjcdik,96,2.06213212,1.523401141,-2.356684208,-2.933735609,1.575470686,1.997753739,2.270946503
hjcdik,96,-2.43545866,1.480949283,2.277842283,-2.937982082,-1.448326468,2.287594557,-2.173615932
hjcdik,96,0.5343214273,-1.304340482,-0.7837769985,-2.950828314,-1.313052773,2.514956236,-2.225888968
hjcdik,96,0.0953264609,-1.05790329,-0.3812603354,-3.045937538,-0.5609115362,2.918979883,-2.712884665
hjcdik,96,0.8981126547,-1.716071844,-0.9131751657,-2.933731556,-1.57363081,2.002346992,-2.156605959
hjcdik,96,2.241468906,1.357808232,-2.423532724,-2.936213017,1.477822304,2.226332903,2.280845642
hjcdik,96,0.9047521949,-1.724587798,-0.9140803218,-2.933743238,-1.577684402,1.992216349,-2.156651974
hjcdik,96,-0.172986865,-1.030890465,0.1744105965,-3.032784462,0.6928497553,2.894391537,2.737655401
hjcdik,96,-2.435273647,1.481160283,2.277773857,-2.937973261,-1.448457003,2.287332058,-2.173580885
hjcdik,96,-2.436970949,1.47922802,2.278404236,-2.938054323,-1.447257042,2.289737701,-2.173906088
hjcdik,96,2.054517508,1.531026125,-2.354454756,-2.933751583,1.579524159,1.987606168,2.271009922
hjcdik,96,-2.812366724,1.150576711,2.496864319,-2.98158288,-1.085572839,2.737300396,-2.358125687
hjcdik,97,1.846803665,-0.3032910228,-2.555129528,-2.493737698,-1.656247735,0.3384672999,-0.2890259922
hjcdik,97,1.284961224,-0.5682044625,-2.006839514,-2.550651312,-2.065111637,0.03578969091,-0.5226089954
hjcdik,97,0.277926594,0.4582984149,-1.001137137,-2.499849081,-1.411586285,0.8223809004,-0.3128204942
hjcdik,97,0.5316227078,0.7595201731,-1.258073449,-2.515963078,-1.287011147,1.112668753,-0.3767857254
hjcdik,97,-2.531969786,1.762799978,1.25833571,-2.505847216,1.359709978,0.9444123507,-2.42404604
hjcdik,97,0.3030822873,0.4761096537,-1.026690722,-2.500686646,-1.403645754,0.8409980536,-0.3160998821
hjcdik,97,0.4944348931,0.6908527017,-1.220795631,-2.511929512,-1.314612389,1.049618721,-0.3605917692
hjcdik,97,1.285586834,-0.5676538348,-2.007298231,-2.550364733,-2.063434839,0.03632619604,-0.5213455558
hjcdik,97,1.601315618,-0.3715839982,-2.307529211,-2.499864578,-1.730157852,0.2447025031,-0.312881887
hjcdik,97,2.063444853,-0.2719059289,-2.7736938,-2.491870642,-1.616459608,0.3997454643,-0.2818015814
hjcdik,97,-1.030024052,0.267375499,0.3193714023,-2.49164772,-1.609147072,0.4118620157,-0.2809396684
hjcdik,97,-2.573748827,-0.8408482671,1.84773314,-2.52101469,-1.254107356,1.185878634,-0.3972560763
hjcdik,97,-1.119566441,0.2764382362,0.4096716642,-2.492106199,-1.623102188,0.3889695406,-0.2827121913
hjcdik,97,-2.60481143,-0.7701452374,1.878383279,-2.516606092,-1.282732964,1.122318149,-0.3793795407
hjcdik,97,1.357046008,-0.5081429482,-2.067524195,-2.526385546,-1.921079874,0.09545902908,-0.4192712307
hjcdik,97,-2.508193731,-1.038403988,1.786091089,-2.534547806,-1.171176076,1.358179092,-0.453273356
hjcdik,97,-1.507430315,0.3595313132,0.8009929061,-2.498547554,-1.717010498,0.259583354,-0.307733953
hjcdik,97,0.7524242997,1.620234966,-1.422896266,-2.585563898,-0.8651990891,1.81786108,-0.687568903
hjcdik,97,-2.747839928,-0.5564808249,2.022769928,-2.504648685,-1.369310975,0.9218178391,-0.3316765428
hjcdik,97,0.7451348901,1.578720808,-1.422432423,-2.581372023,-0.8918269277,1.788087487,-0.6663548946
hjcdik,97,-1.113389254,0.2757234573,0.4034411311,-2.492068291,-1.622088909,0.3905991018,-0.2825652957
hjcdik,97,-2.492097855,-1.099654198,1.77218473,-2.539118767,-1.144097209,1.410110116,-0.4726290703
hjcdik,97,-0.3066663146,0.276456356,-0.4097751081,-2.492082834,-1.519114494,0.5817524791,-0.2826213837
hjcdik,97,0.05391958728,0.3512390852,-0.7740226388,-2.49512291,-1.464676738,0.7000733018,-0.2943992317
hjcdik,97,2.114826918,-0.2670957148,-2.825506687,-2.491634369,-1.608666182,0.412668556,-0.2808883488
hjcdik,97,0.6096229553,-1.762799978,-1.883257031,-2.505847216,1.359709978,0.9444123507,-2.42404604
hjcdik,97,0.2145663649,0.4198244512,-0.9368145466,-2.498090506,-1.42937541,0.7809024453,-0.3059488535
hjcdik,97,0.5055680275,0.7100524902,-1.231993794,-2.513036013,-1.306895852,1.067374587,-0.365021348
hjcdik,97,-2.650471449,-0.685341537,1.924135208,-2.511615038,-1.316828966,1.044502378,-0.3593342006
hjcdik,97,-0.1384453773,0.3021173179,-0.5795558095,-2.493114471,-1.496328115,0.6301291585,-0.2866122425
hjcdik,97,-0.524236083,0.2587716877,-0.1904057413,-2.491344929,-1.545494795,0.5282226801,-0.2797704637
hjcdik,97,-1.575582743,0.3858632445,0.8695498705,-2.501579046,-1.746103525,0.227619946,-0.3195991218
hjcdik,97,-1.718917012,0.4615882337,1.011831284,-2.514254093,-1.843058586,0.1436127722,-0.3699086905
hjcdik,97,1.278184175,-0.5741887093,-2.00198245,-2.553862095,-2.083919048,0.02996745147,-0.5368481874
hjcdik,97,1.269548535,-0.5818485022,-1.996126413,-2.558252335,-2.109719753,0.0225445684,-0.5565743446
hjcdik,97,1.69745791,-0.339223206,-2.404414177,-2.496572495,-1.695239544,0.2858856916,-0.3000344634
hjcdik,97,1.100957394,-0.7641673088,-2.17985487,-2.586746216,2.283999205,-0.0145715056,-2.066815376
hjcdik,97,-2.363795519,-1.761934757,1.722494245,-2.600357533,-0.7663305402,1.914532542,-0.7668138742
hjcdik,97,2.671282053,-0.2618079484,2.896830797,-2.491477489,-1.539124608,0.5408869982,-0.2802818418
hjcdik,97,2.848655701,-0.2781022787,2.717968225,-2.492149353,-1.517361641,0.5854074955,-0.2828788161
hjcdik,97,1.016954303,-0.8825674653,-2.141221762,-2.526162863,1.919709325,0.09618812799,-2.342102528
hjcdik,97,1.838211656,-0.3049830198,-2.546458006,-2.493853807,-1.658153057,0.3357284665,-0.2894761264
hjcdik,97,0.7403735518,1.551616311,-1.421767592,-2.578676462,-0.9086968899,1.768333077,-0.6529561877
hjcdik,97,0.2895098031,0.4662980735,-1.01290226,-2.500223398,-1.40800035,0.8307824135,-0.3142859638
hjcdik,97,0.2919516861,0.4680283666,-1.015383005,-2.500304699,-1.407229066,0.8325906396,-0.3146042824
hjcdik,97,0.6613560915,1.148542762,-1.379128337,-2.542898893,-1.121870279,1.451048613,-0.4888223708
hjcdik,97,0.2462837845,0.4380401075,-0.9690057039,-2.49891448,-1.420829415,0.8007825613,-0.3091661632
hjcdik,97,1.797253489,-0.3136214912,-2.505119801,-2.494473219,-1.667719007,0.3222451806,-0.2918764353
hjcdik,97,0.01183427405,0.3380989432,-0.7314398885,-2.494577885,-1.472340465,0.6828815937,-0.2922822535
hjcdik,97,-2.592362881,-0.797037065,1.866037011,-2.518256426,-1.271882296,1.146623254,-0.3860516846
hjcdik,98,1.376052976,1.302363038,2.278995514,-2.061990976,-1.454499245,0.08116577566,0.05444477871
hjcdik,98,1.927503347,-0.5081470609,0.6061488986,-2.232077837,-0.7257817388,1.469596863,-0.6682868004
hjcdik,98,-0.8966616392,0.4279670417,-2.776674032,-2.215761662,-0.8163827658,1.36762464,-0.5808371902
hjcdik,98,-0.8705747128,0.4237103164,-2.797253132,-2.214597225,-0.8225130439,1.360058546,-0.5748943686
hjcdik,98,0.06348521262,0.4276767373,2.738734484,-2.177249193,-1.002346158,1.096566319,-0.3990744948
hjcdik,98,-1.657504916,0.7662038207,-2.25506258,-2.266004801,-0.4919463098,1.658502579,-0.8909777999
hjcdik,98,0.5894716978,0.5939362049,2.37971735,-2.148072243,-1.12696743,0.8633360863,-0.2755376399
hjcdik,98,-2.495091438,-0.6247997284,-0.7924643159,-2.143814325,-1.144345999,0.827454865,-0.2582035065
hjcdik,98,1.222149134,1.132120848,2.235321522,-2.082473993,-1.37975502,0.2735094726,-0.02120235562
hjcdik,98,-0.8567973375,0.4215803146,-2.808153868,-2.21399045,-0.8256936073,1.356098652,-0.5718097091
hjcdik,98,0.8181263208,0.7389121652,2.273803234,-2.129083633,-1.20320189,0.7001127005,-0.1993120611
hjcdik,98,-1.933573961,1.078701258,-2.148439646,-2.290538788,-0.2008832991,1.777264357,-1.163539052
hjcdik,98,1.196919441,1.104139447,2.231129646,-2.085768461,-1.367629409,0.3043729067,-0.03348409757
hjcdik,98,0.7079006433,0.6618150473,2.319061041,-2.138890266,-1.164229274,0.7854245305,-0.2383394241
hjcdik,98,0.9962572455,0.8935772181,2.229677916,-2.110439062,-1.275308967,0.532843411,-0.126798138
hjcdik,98,1.205279112,1.113394737,2.232421398,-2.08468008,-1.371639371,0.2941824794,-0.02942276932
hjcdik,98,1.324543715,1.245973587,2.261065483,-2.068883419,-1.429433107,0.1458953023,0.02911252901
hjcdik,98,0.9389014244,-1.485652804,1.006592631,-2.290629625,0.1990323961,1.777678132,-1.534918189
hjcdik,98,1.697216868,-0.6129535437,0.763682723,-2.247681856,-0.6283926964,1.560236812,-0.7615320683
hjcdik,98,-2.116930485,1.352027416,-2.126766682,-2.294926643,0.06799113005,1.797061443,-1.413173079
hjcdik,98,1.138220429,-1.17852509,1.00707531,-2.29417944,-0.1034369618,1.793720603,-1.254104972
hjcdik,98,1.688491821,-0.6180071831,0.7692181468,-2.248357058,-0.623865962,1.564010739,-0.7658478022
hjcdik,98,-1.681610107,0.7879734039,-2.243054867,-2.268280506,-0.4724056125,1.670117259,-0.9094131589
hjcdik,98,1.252503991,1.165917277,2.241515636,-2.078475237,-1.394423723,0.2359949052,-0.006342164241
hjcdik,98,-2.288308859,-0.7665087581,-0.8795480728,-2.125679255,-1.216549516,0.6700354218,-0.1859178245
hjcdik,98,-0.1376658678,0.4022006989,2.895820618,-2.185628414,-0.9643754959,1.159193635,-0.4364400208
hjcdik,98,-0.8145514727,0.4155403972,-2.841706276,-2.212160826,-0.8352174163,1.344098449,-0.5625683069
hjcdik,98,-1.454137444,-1.721499324,-1.031074166,-2.056992769,1.472680807,0.03427412733,-2.772928715
hjcdik,98,-2.202171087,1.484849095,-2.13491106,-2.290667534,0.1982520372,1.777851582,-1.534192085
hjcdik,98,-1.752200365,0.8576503992,-2.210547209,-2.275030136,-0.4092002511,1.703831673,-0.9688879251
hjcdik,98,2.012927055,-0.4806300402,0.5433112383,-2.227212906,-0.7538019419,1.439975739,-0.6413161755
hjcdik,98,-0.1395185292,0.4020357132,2.897291899,-2.185702324,-0.9640363455,1.159735799,-0.4367732704
hjcdik,98,-0.096329391,0.4061985612,2.863089561,-2.183969975,-0.9719831944,1.146957159,-0.4289639294
hjcdik,98,-2.526211739,-0.6075541973,-0.7760693431,-2.146173954,-1.134737253,0.8473927975,-0.2677907646
hjcdik,98,-2.432341099,-0.6626757979,-0.8231570125,-2.138777971,-1.164681196,0.7844572663,-0.2378876656
hjcdik,98,-1.373414159,0.5750950575,-2.424242496,-2.24243331,-0.6626106501,1.530483842,-0.7288559675
hjcdik,98,0.1024628505,0.4345037937,2.709069729,-2.175514698,-1.010067821,1.083352208,-0.3914598823
hjcdik,98,1.350997329,1.275067687,2.269879341,-2.06534338,-1.442310333,0.1126451418,0.04213665053
hjcdik,98,0.9585611224,-1.455189347,1.009619236,-2.291970015,0.1693742275,1.783768535,-1.507333636
hjcdik,98,2.053560257,-0.4692483246,0.512797296,-2.225038767,-0.7660291195,1.426523209,-0.6295258999
hjcdik,98,-2.795992136,-0.4943296909,-0.6088225245,-2.163440943,-1.062641025,0.9890421629,-0.3394748867
hjcdik,98,-0.1349424273,0.4024457932,2.8936584,-2.185519934,-0.9648746848,1.158395648,-0.4359498322
hjcdik,98,-0.1391126662,0.402071327,2.896969557,-2.185685873,-0.9641105533,1.159617066,-0.4367002845
hjcdik,98,-0.1391313225,0.4020699859,2.896984339,-2.185686588,-0.9641070962,1.159622431,-0.4367036819
hjcdik,98,1.225848436,-1.054377675,0.9886150956,-2.289314747,-0.2243634313,1.771666646,-1.141682148
hjcdik,98,1.965983629,-0.4951164722,0.578079164,-2.22983408,-0.7388230562,1.45601666,-0.655742228
hjcdik,98,1.665606976,1.682703853,2.087638855,-2.052884102,1.487676263,-0.004255627282,-2.787938833
hjcdik,98,1.463391066,-0.7848342061,0.8968669772,-2.267957211,-0.4752288163,1.668475032,-0.9067513347
hjcdik,98,1.142754436,1.044763446,2.225128889,-2.092726231,-1.34188199,0.3693623543,-0.05954932794
hjcdik,98,-1.427356243,0.6033563614,-2.388813257,-2.246384382,-0.6370108128,1.552948594,-0.7533102632
hjcdik,99,0.3807039559,1.20020628,-0.363386184,-1.620257378,-0.9017059207,0.4967143238,0.475484848
hjcdik,99,0.7380885482,1.399947047,-0.7379216552,-1.683744669,-0.7582367659,0.7566697001,0.1890675426
hjcdik,99,0.6097681522,1.306136489,-0.6054221392,-1.660580635,-0.8201029897,0.6586191654,0.2986551523
hjcdik,99,0.8217826486,1.477685452,-0.8225420713,-1.699378967,-0.7096748352,0.8239831328,0.1102794781
hjcdik,99,0.3794826269,1.19982183,-0.3620807827,-1.620040655,-0.9020576477,0.4958848655,0.4764003754
hjcdik,99,-0.928771317,1.616410971,0.7941532135,-1.531736732,0.9651058316,0.2103356123,-2.505563498
hjcdik,99,-0.7190298438,1.468906045,0.5921238065,-1.433556318,0.8471486568,0.02510785125,-2.897300005
hjcdik,99,0.7907394171,1.447177529,-0.7913582921,-1.693525791,-0.7285455465,0.7987095714,0.1403166056
hjcdik,99,-2.215962648,-1.595534563,2.216964006,-1.719413042,-0.6380919218,0.9107928872,0.001439230633
hjcdik,99,-0.9684033394,1.653807282,0.8334789276,-1.546485186,0.9659343362,0.2499795109,-2.447564125
hjcdik,99,0.5235896707,1.25792861,-0.5150629878,-1.645384669,-0.8546545506,0.5960065722,0.3670096695
hjcdik,99,0.957662642,1.637191415,-0.955247581,-1.72570765,-0.6130527258,0.9380753636,-0.03512988985
hjcdik,99,-2.198933125,-1.617352962,2.200626135,-1.722754598,-0.624968648,0.9252797365,-0.01780919917
hjcdik,99,-2.229963303,-1.578143001,2.230492353,-1.716676235,-0.6485709548,0.8989221454,0.01694730483
hjcdik,99,-2.175789356,-1.648201227,2.178643227,-1.727312684,-0.6064446568,0.9450275302,-0.04467535764
hjcdik,99,-2.369642735,-1.429687977,2.369230032,-1.690014005,-0.7394632697,0.7835857272,0.1580148339
hjcdik,99,-1.05414772,1.74619782,0.9179360271,-1.576436162,0.9534647465,0.3408438861,-2.328585386
hjcdik,99,0.9879549146,1.679046988,-0.9837296009,-1.731687307,-0.587941587,0.9639590383,-0.07118572295
hjcdik,99,2.820151806,-1.256703496,-2.733624697,-1.425817847,-0.8299744725,0.01529191062,1.256559849
hjcdik,99,0.383066684,1.200955033,-0.3659111261,-1.620676517,-0.9010237455,0.4983195364,0.4737132192
hjcdik,99,1.015454769,1.719175577,-1.009132624,-1.737121582,-0.5638746023,0.9874361753,-0.1052306294
hjcdik,99,-2.111218691,-1.74181056,2.118878126,-1.740064979,-0.5502916574,1.000129819,-0.1242458895
hjcdik,99,-0.1810479611,1.196374059,0.2526335418,-1.491442204,-0.9397211075,0.1188928932,0.9906519055
hjcdik,99,-2.284845352,-1.514560699,2.284260988,-1.706049681,-0.6870974898,0.8528542519,0.07515709102
hjcdik,99,0.9454013109,1.620934844,-0.9435845613,-1.723293543,-0.6228161454,0.9276160598,-0.02094883472
hjcdik,99,-1.036452532,1.725800633,0.9006236196,-1.570427179,0.9574814439,0.3215218484,-2.352639437
hjcdik,99,0.7287711501,1.392151475,-0.7284011245,-1.682032585,-0.7632078528,0.7493408322,0.1974341273
hjcdik,99,0.9633949995,1.64492619,-0.9606747031,-1.726837516,-0.60841012,0.9429703355,-0.04184066504
hjcdik,99,-0.3234935105,1.257849336,0.410151124,-1.424541831,-0.8270347714,0.01372520998,1.261948347
hjcdik,99,-2.241577148,-1.564084888,2.241775751,-1.714412808,-0.6570566893,0.8891071677,0.0296010375
hjcdik,99,-0.8799265623,1.57468462,0.7457342148,-1.512426257,0.9571113586,0.1635086387,-2.581315517
hjcdik,99,-2.12540102,-1.720279336,2.13178587,-1.737267375,-0.5632125735,0.9880639911,-0.1061609387
hjcdik,99,0.4408367872,1.22135067,-0.4274769425,-1.630870342,-0.8833585382,0.5379166603,0.4302711785
hjcdik,99,-0.1661644727,1.191782594,0.2359452844,-1.496695042,-0.9449101686,0.1294724643,0.9699475765
hjcdik,99,-0.1109449789,1.177329183,0.1740994304,-1.514451027,-0.9583126903,0.1681524515,0.9001928568
hjcdik,99,-2.361178398,-1.437477589,2.360662222,-1.691593051,-0.7345907092,0.7903820872,0.1500855982
hjcdik,99,2.777741671,-1.282255888,-2.690032959,-1.396535635,-0.7545105219,-0.01728544198,1.383800149
hjcdik,99,-2.342897654,-1.454801917,2.342218161,-1.695019603,-0.7238101959,0.8051531315,0.1327157319
hjcdik,99,0.8552301526,1.512903452,-0.8558301926,-1.705758572,-0.688107729,0.8515931964,0.07671108842
hjcdik,99,0.6630952954,1.341694355,-0.6608237028,-1.670106292,-0.7960435152,0.6986236572,0.2544740438
hjcdik,99,0.7906709313,1.44711256,-0.7912892103,-1.693512678,-0.7285859585,0.7986541986,0.1403818578
hjcdik,99,0.6052662134,1.303342938,-0.6007259488,-1.659781814,-0.8220357895,0.6552881002,0.302310884
hjcdik,99,0.6635341048,1.342006445,-0.6612775922,-1.670185208,-0.7958362103,0.6989569664,0.2541032434
hjcdik,99,2.800604105,-1.267981648,-2.713090181,-1.41311729,-0.7993201017,0.0003232514428,1.3107692
hjcdik,99,-2.350049734,-1.447941422,2.349424124,-1.693676472,-0.7280703783,0.7993593812,0.1395520568
hjcdik,99,0.09672803432,1.155228496,-0.05596932024,-1.566127181,-0.9598911405,0.3080266714,0.6966047287
hjcdik,99,2.866149187,-1.233211279,-2.783621073,-1.451443911,-0.8825414777,0.05002473667,1.150528312
hjcdik,99,0.427290678,1.216202378,-0.4130708575,-1.628488183,-0.8876709938,0.5285688639,0.4404901862
hjcdik,99,-1.068115592,1.762799978,0.9315420389,-1.581129789,0.9498029351,0.3563022614,-2.309717894
hjcdik,99,-0.09610300511,1.174106002,0.1575117707,-1.518830657,-0.9606234431,0.1784093976,0.8830143213
