solver,pose_id,q1,q2,q3,q4,q5,q6,q7
ikflow,0,1.641561508,-1.241761208,2.512751102,-2.108273745,1.307784796,1.89929235,-0.3128786087
ikflow,0,-0.3422116637,-1.477816701,-2.39208889,-2.127179861,-1.093282819,2.124850988,1.143855691
ikflow,0,-1.829261065,1.07183075,-0.3586781323,-2.134131193,1.023934722,2.181861162,-0.1988627315
ikflow,0,2.066462994,-1.67407918,2.20170927,-2.097334623,1.693404078,1.380640268,-0.3489089608
ikflow,0,-0.3913346827,-1.529481888,-2.359954119,-2.118191957,-1.150465369,2.059828997,1.167904377
ikflow,0,-0.03621659428,-1.236540794,-2.581803322,-2.170542955,-0.6921011806,2.390032053,0.9243981838
ikflow,0,-0.1011177078,-1.278769732,-2.539966822,-2.159641027,-0.7869877219,2.336390495,0.976590097
ikflow,0,-1.836776972,1.06977272,-0.3517192602,-2.135219097,1.017412901,2.189477205,-0.1969570965
ikflow,0,-0.0004872305726,-1.214576244,-2.602935791,-2.176316023,-0.6425510049,2.408709049,0.8897272348
ikflow,0,-0.4083079696,-1.544991136,-2.349701643,-2.120065451,-1.180030942,2.041943312,1.178110361
ikflow,0,-0.07045870274,-1.258426666,-2.560538054,-2.164915562,-0.7489176989,2.365486145,0.9575074911
ikflow,0,-2.868468285,1.083726525,0.3744432628,-2.208387136,-0.2351655811,2.519210815,0.6126214266
ikflow,0,-2.713046312,1.03775382,0.2816764116,-2.211507797,0.01330067683,2.536416054,0.4451274872
ikflow,0,0.0945006907,-1.160644174,-2.662267685,-2.189856052,-0.5087772012,2.457555056,0.805211246
ikflow,0,2.098664522,-1.721771717,2.181971788,-2.094904661,1.728280783,1.332441449,-0.3389425874
ikflow,0,0.2225754261,-1.104629517,-2.737212896,-2.202278614,-0.3224742115,2.506650925,0.6726971269
ikflow,0,1.672083974,-1.261354327,2.491749763,-2.1077106,1.332942247,1.878768682,-0.3183953166
ikflow,0,0.03038026579,-1.197712779,-2.62262702,-2.17808342,-0.6050745845,2.423567533,0.867803514
ikflow,0,-0.09255337715,-1.275292277,-2.546303034,-2.160901308,-0.7737489343,2.348618031,0.9724285007
ikflow,0,-2.73145175,1.043195248,0.2921717167,-2.212170362,-0.002408874687,2.538853407,0.4522352219
ikflow,0,-0.3936833739,-1.531665802,-2.358570576,-2.119962215,-1.161060095,2.056952715,1.167910576
ikflow,0,-0.4260851741,-1.565394998,-2.339204073,-2.114410877,-1.197071791,2.016479492,1.181279421
ikflow,0,-2.696259737,1.033003569,0.2707175612,-2.210902452,0.0673801899,2.531548977,0.400503099
ikflow,0,-2.671926022,1.024872065,0.2568495274,-2.21585536,0.09590580314,2.540423632,0.3834723234
ikflow,0,-2.701716185,1.034177899,0.2737321258,-2.213337421,0.04053876549,2.534419775,0.4237501323
ikflow,0,2.039078951,-1.637743711,2.217314243,-2.098346472,1.671015501,1.41921401,-0.3500069678
ikflow,0,-0.5136329532,-1.661423922,-2.291566849,-2.107255936,-1.294126749,1.912353635,1.216473222
ikflow,0,-0.3727454543,-1.507168889,-2.373640776,-2.122362375,-1.124524593,2.087857246,1.158684969
ikflow,0,-2.583599567,1.012554049,0.2014091462,-2.205924749,0.2056846321,2.52122879,0.3105102181
ikflow,0,1.691452026,-1.273017645,2.476778746,-2.108968496,1.343769193,1.865130901,-0.3233907223
ikflow,0,2.130296707,-1.762799978,2.164693117,-2.102059603,1.767936707,1.287677169,-0.3401270807
ikflow,0,-2.887411118,1.089837551,0.3843740523,-2.209688902,-0.26541996,2.520314217,0.6344841123
ikflow,0,-1.124809265,1.604535699,-0.9039826393,-2.101879597,1.655096292,1.466905117,-0.3459535241
ikflow,0,0.196057409,-1.114700317,-2.722993135,-2.20110774,-0.3614569008,2.49614048,0.6953169703
ikflow,0,-1.900064707,1.050527096,-0.3023347557,-2.138963938,0.9621839523,2.2286973,-0.1708739698
ikflow,0,-1.076666355,1.670508504,-0.9367077947,-2.099105835,1.700155139,1.39454186,-0.3399521112
ikflow,0,-0.380061686,-1.513665318,-2.367785931,-2.121899366,-1.133743763,2.077111721,1.161533237
ikflow,0,-0.3153177798,-1.451791048,-2.404401541,-2.129912853,-1.074201703,2.1363585,1.131959438
ikflow,0,-0.1012505963,-1.278273582,-2.541552305,-2.160092115,-0.7845949531,2.339589596,0.9829657674
ikflow,0,-1.739132881,1.10579288,-0.4314810634,-2.126498222,1.103236556,2.116215229,-0.2380270958
ikflow,0,-0.3333262503,-1.472781062,-2.395692587,-2.125578642,-1.086045623,2.125984669,1.139921665
ikflow,0,-0.2898759544,-1.433116436,-2.420751572,-2.129668474,-1.040387988,2.166123152,1.117471695
ikflow,0,-0.02210277319,-1.229263663,-2.590273142,-2.172110796,-0.6722855568,2.39419055,0.9109045863
ikflow,0,-0.4680642188,-1.608953118,-2.317209959,-2.11468792,-1.243590236,1.975459695,1.194625139
ikflow,0,-1.025611281,1.741971612,-0.9682829976,-2.100879192,1.760009766,1.313162923,-0.3336877227
ikflow,0,2.040019751,-1.636761189,2.217678785,-2.09781003,1.666458607,1.419872403,-0.357976377
ikflow,0,1.697859287,-1.285263062,2.468953371,-2.104409218,1.358433485,1.841485381,-0.326839149
ikflow,0,-0.06722247601,-1.258533239,-2.560971498,-2.164152622,-0.738688767,2.364393234,0.9511931539
ikflow,0,-1.118128538,1.617119908,-0.9111391902,-2.097823858,1.660847902,1.448397636,-0.3537544608
ikflow,0,0.2383795977,-1.096942544,-2.747340441,-2.204663038,-0.2835606933,2.515421152,0.6512921453
ikflow,1,2.510215998,-0.1174805388,0.3918861747,-1.667523623,0.02655485086,2.263025761,1.087341666
ikflow,1,2.473387241,-0.117790617,0.4275508523,-1.662409425,0.02091003023,2.252675772,1.074195981
ikflow,1,2.619641781,-0.1141294539,0.29201895,-1.666470051,0.003492706688,2.256577969,1.097612381
ikflow,1,-2.614598036,-0.1468618661,-0.6689398885,-1.676058054,-0.2405155748,2.273410559,1.255726218
ikflow,1,2.360122442,-0.1226299554,0.5308915377,-1.659984827,0.0520902276,2.254764557,1.068289876
ikflow,1,2.367545605,-0.1181425527,0.5261682868,-1.657448173,0.03587329015,2.255140781,1.080905318
ikflow,1,2.59362483,-0.1081418395,0.3170505762,-1.659818053,0.01397449151,2.263716221,1.097994208
ikflow,1,-0.9476704001,-1.520962477,-0.5888498425,-1.622209072,-2.072910786,1.180514336,1.670085549
ikflow,1,-2.628292084,-0.1391604394,-0.6610126495,-1.675490141,-0.1973584294,2.283579826,1.241598845
ikflow,1,-2.623508692,-0.1429613382,-0.6608933806,-1.677070856,-0.2297285199,2.276954412,1.264692307
ikflow,1,-1.130192041,-1.36924684,-0.75394696,-1.60683918,-1.843247056,1.37360096,1.719375134
ikflow,1,2.565681458,-0.1119503602,0.3447378576,-1.661535144,0.007656350732,2.262871504,1.099203229
ikflow,1,-1.037416339,0.1514016092,-2.380627155,-1.671195149,0.1092325002,2.285391092,1.090458035
ikflow,1,2.508113861,-0.1110401675,0.3940766752,-1.660318136,0.006744296756,2.256160498,1.096829772
ikflow,1,-1.311278462,0.2065736353,-2.162159204,-1.662372947,0.2731434405,2.265350103,0.9775766134
ikflow,1,2.395665169,-0.1265363246,0.4958305359,-1.66747117,0.0522672087,2.269573927,1.071929455
ikflow,1,1.417135358,0.5853248835,1.971728444,-1.615794539,-0.9338376522,2.008182526,1.576826215
ikflow,1,-1.291266322,0.1974162906,-2.171694756,-1.663139582,0.2322752476,2.274753571,1.006716609
ikflow,1,1.544265866,0.7588320374,2.013746023,-1.604097366,-1.117795467,1.90406251,1.652375579
ikflow,1,-2.570402622,-0.1413378865,-0.7154809237,-1.66439867,-0.240391165,2.272573948,1.259036303
ikflow,1,-2.707615852,-0.1307749897,-0.5854392052,-1.671857238,-0.2133897543,2.272426128,1.253211617
ikflow,1,-2.557616472,-0.1463498175,-0.721624136,-1.675079823,-0.2593646348,2.278355122,1.278512597
ikflow,1,-2.738391399,-0.1262767166,-0.559438467,-1.666569114,-0.1773408055,2.275691032,1.226597309
ikflow,1,-1.185804605,-1.305869222,-0.8082093596,-1.604320049,-1.797041774,1.420166492,1.727227092
ikflow,1,-0.8083015084,-1.607006669,-0.4637253881,-1.630243897,-2.216992378,1.071582675,1.598550439
ikflow,1,-2.677324533,-0.1279121637,-0.620485723,-1.667547226,-0.1967347711,2.277727365,1.249832869
ikflow,1,-0.9318801165,-1.539981127,-0.5682601929,-1.621306896,-2.06992507,1.182706833,1.637467504
ikflow,1,-2.452219248,-0.1763904095,-0.8039096594,-1.678516865,-0.2861457765,2.265107393,1.30403316
ikflow,1,-1.771042824,-0.5497672558,-1.17249608,-1.637248635,-0.8512688875,2.098226547,1.598357201
ikflow,1,2.34455657,-0.119163923,0.544034183,-1.659634113,0.02353955433,2.262580395,1.088835716
ikflow,1,2.192786694,-0.1304252595,0.6824653149,-1.649919271,0.05752335116,2.248305559,1.057919383
ikflow,1,-1.202926874,0.1792543977,-2.24858284,-1.668504238,0.2143255621,2.28475523,1.014817357
ikflow,1,-2.894193649,-0.1221322045,-0.4148876965,-1.677212119,-0.1615676731,2.275506735,1.228900075
ikflow,1,-2.325198412,-0.2074276358,-0.9057260156,-1.679407835,-0.3621009886,2.264983654,1.338382483
ikflow,1,-0.9226488471,-1.526991844,-0.5693929195,-1.609012127,-2.083651066,1.170180202,1.656451464
ikflow,1,-2.65737462,-0.1454730481,-0.6307945251,-1.674386978,-0.2251115888,2.278029442,1.264327407
ikflow,1,2.385788679,-0.1183209196,0.5103005171,-1.653245926,0.04000762478,2.253437757,1.076465368
ikflow,1,-2.518493891,-0.1702772826,-0.750803709,-1.683032274,-0.2612007856,2.272847176,1.289546609
ikflow,1,-1.298586965,0.1976465434,-2.16914773,-1.662897468,0.23421821,2.276010036,0.997793138
ikflow,1,2.537600994,-0.1221093535,0.3615220189,-1.673155189,0.02557731606,2.256654263,1.080634475
ikflow,1,2.324586391,-0.1157465503,0.5653238893,-1.653812289,0.02768926322,2.253971815,1.084984422
ikflow,1,2.503243685,-0.1163321137,0.3931463361,-1.662809134,0.04802438617,2.264024496,1.06483829
ikflow,1,-0.6932022572,-1.676095843,-0.3476415575,-1.651733398,-2.310484648,1.008990645,1.549350977
ikflow,1,-2.881466627,-0.1272880286,-0.4238369763,-1.682552218,-0.1905449033,2.280869484,1.243154645
ikflow,1,2.421209574,-0.1165756658,0.4710883498,-1.658127904,0.05586854368,2.267407656,1.075611353
ikflow,1,-1.363996267,0.2183209062,-2.120012045,-1.661039114,0.2847596407,2.275618076,0.9745509624
ikflow,1,-0.5603230596,0.1067931652,-2.809384584,-1.667500734,-0.01007761713,2.293327808,1.158614159
ikflow,1,-2.758430719,-0.1303460151,-0.5361334085,-1.672146678,-0.2045565993,2.27635026,1.259638071
ikflow,1,2.396657228,-0.1232189685,0.4932340086,-1.659448266,0.04693827406,2.259350777,1.072878242
ikflow,1,-2.383323193,-0.1863913834,-0.8590708375,-1.675660253,-0.3303547502,2.268036127,1.312782049
ikflow,2,1.632001758,1.519604206,-1.053859472,-1.174571514,1.285215974,2.219636202,1.276230097
ikflow,2,0.8473119736,1.153403759,0.1855082661,-1.244376063,-0.4332508147,2.531364679,1.994463563
ikflow,2,1.140069366,1.151335597,-0.2026200742,-1.258636713,0.1208166257,2.561450005,1.722555518
ikflow,2,0.7491443157,1.178807378,0.3262936473,-1.232024908,-0.625965476,2.488507032,2.088537931
ikflow,2,-2.471055984,-1.215675473,-2.688562155,-1.209079742,-0.8084523678,2.419039488,2.144258022
ikflow,2,0.8048885465,1.160971403,0.2447331995,-1.242597818,-0.5277842879,2.517009735,2.04069519
ikflow,2,-2.467556238,-1.216026068,-2.694585085,-1.207105875,-0.8015909195,2.424459219,2.145747662
ikflow,2,-2.59015727,-1.295364857,-2.481815338,-1.183389068,-1.034103513,2.318201303,2.210147381
ikflow,2,1.44882834,1.300477982,-0.6611934304,-1.208297729,0.8053610325,2.430753231,1.399130702
ikflow,2,0.7944629788,1.164319277,0.2604151964,-1.240430713,-0.5449126363,2.512619734,2.050470352
ikflow,2,1.065353513,1.14121592,-0.102324374,-1.261488199,0.00206357846,2.569114208,1.776996493
ikflow,2,1.105502367,1.149182796,-0.1572379172,-1.257218719,0.06824246049,2.570085764,1.745370507
ikflow,2,0.8179935217,1.160651326,0.2265974581,-1.238441586,-0.5035607219,2.513134956,2.026893854
ikflow,2,0.6649656296,1.213618994,0.4535324872,-1.218444943,-0.7984802127,2.441159248,2.149654865
ikflow,2,1.443228364,1.293624282,-0.6531385779,-1.211656094,0.7869418263,2.42403388,1.410600066
ikflow,2,-1.583571553,-1.41065228,2.267303705,-1.184970498,1.058776855,2.326544046,1.319576859
ikflow,2,1.112709165,1.151244044,-0.1658889651,-1.253196478,0.08612181991,2.563767672,1.735897422
ikflow,2,-1.712008595,-1.279329658,2.516564369,-1.220279813,0.7363958359,2.449504375,1.438736558
ikflow,2,0.9577553868,1.140270829,0.03793048859,-1.251920462,-0.2330331951,2.554519653,1.897603989
ikflow,2,1.080007076,1.14015162,-0.1228509247,-1.263932109,0.01567158848,2.570535898,1.771012425
ikflow,2,1.61564219,1.490235209,-1.009960413,-1.177578449,1.237982154,2.234888554,1.291386724
ikflow,2,1.330421686,1.219455004,-0.470102936,-1.235109568,0.5350312591,2.501923084,1.509199977
ikflow,2,0.8515172601,1.150162697,0.1807326674,-1.246961951,-0.4329940677,2.530679226,1.992735744
ikflow,2,1.337570071,1.221079111,-0.4763090611,-1.23718667,0.5465526581,2.502532005,1.504797816
ikflow,2,1.120062351,1.149025321,-0.177354455,-1.257555962,0.09010852873,2.557790518,1.736008644
ikflow,2,0.678745389,1.208442569,0.4364928603,-1.217560649,-0.7737464905,2.437645912,2.144811869
ikflow,2,0.5666045547,1.275338173,0.6192977428,-1.199655771,-0.9919054508,2.361602783,2.222637653
ikflow,2,1.152292371,1.159793139,-0.219885841,-1.246769309,0.1801161617,2.549443007,1.685681224
ikflow,2,0.5625190735,1.278733015,0.6279411912,-1.197046161,-1.002156258,2.352877855,2.225217819
ikflow,2,-1.569064498,-1.424761653,2.23857069,-1.188422322,1.097308517,2.312039614,1.313859463
ikflow,2,0.6315822005,1.231565595,0.5079318881,-1.212544322,-0.8646190166,2.411273241,2.184432745
ikflow,2,1.49979198,1.3384974,-0.7507570386,-1.206299424,0.9084052444,2.382956505,1.370431542
ikflow,2,0.757506907,1.173422813,0.3125433624,-1.236059904,-0.6208710074,2.491865158,2.089534044
ikflow,2,1.422498345,1.273307323,-0.6139588952,-1.222066998,0.7453283668,2.447343588,1.415027142
ikflow,2,0.8333863616,1.155864477,0.2076954544,-1.239264846,-0.476229459,2.515289068,2.022639513
ikflow,2,0.8706883788,1.148763657,0.1546248645,-1.24614799,-0.3899919093,2.53980422,1.971507788
ikflow,2,0.3827711046,1.483963251,1.025340915,-1.166652918,-1.451636076,2.121655226,2.304718018
ikflow,2,0.7502644658,1.183027148,0.3272999227,-1.2267133,-0.6237124801,2.485432863,2.079692364
ikflow,2,0.6079201698,1.24569273,0.5491675138,-1.209070444,-0.8997631073,2.391825438,2.196144819
ikflow,2,-2.513302088,-1.237526417,-2.620452642,-1.203243256,-0.8712698817,2.395434141,2.168573856
ikflow,2,1.038778305,1.142513633,-0.06814870983,-1.254969716,-0.07434726506,2.560549259,1.817603588
ikflow,2,1.378078818,1.246686697,-0.5401020646,-1.226083398,0.6391929984,2.475802422,1.460826874
ikflow,2,0.6433396339,1.231951833,0.4918946326,-1.205942392,-0.8453995585,2.418775082,2.170529127
ikflow,2,0.8255661726,1.157241225,0.2176709324,-1.244463325,-0.4804691076,2.52539134,2.019279718
ikflow,2,1.594795942,1.453364372,-0.9523100853,-1.186440945,1.160860181,2.274548054,1.302854896
ikflow,2,0.7766554952,1.170675874,0.2860266566,-1.235844493,-0.5879468322,2.495676517,2.07155323
ikflow,2,0.6463571787,1.230431437,0.4882118702,-1.207766652,-0.8355799317,2.423034906,2.171031952
ikflow,2,0.9850697517,1.140184402,0.00286858296,-1.252317429,-0.1884183288,2.556916952,1.873955131
ikflow,2,-2.472242594,-1.21836102,-2.689347744,-1.207219601,-0.7985548377,2.420610428,2.140538216
ikflow,2,1.03734684,1.138819695,-0.06562630832,-1.261923432,-0.07087180018,2.566910028,1.807009816
ikflow,3,-0.4391220808,0.7739197016,1.15011394,-0.8054195642,-2.601424217,2.188414574,2.631492853
ikflow,3,-0.4491254091,0.7813332677,1.175952911,-0.8129768968,-2.62308526,2.179404497,2.634387016
ikflow,3,-2.641423464,-0.7913677096,1.948426723,-0.7507440448,-1.05399704,2.701568127,2.789494038
ikflow,3,-0.4251121283,0.750077486,1.088656664,-0.8073410392,-2.577371597,2.195690632,2.654730558
ikflow,3,-2.608142138,-0.856215179,1.774128795,-0.7679643631,-0.852855742,2.757503271,2.76006031
ikflow,3,0.07104149461,0.5985660553,-0.05649780855,-0.728936255,-1.901541591,2.430159569,2.821757793
ikflow,3,2.837962627,-0.665867269,-2.380492926,-0.7730733156,-2.383090496,2.27634573,2.721240044
ikflow,3,-0.02591309883,0.5906885862,0.1469238847,-0.7500784397,-2.016127348,2.389569521,2.815926313
ikflow,3,-0.01351215877,1.012943029,0.8916083574,-0.09092915058,-2.476072788,2.455127001,2.420465946
ikflow,3,-2.736856461,-1.33734417,0.8897069693,-0.7732176781,0.8052065969,2.759940386,2.057062149
ikflow,3,0.09063026309,0.6006690264,-0.09860536456,-0.7265198827,-1.878697753,2.44027257,2.829443216
ikflow,3,-0.1079573035,0.5988744497,0.3190364838,-0.7587854862,-2.113739491,2.348628283,2.794700146
ikflow,3,-2.685860157,-1.291444182,1.012375355,-0.8021429777,0.6593139172,2.804842234,2.080506086
ikflow,3,0.4814188778,0.7783785462,-1.14209497,-0.7374824286,-1.09552896,2.688650608,2.800118208
ikflow,3,2.893289804,-0.6361966729,-2.520359278,-0.7716390491,-2.297638655,2.308449984,2.752153635
ikflow,3,-0.001511399518,0.5960015655,0.09947355837,-0.7372510433,-1.990809083,2.3958323,2.820297003
ikflow,3,-0.2129071951,1.438497782,2.57887125,-0.7731018066,2.400192022,2.248950243,2.068648577
ikflow,3,0.03472170606,0.5954203606,0.02093633451,-0.7346119881,-1.938601136,2.418977737,2.817834854
ikflow,3,0.5691732168,0.9801443219,-1.629230142,-0.8185907602,-0.4920184016,2.821706533,2.617170095
ikflow,3,-2.700889587,-0.7343911529,2.148639917,-0.7283245921,-1.242166758,2.651498795,2.824654341
ikflow,3,-2.681065083,-1.284048557,1.023846507,-0.8052402735,0.6228757501,2.807108879,2.096922159
ikflow,3,0.02839965932,0.5983110666,0.03167350218,-0.7308040261,-1.945315242,2.412698269,2.813392878
ikflow,3,-0.144243747,1.469738126,2.730657816,-0.7580459714,2.266823292,2.299087048,2.023569822
ikflow,3,-0.4815319777,0.8579015732,1.352239728,-0.8173682094,-2.763379812,2.153073549,2.568608522
ikflow,3,-0.3838318884,1.314476967,2.199961901,-0.8311145902,2.738728523,2.14732933,2.205688953
ikflow,3,2.769541025,-0.7111235857,-2.197728157,-0.7883263826,-2.507742405,2.222630024,2.678621769
ikflow,3,-0.1769754738,1.465003014,2.66452384,-0.7795473337,2.328548431,2.272903442,2.031296253
ikflow,3,-2.660307884,-1.259656668,1.078388333,-0.8179081082,0.5501139164,2.828366041,2.111338615
ikflow,3,0.5653395653,1.027230978,-1.706172109,-0.8288123012,-0.3288318813,2.843663454,2.553021431
ikflow,3,-2.652309656,-1.2499547,1.095371008,-0.8178575635,0.5157908797,2.820595026,2.135008812
ikflow,3,0.5090898275,0.8162519336,-1.255678892,-0.7508414388,-0.9849587083,2.723398209,2.777812243
ikflow,3,0.004936825018,0.9999290705,0.5203822851,-0.08904492855,-2.141931057,2.466561079,2.440406084
ikflow,3,-2.732424736,-1.338955641,0.8894087672,-0.7736373544,0.8576152921,2.746866941,2.025488138
ikflow,3,-2.678478479,-0.7517486215,2.081990242,-0.7346097231,-1.176164269,2.668492794,2.807828188
ikflow,3,-0.4854233563,0.8449466825,1.331651926,-0.8285000324,-2.734045744,2.151141882,2.57882309
ikflow,3,2.666915655,-0.8307973146,-1.849860191,-0.8168776035,-2.729127407,2.162608385,2.583147526
ikflow,3,0.407173872,1.339778423,-2.250107288,-0.7731013298,0.860193789,2.761133194,2.014510632
ikflow,3,-0.07663297653,0.6026847959,0.2575962543,-0.7450057864,-2.08448863,2.363600969,2.798687935
ikflow,3,0.5438225865,1.099658251,-1.817802548,-0.8252424598,-0.081608437,2.859217167,2.430046558
ikflow,3,-0.005722000729,0.5910651684,0.1088137925,-0.7458885908,-1.997602224,2.391971111,2.813337564
ikflow,3,-0.1515345126,0.6141436696,0.4217484593,-0.753708601,-2.177927017,2.327272415,2.778198719
ikflow,3,-0.02784171514,0.5944184661,0.1545807272,-0.7451399565,-2.022854328,2.38760066,2.809857607
ikflow,3,-2.623706818,-0.8238604665,1.859052777,-0.7598951459,-0.9495327473,2.732949257,2.782580614
ikflow,3,-0.1734644175,0.6219035387,0.4675950408,-0.752864182,-2.201719046,2.323472023,2.777748346
ikflow,3,-2.60850358,-0.835930109,1.820073605,-0.7712801695,-0.9187372327,2.738988161,2.770684004
ikflow,3,-2.6549685,-1.254521847,1.083762884,-0.8220293522,0.506919384,2.826691628,2.142396927
ikflow,3,0.5304400921,1.150115132,-1.89345932,-0.8300504088,0.1058514267,2.859733105,2.331271887
ikflow,3,0.5712305903,1.004651904,-1.671236157,-0.8284887671,-0.3857867122,2.84193182,2.566650391
ikflow,3,-0.4304734468,0.7455732226,1.089424133,-0.8160426021,-2.557622194,2.199128151,2.65823102
ikflow,3,-2.791151285,-1.379678488,0.761282742,-0.7437362671,1.021638393,2.714399099,1.985984683
ikflow,4,-2.238637924,-0.08609368652,-0.8925083876,-0.5401554704,0.5219575167,3.237780094,2.56257391
ikflow,4,-2.463877678,-0.05766110867,-0.7459436059,-0.5134636164,0.6864284277,3.207083225,2.471546173
ikflow,4,-2.190551758,0.02901641838,-1.295298219,-0.424990654,0.9401400089,3.134268284,2.505540371
ikflow,4,0.8530744314,0.1484244168,2.291283846,-0.6450160742,0.1209805459,3.279302835,2.897300005
ikflow,4,2.30006814,0.001282414421,0.6202886701,-0.4402245879,0.8466939926,3.164685011,2.473752022
ikflow,4,-2.332881451,-0.1436874419,-0.7753297687,-0.6399771571,0.2495009154,3.271811485,2.810165882
ikflow,4,-1.330188751,-0.2821336687,-1.341020226,-0.3575330973,-0.9928759933,3.109279633,-2.702679873
ikflow,4,1.107834578,0.1655867994,1.98104775,-0.5940167904,-0.2990407348,3.262285233,-2.889331579
ikflow,4,1.155036569,0.17976439,1.949053407,-0.5838694572,-0.4137685597,3.259872913,-2.797287703
ikflow,4,1.994597793,0.03410007432,1.011578202,-0.4204472303,0.6910135746,3.17476964,2.546597004
ikflow,4,-2.354575634,-0.09182213992,-0.782012403,-0.5600706339,0.5308870673,3.24472928,2.547173738
ikflow,4,-2.338238716,-0.09941349179,-0.806081295,-0.5745617151,0.4570896924,3.242972374,2.627899408
ikflow,4,-2.714057446,-0.05021797493,-0.5560033321,-0.5198177695,0.7164288759,3.204619408,2.506400824
ikflow,4,1.322095275,0.2091984451,1.864581347,-0.5295993686,-0.6098734736,3.214601994,-2.677568197
ikflow,4,-1.898418784,-0.03792046383,-1.343402505,-0.4632589519,0.6707113981,3.192057371,2.530112743
ikflow,4,2.249749184,0.03830039501,0.7122246623,-0.4104861617,0.6542687416,3.165483952,2.61094141
ikflow,4,0.7342484593,0.1214532629,2.394373655,-0.6220577359,0.3321819007,3.268609047,2.730632782
ikflow,4,-1.867880464,-0.1600818634,-1.348736525,-0.5421520472,-0.3818897009,3.2552917,-2.802085161
ikflow,4,-2.08775568,-0.001427460811,-1.280340791,-0.4464256763,0.8300316334,3.166674137,2.485388517
ikflow,4,2.02994585,0.2492643446,1.525135756,-0.2785566151,-0.7415829301,3.088363409,-2.893445253
ikflow,4,0.733186543,0.1323865205,2.396880865,-0.6429927945,0.2799304128,3.278912783,2.819262028
ikflow,4,-2.350832224,-0.05754955858,-0.8553674817,-0.5101951361,0.6559702754,3.213336945,2.495117664
ikflow,4,-1.932093143,-0.02655972354,-1.35896039,-0.463508904,0.683339119,3.19453311,2.547343493
ikflow,4,1.173010468,-0.01247047912,1.69682765,-0.4375933409,0.8927317262,3.157877922,2.495877981
ikflow,4,1.429308772,0.0292020496,1.568410397,-0.4519666135,0.6728292704,3.178533316,2.575925827
ikflow,4,-2.252949953,-0.0946374014,-0.8694427609,-0.5566570163,0.4775315225,3.248000622,2.591488361
ikflow,4,-2.45331192,-0.04091632739,-0.7938973904,-0.4899171889,0.7416635752,3.198727131,2.461148024
ikflow,4,-2.088425875,-0.007900771685,-1.25219655,-0.4513296783,0.7986647487,3.173263788,2.496277809
ikflow,4,-2.254436255,-0.08058771491,-0.9370415211,-0.5475071073,0.4472261071,3.234015226,2.689720869
ikflow,4,1.286444426,-0.01189765986,1.586144209,-0.4401171505,0.8888582587,3.158221483,2.496615887
ikflow,4,1.779897571,-0.004080670886,1.112643719,-0.4451319873,0.8503872752,3.159130335,2.495048761
ikflow,4,0.6330950856,-0.2806780338,0.991963625,-0.3987011313,2.135825634,2.932020664,2.501614571
ikflow,4,1.293682814,0.01312501356,1.662543297,-0.4496386945,0.7599124312,3.17823267,2.536921263
ikflow,4,-2.240869522,-0.124458462,-0.8533709645,-0.5963838696,0.3301769793,3.266628981,2.707283735
ikflow,4,0.238061592,0.03466991335,2.731557608,-0.4998749495,0.7678018212,3.193410873,2.501321077
ikflow,4,-2.575533628,-0.02509943023,-0.7179166675,-0.4754856527,0.7800925374,3.192813635,2.478440523
ikflow,4,-1.233391643,-0.04282018542,-2.047776461,-0.4309130907,0.5676027536,3.184338331,2.662255287
ikflow,4,2.89543581,-0.01557383034,0.02511473186,-0.4680715203,0.856480062,3.176550388,2.461595774
ikflow,4,0.6035159826,-0.03270401806,2.195438623,-0.4119436741,0.9037569761,3.144637585,2.548722029
ikflow,4,1.269133687,0.05675071478,1.80254364,-0.4812302291,0.5223466754,3.208450079,2.640791893
ikflow,4,0.1006344855,-0.3395595849,0.8717437983,-0.2736530304,2.457342386,2.894391537,2.806776047
ikflow,4,-1.083429456,-0.03112019226,-2.212141991,-0.4183671474,0.693637073,3.170435667,2.576645136
ikflow,4,-2.131812811,-0.01673385687,-1.175085783,-0.4546281993,0.7710266709,3.181968212,2.499044418
ikflow,4,0.7055903673,0.1318059713,2.463459969,-0.6338854432,0.3898619413,3.265584707,2.662440062
ikflow,4,-0.5455338359,-0.1127530783,-2.805945635,-0.290438056,0.4785141945,3.110214949,2.833227396
ikflow,4,-0.9297975302,-0.02551246248,-2.414803505,-0.4314230382,0.6828022599,3.17701149,2.622769833
ikflow,4,2.333887577,-0.001750660827,0.5771437883,-0.4434124827,0.855673492,3.167220116,2.483237028
ikflow,4,-1.836286902,-0.1792656332,-1.334648967,-0.5356000066,-0.4620912075,3.24123168,-2.761303902
ikflow,4,0.1092994064,-0.3829837143,0.6895962358,-0.3327175975,2.653779984,2.866542339,2.805811644
ikflow,4,-2.287980556,0.007772947196,-1.120663166,-0.4371952116,0.8649833202,3.153017759,2.498044729
ikflow,5,1.815818667,-1.685129762,0.4123142362,-2.833916187,-2.007217169,3.244817495,-0.06525074691
ikflow,5,1.809883714,-1.700278759,1.058123827,-2.834665298,2.020064116,3.231497288,2.829990149
ikflow,5,2.359637022,-1.535615206,0.2978988588,-2.964156151,-1.723969936,2.709140539,-0.6009748578
ikflow,5,2.164864063,-1.598563313,0.3428434134,-2.954835176,-1.672221899,2.901855946,-0.556204915
ikflow,5,1.800334215,-1.6346277,0.9054604769,-2.694442272,2.617600203,3.293034077,2.072624683
ikflow,5,1.78548646,-1.674413204,0.4717589617,-2.75775218,-2.309716225,3.269710302,0.3123317659
ikflow,5,2.50006032,-1.501408219,0.2561051846,-2.974520683,-1.744583726,2.576542139,-0.6341958642
ikflow,5,2.405531645,-1.5284096,0.2922159731,-2.970604897,-1.718023419,2.654955387,-0.6099694967
ikflow,5,2.360057116,-1.540585637,0.3010141551,-2.967195034,-1.714147806,2.705903769,-0.6064676046
ikflow,5,-1.42672205,1.713767886,-2.645651817,-2.737125874,-2.348503828,3.317347765,0.4147902131
ikflow,5,-2.493347645,-1.528986096,-0.2907312214,-3.068424702,-2.182610512,1.39144063,-1.045477033
ikflow,5,2.323835135,-1.546028972,0.3107509911,-2.961910009,-1.716499567,2.742927313,-0.5884468555
ikflow,5,2.074381828,-1.624025106,0.3578873277,-2.940136909,-1.709317684,2.990239382,-0.4972260296
ikflow,5,1.822089314,-1.675167561,0.4220922589,-2.812026739,-2.105234385,3.243398666,0.04206280038
ikflow,5,2.504671574,-1.501940727,0.2566325665,-2.975959063,-1.734311819,2.567682743,-0.637401998
ikflow,5,2.276931524,-1.566680789,0.3220373988,-2.962019205,-1.696651816,2.789011717,-0.5907062888
ikflow,5,2.388794422,-1.529219747,0.2969321609,-2.967107534,-1.729955792,2.673916817,-0.6026106477
ikflow,5,1.922670007,-1.637627602,1.054361939,-3.029551029,1.172280192,3.32875967,-2.651907682
ikflow,5,2.637957573,-1.474507332,0.2162771821,-2.983929634,-1.75915134,2.439795971,-0.686378479
ikflow,5,2.545775414,-1.486159682,0.2493223697,-2.975012064,-1.75672245,2.521783829,-0.6379899383
ikflow,5,2.393252373,-1.530622244,0.2892930806,-2.968902349,-1.71767962,2.673259497,-0.611204803
ikflow,5,2.510844469,-1.501971841,0.2550593913,-2.976533175,-1.739054441,2.562464714,-0.6392251253
ikflow,5,2.482201576,-1.504007936,0.2675051093,-2.971925259,-1.73888731,2.590631008,-0.6319513321
ikflow,5,2.505003929,-1.500957131,0.2582463026,-2.975903034,-1.739892006,2.563710213,-0.644921124
ikflow,5,1.8221035,-1.68284905,0.4006935358,-2.84764123,-1.948102593,3.24143815,-0.1315993518
ikflow,5,1.81034255,-1.674270511,0.437768966,-2.794069767,-2.164108992,3.251473904,0.1186886057
ikflow,5,1.737361193,-1.684049368,0.5094389915,-2.71914959,-2.428398132,3.321006775,0.4801398218
ikflow,5,1.839706182,-1.679520488,0.396805197,-2.858320236,-1.922324777,3.222950935,-0.1783012748
ikflow,5,1.836179614,-1.667382479,0.4215013087,-2.813416004,-2.100682974,3.23274684,0.03509094194
ikflow,5,1.830849648,-1.692311525,0.4074998498,-2.853844404,-1.955002785,3.227190256,-0.1311521232
ikflow,5,-1.408399343,1.687831759,-2.568681717,-2.688493252,-2.636470079,3.300535917,0.7535085678
ikflow,5,1.744895577,-1.682772636,0.5043827295,-2.72674036,-2.40281415,3.306296825,0.4486500025
ikflow,5,-1.352536321,1.714174151,-2.743896246,-2.868523121,-1.860544205,3.258707285,-0.2164528072
ikflow,5,2.474009514,-1.508003354,0.2657719254,-2.974363804,-1.72237134,2.603545904,-0.6394078732
ikflow,5,1.986698866,-1.506229162,1.034469128,-3.00169754,1.268311858,3.457595825,-2.795500755
ikflow,5,1.758825541,-1.680719495,0.4954815209,-2.733987331,-2.378805876,3.295211792,0.4160248637
ikflow,5,2.430199385,-1.519862533,0.2904942632,-2.971884489,-1.732886672,2.621896982,-0.6101999879
ikflow,5,2.631109476,-1.474574804,0.2204761505,-2.983833551,-1.762378693,2.445587397,-0.6784395576
ikflow,5,2.58564043,-1.486785531,0.2279443294,-2.980527163,-1.747418284,2.498225689,-0.6687782407
ikflow,5,1.733110547,-1.685180783,0.4862250388,-2.734472752,-2.343958616,3.326093912,0.3926559091
ikflow,5,2.297526836,-1.553455234,0.3121767342,-2.957089424,-1.718467712,2.771010399,-0.5760445595
ikflow,5,-1.318126082,1.729773521,-2.75713253,-2.934579372,-1.619748473,3.234964132,-0.4844836891
ikflow,5,2.631432533,-1.476558328,0.2198274136,-2.982903957,-1.758092403,2.448282242,-0.6829767227
ikflow,5,-2.470833302,-1.540059566,-0.3065508008,-3.071799994,-2.214727402,1.371817231,-1.070634842
ikflow,5,2.231318712,-1.573255181,0.3324002922,-2.95663023,-1.70040822,2.829801083,-0.5684946179
ikflow,5,2.639267445,-1.464935064,0.2154299021,-2.980744362,-1.781618714,2.43197298,-0.6677253842
ikflow,5,2.277717829,-1.55893147,0.3197858334,-2.959622622,-1.713716507,2.786625147,-0.565107584
ikflow,5,2.428378582,-1.523938417,0.2793377042,-2.972573996,-1.722956061,2.639221191,-0.6217670441
ikflow,5,2.54696846,-1.496358752,0.2439378351,-2.979726076,-1.74542129,2.531474829,-0.6548050046
ikflow,5,1.971285105,-1.640792131,0.3716893792,-2.89942646,-1.838114619,3.09903121,-0.326934427
ikflow,6,-1.938293815,0.7828164101,2.12079215,-2.770047665,-1.091843605,2.960353851,0.1545042247
ikflow,6,1.330909133,-0.9406664968,-1.124906898,-2.739701986,-1.285921931,2.806019306,0.2679286599
ikflow,6,0.7503332496,-0.5710215569,-0.2541292608,-2.816402912,0.7717982531,3.042717457,-1.211187124
ikflow,6,1.075768828,-0.6923834682,-0.8676953912,-2.822341919,-0.7209262252,3.056286335,-0.1100671887
ikflow,6,1.085347533,-0.7005389333,-0.8805187345,-2.820008755,-0.7480821609,3.047771454,-0.09614433348
ikflow,6,0.7853286266,-0.2942762971,-0.6405055523,-2.388733149,-2.353704214,3.566299677,1.652889132
ikflow,6,-2.197296619,0.6387241483,2.565532207,-2.867684126,0.09209920466,3.094451427,-0.7225770354
ikflow,6,1.323912144,-0.9365152121,-1.11909771,-2.742628098,-1.279118299,2.808989048,0.2642710209
ikflow,6,-0.3390769064,-0.7305670381,0.7173797488,-2.717525959,1.507367373,2.447533607,-1.639460444
ikflow,6,1.620960712,-0.7124280334,-0.900175333,-2.43667531,2.112179995,3.640595913,-2.739282608
ikflow,6,-0.5737968087,-0.9083984494,0.8847396374,-2.716970682,1.613266945,2.232525587,-1.647697687
ikflow,6,1.074693322,-0.6961380839,-0.8586493134,-2.828924417,-0.6622858644,3.057688713,-0.164000228
ikflow,6,1.207072139,-0.787453413,-1.018373728,-2.771436214,-1.061846375,2.951117039,0.1367269158
ikflow,6,1.174515724,-0.7612174749,-0.9863578677,-2.787116766,-0.9817641377,2.984989405,0.07605011016
ikflow,6,-0.3029050529,-0.7118056417,0.6965882182,-2.718644142,1.50528264,2.492697954,-1.649340272
ikflow,6,1.605798483,-1.575820208,-1.22277987,-2.720636368,-1.637087584,2.182754278,0.3480344117
ikflow,6,-0.3599499166,-0.745531559,0.7345887423,-2.718577385,1.512494087,2.425207853,-1.634183049
ikflow,6,0.5300655365,-0.2563078701,-0.4402501285,-2.424239635,-2.15967083,3.62614131,1.465896606
ikflow,6,1.024685621,-0.6693817973,-0.7742685676,-2.850797176,-0.4489802718,3.087455034,-0.3250029385
ikflow,6,1.079070926,-0.6920397282,-0.870613873,-2.822598696,-0.7135525942,3.057150602,-0.1217941344
ikflow,6,0.8886930943,-0.6126077175,-0.4591697752,-2.854335308,0.3667102754,3.084466696,-0.9121882915
ikflow,6,0.1079852134,-0.5696604252,0.3618952632,-2.732854605,1.329252839,2.743394375,-1.57734549
ikflow,6,0.3527642488,-0.5393033624,0.1447957903,-2.747865677,1.216259241,2.865663767,-1.522676229
ikflow,6,1.046811938,-0.6794653535,-0.8134709597,-2.841811895,-0.5602095127,3.074385881,-0.2358813584
ikflow,6,1.441443205,-0.5508828759,-0.8972840309,-2.334198713,2.688121796,3.52968049,2.897300005
ikflow,6,1.420702577,-0.5347349048,-0.8881101608,-2.329906225,2.729748726,3.522447824,2.897300005
ikflow,6,-0.3872269988,-0.7597215772,0.7563750148,-2.717527151,1.5156461,2.408228397,-1.636363149
ikflow,6,1.10524869,-0.7120213509,-0.9064449072,-2.81367135,-0.7891139984,3.038234711,-0.07423208654
ikflow,6,-1.844807506,0.8956526518,2.045408487,-2.74454236,-1.252117634,2.830545187,0.2576500475
ikflow,6,0.4211570323,-0.5384495258,0.0799818188,-2.755391836,1.179604173,2.889243126,-1.501118541
ikflow,6,1.476787806,-1.227202415,-1.196389079,-2.719797373,-1.50674963,2.505190611,0.356689781
ikflow,6,-0.5333214998,-0.873534441,0.8592994213,-2.718025208,1.592771649,2.272907257,-1.647131085
ikflow,6,0.1416702718,-0.5625686646,0.330753088,-2.7360425,1.316215992,2.762951851,-1.57666254
ikflow,6,1.46636188,-0.5662995577,-0.9130001664,-2.333226919,2.678399324,3.536460161,2.897300005
ikflow,6,0.08476746082,-0.5741142035,0.3783167303,-2.733379841,1.340134382,2.727264881,-1.583994865
ikflow,6,1.383204103,-1.024884105,-1.156114101,-2.731161118,-1.349978924,2.717414141,0.3025778234
ikflow,6,1.16044569,-0.7507278323,-0.9698922634,-2.794465542,-0.9330339432,2.995739222,0.04016898945
ikflow,6,-1.89900136,0.8327029943,2.088722467,-2.762501478,-1.135074854,2.90921855,0.1721143126
ikflow,6,0.05838687718,-0.5815796256,0.3991278112,-2.730481625,1.343286276,2.710629225,-1.580530763
ikflow,6,0.990093708,-0.6537832618,-0.6944736242,-2.861507893,-0.232018277,3.095206261,-0.4837626219
ikflow,6,-1.029732466,-1.57138145,1.057973862,-2.745514154,1.913429379,1.535149693,-1.526252508
ikflow,6,1.118590355,-0.7260517478,-0.9214795828,-2.810475588,-0.8204218149,3.022360563,-0.05038075522
ikflow,6,1.298521996,-0.8903321028,-1.099232912,-2.743858099,-1.248345852,2.853180408,0.2574095726
ikflow,6,1.098723173,-0.7035651803,-0.8926632404,-2.813521385,-0.7728524804,3.035983086,-0.07833141834
ikflow,6,1.301243663,-0.8977276087,-1.104639292,-2.744963646,-1.252608776,2.84362793,0.2620084584
ikflow,6,0.5183826089,-0.2571161985,-0.4371903241,-2.434758425,-2.125113487,3.63126111,1.433818102
ikflow,6,1.442864299,-0.538744688,-0.9044437408,-2.326151371,2.718463182,3.540581942,2.897300005
ikflow,6,-0.2497510314,-0.6813714504,0.6538780928,-2.718770981,1.475196004,2.52107501,-1.629757643
ikflow,6,1.354653716,-0.9818252325,-1.140881538,-2.733602047,-1.338301301,2.758738995,0.304964602
ikflow,6,0.9003578424,-0.6143757105,-0.4699646533,-2.853547812,0.3706222475,3.088941336,-0.923073709
ikflow,7,1.166602373,-1.269917965,1.649492264,-1.964042068,-1.505322814,0.8994193077,-0.835208714
ikflow,7,0.7258262038,-0.4888793826,2.36342597,-2.058943987,-2.48738122,0.2354834527,-1.225041628
ikflow,7,-2.055774927,0.9023371935,-1.257796526,-1.976062059,-1.811620712,0.5726084709,-0.8673121929
ikflow,7,0.9537298679,-0.6694151163,2.101229668,-2.001702785,-2.07206583,0.3838608563,-0.9740270972
ikflow,7,-0.9979632497,-0.5779090524,-2.178327322,-1.981241584,1.889035702,0.5050709844,-2.530424595
ikflow,7,1.175083399,-1.490452766,1.533804893,-1.973267436,-1.360197544,1.09345305,-0.8573642969
ikflow,7,0.989656806,-0.7137292624,2.0486238,-1.997243524,-2.017903566,0.4197211862,-0.9418875575
ikflow,7,-1.081160426,-0.6606918573,-2.062612295,-1.974453568,1.798317909,0.5828142762,-2.557299614
ikflow,7,-1.071833372,-0.6513340473,-2.076288462,-1.971045613,1.796794891,0.5770818591,-2.560191393
ikflow,7,-1.991611719,1.136521339,-1.41588819,-1.964714408,-1.604757786,0.7854263783,-0.8364671469
ikflow,7,-2.010780573,1.038403988,-1.355242491,-1.967790365,-1.682687879,0.6964434385,-0.8394721746
ikflow,7,-2.026785851,0.9691420197,-1.31039083,-1.973101377,-1.739776611,0.6421148181,-0.8536165357
ikflow,7,-2.03517437,0.941228807,-1.290863156,-1.974940181,-1.762724519,0.6200877428,-0.8552536368
ikflow,7,0.9545143247,-0.6699823737,2.097919703,-2.006545067,-2.085009813,0.3835430741,-0.98293823
ikflow,7,-1.13351953,-0.7374280691,-1.978346348,-1.964972377,1.714312077,0.6541360021,-2.579002619
ikflow,7,1.040433645,-0.7956216931,1.970164537,-1.985158324,-1.916998744,0.4911064506,-0.8997592926
ikflow,7,1.080158234,-0.8752929568,1.901033878,-1.979878426,-1.8309865,0.5626490116,-0.8747701049
ikflow,7,1.008361101,-0.7401731014,2.021522999,-1.993622661,-1.980802774,0.4399164319,-0.9242817163
ikflow,7,1.881705761,1.109779477,1.444820404,-1.968025684,1.443541884,0.9848306179,-2.583798409
ikflow,7,-1.974811912,1.253328085,-1.482859492,-1.966487169,-1.518180132,0.8903207779,-0.8347740769
ikflow,7,-2.198863029,0.6561635733,-1.031302094,-2.013309002,-2.124457359,0.3617913425,-1.00110662
ikflow,7,1.042742252,-0.8000594974,1.966589093,-1.988336086,-1.918536901,0.4917416573,-0.9048460126
ikflow,7,0.9212754965,-0.6265621781,2.145033836,-2.018459797,-2.148467064,0.3552055061,-1.011310816
ikflow,7,-1.122319698,-0.7105600834,-2.003050327,-1.972298026,1.74706769,0.6355455518,-2.575555563
ikflow,7,1.17487812,-1.48910284,1.533983588,-1.970794916,-1.357076168,1.093072295,-0.8594549894
ikflow,7,-2.015537739,1.019691706,-1.341682911,-1.970744967,-1.700999022,0.6812729836,-0.8458662033
ikflow,7,-1.049318075,-0.6229870319,-2.110868931,-1.97643733,1.831865788,0.5520057082,-2.550328255
ikflow,7,1.86783731,1.491448641,1.644262075,-1.9863801,1.192109466,1.304953098,-2.504254818
ikflow,7,-0.6210895777,-0.4023235738,-2.624034166,-2.019825935,2.205349922,0.3160717487,-2.378189802
ikflow,7,1.174501181,-1.449278474,1.555324793,-1.97064662,-1.382666469,1.056128979,-0.8531627655
ikflow,7,2.043043852,0.6839997172,1.105230093,-1.972559571,1.771584392,0.6050124764,-2.561118841
ikflow,7,1.135097384,-1.068148136,1.769303203,-1.959255099,-1.645513296,0.7261600494,-0.8365142941
ikflow,7,-1.065374494,-0.6477094889,-2.081951618,-1.970523238,1.804859281,0.5706364512,-2.559075117
ikflow,7,0.8881191015,-0.600982666,2.185276747,-2.0211339,-2.1980865,0.3290287852,-1.035176396
ikflow,7,1.890741229,1.049685836,1.408237696,-1.965374827,1.480489612,0.9386019707,-2.58027339
ikflow,7,-1.25348413,-1.719568491,-1.387794852,-2.008029222,1.031225204,1.494893909,-2.437434912
ikflow,7,1.168461323,-1.269690275,1.647892594,-1.964255571,-1.503661871,0.9017199874,-0.8320769668
ikflow,7,-2.148413897,0.7176077366,-1.099114895,-1.999764204,-2.025471687,0.4193432629,-0.9496836066
ikflow,7,1.060842514,-0.8432582617,1.931292653,-1.979533076,-1.864531398,0.5279027224,-0.8787667751
ikflow,7,0.8492383361,-0.5647953749,2.232252121,-2.032592058,-2.266431808,0.3034103513,-1.087233305
ikflow,7,-2.16700983,0.695866406,-1.073418379,-2.006085396,-2.060943604,0.4006205201,-0.9699183106
ikflow,7,2.120584011,0.6054700613,1.00045073,-1.977175593,1.864738464,0.5234510899,-2.535739183
ikflow,7,1.887217879,1.056280851,1.413162231,-1.970710158,1.478765845,0.9452781081,-2.577404976
ikflow,7,0.82012707,-0.5418007374,2.263363123,-2.043155432,-2.34188652,0.28465119,-1.128905535
ikflow,7,1.173340321,-1.523557186,1.51450491,-1.973252058,-1.333943605,1.12437284,-0.8656686544
ikflow,7,0.955899477,-0.6711055636,2.096798182,-2.007362127,-2.088109493,0.384014219,-0.9815009832
ikflow,7,-2.184916735,0.6776095033,-1.055171728,-2.012900352,-2.106376886,0.3765267134,-0.9971722364
ikflow,7,0.5881450772,-0.4288374484,2.49702692,-2.085862875,-2.719017506,0.1939331889,-1.380922794
ikflow,7,-1.255921721,-1.691721916,-1.40319252,-2.006963968,1.06984365,1.462112427,-2.4538486
ikflow,7,-2.22769165,0.6242334843,-0.9947917461,-2.020567179,-2.179307938,0.3381268382,-1.029951453
ikflow,8,-0.001112070167,0.6240211725,1.179485321,-1.556159616,-2.187998056,0.7301551104,-1.56987083
ikflow,8,-0.1222274825,0.948223114,1.49410975,-1.62305522,-2.781383753,0.5177116394,-1.921750665
ikflow,8,-0.02457694151,0.662398994,1.218551874,-1.567718148,-2.269652367,0.6869264245,-1.59942472
ikflow,8,0.02627799474,0.5904844999,1.11602354,-1.560351968,-2.154633045,0.7524235845,-1.559001446
ikflow,8,0.1587337852,0.5057905316,0.910972476,-1.531109452,-2.005819082,0.8228729367,-1.504553914
ikflow,8,-0.1240240484,0.9421314597,1.503042102,-1.617663503,-2.718906879,0.5182079077,-1.88817966
ikflow,8,0.0002424070117,0.6290325522,1.171921968,-1.555751681,-2.191738129,0.7202273011,-1.564071536
ikflow,8,-0.1096692458,0.9161058068,1.467146277,-1.59994483,-2.700619221,0.5160313845,-1.87159133
ikflow,8,-0.04780725762,0.7123343349,1.276956677,-1.566670895,-2.332331419,0.6540014744,-1.634849548
ikflow,8,0.06094471738,0.5800463557,1.072577,-1.537377357,-2.103597403,0.7481104732,-1.528045177
ikflow,8,0.003993889783,0.6442252994,1.178406119,-1.546734333,-2.201992035,0.7015938163,-1.575705647
ikflow,8,-0.02013865858,0.6464269161,1.203712702,-1.576902151,-2.224487066,0.7026098371,-1.600928545
ikflow,8,0.0170167461,0.6300022602,1.149625897,-1.549528718,-2.207645893,0.7120797038,-1.57074213
ikflow,8,0.08441621065,0.5386972427,1.015577555,-1.544862032,-2.069405794,0.7918435335,-1.518796802
ikflow,8,-0.07800967246,0.7554244399,1.348735809,-1.569378257,-2.37054348,0.6190370321,-1.671782017
ikflow,8,-0.02870501019,0.6452937126,1.205551744,-1.579057932,-2.243847847,0.7117254138,-1.592057824
ikflow,8,-0.02853041328,0.6910260916,1.242152929,-1.563609362,-2.301689386,0.6833523512,-1.622674465
ikflow,8,-0.02288452722,0.6565842032,1.211463571,-1.561113119,-2.250346184,0.6937869191,-1.591807961
ikflow,8,-3.829085108e-05,0.6433434486,1.177767158,-1.551423073,-2.249890804,0.6856780648,-1.584475398
ikflow,8,0.01336621214,0.6102012396,1.144181609,-1.549072981,-2.150125265,0.7320988774,-1.546106815
ikflow,8,0.1539738178,0.5004013777,0.9111869335,-1.528531313,-1.982853174,0.8299747705,-1.483104944
ikflow,8,-1.389170051,-1.200430155,1.45018518,-1.562736154,-0.5964436531,1.755470157,-1.743342876
ikflow,8,0.01217752229,0.6286503673,1.152556539,-1.55488646,-2.204614878,0.7223507762,-1.573132157
ikflow,8,-1.384876132,-1.167871952,1.474291086,-1.56344986,-0.6394945383,1.751982808,-1.714405656
ikflow,8,-0.02439316548,0.6536903977,1.207058191,-1.572684169,-2.249125719,0.7162733674,-1.600883126
ikflow,8,0.02309885994,0.5967125297,1.124046445,-1.545033455,-2.143512726,0.7508779764,-1.537611008
ikflow,8,0.0227642227,0.6137856841,1.130307674,-1.550933599,-2.178128004,0.7297695279,-1.568761587
ikflow,8,0.1812677979,0.4887958467,0.8691969514,-1.52791822,-1.983089209,0.8386301398,-1.487833261
ikflow,8,0.09566503763,0.5410298705,1.000896215,-1.538607955,-2.066519022,0.7963106036,-1.519698977
ikflow,8,-0.03008822165,0.7145543098,1.259709477,-1.547939181,-2.324441195,0.653760314,-1.618536234
ikflow,8,0.008563850075,0.637354672,1.165222168,-1.548556328,-2.1929214,0.7080072761,-1.572507977
ikflow,8,0.07809659094,0.5452768207,1.024797201,-1.544073105,-2.092640162,0.7872685194,-1.517362475
ikflow,8,-1.392481089,-1.066450477,1.559516311,-1.535951495,-0.7538309693,1.689842939,-1.664248824
ikflow,8,-0.02354617603,0.7132129669,1.253681898,-1.544143438,-2.309343338,0.651081562,-1.62680757
ikflow,8,0.1924845278,0.4833818972,0.8588637114,-1.513287306,-1.953049183,0.8443028331,-1.467905879
ikflow,8,-0.1000815928,0.8024020195,1.404547334,-1.573844075,-2.442656755,0.6146790981,-1.698125601
ikflow,8,-1.396309733,-1.171203136,1.470122933,-1.545860887,-0.6338360906,1.736805677,-1.735218883
ikflow,8,0.01237327605,0.6406912804,1.161638737,-1.538229465,-2.206269503,0.6947233677,-1.571537852
ikflow,8,0.02794222534,0.6318404675,1.14084065,-1.528614044,-2.178837299,0.7068974972,-1.555200577
ikflow,8,-0.01433910616,0.6583779454,1.206436992,-1.545726657,-2.211275578,0.6984841824,-1.577567577
ikflow,8,-0.04452883452,0.6799186468,1.249629617,-1.565680861,-2.265557051,0.6851059198,-1.601994753
ikflow,8,-2.783438921,-0.3824084103,-2.528770447,-1.550287843,-1.761809826,1.034256101,-1.54232502
ikflow,8,0.1218877882,0.5143425465,0.9542484283,-1.540074587,-2.054372072,0.8081245422,-1.505929708
ikflow,8,-1.386537313,-1.198291302,1.445993304,-1.569092155,-0.6016884446,1.764086962,-1.74415803
ikflow,8,0.2127775997,0.473192066,0.8244664073,-1.522743583,-1.97211802,0.8490841985,-1.484143138
ikflow,8,-0.108675465,0.9327488542,1.473506689,-1.608409643,-2.713020563,0.5073493123,-1.884467483
ikflow,8,0.1633400023,0.505292356,0.9018234611,-1.518429995,-2.000462294,0.8322055936,-1.494810343
ikflow,8,-0.1017771438,0.7839480639,1.391941786,-1.583687186,-2.427947521,0.6093557477,-1.687238693
ikflow,8,-0.1064846441,0.9427257776,1.482092738,-1.594768643,-2.714233398,0.5030379295,-1.850134373
ikflow,8,0.04198245332,0.584189117,1.089887261,-1.542376518,-2.124670267,0.7549781203,-1.523563027
ikflow,9,1.770565152,1.574527025,-0.6321623921,-1.167003393,-1.941392541,0.9708216786,-1.443305731
ikflow,9,1.822859764,1.618264556,-0.7221496105,-1.163465619,-1.837700248,1.023766041,-1.428809404
ikflow,9,-2.222796917,-1.513800621,-2.666275501,-1.216339588,2.599456549,0.7180801034,-2.151568651
ikflow,9,-1.371258855,-1.57215488,2.512488604,-1.16775322,-1.939223886,0.9738161564,-1.453920007
ikflow,9,1.931507707,1.731788278,-0.9222397208,-1.162208319,-1.600442052,1.157662868,-1.418334007
ikflow,9,1.815400481,1.613475919,-0.7106282115,-1.161876559,-1.854899645,1.015123129,-1.429891586
ikflow,9,-2.492580175,-1.752055645,-2.231085777,-1.167234778,1.967826247,0.9535428882,-2.356572628
ikflow,9,1.826479197,1.622678518,-0.729303658,-1.162175536,-1.828530908,1.027857542,-1.438958883
ikflow,9,1.762120962,1.563771129,-0.6148013473,-1.17637229,-1.968910217,0.9645267129,-1.447537661
ikflow,9,-2.453433275,-1.706286311,-2.302022457,-1.17294836,2.073218107,0.9068505764,-2.332932949
ikflow,9,1.845013857,1.63209188,-0.7551596165,-1.171551943,-1.807653666,1.04737556,-1.420907855
ikflow,9,-1.380381823,-1.565271854,2.528260708,-1.170094013,-1.955033779,0.9614403248,-1.456229806
ikflow,9,1.898902416,1.698326707,-0.8628715873,-1.154703379,-1.664109707,1.115916848,-1.410677195
ikflow,9,1.869107485,1.664870858,-0.8070847988,-1.157853246,-1.740593433,1.078144073,-1.418633819
ikflow,9,1.766675591,1.57067132,-0.6253140569,-1.173103452,-1.958057284,0.9609556794,-1.448438048
ikflow,9,-2.328753948,-1.579981565,-2.520962477,-1.201769114,2.36417222,0.7914454937,-2.252106428
ikflow,9,1.723177552,1.538109541,-0.5533676147,-1.18005681,-2.043813229,0.9200409651,-1.467535973
ikflow,9,-2.442486286,-1.689560056,-2.327715158,-1.181108117,2.103858232,0.8918733597,-2.330052614
ikflow,9,-1.282839656,-1.649989128,2.358819723,-1.160407662,-1.760529637,1.065984726,-1.427403688
ikflow,9,1.914123416,1.719284654,-0.8977956176,-1.155592918,-1.638050079,1.137261868,-1.414729953
ikflow,9,0.6775512099,1.717196345,0.8547941446,-1.165832758,2.029702663,0.9248101711,-2.342933416
ikflow,9,0.6599214673,1.736759305,0.8854402304,-1.169457555,1.997201085,0.9386770129,-2.352722406
ikflow,9,1.924374223,1.730727434,-0.9168131351,-1.155459285,-1.605840325,1.148641706,-1.413439393
ikflow,9,1.782518029,1.586878896,-0.6552379727,-1.162680507,-1.920690894,0.9799492955,-1.445966005
ikflow,9,0.7553026676,1.635412335,0.7200449109,-1.182518244,2.22802186,0.8420495987,-2.290109396
ikflow,9,-2.293562174,-1.554281473,-2.568939209,-1.211584806,2.457818508,0.7624634504,-2.218717575
ikflow,9,-2.23586297,-1.520691872,-2.647984743,-1.215062976,2.573988199,0.7333261967,-2.172111988
ikflow,9,-2.454102993,-1.695731401,-2.314188719,-1.184647322,2.077585459,0.9047264457,-2.3417449
ikflow,9,1.894978046,1.690960288,-0.8552005887,-1.16285491,-1.688678622,1.107154489,-1.415266752
ikflow,9,0.6487669945,1.740939021,0.8960584998,-1.174192548,1.967199206,0.9544728994,-2.359629154
ikflow,9,1.876808882,1.671989799,-0.8218149543,-1.159823298,-1.722867608,1.084688663,-1.422288656
ikflow,9,1.932401657,1.730216146,-0.9220343232,-1.160945058,-1.591634631,1.159020066,-1.416611195
ikflow,9,1.758723736,1.571304679,-0.618627429,-1.163278222,-1.966237664,0.9583079815,-1.455781341
ikflow,9,1.881578922,1.670482874,-0.8220433593,-1.165320158,-1.72251308,1.097119212,-1.419998884
ikflow,9,1.880989075,1.674696684,-0.8277151585,-1.158090234,-1.708887935,1.093172193,-1.414487839
ikflow,9,1.929033637,1.723032236,-0.9123162031,-1.164788842,-1.605243444,1.154614091,-1.406778932
ikflow,9,-2.20768857,-1.505478501,-2.691492558,-1.214203596,2.613370419,0.7173222899,-2.14822793
ikflow,9,0.7514151335,1.631852508,0.7203584313,-1.189895988,2.225533485,0.8441739678,-2.294902086
ikflow,9,1.831834316,1.623043895,-0.7346044183,-1.170842409,-1.830281496,1.029713273,-1.425995708
ikflow,9,1.670930386,1.50971818,-0.4750811458,-1.179474711,-2.139335632,0.8768222332,-1.487916946
ikflow,9,1.591877222,1.468150973,-0.3576946259,-1.202825785,-2.302699327,0.8158645034,-1.538311243
ikflow,9,0.6823108196,1.710361958,0.8429859281,-1.166422486,2.037610292,0.9244035482,-2.335684299
ikflow,9,0.8645656109,1.544568539,0.5477743149,-1.208754897,2.47201252,0.7574903369,-2.207000256
ikflow,9,0.8279358745,1.57437849,0.603518486,-1.198352695,2.390927076,0.779994607,-2.23041153
ikflow,9,-2.15498805,-1.476929545,-2.754119873,-1.233017325,2.751387358,0.690371871,-2.088183403
ikflow,9,1.916220546,1.721606731,-0.8985523582,-1.149921775,-1.615785956,1.136877298,-1.413092971
ikflow,9,-1.515374422,-1.483000159,2.735289097,-1.194396257,-2.223351717,0.8477127552,-1.513888717
ikflow,9,-1.61261642,-1.439702272,2.872859001,-1.215917706,-2.412510633,0.780923605,-1.576751947
ikflow,9,1.715412259,1.531315327,-0.5395057201,-1.183855176,-2.060125589,0.9118534327,-1.467647195
ikflow,9,-1.565342188,-1.46164465,2.80585885,-1.201020956,-2.317097187,0.8151367903,-1.536303401
ikflow,10,1.323454857,-0.5736595392,-1.234853864,-0.8170562387,-2.385096073,0.9009932876,-1.278139114
ikflow,10,-0.08013185114,0.3769891858,-1.535781384,-0.822504282,-0.5502220988,1.493349791,-1.338202477
ikflow,10,-0.5312131047,0.1651479006,-0.6095713973,-0.7933630347,-1.048048735,1.355487704,-1.228939772
ikflow,10,-1.8024019,0.3048475087,1.312653422,-0.7689974904,-1.745479107,1.098315835,-1.192477584
ikflow,10,-0.07691655308,0.3446082473,-1.47915566,-0.8269560933,-0.6131894588,1.486206055,-1.319434047
ikflow,10,-0.716191411,0.1550900042,-0.3616551459,-0.7828713059,-1.111973286,1.329971194,-1.218052864
ikflow,10,2.779438972,-0.8588369489,0.8505876064,-0.8393430114,0.4675483704,1.528452873,-1.683974981
ikflow,10,-0.6524230242,0.161163643,-0.4496670067,-0.7803018689,-1.086884737,1.337783813,-1.224276662
ikflow,10,-1.830557466,0.351958245,1.447160363,-0.7720016837,-1.85771513,1.053098559,-1.199569821
ikflow,10,-1.79678905,0.3159627914,1.332671046,-0.7630234957,-1.774190307,1.084098577,-1.198773384
ikflow,10,-0.7001829743,0.159872368,-0.3848873377,-0.7768964767,-1.112835526,1.325549245,-1.224315524
ikflow,10,-0.6816602945,0.1531802714,-0.4047901928,-0.7864344716,-1.097054005,1.336308718,-1.223803997
ikflow,10,2.666772842,-0.1708694845,2.453551531,-0.7946841121,-1.021494746,1.356913924,-1.225044727
ikflow,10,-1.836998343,0.3733849227,1.497917056,-0.7723881006,-1.905581832,1.039858103,-1.2067343
ikflow,10,1.67856288,-0.9254729152,-0.6929410696,-0.8337006569,2.801029205,0.8139430881,-1.637538552
ikflow,10,-0.6293419003,0.1638807505,-0.4834496379,-0.7803888917,-1.076753378,1.339708805,-1.227310538
ikflow,10,-0.6463404298,0.1522092968,-0.4470342398,-0.7949510813,-1.104265809,1.340315104,-1.217584848
ikflow,10,-1.059274912,0.1519982368,0.09523481131,-0.7725948691,-1.235001087,1.280552745,-1.209285378
ikflow,10,-1.816707134,0.3071726859,1.332602501,-0.7739058733,-1.744162202,1.095714927,-1.191671252
ikflow,10,2.286003113,-1.063739181,0.1522377729,-0.7702274323,1.468167186,1.198522449,-1.854433298
ikflow,10,1.30041337,-0.5378503799,-1.286430717,-0.8151446581,-2.290198565,0.9253509045,-1.257887721
ikflow,10,-0.07957488298,0.4477647543,-1.670047998,-0.8342750072,-0.4147570431,1.525865316,-1.378794432
ikflow,10,-1.81790328,0.5616856217,1.88223362,-0.8104890585,-2.367375612,0.9023337364,-1.279672742
ikflow,10,-0.1165397689,0.584430933,-1.889841676,-0.8563579917,-0.1474400759,1.56963098,-1.471148849
ikflow,10,-0.08911860734,0.4348337054,-1.639016986,-0.824447453,-0.4410871863,1.520262241,-1.366823316
ikflow,10,-1.85336411,0.3956949115,1.563748837,-0.7795856595,-1.954359055,1.022812009,-1.202456713
ikflow,10,-1.715784073,0.7084557414,2.102585554,-0.8358869553,-2.76182127,0.8167614937,-1.390635252
ikflow,10,1.292551637,-0.3789223135,-1.612918139,-0.7756415606,-1.909973025,1.041006565,-1.20664537
ikflow,10,-1.767485142,0.2724811435,1.207366347,-0.7683321834,-1.663266897,1.12526834,-1.188136339
ikflow,10,-1.822291255,0.3589856625,1.450837851,-0.7636060119,-1.864928126,1.056650281,-1.204085708
ikflow,10,-0.1524562538,0.6595347524,-2.00072813,-0.8725484014,0.0008320352645,1.58579123,-1.51974082
ikflow,10,1.581055641,-0.193742156,-2.34281373,-0.7665951252,-1.432938576,1.208787322,-1.195013046
ikflow,10,-0.2096258551,0.7074458599,-2.06020236,-0.8501468897,0.1208879054,1.564856172,-1.56680119
ikflow,10,1.275512815,-0.4213984013,-1.504417896,-0.7886356115,-2.008598566,1.00909245,-1.219560385
ikflow,10,2.185787916,-1.0752635,0.003757038154,-0.7704935074,1.651929021,1.132845044,-1.856968045
ikflow,10,-1.666923881,0.2401480079,1.014711976,-0.7572424412,-1.570448518,1.15892005,-1.194653988
ikflow,10,-0.1759604663,0.6740430593,-2.017348289,-0.8605026603,0.03898742422,1.575477958,-1.540151358
ikflow,10,-1.841451764,0.4885467291,1.748116255,-0.7936894894,-2.184295416,0.9538699985,-1.237656236
ikflow,10,-0.09315882623,0.3905121982,-1.548741102,-0.8171143532,-0.5281606913,1.500618696,-1.344089627
ikflow,10,1.299935579,-0.4804029465,-1.407004237,-0.7875130177,-2.153353214,0.9680688977,-1.23378849
ikflow,10,-1.799653769,0.3071179688,1.313080907,-0.768807888,-1.745358348,1.094402432,-1.194495797
ikflow,10,-1.819769859,0.5474562049,1.854733348,-0.8064500093,-2.333581686,0.9036563039,-1.27098
ikflow,10,1.657956958,-0.9069685936,-0.7227470875,-0.8292014003,2.86907053,0.8166399598,-1.61991787
ikflow,10,1.73182261,-0.9505798221,-0.6223930717,-0.8225027919,2.693108797,0.8419485688,-1.680312514
ikflow,10,-1.108361721,0.1523850262,0.1608232856,-0.7742978334,-1.250161767,1.276021004,-1.205752969
ikflow,10,1.291027069,-0.4403050244,-1.479295015,-0.7841639519,-2.063779593,0.9935292006,-1.224590898
ikflow,10,1.723168969,-0.1764934957,-2.551739454,-0.7636460662,-1.369922519,1.233091593,-1.196067095
ikflow,10,-0.9048159719,0.1500801444,-0.1123396456,-0.7801802158,-1.177620053,1.305779338,-1.212209463
ikflow,10,-1.848003268,0.4418712258,1.658551097,-0.7839063406,-2.069782257,0.9818199277,-1.224528909
ikflow,10,-0.4499134421,0.1803955883,-0.7354755998,-0.7903614044,-1.005279183,1.369163156,-1.235187292
ikflow,11,0.9155066013,-1.388546228,1.746019244,-0.3095386326,-0.5105438828,1.466819882,-0.921257019
ikflow,11,0.9143210649,-1.14762938,2.571195126,-0.5445403457,-1.321681738,1.399266243,-0.7604326606
ikflow,11,-2.404037476,1.117459536,0.04906386137,-0.5271538496,-1.882476091,1.261759996,-0.7689226866
ikflow,11,0.7208958268,-1.682242155,-0.07554835826,-0.4299238324,1.301723838,1.385145545,-1.154625177
ikflow,11,0.8593871593,-1.177198887,2.699261665,-0.4594109058,-1.435678363,1.365565896,-0.7891597152
ikflow,11,-2.345350027,1.227687716,-0.2439946085,-0.3453048766,-1.615975142,1.328570843,-0.8388567567
ikflow,11,-2.084451675,1.315552354,-1.298589349,-0.5771212578,-0.6354758739,1.551552415,-0.8365749717
ikflow,11,1.013115644,-1.645337224,0.9197716117,-0.6240307689,0.3171631694,1.616243243,-1.059628725
ikflow,11,0.5817398429,-1.664489269,-0.6250620484,-0.4911393225,1.859481215,1.265723705,-1.178411126
ikflow,11,1.09520328,-1.362255812,1.686617613,-0.6278772354,-0.4831880331,1.596578836,-0.8561064005
ikflow,11,-2.180378437,1.174804211,-0.7492548823,-0.5556790233,-1.161568761,1.438431621,-0.7712104917
ikflow,11,-2.221830845,1.416936159,-1.541956067,-0.314117521,-0.3681619763,1.47259891,-0.9397306442
ikflow,11,0.9407054782,-1.448462129,1.43610549,-0.3548082113,-0.2063958794,1.495112658,-0.9484692812
ikflow,11,0.8636903763,-1.308882475,2.316582203,-0.282001406,-1.063046932,1.409900427,-0.874828279
ikflow,11,-2.079671144,1.289769053,-1.229974508,-0.5967159867,-0.7085392475,1.548906088,-0.8237905502
ikflow,11,-2.299030781,1.144892216,-0.3343989849,-0.4987936616,-1.527506232,1.347342491,-0.7732058764
ikflow,11,-2.278037071,1.267393947,-0.6660311818,-0.3300413191,-1.206904411,1.395727754,-0.8498270512
ikflow,11,0.5856999755,-1.531998515,-1.019880295,-0.3338696361,2.2861619,1.238963723,-1.083311081
ikflow,11,0.8733615875,-1.278082728,2.39368844,-0.330206126,-1.142239332,1.407780409,-0.8542895317
ikflow,11,-2.225178003,1.165828109,-0.6136900187,-0.5212660432,-1.272573709,1.408071518,-0.7730326653
ikflow,11,-2.28974247,1.260399938,-0.5978319049,-0.3320746124,-1.282074451,1.384836674,-0.8516440392
ikflow,11,-2.161067009,1.17679441,-0.8074739575,-0.5745443702,-1.10643208,1.457511187,-0.7686038017
ikflow,11,-2.352427006,1.237544656,-0.2173297554,-0.324187696,-1.642885089,1.333804607,-0.8475851417
ikflow,11,0.5938627124,-1.565024972,-0.8629549146,-0.3525164425,2.117097616,1.251556993,-1.10346365
ikflow,11,-2.083961248,1.540071249,-1.928228378,-0.6049542427,0.01646614261,1.616779685,-0.9822391272
ikflow,11,-2.219619989,1.433556199,-1.642591119,-0.3199913502,-0.2626153529,1.483285069,-0.9508882761
ikflow,11,0.8203588724,-1.268490195,2.676976204,-0.2940337956,-1.411048412,1.371218801,-0.8567613363
ikflow,11,0.9130645394,-1.524584293,1.047247529,-0.3522856832,0.2068853974,1.494885325,-1.014574528
ikflow,11,0.8350568414,-1.226844311,2.711741447,-0.3694990873,-1.451300979,1.362740278,-0.8243617415
ikflow,11,-2.537914515,1.114287615,0.4765918553,-0.5920589566,-2.260673046,1.167028308,-0.7885990143
ikflow,11,-2.426032782,1.244295239,0.1882285625,-0.3129944801,-2.028820276,1.284060717,-0.86070472
ikflow,11,0.9310988188,-1.392163873,1.705708861,-0.3364030719,-0.4648551047,1.47907424,-0.9227116108
ikflow,11,-2.396733999,1.242159843,0.02884672396,-0.3123225272,-1.873273849,1.302541018,-0.8584096432
ikflow,11,1.056161761,-1.559059501,1.173766971,-0.6174149513,0.04512915015,1.620195746,-0.9947357774
ikflow,11,1.056812644,-1.283022046,1.939019442,-0.5959585309,-0.7484405637,1.54714787,-0.8133634329
ikflow,11,-2.257276535,1.500691533,-2.035124302,-0.2860927582,0.1272376776,1.473921776,-0.9946506619
ikflow,11,0.9184798598,-1.386656642,1.744899511,-0.3153294921,-0.5064179897,1.470849514,-0.9183263183
ikflow,11,-2.079054356,1.337108612,-1.361376166,-0.5750769973,-0.5666730404,1.559341192,-0.8486956358
ikflow,11,-2.309620142,1.222380042,-0.4140687287,-0.3701224625,-1.457431078,1.361833215,-0.8208227158
ikflow,11,-2.285653353,1.248364449,-0.5707917809,-0.3507754505,-1.304630399,1.381662726,-0.8392112255
ikflow,11,0.6534489989,-1.672250986,-0.3647623062,-0.4334573448,1.575909257,1.332654357,-1.16176784
ikflow,11,-2.544275999,1.136348486,0.5234327912,-0.5667802095,-2.311888218,1.163339496,-0.8050481677
ikflow,11,0.8359845281,-1.590771079,0.557454288,-0.3277715147,0.6803492904,1.459743261,-1.066879153
ikflow,11,0.8633053899,-1.241566062,2.551420927,-0.3685765862,-1.302289844,1.384925723,-0.831697464
ikflow,11,-2.253527641,1.139342785,-0.4813989699,-0.5354401469,-1.390123248,1.379620075,-0.760805428
ikflow,11,0.4571326375,-1.596269727,-1.080498815,-0.5785156488,2.301471949,1.162859678,-1.165383697
ikflow,11,0.5283094049,-1.615794182,-0.8891535401,-0.4991388321,2.12498641,1.214100122,-1.154951334
ikflow,11,0.93879807,-1.158614159,2.485168457,-0.5538221002,-1.254596949,1.423807502,-0.7666569352
ikflow,11,-2.241245985,1.257346392,-0.7835993767,-0.3872106373,-1.102549434,1.420687556,-0.8394818306
ikflow,11,-2.146415472,1.228325367,-0.9648929834,-0.5381813645,-0.9485325217,1.484796882,-0.7965550423
ikflow,12,0.6763803363,-1.055564523,0.4192225337,-2.902249575,-0.6915420294,1.6744982,-0.4797198772
ikflow,12,0.3293977082,-1.277464151,0.7106262445,-2.94246912,-0.3991982341,1.883827567,-0.7582264543
ikflow,12,0.155405581,-1.459646463,0.8744744062,-2.958077431,-0.1500948071,1.952037215,-0.9961810708
ikflow,12,1.817205191,-1.040267467,-0.4244903326,-2.806069136,-1.064733744,0.9474245906,0.02717899904
ikflow,12,2.035693884,-1.136037588,-0.552046597,-2.785737753,-1.103023052,0.768884182,0.1217696071
ikflow,12,0.324205637,-1.283183694,0.715649426,-2.943820715,-0.3943406045,1.886911511,-0.7721687555
ikflow,12,0.841924727,-1.003573895,0.2885374725,-2.890583754,-0.7812296152,1.583053589,-0.3887357414
ikflow,12,1.635423422,-0.9852628708,-0.3045249581,-2.821986914,-1.027130365,1.078516483,-0.0564230606
ikflow,12,0.4617317617,-1.172956705,0.5979906321,-2.927175045,-0.5393918157,1.807308793,-0.6336753368
ikflow,12,0.191700995,-1.417622924,0.8415424824,-2.955572605,-0.2130444646,1.939293146,-0.9371540546
ikflow,12,0.9108690619,-0.9804906249,0.2327134013,-2.881138802,-0.8111395836,1.535795927,-0.3506142497
ikflow,12,-0.9605005383,1.21006465,2.51304841,-2.764446735,-1.108353257,0.6303327084,0.2150190473
ikflow,12,1.646323085,-0.9910129905,-0.3131798506,-2.821044922,-1.029868722,1.073734522,-0.05247074366
ikflow,12,0.08597611636,-1.542602897,0.9385290146,-2.956604719,-0.03540091217,1.957195401,-1.095055699
ikflow,12,1.621378779,-0.9860941768,-0.2942535877,-2.824099302,-1.0240345,1.090028763,-0.06054482609
ikflow,12,-1.277257323,1.049702525,2.687806129,-2.797399998,-1.068104267,0.9023969173,0.0435645394
ikflow,12,0.3189893961,-1.287295103,0.7231081128,-2.942340136,-0.3889880478,1.8856076,-0.7755444646
ikflow,12,0.06763082743,-1.57363534,0.9575548172,-2.960461378,0.006581976544,1.964644551,-1.128781915
ikflow,12,0.4053031802,-1.217496037,0.6437829733,-2.933973551,-0.481990844,1.844219685,-0.6910779476
ikflow,12,2.122419596,-1.179506302,-0.5966303349,-2.773402929,-1.109789968,0.6897725463,0.1627562195
ikflow,12,0.4635676146,-1.172204494,0.5949727297,-2.926688671,-0.5411447287,1.802740932,-0.6324122548
ikflow,12,-1.120261788,1.122252107,2.596741676,-2.783572435,-1.091524601,0.7742742896,0.1244261637
ikflow,12,0.441545248,-1.185184479,0.6165224314,-2.928495646,-0.5232976079,1.817340374,-0.6561757326
ikflow,12,0.2161894292,-1.391857624,0.8192468286,-2.953726053,-0.2498059571,1.93503654,-0.9048093557
ikflow,12,1.604515076,-0.9777474403,-0.2845263481,-2.821163893,-1.016473532,1.099313974,-0.0634708181
ikflow,12,0.3474981189,-1.263787866,0.6956531405,-2.940592289,-0.4223366678,1.87616241,-0.7443891168
ikflow,12,2.521329165,-1.473957896,-0.7460826039,-2.704605103,-1.062885404,0.2924094796,0.4881319404
ikflow,12,0.0467614159,-1.603041291,0.9810435176,-2.959682941,0.04720107466,1.961682796,-1.155832171
ikflow,12,-2.672874928,1.163432002,-2.544487238,-2.923459291,-0.5622424483,1.787581801,-0.6039468646
ikflow,12,0.7484790087,-1.030617237,0.3589625359,-2.897581339,-0.7350364923,1.639716029,-0.4340135157
ikflow,12,2.198829412,-1.226901174,-0.6337629557,-2.767860413,-1.119698405,0.6182845235,0.2098205686
ikflow,12,-0.5482835174,1.535713434,2.377177715,-2.678306818,-1.000567317,0.2243535817,0.5981504321
ikflow,12,1.541690469,-0.965518415,-0.2390818894,-2.829432011,-1.004402399,1.140040517,-0.07692114264
ikflow,12,0.4779346585,-1.163839459,0.583799839,-2.926484108,-0.5521987677,1.803295016,-0.6209558845
ikflow,12,2.36280036,-1.341997743,-0.7021107078,-2.737333059,-1.099885345,0.4558346868,0.333065331
ikflow,12,0.09463381767,-1.533268929,0.9327008128,-2.958873749,-0.04668100178,1.964155436,-1.081849694
ikflow,12,0.03005899489,-1.632369995,0.9980285168,-2.960660458,0.07240135223,1.964452028,-1.180797577
ikflow,12,1.427524567,-0.9496512413,-0.1574026644,-2.836632729,-0.9779578447,1.218604088,-0.1257409751
ikflow,12,2.579594851,-1.510606766,-0.7596766949,-2.690067053,-1.039114714,0.2266367227,0.5571426749
ikflow,12,1.541462779,-0.9649968147,-0.2387924045,-2.827898502,-1.005614161,1.145722389,-0.08617367595
ikflow,12,1.420532584,-0.9432091713,-0.1505960375,-2.834558249,-0.9701115489,1.217117548,-0.1322652102
ikflow,12,-0.6645051837,1.433900356,2.400207043,-2.703876972,-1.053025723,0.3392311335,0.4627034962
ikflow,12,0.5569592714,-1.117143273,0.5179231167,-2.918802738,-0.6154662967,1.757446885,-0.5571268201
ikflow,12,0.883549571,-0.9880018234,0.255977869,-2.884164572,-0.7948019505,1.554871798,-0.3651967645
ikflow,12,2.054546595,-1.149546742,-0.562551558,-2.786099911,-1.107140183,0.757296443,0.1264296025
ikflow,12,2.310028553,-1.305046916,-0.6805205941,-2.748245239,-1.108456612,0.5133290887,0.2863212824
ikflow,12,0.2112460136,-1.392978191,0.820014894,-2.954834461,-0.2473021448,1.938054204,-0.9066408277
ikflow,12,1.656900287,-0.9936644435,-0.320766598,-2.820246935,-1.031396747,1.064748406,-0.0424483344
ikflow,12,1.068670392,-0.9523124695,0.1142217815,-2.868853569,-0.8731600046,1.437419653,-0.2780084312
ikflow,12,0.9754565358,-0.9620981216,0.184033215,-2.873198271,-0.8341494203,1.492480874,-0.3203180432
ikflow,13,2.428775549,0.05292435735,-1.634834647,-2.419004917,0.01093036588,2.003347158,-0.2895921469
ikflow,13,-0.7793202996,-0.3787466288,1.563434958,-2.406186104,0.3159849048,1.950135112,-0.5406993628
ikflow,13,2.350093603,0.6336218119,-1.589195013,-2.38864398,0.545365572,1.856559515,-0.7429125905
ikflow,13,-0.8179981112,-0.9389964938,1.528545141,-2.355676651,0.7702874541,1.674477458,-0.919757247
ikflow,13,0.1373748034,-0.006645527203,0.6591191292,-2.421892166,-0.04341673478,2.008505583,-0.2550650537
ikflow,13,2.396532059,-0.7121176124,-1.545934916,-2.370785236,-0.6738945842,1.760748386,0.287928015
ikflow,13,2.494766712,0.03523840755,-1.700492859,-2.419495106,-0.01352246478,2.002619505,-0.2791621089
ikflow,13,-0.7614151239,0.6266120672,1.593464613,-2.385444641,-0.6030263305,1.829724312,0.2226184905
ikflow,13,1.223116517,-0.005405631848,-0.4264744222,-2.421879292,-0.05083468184,2.008960962,-0.2514693141
ikflow,13,1.768507361,-0.01036719419,-0.9725969434,-2.421007633,-0.05999885872,2.007689714,-0.2390352041
ikflow,13,-0.7590521574,0.592027843,1.588503003,-2.386538267,-0.5702188611,1.841713309,0.1975148171
ikflow,13,-0.9003831148,-1.638519764,1.395654321,-2.297458172,1.144174814,1.176885128,-1.227509379
ikflow,13,2.202904224,-0.01416774839,-1.407737136,-2.418066978,-0.05348627269,2.0000844,-0.2439441979
ikflow,13,2.34006238,-0.10965617,-1.54271853,-2.415058136,-0.151592657,1.988100886,-0.1589493304
ikflow,13,-0.7686989307,-0.2854875922,1.555481076,-2.412945032,0.2342930287,1.977331161,-0.484957993
ikflow,13,2.445202351,0.03611337021,-1.649652719,-2.41882658,-0.008687218651,2.002795458,-0.2776379585
ikflow,13,2.60012269,0.02400673926,-1.804516792,-2.420681477,-0.02275892347,2.002539158,-0.2668189406
ikflow,13,1.337861896,-0.007061043289,-0.5413895845,-2.421740055,-0.05045579001,2.011320114,-0.2516030371
ikflow,13,-0.7653701901,-0.1493205726,1.55576098,-2.416013002,0.104629539,1.992966294,-0.3730316758
ikflow,13,-0.7533419132,0.6461671591,1.59012711,-2.381323576,-0.6204087138,1.816624641,0.2427334785
ikflow,13,1.839650989,-0.01044133585,-1.044290781,-2.422422647,-0.05696140975,2.008310556,-0.2390208691
ikflow,13,-0.8048229218,-0.769867003,1.544098496,-2.37161994,0.6556119919,1.773809552,-0.817595005
ikflow,13,2.356492043,0.5632692575,-1.585802197,-2.39486289,0.4833453298,1.89110148,-0.6909369826
ikflow,13,-0.7811172605,-0.4116141498,1.562983036,-2.40616107,0.346129775,1.94357717,-0.5741401315
ikflow,13,-0.7751663923,-0.3248923123,1.560252547,-2.409651041,0.2648883462,1.965111375,-0.5052005053
ikflow,13,-0.7809596062,-0.4244386852,1.562676787,-2.404569864,0.3638777137,1.941548824,-0.5857861042
ikflow,13,-0.6750514507,1.402673125,1.7002244,-2.309167862,-1.080174327,1.29458499,0.615429759
ikflow,13,0.4141449034,-0.004741124809,0.382401377,-2.419794559,-0.04596917704,2.008355379,-0.2422857583
ikflow,13,-0.8642423749,0.04483166337,1.661357641,-2.419500351,-0.08579094708,1.99917984,-0.2122417986
ikflow,13,0.9867164493,-0.001281316741,-0.1907067448,-2.417374134,-0.04636998475,1.999165416,-0.2472355068
ikflow,13,-0.8221195936,-0.9977924824,1.522444248,-2.350158453,0.8058549762,1.645688176,-0.9587615132
ikflow,13,-0.781434536,-0.2666715384,1.570009112,-2.410515308,0.2123622,1.977087617,-0.4585415125
ikflow,13,-0.7574586272,-0.2042277902,1.547842503,-2.418572664,0.1567239761,1.991958261,-0.4075745046
ikflow,13,-0.7776683569,-0.4793324769,1.554991126,-2.405693054,0.4114248455,1.928894162,-0.6226449013
ikflow,13,-0.03274810314,-0.008482166566,0.8282071352,-2.419561625,-0.03189988807,2.001134396,-0.2607081532
ikflow,13,-0.7801869512,0.2873610556,1.584846735,-2.411512136,-0.3201364577,1.95923233,-0.01745248213
ikflow,13,-0.797093749,-0.6273329258,1.554966569,-2.383828878,0.541713655,1.846744061,-0.7288400531
ikflow,13,1.906328082,-0.005326197483,-1.109524727,-2.417893887,-0.04795110598,2.002475977,-0.2539439797
ikflow,13,-0.7724002004,-0.3196139038,1.559525132,-2.408336639,0.2579847574,1.96146965,-0.5010352135
ikflow,13,-0.7746949196,-0.3804884553,1.559325218,-2.407959461,0.3247088492,1.9553653,-0.554194212
ikflow,13,1.230088592,-0.002595970873,-0.4340392053,-2.4188869,-0.05084488541,2.007184744,-0.2445931882
ikflow,13,2.518771172,0.008009533398,-1.724075437,-2.417015553,-0.03961394727,2.001003742,-0.2511692941
ikflow,13,-0.7927939892,-0.6799029112,1.549634695,-2.38360548,0.5785674453,1.83264339,-0.7604141235
ikflow,13,-0.7567535639,0.5740681291,1.583409071,-2.385539293,-0.5607609749,1.847990632,0.1899266988
ikflow,13,-0.7685995698,-0.2075634897,1.557798266,-2.416380644,0.1591622233,1.990308762,-0.4201478958
ikflow,13,-0.8012917042,-0.6607013345,1.557804108,-2.381104231,0.5672793388,1.835020423,-0.7541075349
ikflow,13,-1.103167653,0.02311522886,1.897971749,-2.422440529,-0.06800960004,2.006707668,-0.2264876813
ikflow,13,-0.7437566519,-0.1849719733,1.534713626,-2.41833663,0.1375527084,1.99466908,-0.3946242034
ikflow,13,2.395466805,0.09110164642,-1.601265669,-2.418697119,0.05133923516,2.001203299,-0.3237842917
ikflow,13,0.8721484542,-0.003225333989,-0.0759723559,-2.417575359,-0.04470323771,2.003819942,-0.2478582412
ikflow,14,-0.02524381131,-1.06048274,0.6329958439,-1.923220873,-1.075515866,1.914910793,1.070437431
ikflow,14,-1.596386194,-1.762799978,0.04784281179,-1.931480169,0.9797831774,1.99026978,-0.1572526097
ikflow,14,0.7839847207,1.577985168,2.650418997,-1.895079494,1.625830173,1.334289432,-0.3116113245
ikflow,14,1.826807976,-0.5202060342,-0.08060918748,-1.92930913,-2.142130852,0.8485124707,1.030997038
ikflow,14,2.391550541,-0.6080138087,-0.4255900383,-1.974126339,-2.553938866,0.6490909457,0.8173701763
ikflow,14,2.365696907,1.53378582,-2.670817852,-2.003849983,-0.06004969031,2.341234207,0.4771105051
ikflow,14,2.221124887,-0.5661540627,-0.3229744434,-1.954823494,-2.394418955,0.7054070234,0.9037644863
ikflow,14,-0.01981192268,-1.056221366,0.6348719597,-1.921565294,-1.08319056,1.905250788,1.075013518
ikflow,14,2.637569666,-0.6915995479,-0.5609216094,-1.990920067,-2.810169697,0.5808341503,0.651286006
ikflow,14,2.374395132,-0.6046084762,-0.4141620398,-1.974161506,-2.533456802,0.6557860374,0.8279838562
ikflow,14,2.626718998,-0.6901651025,-0.5626508594,-1.997750521,-2.83029747,0.5819549561,0.6402695775
ikflow,14,0.3406381607,-0.8363838196,0.6212753057,-1.896231055,-1.366348028,1.615647674,1.156341434
ikflow,14,-0.01016258821,-1.049131155,0.6350110173,-1.921033382,-1.0901649,1.900843263,1.077935457
ikflow,14,2.174162388,-0.5592809319,-0.2959012687,-1.957152247,-2.37008357,0.7245537043,0.9168364406
ikflow,14,0.9919370413,-0.589258492,0.4002169371,-1.898952484,-1.74589026,1.201146007,1.156898499
ikflow,14,1.0299474,-0.5791601539,0.3820215464,-1.896780849,-1.765951991,1.17951858,1.155925989
ikflow,14,-0.4633822739,-1.353301406,0.5558663607,-1.978850842,-0.5630944967,2.243731976,0.8052452803
ikflow,14,0.08327911049,-0.9866794944,0.6399270296,-1.911395788,-1.173247814,1.817239881,1.104819298
ikflow,14,1.546055675,-0.5193744302,0.09195172787,-1.916969061,-1.998440862,0.9599869251,1.095470071
ikflow,14,2.671145916,-0.7067466378,-0.5768389106,-1.993867874,-2.854824781,0.5735547543,0.6191680431
ikflow,14,2.651901245,1.369514108,-2.593039513,-1.983412147,-0.5155751109,2.263737917,0.7738602757
ikflow,14,-0.1066333055,0.9148447514,2.38965416,-1.988187194,2.769799948,0.5829976797,0.1909814775
ikflow,14,0.2137852609,1.167481422,2.382460117,-1.948540688,2.274619341,0.7735369802,-0.1198770106
ikflow,14,2.068274498,-0.5411292315,-0.231709823,-1.945929527,-2.291755915,0.756731391,0.9624143839
ikflow,14,0.01246187836,-1.036680818,0.6360865831,-1.9215765,-1.112082124,1.882054806,1.079990625
ikflow,14,-1.663987398,-1.762799978,0.000718874333,-1.923731327,1.039550424,1.94155395,-0.1824558973
ikflow,14,2.444521904,-0.6253064275,-0.4550518394,-1.98151052,-2.600329399,0.6360740662,0.7871534824
ikflow,14,-0.5099314451,-1.384735703,0.5432971716,-1.986200094,-0.485743314,2.266065359,0.7531234026
ikflow,14,-0.4684775472,-1.355745554,0.5550094843,-1.979619026,-0.5585865378,2.247814178,0.7973802686
ikflow,14,1.31098032,-0.5368379951,0.2289669961,-1.908408999,-1.895996571,1.05281949,1.124210835
ikflow,14,-0.06885628402,-1.08792448,0.6306200624,-1.924560905,-1.038787007,1.941705346,1.055494666
ikflow,14,-2.405830622,0.6595944166,-2.62625432,-1.895966649,-1.633807182,1.327095866,1.176932931
ikflow,14,1.890161157,-0.5236629844,-0.1176544428,-1.932337642,-2.170231819,0.8265958428,1.014117002
ikflow,14,1.886708975,-0.5220958591,-0.1189194024,-1.934710026,-2.189426661,0.8251234293,1.014424324
ikflow,14,1.857169032,-0.5217792988,-0.09940675646,-1.93478334,-2.168004513,0.8329365849,1.02507627
ikflow,14,1.89115119,-0.5233567953,-0.1212278605,-1.933741093,-2.188478947,0.8227332234,1.011602163
ikflow,14,0.04539382085,-1.011392117,0.6401293278,-1.91445446,-1.147508025,1.849423409,1.097687125
ikflow,14,2.251201868,1.589043021,-2.709717035,-2.004648685,0.1280806065,2.345191002,0.3466720581
ikflow,14,2.182852507,-0.5598032475,-0.3028567731,-1.955824256,-2.380051374,0.7140820026,0.9166920781
ikflow,14,1.413052917,-0.5272148848,0.1695342064,-1.917491794,-1.953198195,1.00788033,1.111739159
ikflow,14,-2.830281258,-1.252266169,-0.7354668379,-1.935801625,2.129531145,0.8710047603,-0.1860768497
ikflow,14,2.54953289,-0.6564288139,-0.5128517747,-1.984895349,-2.70396018,0.6031312346,0.7251896858
ikflow,14,2.080195189,-0.5471374989,-0.2366031259,-1.951366305,-2.299431562,0.7579027414,0.9590613842
ikflow,14,2.56682992,-0.6664530635,-0.5237640142,-1.98851347,-2.728056908,0.6019859314,0.7083027959
ikflow,14,0.05957791582,-1.00095129,0.640408814,-1.912623763,-1.158553958,1.836985588,1.096920252
ikflow,14,-0.3696760535,-1.290291905,0.5780085921,-1.962436914,-0.6912079453,2.17957449,0.8789601922
ikflow,14,-2.648100376,0.7585424185,-2.550457001,-1.894556999,-1.476306319,1.493273258,1.168645501
ikflow,14,1.944634914,-0.5322269797,-0.1526280046,-1.939411998,-2.206161737,0.8104729056,1.00316596
ikflow,14,1.791072011,-0.5198323727,-0.05946043134,-1.929602385,-2.123816729,0.8637841344,1.043620825
ikflow,14,1.786138535,-0.5199533701,-0.05654681846,-1.931006312,-2.124330044,0.870138526,1.041964173
ikflow,15,-0.132785812,0.2870798409,0.7813682556,-1.520218849,1.47411406,2.234047174,0.3680439293
ikflow,15,2.618135691,-0.9551154375,-1.439869761,-1.612465382,0.4005148709,2.73351264,0.7942342162
ikflow,15,-1.665779829,-0.4741405547,1.869994044,-1.542887211,2.03271842,1.769141912,0.4436288178
ikflow,15,0.9528980851,0.2453260422,-0.5235753059,-1.524358988,1.764164567,1.999122739,0.3759452105
ikflow,15,-0.4976502955,1.098299265,1.770417809,-1.625913382,0.09998944402,2.767610312,0.9795572162
ikflow,15,-1.594908953,-0.9005976319,1.460278392,-1.584846377,2.465027571,1.475814819,0.6357074976
ikflow,15,1.463763833,1.253156424,-1.902598977,-1.616950989,2.866683722,1.328475595,0.860203743
ikflow,15,0.9802772999,0.2494441271,-0.5581003428,-1.524770617,1.775383472,1.986314058,0.3748407662
ikflow,15,1.537548661,0.6193887591,-1.449690938,-1.557667613,2.191985846,1.650297999,0.4991605282
ikflow,15,-0.2851866186,0.3464432955,0.9946321845,-1.521440864,1.39662075,2.297367096,0.3766328692
ikflow,15,1.465981245,0.46454072,-1.254336476,-1.543423533,2.032627106,1.772511244,0.442466259
ikflow,15,2.618002892,-0.94655478,-1.444612741,-1.61011517,0.4134875536,2.727706909,0.7849971652
ikflow,15,1.300317049,0.3387949169,-0.9795999527,-1.532567382,1.90145278,1.878299952,0.4014284611
ikflow,15,-0.5295273066,0.7613028884,1.576938272,-1.572411537,0.8007958531,2.627665281,0.5656892061
ikflow,15,1.553418756,0.7159119248,-1.540480852,-1.566232204,2.276948452,1.590374708,0.5391866565
ikflow,15,2.865198851,-0.3435601592,-2.161549568,-1.520040989,1.411620617,2.283156633,0.3749842346
ikflow,15,-0.4966779947,1.113385797,1.775078058,-1.62690115,0.03608586639,2.763091087,1.021292329
ikflow,15,-0.5327827334,0.8041687608,1.608850956,-1.582763672,0.7152309418,2.653688431,0.6081279516
ikflow,15,0.6384618282,0.2184385955,-0.149114415,-1.523724675,1.690873742,2.063558817,0.3659262061
ikflow,15,-0.408374995,1.390113711,1.914215088,-1.593552709,-0.6074770689,2.679911137,1.408025265
ikflow,15,1.159040213,0.2890847027,-0.7863748074,-1.526580215,1.841401935,1.933966875,0.3876276016
ikflow,15,-0.5196241736,0.6656025648,1.494056225,-1.554959178,0.9582056999,2.559688568,0.4984586239
ikflow,15,0.8352676034,0.2323155701,-0.3811792433,-1.522194505,1.732735991,2.024523497,0.3722068965
ikflow,15,2.628197432,-1.018493056,-1.409285069,-1.618985891,0.2589231431,2.752500772,0.8847569823
ikflow,15,2.69226861,-1.274489522,-1.294315577,-1.61183548,-0.3662781417,2.732274771,1.275233865
ikflow,15,-0.5100819468,0.608188808,1.440726638,-1.550865889,1.036685109,2.520070314,0.4680822492
ikflow,15,-0.1523482949,0.2934918106,0.8069506884,-1.520638347,1.465614319,2.239377499,0.3713059127
ikflow,15,0.4716046751,0.2173387259,0.04504335299,-1.522413611,1.656695843,2.08707118,0.360512346
ikflow,15,-0.5099047422,0.6126950383,1.445092916,-1.550164819,1.025278449,2.525249958,0.4738045633
ikflow,15,1.178579211,0.2937913239,-0.8100885153,-1.527315021,1.845392466,1.932228327,0.3887485266
ikflow,15,1.504885435,0.5309859514,-1.346641779,-1.547106266,2.102493763,1.722329736,0.4608104229
ikflow,15,2.635870457,-1.063531399,-1.388274074,-1.624050379,0.1531420648,2.755722761,0.9490433335
ikflow,15,1.009537578,0.254068464,-0.594534874,-1.526523232,1.785871863,1.978562713,0.3849337399
ikflow,15,2.618663549,-0.6669082642,-1.642326593,-1.558447599,0.957657516,2.568570852,0.4975503087
ikflow,15,-0.4849646688,0.5374417901,1.357956767,-1.541753888,1.147127628,2.461577177,0.4257710278
ikflow,15,1.500910163,0.516936481,-1.331182957,-1.550491452,2.092308998,1.725720406,0.4608153701
ikflow,15,1.167130947,1.762799978,-2.298665524,-1.609793782,-2.750815392,1.356050611,1.281747699
ikflow,15,1.246975541,0.3170627654,-0.9027431607,-1.528594017,1.875457048,1.905189157,0.3989087641
ikflow,15,-0.5165992379,0.6400033236,1.471328735,-1.552566648,0.9920830727,2.543518305,0.4838977456
ikflow,15,-0.2132269144,0.310972333,0.888843596,-1.523159504,1.434286952,2.261818886,0.3784388602
ikflow,15,1.303560257,0.3425791562,-0.9853682518,-1.529413939,1.902306914,1.880467296,0.4059758782
ikflow,15,-1.593801498,-0.8922110796,1.467018127,-1.584036231,2.459990978,1.480056286,0.6293890476
ikflow,15,-0.5147522688,1.023542166,1.738621354,-1.622917175,0.2790595591,2.755363226,0.8653843999
ikflow,15,-1.590193868,-0.6883153319,1.623242021,-1.564403057,2.253396511,1.606160402,0.5270127058
ikflow,15,-0.5320032239,0.7368507385,1.560239911,-1.570135593,0.8404015899,2.60887289,0.552828908
ikflow,15,2.695371151,-1.284114242,-1.288033366,-1.613729239,-0.3582555652,2.740273476,1.263817072
ikflow,15,-0.4761606753,1.189286947,1.809280872,-1.623974204,-0.1338037848,2.760692596,1.128944993
ikflow,15,1.499438882,0.5226479173,-1.333980203,-1.546521425,2.092236757,1.728205919,0.4593083262
ikflow,15,-2.102066517,-0.259313792,2.510567904,-1.524420023,1.791350722,1.980635405,0.3840065897
ikflow,15,-0.03266828135,0.263554424,0.6532943249,-1.520292044,1.524170637,2.202995062,0.3627674878
ikflow,16,-0.6673809886,0.4401383102,0.09756045043,-1.185774088,0.9626633525,2.966347933,1.131539702
ikflow,16,-1.012646198,0.4748207331,0.5631524324,-1.24541235,0.5175426602,3.042093754,1.390526891
ikflow,16,-1.321230412,0.6244361401,0.9579539895,-1.258285403,-0.4116919637,3.062625885,2.032512665
ikflow,16,0.03707117215,0.6514769793,-1.069470644,-1.144766331,1.64193368,2.644317389,1.016691446
ikflow,16,2.052239895,-0.4953715205,-2.486248016,-1.262399912,0.322272867,3.057284594,1.517463326
ikflow,16,-1.342149019,0.6638418436,0.9989960194,-1.229743838,-0.6116868258,3.049638033,2.181437969
ikflow,16,1.734026551,-0.7611833811,-1.984999657,-1.183093429,-0.9537183642,2.961330891,2.38699007
ikflow,16,0.1387365609,1.079435468,-1.734932661,-1.183871388,2.16272974,2.310038328,1.160121679
ikflow,16,-0.656291604,0.4424860477,0.08102274686,-1.181537628,0.9702038765,2.962920666,1.132703185
ikflow,16,-1.346087098,0.6605303288,1.00229156,-1.234168172,-0.6094772816,3.050740242,2.182356596
ikflow,16,-1.466951251,0.9838876724,1.489418507,-1.134903193,-1.42735672,2.796574831,2.531789541
ikflow,16,0.1410369724,1.033069491,-1.670710802,-1.173388004,2.121341944,2.348602057,1.126417041
ikflow,16,1.75854969,-0.7114970684,-2.052717686,-1.210990191,-0.7636654973,2.989220142,2.251318455
ikflow,16,1.734725356,-0.7501263618,-1.993814588,-1.189005136,-0.9314881563,2.969365358,2.369859219
ikflow,16,-1.407544136,0.7596805692,1.158592939,-1.185313463,-0.9500768185,2.967185736,2.369758606
ikflow,16,1.879250526,-1.586188316,-0.8244720697,-1.198840141,-2.243403673,2.311094046,2.393645525
ikflow,16,-0.7060804367,0.4434874356,0.1521162689,-1.188837171,0.9165177941,2.970043659,1.143165588
ikflow,16,1.712729335,-0.8142725825,-1.900725961,-1.162065744,-1.088059664,2.916014433,2.451882362
ikflow,16,-1.460800171,0.9721283317,1.469382763,-1.133307219,-1.385128736,2.806279421,2.525537252
ikflow,16,-1.401745558,0.7491011024,1.134968758,-1.18291986,-0.9374385476,2.972862482,2.369145155
ikflow,16,-0.7075217366,0.4419653714,0.1525066197,-1.193312526,0.9054735899,2.969227791,1.168430567
ikflow,16,-0.5588912964,0.4451024234,-0.05571451411,-1.174595594,1.025215626,2.933613062,1.121263504
ikflow,16,-0.6278839707,0.4447359741,0.04426625744,-1.174180269,0.9790200591,2.962254286,1.127263308
ikflow,16,0.08582295477,0.737621367,-1.235737443,-1.140663147,1.788482189,2.582865715,1.024726987
ikflow,16,1.724911451,-0.788217485,-1.942692041,-1.173458934,-0.9954451919,2.949130535,2.385488033
ikflow,16,1.741164446,-0.7558677793,-1.995471597,-1.183221459,-0.9201128483,2.967843056,2.363657951
ikflow,16,1.884660363,-1.593238592,-0.8144802451,-1.197673202,-2.246392012,2.303853512,2.367709398
ikflow,16,-1.463381529,1.030769944,1.552277923,-1.125955462,-1.500695705,2.764443874,2.546075583
ikflow,16,0.1441574544,0.9662482142,-1.585479021,-1.166258693,2.055699348,2.389407635,1.110172153
ikflow,16,1.702149868,-0.8433501124,-1.852528572,-1.1549505,-1.166111112,2.892929316,2.47055459
ikflow,16,2.12346983,-1.762799978,-0.4353757501,-1.218262553,-2.502855778,2.158387661,2.184959888
ikflow,16,1.708441615,-0.8327515721,-1.873302698,-1.158274174,-1.110299349,2.90737319,2.442299128
ikflow,16,-0.005339905154,0.6038966775,-0.9673507214,-1.14331913,1.584004283,2.686594248,0.9988418818
ikflow,16,-0.6905414462,0.4437046051,0.1259907484,-1.186312437,0.9133150578,2.967321873,1.156390548
ikflow,16,1.714866638,-0.8150202632,-1.904095173,-1.162189722,-1.070431471,2.92208004,2.419020176
ikflow,16,1.756121159,-0.7228860259,-2.044193268,-1.199833035,-0.7987852693,2.990719557,2.287938595
ikflow,16,-0.670125246,0.4440445602,0.09832714498,-1.182320237,0.9453760386,2.965203524,1.135961533
ikflow,16,1.745516419,-0.743478477,-2.013154507,-1.192534447,-0.8552006483,2.975534439,2.315403938
ikflow,16,-1.120007515,0.5169755816,0.7012432814,-1.259416223,0.2374198586,3.08075428,1.58814168
ikflow,16,1.710675836,-0.8249121308,-1.888506413,-1.169242024,-1.072775483,2.923298597,2.422109127
ikflow,16,-1.396131992,1.349421024,1.979300499,-1.143566608,-1.916687012,2.507441521,2.497980833
ikflow,16,-1.371836185,0.7138571143,1.071272016,-1.196777105,-0.797511518,3.006527662,2.296238184
ikflow,16,1.756684303,-0.7150534391,-2.053832054,-1.201256394,-0.8080573678,2.996097326,2.305269957
ikflow,16,1.738702893,-0.757973969,-1.987707734,-1.184528232,-0.922026515,2.965084553,2.360840797
ikflow,16,-1.314075947,0.6275909543,0.9467654824,-1.246817589,-0.4426300526,3.061671495,2.064504862
ikflow,16,2.897300005,-0.4839769304,2.629670858,-1.164283156,1.276507139,2.866066933,1.064954638
ikflow,16,1.715346336,-0.7993428707,-1.915568948,-1.170331955,-1.043728709,2.920829058,2.414362669
ikflow,16,-1.040121675,0.4882992804,0.604503274,-1.239961267,0.4894790947,3.051672935,1.384656668
ikflow,16,1.708183527,-0.8211214542,-1.88455689,-1.163774014,-1.087442875,2.912530661,2.43920064
ikflow,16,-0.5725771189,0.4441315532,-0.04317824543,-1.174837589,0.9972110987,2.938187838,1.137936354
ikflow,17,1.297501683,-1.279194355,-1.61465013,-0.6123739481,1.345651507,3.391546965,1.048268557
ikflow,17,1.241469979,-1.263065934,-2.298285723,-0.6546837091,-1.597774267,3.299520016,-1.743215322
ikflow,17,1.199616075,-1.154310822,-2.1138978,-1.066798687,0.01860205457,3.458665133,2.825923681
ikflow,17,-1.175400376,0.9226157069,-0.5562717915,-0.912597537,2.442399502,2.815547466,1.719695091
ikflow,17,1.312842488,-1.176083446,-1.911848307,-0.6366709471,1.57254684,3.318374872,1.113274932
ikflow,17,-1.808113456,1.225818276,0.5559412837,-0.5954637527,-1.393613219,3.379004955,-1.671741962
ikflow,17,2.010429382,-0.9458584785,2.494312048,-0.9212760329,2.446362495,2.797724962,1.792175531
ikflow,17,2.272525549,-1.605544806,1.323107481,-1.057387829,2.897300005,2.519995928,2.589199781
ikflow,17,-1.839935184,1.171115398,1.227353096,-0.6630139351,1.548070788,3.3112638,1.140308022
ikflow,17,-1.107981563,0.9508613348,-0.6914111972,-0.9369668365,2.475386143,2.779549837,1.788035512
ikflow,17,-1.939561844,1.267972112,1.45509553,-0.9028372765,0.7764864564,3.449875593,1.696601391
ikflow,17,2.092915535,-0.987739563,2.322580576,-0.9576542974,2.524209261,2.738081217,1.855421901
ikflow,17,1.27103734,-1.261031389,-2.363631964,-0.6012893915,-1.6420964,3.313786268,-1.636298418
ikflow,17,1.985741735,-0.9333254695,2.547847271,-0.9144280553,2.417475462,2.814400196,1.769841909
ikflow,17,-1.266597509,0.8956078291,-0.3739194572,-0.8876690269,2.371173143,2.857787609,1.662847757
ikflow,17,1.307857871,-1.173951626,-1.911686182,-0.643024385,1.582602382,3.314582348,1.100859046
ikflow,17,-1.790588975,1.095926285,0.4584197104,-0.8909059167,-0.7238401175,3.467797756,-2.245894194
ikflow,17,-1.950652719,1.282606244,1.458312035,-0.936697185,0.6487883925,3.459632397,1.826639056
ikflow,17,1.291270137,-1.23489821,-1.737820506,-0.638035357,1.430167198,3.35964036,1.077164888
ikflow,17,1.227826595,-1.291817307,-2.209011555,-0.634655714,-1.711470962,3.274833918,-1.711217284
ikflow,17,2.235402584,-1.167600155,1.934918165,-1.004615664,2.663091183,2.642560005,2.109633446
ikflow,17,-1.371938825,0.8737229705,-0.1639505923,-0.8698812127,2.30898428,2.908344507,1.551100492
ikflow,17,-1.070027232,0.9733502865,-0.7735338211,-0.9514616132,2.512102127,2.750706196,1.830472708
ikflow,17,1.297223091,-1.177709937,-1.890573025,-0.673345685,1.483927965,3.327090979,1.181968689
ikflow,17,1.995163918,-0.9314092994,2.531840324,-0.9260647297,2.428705215,2.804474115,1.753871918
ikflow,17,2.007046223,-0.9431697726,2.501119375,-0.9218300581,2.447084188,2.799453497,1.779811025
ikflow,17,-1.176092625,0.9211254716,-0.552390337,-0.9128322005,2.428612947,2.822991848,1.732181907
ikflow,17,-1.790088415,1.088515997,0.9605329633,-0.6694706678,1.757160425,3.239333868,1.176262617
ikflow,17,-1.97081995,1.235994458,1.27126503,-1.038820148,0.2674905956,3.465403318,2.390354872
ikflow,17,1.271875858,-1.354083896,-1.413478374,-0.6758943796,1.098043799,3.457000732,1.101574898
ikflow,17,1.208613634,-1.290097356,-2.186420918,-0.6821708083,-1.63319993,3.270011187,-1.810162187
ikflow,17,1.303439498,-1.24086678,-1.725091696,-0.6075575352,1.458353996,3.366301775,1.036806583
ikflow,17,1.293014288,-1.213249803,-1.793683767,-0.6524719596,1.450153112,3.347511292,1.12019968
ikflow,17,-1.216348052,0.9037890434,-0.4703930914,-0.9078892469,2.42172575,2.831109047,1.679294348
ikflow,17,-1.118549228,0.9494527578,-0.6725661755,-0.929428339,2.456457615,2.789390087,1.798832536
ikflow,17,-2.036002398,1.679502964,1.881749272,-0.8421331644,-2.301003456,2.936955452,-2.08786273
ikflow,17,-2.049962044,1.55931747,1.657646179,-0.7969945669,-2.206549406,3.019968271,-1.951648235
ikflow,17,1.336463332,-1.161609769,-2.660308361,-0.7256991267,-1.141314745,3.410582304,-1.873776078
ikflow,17,1.165141344,-1.247713804,-1.813875198,-1.033167243,0.3637872636,3.466083288,2.251778841
ikflow,17,-2.037738323,1.674174786,1.873320818,-0.8380335569,-2.303052902,2.941327095,-2.092410326
ikflow,17,1.212124586,-1.306049705,-2.149601698,-0.6392357349,-1.779416084,3.256018639,-1.700714827
ikflow,17,1.221741915,-1.268281341,-2.252704859,-0.6774866581,-1.615439534,3.290609837,-1.765662432
ikflow,17,1.308144808,-1.151173711,-1.969062209,-0.6685781479,1.584497333,3.30357337,1.162130475
ikflow,17,1.31682384,-1.30413878,-1.546439052,-0.5736085176,1.299249887,3.406341791,1.021888137
ikflow,17,-1.725119472,1.108498573,0.2632760406,-0.7845596075,-0.8823616505,3.486292601,-1.923442602
ikflow,17,1.264738202,-1.264248013,-2.345083237,-0.6081148386,-1.632909656,3.314306736,-1.667358875
ikflow,17,-1.403201938,0.8703686595,-0.1034543589,-0.8654802442,2.294984341,2.920100689,1.51439929
ikflow,17,-1.847447038,1.083397269,0.6860167384,-1.022258282,-0.2893666029,3.475258827,-2.874332428
ikflow,17,-1.848138094,1.176535249,1.255063891,-0.6786341071,1.485814452,3.327294111,1.180052757
ikflow,17,1.217799664,-1.279048562,-2.222773552,-0.6768863797,-1.621653914,3.287923813,-1.794976473
ikflow,18,1.48034358,-1.06090796,1.786130428,-0.9231264591,-2.401532173,3.062362194,0.03208065405
ikflow,18,1.082502007,-1.436991572,0.4269784689,-0.2508528829,-1.767091036,3.518627405,0.9224464297
ikflow,18,-1.658190608,1.023591042,-1.303110957,-0.9559560418,-2.390915155,3.017553806,-0.02615875565
ikflow,18,-2.055680752,1.276664495,-0.529614687,-0.2475814521,1.677332044,3.522526026,1.667554021
ikflow,18,1.472782969,-1.238086939,1.54851222,-0.8233198524,-2.564839602,3.152268171,0.4883790612
ikflow,18,1.38331008,-1.389578462,1.493851066,-0.6462590694,2.897300005,3.265152931,1.452266693
ikflow,18,-2.068538427,1.495400548,-2.897300005,-0.3821394742,-1.429333687,3.586142302,0.8611476421
ikflow,18,-1.954467535,1.333029389,-1.322104335,-0.3015327454,2.599460602,3.439887524,1.491301894
ikflow,18,1.405679226,-1.462001324,1.418268323,-0.7261950374,2.66478467,3.220879555,1.800509691
ikflow,18,-1.933544397,1.317913175,-1.197508454,-0.3667228222,2.310286283,3.450206757,1.65372622
ikflow,18,-1.658824086,0.9842477441,-1.248158693,-0.9833240509,-2.392938614,2.993221283,-0.08924017847
ikflow,18,1.147035956,-0.6494822502,2.682497501,-1.117721796,-2.534147024,2.742420673,-0.6148118377
ikflow,18,-1.990714073,1.328704119,-1.171419382,-0.2544434369,2.39727354,3.455061913,1.530775785
ikflow,18,-2.004084349,1.329551458,-1.095990181,-0.2424363792,2.26007843,3.4702425,1.625782251
ikflow,18,-2.267009258,1.296165109,1.344397306,-0.2757076621,0.2986912131,3.66237402,1.178776383
ikflow,18,0.9589447379,-1.40332365,-0.6407638788,-0.1924225539,-0.7490364313,3.591244698,0.9965665936
ikflow,18,1.15234375,-0.6524612308,2.671614408,-1.114493132,-2.538879395,2.747716904,-0.5989163518
ikflow,18,1.45305419,-1.276044965,1.466577411,-0.7904186249,-2.447337389,3.203805923,0.4684895873
ikflow,18,-1.833603978,1.081596136,-0.848526597,-1.006796956,0.778188467,3.625089169,2.82640624
ikflow,18,-2.033252954,1.421686649,-2.513620615,-0.261289537,-1.933408618,3.492468119,0.8912124038
ikflow,18,-1.660712481,1.175405979,-1.51968503,-0.8653350472,-2.43046999,3.118930817,0.2632758319
ikflow,18,0.1557757705,-0.9106237292,-1.978741884,-1.228288889,-2.897300005,2.459805727,-1.378479958
ikflow,18,-1.733654141,1.551326275,-1.852632403,-0.7885576487,2.607952356,3.182226419,2.014437914
ikflow,18,1.288329482,-0.7206357121,2.429955244,-1.082413554,-2.506355762,2.814975262,-0.4643348753
ikflow,18,-1.647047997,1.043532252,-1.341380239,-0.9560677409,-2.383974791,3.030114174,0.01171760168
ikflow,18,-2.005431175,1.372075081,-1.928783417,-0.2093683928,-2.736037731,3.449644566,1.113268495
ikflow,18,1.235022902,-0.6860775948,2.533717394,-1.097934008,-2.52269578,2.780234098,-0.5273658633
ikflow,18,1.486193657,-1.058631897,1.797744989,-0.9315397739,-2.477133989,3.041073799,0.09142994881
ikflow,18,1.48544538,-1.134999275,1.685156226,-0.884773016,-2.479737282,3.091080904,0.2331701964
ikflow,18,-1.662192583,0.9730839729,-1.232853532,-0.9869664311,-2.387194157,2.979712963,-0.1104425564
ikflow,18,1.406770825,-1.634933829,1.184479237,-0.8701016307,2.451805353,3.108453274,2.293486834
ikflow,18,1.404202938,-1.352527261,1.362727046,-0.6940617561,-2.609583855,3.261324406,0.7701508403
ikflow,18,-2.094226599,1.279838443,-0.2565840483,-0.2376865447,1.352526665,3.558529377,1.712511539
ikflow,18,1.428006172,-1.311678052,1.410414219,-0.7457081079,-2.480572224,3.239689112,0.5808220506
ikflow,18,-1.966376662,1.407775164,-2.108384132,-0.3025828302,-2.496504545,3.455422878,1.039232492
ikflow,18,0.4123996198,-0.6747644544,-2.483673811,-1.204068542,-2.751193762,2.546276569,-1.077407122
ikflow,18,1.411551118,-1.364434958,1.389425755,-0.6950169206,-2.790064096,3.249671936,0.9076362252
ikflow,18,1.266824841,-0.7086543441,2.469315052,-1.085720778,-2.521587372,2.794846058,-0.4959332943
ikflow,18,-2.120771646,0.9680460095,-0.1380882263,-0.9080902338,0.6145370007,3.738547087,2.39269805
ikflow,18,-1.692314148,1.268061042,-1.671103716,-0.790489018,-2.404272795,3.200429678,0.4185501933
ikflow,18,1.225505829,-1.410722852,1.221263885,-0.3732001185,-2.80836606,3.409925699,1.16906023
ikflow,18,-2.077002048,1.279446483,-0.3962498009,-0.2254271954,1.562378764,3.539778948,1.63890624
ikflow,18,-1.684023023,1.304998636,-1.675575972,-0.7817565203,-2.674900055,3.186818123,0.688818574
ikflow,18,-2.05867362,1.275519729,-0.5218366385,-0.2243715525,1.747995377,3.519655943,1.594804764
ikflow,18,1.313691854,-1.376153111,1.653681755,-0.545396924,2.477071524,3.36036396,1.77093637
ikflow,18,-1.719251037,1.338288307,-1.728908181,-0.7189025283,-2.703620195,3.235793591,0.7885301113
ikflow,18,-1.661792636,1.173583031,-1.519633174,-0.8652382493,-2.43792367,3.119555473,0.2638202906
ikflow,18,-1.662247539,1.242128968,-1.618149281,-0.8406319022,-2.461379528,3.159011364,0.3990929723
ikflow,18,1.413815975,-1.60302031,1.227561593,-0.8481464386,2.519238472,3.136523247,2.165960312
ikflow,18,1.495185137,-1.145895362,1.659928441,-0.8982759118,-2.45346427,3.095907688,0.2351539135
ikflow,19,1.407263875,0.1585725248,-0.1921863258,-2.874784708,-2.595117807,3.752500057,1.545213103
ikflow,19,-0.9128251076,-0.1258446723,2.039531946,-2.958098173,-2.308401585,3.752500057,1.143057108
ikflow,19,0.730766058,0.07777315378,0.4453046322,-2.911203623,-2.586911201,3.752500057,1.548413754
ikflow,19,0.7031823397,0.02910852991,0.3852945268,-2.968865633,-2.452370882,3.721816301,1.240335107
ikflow,19,2.119788885,0.1597479582,-0.9169327617,-2.89184165,-2.529770374,3.752500057,1.472414732
ikflow,19,1.767731786,0.1411224306,-0.6089271903,-2.893451929,-2.479909658,3.752500057,1.420191765
ikflow,19,0.5482574105,0.06077156216,0.6189107299,-2.910536051,-2.542746067,3.713066816,1.327630639
ikflow,19,1.430182934,0.0903076008,-0.3065345287,-2.918677807,-2.424718142,3.752500057,1.332754016
ikflow,19,0.4308516085,0.1539357007,0.8472562432,-2.836199045,-2.789050579,3.752500057,1.84490931
ikflow,19,0.6434444785,0.072792463,0.5045195818,-2.91065383,-2.522703648,3.740975142,1.399294376
ikflow,19,0.549661696,0.05834084004,0.62948066,-2.921650171,-2.577130318,3.752500057,1.174191594
ikflow,19,2.789527655,0.3483601213,-1.310433149,-2.841218233,-2.719249964,3.752500057,2.200892687
ikflow,19,-1.657209516,-0.1588323563,2.897300005,-2.873438358,-2.674246788,3.752500057,1.609418154
ikflow,19,1.703507543,0.09687909484,-0.6046369076,-2.917374611,-2.42090559,3.752500057,1.321194053
ikflow,19,-1.391563058,-0.1827852726,2.579246521,-2.894942045,-2.433675051,3.752500057,1.340269685
ikflow,19,2.087973595,0.1576574743,-0.9412130713,-2.91486001,-2.373785734,3.752500057,1.200396061
ikflow,19,2.240997314,0.1459662318,-1.083342791,-2.908009768,-2.519784689,3.752500057,1.357835174
ikflow,19,1.579907775,0.127983436,-0.3457701802,-2.883594513,-2.689316273,3.752500057,1.760079384
ikflow,19,2.477673769,0.2096770555,-1.184542537,-2.895030737,-2.61910677,3.752500057,1.656572461
ikflow,19,0.06047571078,0.5242053866,1.481940508,-2.838323593,2.724429131,3.752500057,0.2724296153
ikflow,19,-1.597660184,-0.04204085469,2.752862215,-2.929663658,-2.440829277,3.752500057,1.253838658
ikflow,19,2.385037184,0.2008686066,-1.062933922,-2.87851572,-2.674412489,3.752500057,1.694652796
ikflow,19,1.355098486,0.2191829532,0.07591642439,-2.786831856,-2.897300005,3.752500057,2.370442629
ikflow,19,2.55131197,0.2123566419,-1.36126411,-2.917165995,-2.365652561,3.752500057,1.214679241
ikflow,19,2.623129606,0.2297616899,-1.44044888,-2.933461905,-2.316795349,3.752500057,1.049442649
ikflow,19,1.019064546,0.1414865702,0.1757409126,-2.867738962,-2.519384384,3.752500057,1.479038715
ikflow,19,2.660624504,0.2854899764,-1.455070853,-2.931503057,-2.333123922,3.752500057,1.312837601
ikflow,19,0.2272097319,0.04929129407,1.042380929,-2.886412144,-2.747243166,3.752500057,1.827394128
ikflow,19,0.6450532675,0.0157475844,0.3860201836,-2.984807491,-2.291604996,3.683897495,1.055512309
ikflow,19,-1.111786008,-0.1317989677,2.23284626,-2.927069187,-2.328163624,3.752500057,1.120191097
ikflow,19,-1.704541683,-0.1749678701,2.897300005,-2.864670753,-2.648034811,3.752500057,1.67634213
ikflow,19,0.3285852373,0.3463775814,1.215597749,-2.795650721,2.897300005,3.752500057,0.2595413327
ikflow,19,2.317779064,0.2509124577,-1.11256206,-2.916365385,-2.393785,3.752500057,1.438106775
ikflow,19,-1.422966361,-0.1409178823,2.588659525,-2.911001921,-2.360104084,3.752500057,1.086316586
ikflow,19,2.122401953,0.1735955179,-0.8474946618,-2.879106522,-2.672895432,3.752500057,1.705880404
ikflow,19,0.1533593535,0.430062741,1.447672009,-2.850517511,2.709373236,3.752500057,0.2452083975
ikflow,19,2.426188946,0.2349005491,-1.032970786,-2.870674372,-2.701680183,3.752500057,2.094017744
ikflow,19,2.05626297,0.2227356881,-0.8443052769,-2.897088051,-2.493008375,3.752500057,1.588647008
ikflow,19,-0.6372823715,-0.278082937,1.837239504,-2.920869112,-2.37260747,3.752500057,1.337146878
ikflow,19,0.3185963929,0.4362922013,1.300352812,-2.845007181,2.72738266,3.752500057,0.223147884
ikflow,19,2.480579615,0.2638705969,-1.273168087,-2.907688141,-2.388591766,3.752500057,1.293133259
ikflow,19,-1.020705462,-0.2088292539,2.153187037,-2.924847364,-2.323064327,3.752500057,0.9659268856
ikflow,19,2.235949516,0.2073390186,-0.954125464,-2.889390707,-2.623394012,3.752500057,1.745706201
ikflow,19,1.95835948,0.1264518201,-0.8452972174,-2.917636156,-2.351773024,3.752500057,1.2286551
ikflow,19,0.6325765848,0.03823212907,0.4488564134,-2.948425293,-2.363600969,3.677636862,1.103432298
ikflow,19,2.196096182,0.2428954691,-0.9607123137,-2.894607067,-2.49492836,3.752500057,1.525015116
ikflow,19,1.949521899,0.1716912985,-0.667939961,-2.870929956,-2.707408905,3.752500057,1.852327824
ikflow,19,-1.022540927,-0.2296121716,2.209596634,-2.91034174,-2.358100414,3.752500057,1.306690574
ikflow,19,1.989511132,0.1230979264,-0.8682479262,-2.898959875,-2.446089506,3.742390156,1.337019205
ikflow,19,0.7411392927,0.0608160533,0.3229173422,-2.946675062,-2.341043472,3.673449039,1.098839641
ikflow,20,0.09041556716,0.3255142868,-1.127024531,-2.29349637,1.693321347,0.6873041391,0.6338548064
ikflow,20,-2.259227037,0.6465509534,1.41487968,-2.315261602,1.211565614,1.468527317,0.7231838107
ikflow,20,-2.118901968,0.3896514177,1.219743252,-2.299986601,1.347596288,1.243899465,0.6616567969
ikflow,20,0.8269884586,-1.642344832,-1.506598234,-2.409065962,0.4567629695,2.154932022,1.229499459
ikflow,20,0.3247030079,0.6810913682,-1.431371927,-2.329810619,2.02814126,0.3729878664,0.7785904408
ikflow,20,0.8415932655,-0.8430664539,-1.646928787,-2.329782009,1.09926343,1.632785082,0.7773567438
ikflow,20,-2.152455568,0.419067502,1.259801269,-2.304722071,1.332439184,1.276959062,0.6679006219
ikflow,20,0.8648418784,-0.6883183718,-1.700067878,-2.320314884,1.183740377,1.513685703,0.7396354675
ikflow,20,0.943208158,-0.4834355414,-1.820603967,-2.305375099,1.286647201,1.337771416,0.6879163384
ikflow,20,0.853392899,-0.7439752221,-1.677493811,-2.324623823,1.151675344,1.561267376,0.7492414117
ikflow,20,0.8267068863,-1.622053981,-1.508646965,-2.406321049,0.48163414,2.140156269,1.212492943
ikflow,20,0.8200589418,-1.220276713,-1.555955291,-2.364876747,0.8477269411,1.91648984,0.9386194348
ikflow,20,0.2421661168,0.4775485098,-1.311988235,-2.307193995,1.821228147,0.5505527854,0.6789218187
ikflow,20,-2.316774845,1.497350812,1.620679379,-2.391869307,0.6127243638,2.075238466,1.110945463
ikflow,20,0.8793156147,-0.6393678188,-1.725117326,-2.315844536,1.210605264,1.473667502,0.723828733
ikflow,20,0.8408041596,-0.8001285791,-1.654147863,-2.330040693,1.123356223,1.611232162,0.7660136819
ikflow,20,1.141109347,-0.2914195359,-2.063597918,-2.301265001,1.404248714,1.159783959,0.6506391764
ikflow,20,1.246553063,-0.2523348927,-2.177017927,-2.296011686,1.427163601,1.114823937,0.6492655873
ikflow,20,0.1948790848,0.4193091094,-1.251815438,-2.301423311,1.772935629,0.5991436243,0.6638510823
ikflow,20,0.2735047936,0.546181798,-1.359015942,-2.310052395,1.879796982,0.4832981527,0.7031536698
ikflow,20,-0.9437243342,0.1501230896,-0.03166212887,-2.292121649,1.52999115,0.932231009,0.6257359385
ikflow,20,1.095375419,-0.3241926134,-2.008888721,-2.298778057,1.377471447,1.188561797,0.6523558497
ikflow,20,-2.276686192,0.6926463842,1.443899274,-2.319901228,1.182459354,1.521006107,0.7410228848
ikflow,20,-2.061871052,0.3416582048,1.153157353,-2.297626495,1.373063564,1.20008266,0.6529426575
ikflow,20,-2.039302349,0.3179377913,1.124493837,-2.298181534,1.385833502,1.182838202,0.6527347565
ikflow,20,0.8227568865,-1.530018926,-1.515767694,-2.39639473,0.5739194155,2.095565796,1.135686159
ikflow,20,0.2615883648,0.512475431,-1.337480187,-2.309535027,1.852976799,0.5181444883,0.6934651136
ikflow,20,-2.225630999,0.5337737203,1.358492017,-2.311297417,1.267972112,1.386030555,0.6927912831
ikflow,20,0.9249466658,-0.5164954066,-1.793771505,-2.30766058,1.271464467,1.372374892,0.6963356137
ikflow,20,0.2926905453,0.5726937652,-1.383285403,-2.314357281,1.901633263,0.4668772817,0.7108014226
ikflow,20,-1.942473412,0.2739884257,1.016763091,-2.29334569,1.410259485,1.131332636,0.6398673654
ikflow,20,0.878780067,-0.6372538209,-1.724627733,-2.316381931,1.206985593,1.469763637,0.7231145501
ikflow,20,0.3876798153,0.9952118993,-1.487555265,-2.407176733,2.664657116,0.1520747691,1.210954905
ikflow,20,1.733261585,-0.1637742519,-2.694455862,-2.293175697,1.48932302,1.001484513,0.6296636462
ikflow,20,1.212511659,-0.2691380084,-2.138653755,-2.293204784,1.41174984,1.130177736,0.6466859579
ikflow,20,0.2263304144,0.4573192894,-1.293454647,-2.30549264,1.806557178,0.5631005168,0.6745493412
ikflow,20,0.8231046796,-1.528042555,-1.517380476,-2.395592213,0.5800150037,2.095140457,1.128223181
ikflow,20,1.132947087,-0.3048295677,-2.050349712,-2.296062231,1.390384316,1.170982003,0.6527061462
ikflow,20,-2.31281352,1.678130269,1.633491635,-2.412754774,0.4358747005,2.166826963,1.240811348
ikflow,20,0.822030127,-1.361970067,-1.53607285,-2.378699303,0.7375169992,2.0014081,1.019737124
ikflow,20,0.3124847412,0.6348416209,-1.412188172,-2.322550058,1.977160692,0.4143227935,0.7501638532
ikflow,20,1.29666543,-0.2362575978,-2.233005524,-2.296200752,1.436631799,1.099928737,0.6404982209
ikflow,20,1.125084758,-0.307263732,-2.042705297,-2.298760891,1.389824033,1.170160174,0.6521919966
ikflow,20,0.2604894042,0.5134425163,-1.337788701,-2.307372808,1.849024057,0.5111769438,0.6866105199
ikflow,20,-2.319907665,1.388096213,1.609301567,-2.382048845,0.7097999454,2.024029493,1.036338091
ikflow,20,0.09541216493,0.3313786089,-1.134658337,-2.293905735,1.696661234,0.6821439266,0.6326712966
ikflow,20,0.01296582632,0.277262032,-1.038903952,-2.296234369,1.667515039,0.735609591,0.628976047
ikflow,20,-2.224523783,0.5323543549,1.358309269,-2.308703899,1.268417001,1.381414056,0.6908553243
ikflow,20,-2.856738091,-0.5565112233,1.767656684,-2.311858892,1.882978439,0.4837313294,0.7030166984
ikflow,20,0.8302419782,-1.734723568,-1.501639485,-2.417849779,0.3508987725,2.185611486,1.305979848
ikflow,21,-0.3882003427,1.065070391,-2.781493187,-1.954370975,-0.02819776163,1.632141113,1.492127299
ikflow,21,1.639847875,-1.41396904,0.2364416867,-1.854740739,0.7186443806,1.281236172,0.8440404534
ikflow,21,0.1376408488,0.9007912874,-2.881004095,-1.927092671,-0.3847249448,1.53684473,1.757299185
ikflow,21,0.139547646,0.9084492922,-2.879653454,-1.930378199,-0.3831416965,1.559995294,1.736005068
ikflow,21,0.9965744615,-1.457108974,-0.0566409342,-1.795460939,1.094871759,0.8180683255,0.569845736
ikflow,21,1.363865018,-1.450525999,0.1097473949,-1.824752927,0.9189359546,1.0764395,0.7330231667
ikflow,21,1.757809877,-1.396354318,0.2713461816,-1.877411366,0.6662884951,1.347223639,0.9465231299
ikflow,21,1.677874446,-1.409179807,0.2402948439,-1.862256765,0.7170770764,1.271248102,0.8818046451
ikflow,21,2.355177641,-1.212688088,0.3854670525,-1.944750428,0.2378534526,1.586544871,1.230408549
ikflow,21,1.612825513,-1.424361944,0.2120782286,-1.867245436,0.7621533275,1.24083674,0.8664975166
ikflow,21,1.707813978,-1.404494762,0.2568565011,-1.864459157,0.6544750333,1.315036535,0.9241982102
ikflow,21,0.1492445022,0.9118070006,-2.879555702,-1.922315598,-0.410954833,1.537270188,1.771599412
ikflow,21,1.945316792,-1.355809093,0.3269371688,-1.910526752,0.5095467567,1.450999379,1.025821447
ikflow,21,2.380395174,-1.202515244,0.3824468851,-1.947262287,0.226264134,1.578243256,1.247481227
ikflow,21,2.897300005,-1.026355028,0.3426628709,-1.957449079,-0.1556665003,1.605664492,1.538836122
ikflow,21,-0.6161265373,1.151641607,-2.763370752,-1.954218268,0.116813831,1.617554188,1.381604075
ikflow,21,1.791797161,-1.387248278,0.2806056738,-1.876766682,0.6463324428,1.353995919,0.9628603458
ikflow,21,1.613955259,-1.418834448,0.2110521495,-1.854722023,0.7648418546,1.231564522,0.8645396829
ikflow,21,2.32753849,-1.22021842,0.3812767565,-1.938937068,0.2443313599,1.570004463,1.237087965
ikflow,21,-0.6135135293,1.155619502,-2.75576067,-1.958192945,0.116789408,1.624139786,1.372432947
ikflow,21,1.679016709,-1.410914898,0.2430240959,-1.859184742,0.7034229636,1.293857336,0.8776955009
ikflow,21,1.432302713,-1.445458889,0.143234089,-1.840742707,0.8541646004,1.146921754,0.7701191902
ikflow,21,1.933244228,-1.354570627,0.3225873411,-1.902730346,0.561701417,1.417254329,1.024442315
ikflow,21,2.368525028,-1.207741976,0.3839569092,-1.942741752,0.2368434817,1.57361412,1.295582652
ikflow,21,1.905661106,-1.360152483,0.3166418672,-1.891628265,0.5301010013,1.424453735,1.028329849
ikflow,21,2.897300005,-1.022549987,0.3411406279,-1.959926844,-0.1707515717,1.591781259,1.523424149
ikflow,21,0.05260017142,0.9483582973,-2.880427837,-1.944918513,-0.3302733004,1.579969406,1.700145125
ikflow,21,2.159380674,-1.288647056,0.3613628149,-1.935435057,0.4111484587,1.523736119,1.127842307
ikflow,21,2.448124886,-1.178835154,0.3816128969,-1.947076321,0.1744603664,1.584002495,1.280826807
ikflow,21,0.1551226526,0.8984538913,-2.877080202,-1.91840589,-0.3932602704,1.548450112,1.818374872
ikflow,21,1.593344808,-1.429736257,0.2047937065,-1.856757283,0.7558432817,1.227206349,0.8753637671
ikflow,21,2.334396839,-1.223175526,0.378339082,-1.943435073,0.2927724719,1.569655418,1.240357637
ikflow,21,-1.784888268,-0.7828118205,-0.09964205325,-1.824819922,-1.06636858,1.011731386,2.049915075
ikflow,21,-0.9665019512,1.289142132,-2.775668621,-1.941489577,0.3916631639,1.548657656,1.136723042
ikflow,21,1.602274537,-1.426494241,0.2099193782,-1.849725962,0.7830150723,1.237601876,0.837536633
ikflow,21,0.7787726521,-1.434168339,-0.1568700075,-1.796689987,1.24703896,0.6463817954,0.5075306892
ikflow,21,-1.248443961,1.386427045,-2.834648371,-1.924271464,0.5939516425,1.43449378,1.01552248
ikflow,21,2.291432858,-1.23656559,0.377687782,-1.940644264,0.2943419516,1.542746544,1.216485143
ikflow,21,1.42204988,-1.444124699,0.1395739764,-1.831478477,0.84751755,1.149581909,0.7709876299
ikflow,21,1.478748083,-1.440592885,0.1536601782,-1.83791852,0.8530614376,1.159661412,0.784989655
ikflow,21,1.741060257,-1.405082703,0.2594329715,-1.876516581,0.6857559085,1.308082342,0.9180921316
ikflow,21,1.890281796,-1.357944369,0.3038570583,-1.891695619,0.5510182977,1.406019807,0.9892609119
ikflow,21,0.04099116102,0.929641366,-2.841588259,-1.928593516,-0.3443177938,1.569449186,1.710976362
ikflow,21,2.897300005,-1.024483204,0.339432776,-1.942516565,-0.1261771917,1.597689867,1.539322853
ikflow,21,1.748873353,-1.402159095,0.2627797723,-1.874185801,0.6672187448,1.324548364,0.8885136247
ikflow,21,1.972563267,-1.34511888,0.3323657513,-1.903636813,0.5071986318,1.435049891,1.028154373
ikflow,21,1.598930717,-1.433150411,0.2093039453,-1.854851723,0.7856544852,1.225605607,0.8652427197
ikflow,21,1.474408627,-1.436140537,0.1518406719,-1.840646029,0.8463371396,1.153152108,0.768268168
ikflow,21,1.302361846,-1.453742862,0.07858932018,-1.815594196,0.9367647767,1.047746062,0.7010884285
ikflow,21,-1.733684182,-0.8056957722,-0.1062061489,-1.833708048,-1.092023969,1.02638483,2.153720856
ikflow,22,-2.517400265,0.9997283816,-1.82145071,-1.595256209,-0.167599991,1.420177937,2.68320775
ikflow,22,0.59464854,-1.077064395,1.281885862,-1.594428182,-0.1224775389,1.407120943,2.613915443
ikflow,22,-2.516029358,1.008351564,-1.825712919,-1.604061007,-0.1737517864,1.420267701,2.621037245
ikflow,22,0.6264710426,-0.975536406,1.338024259,-1.594823003,-0.2085308135,1.402462602,2.708963871
ikflow,22,0.6031540036,-1.05332756,1.298559666,-1.59821713,-0.159422636,1.413464308,2.665108919
ikflow,22,0.5882760286,-1.098935366,1.274565339,-1.596668005,-0.1170228496,1.410363674,2.617384672
ikflow,22,0.6560115814,-0.8530898094,1.412343383,-1.590294123,-0.3272775412,1.37482965,2.789310455
ikflow,22,0.6599190831,-0.8186129928,1.432821274,-1.58549881,-0.3529060483,1.362181544,2.80407238
ikflow,22,-2.536502838,1.081095934,-1.86393857,-1.607460856,-0.1179098263,1.430294037,2.626718521
ikflow,22,0.6765252948,-0.7157701254,1.498793721,-1.580947399,-0.4447621703,1.331873417,2.869745016
ikflow,22,0.6589971185,-0.817365706,1.435719252,-1.584503293,-0.354097873,1.362905622,2.807665348
ikflow,22,-2.59256649,1.203965425,-1.936046839,-1.602446675,0.009702738374,1.427826285,2.469771385
ikflow,22,0.6180874705,-1.007020116,1.325158834,-1.599261403,-0.1998986751,1.408957124,2.651287317
ikflow,22,-2.548011541,1.093413711,-1.874028563,-1.602981806,-0.09368878603,1.42093575,2.648658276
ikflow,22,0.6733993292,-0.73926121,1.481438637,-1.581344724,-0.4122932553,1.348926902,2.857117176
ikflow,22,-2.554691792,1.11240375,-1.887851834,-1.602083325,-0.07756413519,1.43169415,2.577027082
ikflow,22,0.6197529435,-0.992177546,1.336844921,-1.594746947,-0.215261206,1.398649216,2.669919491
ikflow,22,0.6369960904,-0.93406111,1.365567923,-1.594151378,-0.2492246032,1.397926569,2.71086359
ikflow,22,0.6153280139,-1.000377059,1.327467203,-1.593814492,-0.1975534558,1.403199792,2.654037476
ikflow,22,0.659398973,-0.8809945583,1.391830325,-1.597156882,-0.2954801917,1.392068624,2.78088665
ikflow,22,0.6548686624,-0.8344997764,1.426769376,-1.584257364,-0.3366412818,1.362967014,2.797973394
ikflow,22,0.624340713,-0.975448072,1.338626862,-1.592322111,-0.2271302193,1.403049588,2.691004038
ikflow,22,0.6714830399,-0.7486589551,1.477533579,-1.583537698,-0.4134126008,1.350146413,2.839723825
ikflow,22,0.6311831474,-0.9690374732,1.339178085,-1.597880244,-0.2196077704,1.39982903,2.690957546
ikflow,22,-2.525765181,1.027761698,-1.838868976,-1.596192837,-0.1620411277,1.414069176,2.634721279
ikflow,22,0.6497867107,-0.8512480855,1.412706256,-1.583560109,-0.3287166655,1.367186785,2.757492542
ikflow,22,-2.542500257,1.070414782,-1.86067915,-1.603702307,-0.1181986108,1.431051016,2.597302437
ikflow,22,0.6533167958,-0.8683315516,1.405646682,-1.592755675,-0.3310385048,1.369040847,2.725492239
ikflow,22,0.5852655768,-1.13024354,1.25477922,-1.60510993,-0.08814932406,1.420404553,2.555144787
ikflow,22,0.5837790966,-1.128927946,1.251822472,-1.603824615,-0.08412904292,1.415509939,2.585172176
ikflow,22,0.5996067524,-1.07340157,1.279830337,-1.598386168,-0.1287735552,1.408967495,2.631244421
ikflow,22,0.6786130667,-0.6866849661,1.514872193,-1.579624414,-0.4547817111,1.323630452,2.897300005
ikflow,22,0.5720810294,-1.138928175,1.24824059,-1.600277901,-0.07464840263,1.416016102,2.570208788
ikflow,22,0.6372568607,-0.9261744618,1.372893929,-1.589433432,-0.2510168254,1.388572454,2.749199152
ikflow,22,0.5989923477,-1.080058217,1.277370214,-1.601139903,-0.1281996071,1.410901308,2.631427526
ikflow,22,0.629606843,-0.9532254338,1.359874249,-1.595284581,-0.2477633804,1.404501438,2.696659803
ikflow,22,0.610771656,-1.030984282,1.311255932,-1.60196805,-0.1676808894,1.419840574,2.6591115
ikflow,22,-2.54350543,1.080558896,-1.870911956,-1.593087077,-0.09920279682,1.418904543,2.593892574
ikflow,22,0.6368485093,-0.9156767726,1.373132586,-1.590633035,-0.263055861,1.390733957,2.759604216
ikflow,22,0.6488465071,-0.8835083246,1.390653849,-1.594217181,-0.2911474109,1.386711478,2.784255743
ikflow,22,-2.547567844,1.080823541,-1.860587716,-1.601600766,-0.1092802137,1.422219992,2.595484734
ikflow,22,-2.545371532,1.085330367,-1.862473845,-1.605842829,-0.1126796603,1.426520705,2.611936092
ikflow,22,0.5924904346,-1.077543974,1.286012411,-1.598095417,-0.1369752139,1.406231642,2.612020493
ikflow,22,0.6722813845,-0.6985136867,1.514092922,-1.574181437,-0.4453939497,1.314654112,2.840446949
ikflow,22,0.6205250621,-1.009085059,1.323530078,-1.603316188,-0.1887141317,1.413426518,2.663470984
ikflow,22,0.614269495,-1.006081462,1.329404712,-1.594738603,-0.1986718029,1.39503336,2.678108931
ikflow,22,-2.494966745,0.9628701806,-1.803017974,-1.609715223,-0.2039175034,1.422585964,2.667675972
ikflow,22,0.6509571671,-0.876416564,1.398887396,-1.595093012,-0.3133245111,1.379774809,2.732630014
ikflow,22,0.6603236198,-0.8330138922,1.423727155,-1.590457678,-0.3351815045,1.365494132,2.791489601
ikflow,22,-2.520870924,1.035280466,-1.842904449,-1.600268602,-0.1459721327,1.430150151,2.630545378
ikflow,23,2.545529127,-1.521143556,-2.489129543,-1.059252143,-2.366949081,0.3547720909,-2.453519106
ikflow,23,-0.1394844353,1.416899562,-0.1531767845,-1.000138283,-1.427963853,0.72293365,-2.300350428
ikflow,23,2.680226803,-1.457952857,-2.722720146,-1.019792676,-2.040950537,0.4502392113,-2.348531008
ikflow,23,-0.2431094497,1.4119941,0.03245044872,-0.9989934564,-1.612286329,0.6361938119,-2.296079397
ikflow,23,2.642793417,-1.473683238,-2.655843258,-1.024475694,-2.122077942,0.4215798378,-2.371986151
ikflow,23,0.2154795676,1.594069719,-0.8110026717,-1.048878551,-0.8520027399,1.023207784,-2.425785542
ikflow,23,2.436105967,-1.616602421,-2.304217815,-1.085631013,-2.750187635,0.2797479928,-2.64228034
ikflow,23,-0.3417420685,1.422158003,0.206684038,-1.006009817,-1.791630507,0.5560534,-2.302332401
ikflow,23,0.02333841659,1.468237996,-0.4485592842,-1.012924671,-1.184585094,0.8486261964,-2.342098951
ikflow,23,-0.2101435214,1.418372393,-0.02852609567,-0.9910279512,-1.561335206,0.6579681635,-2.300943375
ikflow,23,-0.05691465735,1.437164664,-0.3012601137,-1.001882792,-1.302944064,0.7870932817,-2.317552328
ikflow,23,-0.05927246064,1.428688884,-0.2920934856,-1.015970111,-1.310834408,0.7917209864,-2.304414272
ikflow,23,-0.1609668434,1.419840217,-0.115540199,-0.9928648472,-1.477120638,0.6955752373,-2.294897556
ikflow,23,-0.1142118499,1.425058007,-0.1985573322,-1.000338912,-1.398725271,0.7368635535,-2.296417475
ikflow,23,-0.1512314677,1.422809601,-0.1359101683,-0.9919340014,-1.457512617,0.7023741603,-2.299520016
ikflow,23,0.08113976568,1.487299323,-0.5484365225,-1.033288121,-1.091000795,0.9094836712,-2.359354019
ikflow,23,0.07675134391,1.492007256,-0.5430487394,-1.021385431,-1.094582319,0.8989451528,-2.355810404
ikflow,23,2.560299158,-1.505733728,-2.519500971,-1.061988711,-2.318246365,0.3663594425,-2.43248415
ikflow,23,-0.1103534997,1.424864888,-0.2038701922,-0.9992733002,-1.394050241,0.7419737577,-2.309846401
ikflow,23,-0.1917011887,1.416645646,-0.06292229146,-0.9970632792,-1.533804536,0.6701688766,-2.298362494
ikflow,23,-0.1169584841,1.423170447,-0.1922979951,-1.000417113,-1.407902718,0.7338196635,-2.300503492
ikflow,23,-0.08528656512,1.429217696,-0.2494389415,-1.000120997,-1.348399997,0.7625243068,-2.296786785
ikflow,23,0.1063198373,1.507928491,-0.5983139873,-1.030381083,-1.055785418,0.9264708757,-2.372761965
ikflow,23,0.305369556,1.700685024,-1.002086997,-1.070003986,-0.6719818711,1.109446168,-2.50316596
ikflow,23,-0.1384402812,1.418393135,-0.1531289369,-0.9986345172,-1.430731893,0.7244572639,-2.295773268
ikflow,23,0.07831536978,1.490756273,-0.5468872786,-1.025444984,-1.085156441,0.903886795,-2.348482847
ikflow,23,0.1223177016,1.519755602,-0.6274302602,-1.030114651,-1.019847989,0.940357089,-2.381955385
ikflow,23,-0.2258908004,1.418856621,-7.764317706e-05,-0.9871714711,-1.58647716,0.6445607543,-2.293948889
ikflow,23,2.550246239,-1.522642851,-2.50189805,-1.059134364,-2.38274312,0.3536231816,-2.466970682
ikflow,23,0.1609795094,1.549994707,-0.7101207376,-1.031746745,-0.9381001592,0.9815243483,-2.397162914
ikflow,23,0.1523423195,1.548215628,-0.6933973432,-1.025154829,-0.9574325681,0.9673581123,-2.403282642
ikflow,23,0.08493795246,1.497492075,-0.5577453971,-1.025210857,-1.085191488,0.9045380354,-2.363907099
ikflow,23,0.08737849444,1.503744841,-0.5710485578,-1.015889287,-1.062740326,0.9111597538,-2.373406649
ikflow,23,-0.05335371941,1.434988499,-0.305003196,-1.007733107,-1.301815271,0.7902264595,-2.312259674
ikflow,23,0.0159068238,1.460442185,-0.429983139,-1.015591621,-1.19800365,0.849080503,-2.333994389
ikflow,23,0.1183128953,1.526227832,-0.6302016377,-1.018291593,-1.020880103,0.9364432096,-2.382861137
ikflow,23,-0.2020225376,1.412441492,-0.04124302045,-0.995190084,-1.538566828,0.6699821353,-2.289417982
ikflow,23,-0.1164262742,1.426191568,-0.1955073178,-0.9956447482,-1.398047328,0.7407948971,-2.306005239
ikflow,23,0.2084172964,1.598344922,-0.809433043,-1.033205032,-0.8525983691,1.016765237,-2.436597347
ikflow,23,0.2613768876,1.644051075,-0.905608654,-1.055642843,-0.7635933161,1.066319704,-2.466350317
ikflow,23,0.2512547672,1.632211566,-0.8873366714,-1.057506084,-0.7836663723,1.061457872,-2.460354805
ikflow,23,2.614579678,-1.483979344,-2.606477499,-1.037347198,-2.182428598,0.4053572118,-2.383312702
ikflow,23,0.3140758872,1.725981474,-1.037142634,-1.06063807,-0.6415745616,1.11515677,-2.525779247
ikflow,23,-0.3003057539,1.428343415,0.1342546791,-0.9855552912,-1.731389642,0.5774404407,-2.311722517
ikflow,23,0.3109496236,1.720372319,-1.030264497,-1.06303072,-0.6532776952,1.115638852,-2.525165796
ikflow,23,-0.1084990278,1.425756216,-0.2102549076,-0.9970255494,-1.389496207,0.745059371,-2.304544687
ikflow,23,-0.5441002846,1.503354073,0.5671411753,-1.032227635,-2.265446424,0.3815898895,-2.420163155
ikflow,23,2.67499876,-1.46159935,-2.709937811,-1.010700345,-2.041798353,0.4537675381,-2.348882675
ikflow,23,-0.2161105722,1.413698077,-0.01597127691,-0.9967753887,-1.574011445,0.6514821053,-2.293542624
ikflow,23,0.2190717161,1.609963059,-0.8302273154,-1.035593271,-0.8327879906,1.026653528,-2.448134422
ikflow,24,-0.2435584962,-1.083358288,-0.01884790324,-0.4326057434,2.514110327,0.9360411763,-2.257145166
ikflow,24,2.731616735,0.6560366154,0.5638492703,-0.3663609624,-1.004862905,1.192282796,-2.053506136
ikflow,24,-0.4753963351,-0.9749949574,-0.8047056198,-0.4052993059,-2.735618114,0.9324879646,-2.078424692
ikflow,24,2.593838692,0.8512595892,1.767593265,-0.3838804364,-2.107941866,1.012952685,-2.017295599
ikflow,24,2.60529542,0.6883119345,1.012928486,-0.4186757505,-1.346182227,1.144350052,-2.003898382
ikflow,24,2.557163239,0.8025243282,1.569449782,-0.4237861335,-1.877037883,1.039583683,-1.987349749
ikflow,24,-0.5488861799,-0.8991969228,-1.1653862,-0.4111779332,-2.320863962,0.9804131985,-2.021712303
ikflow,24,2.591208458,0.8547593355,1.776528835,-0.4001357555,-2.131000996,1.009886265,-2.022167921
ikflow,24,2.582346678,0.8337664604,1.689381719,-0.4024342299,-2.030381441,1.014838934,-2.010802984
ikflow,24,2.562305689,0.7155032158,1.206167459,-0.4408630431,-1.495862603,1.103645205,-1.98849535
ikflow,24,-0.4519461393,-0.9374475479,-0.8992810845,-0.3368598223,-2.668600798,0.9714635015,-2.086895466
ikflow,24,2.645423174,0.6991428733,0.9721787572,-0.3836323023,-1.349466801,1.131186724,-2.013789415
ikflow,24,-0.54014498,-0.9023267627,-1.136761546,-0.3934467435,-2.331407785,0.9765689373,-2.02666235
ikflow,24,2.671435356,0.6440275311,0.7147632837,-0.4139920771,-1.093278766,1.181891799,-2.018199682
ikflow,24,2.578231812,0.8078150153,1.565264583,-0.4015736282,-1.878196836,1.043768048,-2.001272917
ikflow,24,2.57570672,0.7078220844,1.155211449,-0.435357511,-1.476549864,1.109108567,-1.98237586
ikflow,24,-0.5323945284,-0.7735655308,-1.747679949,-0.3602092862,-1.728850365,1.087380171,-2.020448208
ikflow,24,2.753850698,0.6376065612,0.4684079587,-0.3826766014,-0.9257267118,1.204894423,-2.04064393
ikflow,24,2.572436094,0.7326534986,1.262982011,-0.4219925404,-1.571348429,1.089101315,-1.984478474
ikflow,24,-0.5520793796,-0.8675857782,-1.274816155,-0.3911321759,-2.167015553,1.009534717,-2.002341747
ikflow,24,2.654559851,0.68210572,0.8808803558,-0.3821803033,-1.264329553,1.148960471,-2.018488646
ikflow,24,-0.5693866014,-0.8640281558,-1.297931314,-0.4158309996,-2.137541056,0.998038888,-2.000330925
ikflow,24,-0.5433797836,-0.9020414948,-1.12733078,-0.4016967118,-2.334802151,0.9813053608,-2.020366669
ikflow,24,2.553647041,0.7077905536,1.20408535,-0.453790158,-1.484003425,1.11273551,-1.982208848
ikflow,24,-0.5210736394,-0.7825998068,-1.715047598,-0.344050765,-1.764582157,1.066040277,-2.016613722
ikflow,24,-0.4525907934,-1.017801404,-0.6262079477,-0.4432045817,-2.897300005,0.9052859545,-2.126106501
ikflow,24,2.783044577,0.6340761185,0.3691055477,-0.3756288588,-0.8610724211,1.217225313,-2.049198866
ikflow,24,-0.5177224278,-0.8426001072,-1.394576907,-0.3372918665,-2.092811108,1.040008187,-2.030039072
ikflow,24,-0.5293334723,-0.9210429788,-1.042508245,-0.4059153795,-2.426564455,0.9733692408,-2.026866913
ikflow,24,2.654931545,0.625539422,0.7216132283,-0.4522516429,-1.094295502,1.191308498,-2.007614136
ikflow,24,2.784968138,0.5473673344,0.2347979099,-0.5198588967,-0.7138501406,1.277351499,-2.033390999
ikflow,24,-0.53188622,-0.9465454221,-0.9642887712,-0.4385103285,-2.508084774,0.9407846332,-2.040245533
ikflow,24,2.689165354,0.8810451627,1.915718555,-0.2989298999,-2.41260004,1.006850481,-2.074076653
ikflow,24,-0.5351259112,-0.8740346432,-1.239129066,-0.3762027323,-2.227518082,0.9999096394,-2.020564318
ikflow,24,-0.5526431203,-0.912222147,-1.096797109,-0.4239282012,-2.369817495,0.9641364217,-2.024332523
ikflow,24,-0.2206812501,-1.010914207,0.06584160775,-0.3035645783,2.441949844,0.9964709878,-2.234014034
ikflow,24,2.554395914,0.7305405736,1.274997473,-0.4533272982,-1.563660622,1.095004916,-1.97809577
ikflow,24,2.753958464,0.5879113078,0.3658036888,-0.4589740932,-0.8271253109,1.241930485,-2.032512665
ikflow,24,-0.5271043777,-0.8933039904,-1.155662298,-0.3771884143,-2.334294319,0.9842896461,-2.025368929
ikflow,24,-0.5461175442,-0.8286531568,-1.449963689,-0.3666921258,-1.999813437,1.037952781,-2.005223751
ikflow,24,-0.4790976346,-0.9161698818,-1.005730629,-0.3435820639,-2.51833272,0.9871416092,-2.05787158
ikflow,24,-0.5605714321,-0.8973362446,-1.156521678,-0.4215987027,-2.299889088,0.9690845013,-2.00595808
ikflow,24,-0.4471101761,-0.9602817893,-0.7703251243,-0.3599387407,-2.760231972,0.9523630738,-2.1009655
ikflow,24,-0.4682676494,-0.9242036343,-0.9693516493,-0.3441630304,-2.574247122,0.9698297381,-2.080948591
ikflow,24,-0.2551675439,-1.054627299,-0.06718950719,-0.3746779561,2.537580013,0.9498593211,-2.239849091
ikflow,24,-0.1911363006,-0.9852902889,0.2531388402,-0.2678542733,2.214400053,1.027545094,-2.241696358
ikflow,24,-0.5857037306,-0.8005783558,-1.553011775,-0.4144916236,-1.844986916,1.049219251,-1.982319474
ikflow,24,2.595146418,0.6839067936,1.045819044,-0.4302128553,-1.355283141,1.139849663,-1.982919812
ikflow,24,-0.5186798573,-0.770749867,-1.768155694,-0.343721807,-1.706715226,1.081328511,-2.010266304
ikflow,24,-0.5736609697,-0.9329143167,-1.041214108,-0.4734729528,-2.409438848,0.933549583,-2.013836384
ikflow,25,2.201082706,-0.7288960814,0.8680678606,-0.7226067185,0.09337574989,1.973136544,-1.836748004
ikflow,25,-0.7819216847,0.2885482907,-1.28816247,-0.6520913839,-1.143326283,1.77607739,-1.576518297
ikflow,25,-1.624033809,0.1752943546,0.1396845728,-0.6193845272,-1.753903747,1.590651393,-1.569613218
ikflow,25,1.485163927,-0.9192189574,-0.1761702299,-0.6454924345,1.728090405,1.599171877,-2.080408812
ikflow,25,2.423848391,-0.3535039723,1.61985302,-0.6732423306,-0.9710475206,1.822848558,-1.592740655
ikflow,25,-1.682523847,0.1825239807,0.2317483574,-0.6121672988,-1.796518445,1.575957656,-1.572986364
ikflow,25,-2.107481241,0.7378941774,2.260907888,-0.6930198669,2.724952459,1.353245974,-1.927067161
ikflow,25,1.81198442,-0.9070330262,0.3302463293,-0.6646656394,0.9797431231,1.816726565,-2.033181667
ikflow,25,-2.370776415,0.4024308026,1.648866653,-0.7010931373,-2.59027338,1.374970913,-1.670225382
ikflow,25,1.241923094,-0.8635436893,-0.5373997688,-0.6816093922,2.255357504,1.456413627,-2.040041924
ikflow,25,1.831026196,-0.561216116,1.307079315,-0.2199481726,-0.04154734313,1.745893121,-1.818535447
ikflow,25,2.425044298,-0.4304011464,1.4247334,-0.6838848591,-0.7540949583,1.876719475,-1.625377536
ikflow,25,0.8005168438,-0.5297955275,-1.232084394,-0.7326852679,-2.897300005,1.323441386,-1.756194115
ikflow,25,-2.349312782,0.4628711939,1.771172881,-0.7040933371,-2.73778677,1.353585482,-1.703369379
ikflow,25,-1.931723356,0.1888348311,0.5996031761,-0.6359071732,-1.92694068,1.546277285,-1.574433684
ikflow,25,1.753935695,-0.4432933629,2.416377783,-0.2129052728,-1.126500487,1.693137407,-1.740067244
ikflow,25,1.295710683,-0.8745141029,-0.4662834108,-0.6617423892,2.149918795,1.485498786,-2.054268837
ikflow,25,1.837972879,-0.5557560325,1.341018081,-0.2239568233,-0.07855127007,1.746794343,-1.81352675
ikflow,25,2.203573704,-0.2069606185,2.245836735,-0.6557578444,-1.399119496,1.703938842,-1.553423047
ikflow,25,-0.7905840874,0.2970197499,-1.300519228,-0.6452009678,-1.124097705,1.780512571,-1.579362392
ikflow,25,0.79103899,-0.4169147015,-1.47871387,-0.6938549876,-2.630502224,1.366955876,-1.672323585
ikflow,25,-2.259335279,0.2819036841,1.235598922,-0.6525915861,-2.253767729,1.453142643,-1.61232543
ikflow,25,-0.7762367129,0.2678564489,-1.241093874,-0.6666458249,-1.211291432,1.762311101,-1.560167193
ikflow,25,2.366182089,-0.5548095107,1.17728591,-0.7055702806,-0.4178135395,1.946054578,-1.70722115
ikflow,25,1.128316283,-0.8013271689,-0.7106022835,-0.6897307038,2.540277243,1.391121507,-1.98237586
ikflow,25,-0.7216544151,0.4400361478,-1.738910079,-0.6861678362,-0.7169062495,1.888826132,-1.638219595
ikflow,25,-0.7714911103,0.2819232643,-1.28145504,-0.6590463519,-1.161172748,1.772496581,-1.567199945
ikflow,25,1.851770043,-0.5484820008,1.399633408,-0.2349510342,-0.153583169,1.744842052,-1.80497551
ikflow,25,-2.334600687,0.4693652689,1.764326453,-0.6965606213,-2.773725271,1.349302292,-1.715480924
ikflow,25,-0.7056338191,0.3407379687,-1.507056713,-0.6784889102,-0.9958121181,1.824580669,-1.594198585
ikflow,25,1.42673111,-0.903783679,-0.2730005085,-0.6394652724,1.8560673,1.564196229,-2.077196836
ikflow,25,-0.7965345979,0.3075612485,-1.315864325,-0.6392437816,-1.104836345,1.776888728,-1.58499229
ikflow,25,0.8075352311,-0.5007897019,-1.301101446,-0.7093805671,-2.847518444,1.337212086,-1.727835417
ikflow,25,2.223244667,-0.2013468593,2.230264425,-0.6648247838,-1.4085536,1.703356385,-1.554948092
ikflow,25,2.41706419,-0.4972190261,1.272665381,-0.7115924358,-0.5754704475,1.924936652,-1.661208272
ikflow,25,-1.839137912,0.1923100352,0.4728242755,-0.6157492995,-1.892279983,1.552718163,-1.582040429
ikflow,25,2.341055155,-0.2358532399,2.005408287,-0.6745402217,-1.293573737,1.738911629,-1.551892161
ikflow,25,2.358925104,-0.2850466669,1.864679575,-0.6543341279,-1.15558064,1.774087787,-1.575567126
ikflow,25,2.35991168,-0.5542836785,1.179933906,-0.6995139122,-0.4176341891,1.937881351,-1.70649755
ikflow,25,-2.321209669,0.5082621574,1.850342393,-0.7045179009,-2.860496283,1.339033604,-1.740774751
ikflow,25,-1.75619936,0.5876405835,1.985530376,-0.2245870382,2.777022123,1.553153038,-1.874219298
ikflow,25,1.886561632,-0.874243021,0.4448944032,-0.6597118378,0.8293970823,1.849618793,-2.019645691
ikflow,25,-0.6976029277,0.3607927859,-1.559832931,-0.6829395294,-0.9489013553,1.834122181,-1.595911026
ikflow,25,-0.7054327726,0.3162876964,-1.441161871,-0.6818788052,-1.075219631,1.803522587,-1.572962165
ikflow,25,2.208992004,-0.7444807887,0.8457323313,-0.7487555742,0.1140553132,1.985213995,-1.849600077
ikflow,25,-0.7483699918,0.3951244354,-1.593050957,-0.6550569534,-0.8570604324,1.837774873,-1.617320538
ikflow,25,2.237351894,-0.7125871778,0.8988302946,-0.7385277152,0.01501283981,1.985946059,-1.821933866
ikflow,25,1.272285342,-0.161969468,-2.662490606,-0.6641430855,-1.862749457,1.555381179,-1.555354953
ikflow,25,-1.666872382,0.1689405441,0.1998607814,-0.6309784651,-1.778485537,1.58859396,-1.562422276
ikflow,25,1.66191268,-0.6733391285,0.2563692927,-0.2255855352,1.151826262,1.682271838,-1.903846502
ikflow,26,-2.808900595,-0.2282613963,2.897300005,-2.882810593,0.1106573939,2.470293045,-0.8859168887
ikflow,26,-1.714860678,1.355145216,1.196109891,-2.752187014,-1.309358954,1.534817815,0.08926995844
ikflow,26,-1.675171494,1.242991686,1.18868041,-2.759999514,-1.252081513,1.647200584,0.07256222516
ikflow,26,-1.624573112,1.131807923,1.181526303,-2.762688398,-1.200295806,1.743067145,0.03258975968
ikflow,26,-1.712998271,1.348641038,1.194416046,-2.748747349,-1.294598222,1.550055146,0.103464514
ikflow,26,-1.602258086,1.081605554,1.172962308,-2.770726442,-1.174331665,1.787338495,0.02551506273
ikflow,26,-1.33403194,0.6383944154,1.062386394,-2.80927825,-0.8597757816,2.163806438,-0.1657780856
ikflow,26,-0.2971365154,0.2383722067,0.2903338373,-2.8738873,-0.1207082644,2.459051609,-0.7053730488
ikflow,26,-1.608831286,1.118579745,1.175369382,-2.762816191,-1.192077041,1.753865123,0.04196873307
ikflow,26,-2.617002726,-0.2376153469,2.740084887,-2.8820889,0.1523275375,2.470765591,-0.9135612845
ikflow,26,-1.291847706,-1.445766449,1.948072791,-2.747083426,1.327273607,1.454578996,-1.734121442
ikflow,26,2.113850355,-0.4023163319,-2.271171331,-2.846175909,-0.6038856506,2.351016283,-0.3529609144
ikflow,26,-1.47287786,0.8520088792,1.12792933,-2.783221245,-1.024377584,1.99035275,-0.06094934791
ikflow,26,-0.1202086881,0.2327211201,0.14350003,-2.875961542,-0.04849500954,2.461428881,-0.7660447359
ikflow,26,-2.696689606,-0.2402245849,2.808291674,-2.883994341,0.1378342211,2.471523523,-0.8972802758
ikflow,26,-0.822984755,0.3298837841,0.7145552635,-2.861438274,-0.4248256683,2.411213636,-0.4941850901
ikflow,26,-1.748948812,1.426809907,1.193862438,-2.747465611,-1.344172716,1.464990139,0.1148384884
ikflow,26,-1.404821038,0.7546021342,1.094842315,-2.789874077,-0.9660722613,2.065584421,-0.102693364
ikflow,26,-2.812443018,-0.2255982459,2.897300005,-2.887644768,0.1097761989,2.472092152,-0.8941824436
ikflow,26,1.376694083,0.5980681777,-1.026963353,-2.815235853,0.8017235398,2.214044571,-1.385077
ikflow,26,-1.673896551,1.265057564,1.182502508,-2.751013279,-1.26279211,1.616803408,0.08035970479
ikflow,26,-1.795671463,1.540045857,1.19948113,-2.748116255,-1.375854969,1.368480325,0.1385689676
ikflow,26,-2.65595603,-0.2422679812,2.762780905,-2.87816,0.1434271932,2.455858469,-0.9199069142
ikflow,26,-1.197645426,0.5227239728,0.9795938134,-2.822351217,-0.7287932634,2.259438038,-0.25440979
ikflow,26,-1.597178936,1.077014923,1.175718904,-2.763690472,-1.168337464,1.793237329,0.03199516237
ikflow,26,-1.620493531,1.159397006,1.175960541,-2.754832506,-1.200042486,1.714835167,0.0589745082
ikflow,26,-1.537496805,0.9469408989,1.161292315,-2.775480747,-1.096569419,1.897108912,-0.011730914
ikflow,26,1.843185425,1.514970779,-1.198612809,-2.730712414,1.371050119,1.35925138,-1.704677582
ikflow,26,1.384324312,0.6017610431,-1.03170979,-2.819746256,0.8298954964,2.196522474,-1.390773535
ikflow,26,-0.07028066367,0.2311701924,0.1036802158,-2.877095461,-0.02818371914,2.461887598,-0.7735355496
ikflow,26,-1.26013279,0.5740225911,1.020735145,-2.822434664,-0.8161559701,2.220434427,-0.2151124924
ikflow,26,-2.561064005,-0.2471370548,2.683339834,-2.880360126,0.1872232556,2.450359344,-0.9517843723
ikflow,26,-0.06796608865,0.2320401818,0.09875391424,-2.87844348,-0.03750750795,2.46594286,-0.7735205293
ikflow,26,-1.679744959,1.260473013,1.185315251,-2.761713028,-1.268064857,1.635188818,0.07926741242
ikflow,26,-2.678454638,-0.2433224469,2.790369272,-2.883850098,0.1514439583,2.469585896,-0.9172292352
ikflow,26,-1.614841342,1.129165053,1.177375793,-2.761190653,-1.188182712,1.752969742,0.0536275357
ikflow,26,2.264776707,-0.340377301,-2.377614975,-2.859899044,-0.474804014,2.396688223,-0.4530279636
ikflow,26,-1.771027923,1.497770071,1.194902778,-2.746402502,-1.362843513,1.418233037,0.1346014291
ikflow,26,-1.639261246,1.189461708,1.183378935,-2.7567451,-1.227659941,1.697396994,0.06964927912
ikflow,26,0.1529325247,0.2310637981,-0.0842853263,-2.876704693,0.04552001134,2.459239483,-0.8224743009
ikflow,26,-0.1935879886,0.2365271598,0.2068503201,-2.872928619,-0.07551526278,2.464595318,-0.7404279709
ikflow,26,2.047564745,-0.4368996322,-2.224690914,-2.838718176,-0.6452212334,2.325041771,-0.3286473453
ikflow,26,-1.657158494,1.206868172,1.178529143,-2.757638454,-1.221224546,1.668818593,0.07168572396
ikflow,26,1.261636257,0.5045465231,-0.950854063,-2.829539776,0.7247046828,2.293662786,-1.305298686
ikflow,26,-1.321123719,0.6207178831,1.058281422,-2.817447901,-0.8493566513,2.190730333,-0.1714330763
ikflow,26,-1.59477675,1.058477044,1.17094481,-2.764790058,-1.158631921,1.81380868,0.02744364738
ikflow,26,1.486533046,0.7386249304,-1.078385592,-2.795559406,0.9331713319,2.09403801,-1.460879564
ikflow,26,1.856113911,1.516283035,-1.195299745,-2.742900372,1.389839888,1.357426882,-1.716700792
ikflow,26,-2.639444351,-0.2473458052,2.761729717,-2.878671646,0.1833848357,2.449047565,-0.9370849133
ikflow,26,1.23357594,0.4735764265,-0.9429539442,-2.836444139,0.6665144563,2.315108061,-1.269287705
ikflow,27,2.445144892,-1.332935452,-0.1950255185,-2.407036304,2.646842718,0.9518671632,-0.6188610792
ikflow,27,1.568626881,-1.263059139,0.03954922408,-2.402957916,-2.611056566,0.9674562812,0.1439377517
ikflow,27,-1.646574497,-1.522158623,0.1502061486,-2.328322649,1.134953976,2.68828392,-1.052757502
ikflow,27,2.443162918,-1.332568645,-0.1971448064,-2.404504538,2.636043787,0.9548639655,-0.6265109181
ikflow,27,-2.181924582,-1.561250448,0.019572841,-2.294435978,1.545516014,2.228790045,-1.170822024
ikflow,27,-2.571363449,-1.547879815,-0.09097643942,-2.300265551,1.749011755,1.878911614,-1.155467391
ikflow,27,-1.43333292,-1.49563992,0.167567417,-2.368965864,0.8204125762,2.846115589,-0.8542595506
ikflow,27,-0.6597610116,-1.438067436,-0.0008217861759,-2.32901597,-1.123353124,2.706686497,0.5394098759
ikflow,27,1.652712464,-1.264015555,0.0175277777,-2.41400528,-2.708010674,0.9349641204,0.07736904919
ikflow,27,-1.190315127,-1.473156571,0.1065327078,-2.427401066,0.1425804049,2.969485044,-0.3613240421
ikflow,27,-0.7409143448,-1.441710234,-0.004793610889,-2.342823744,-1.025963545,2.767747164,0.4853340387
ikflow,27,0.3868605494,-1.367410421,0.1229501814,-2.306331158,-1.81295073,1.792125344,0.6366685033
ikflow,27,-1.33142221,-1.485544086,0.1577742249,-2.39769578,0.5852222443,2.913609505,-0.6854351163
ikflow,27,-1.671904325,-1.523010015,0.1464073211,-2.322077751,1.171585679,2.66664362,-1.072804093
ikflow,27,-0.8291326165,-1.445003867,-0.005832229741,-2.361718655,-0.8960269094,2.83189559,0.4081133902
ikflow,27,-0.761280179,-1.443548679,-0.005904693156,-2.345827341,-1.007763743,2.780045271,0.4705168009
ikflow,27,-1.302502394,-1.482778788,0.154142037,-2.402409315,0.540088892,2.929515839,-0.6642486453
ikflow,27,-1.640688419,-1.519518375,0.1508042216,-2.327942371,1.130962729,2.689743757,-1.048284173
ikflow,27,-0.9389045238,-1.449360013,0.005096450914,-2.386476994,-0.675377965,2.903010845,0.2503183186
ikflow,27,0.6525017619,-1.339284778,0.1333047301,-2.318998337,-1.940383673,1.584038258,0.5816486478
ikflow,27,-2.734847546,-1.53026557,-0.1317860186,-2.307834625,1.83547771,1.736602545,-1.134029984
ikflow,27,-0.8062070608,-1.444769979,-0.005660694558,-2.356768131,-0.9333501458,2.816394567,0.4281547666
ikflow,27,-0.9783872366,-1.453623772,0.01031366456,-2.398204803,-0.5969669223,2.932740927,0.2015169114
ikflow,27,2.727310896,-1.387144923,-0.2234329134,-2.378493786,2.377400875,1.111428618,-0.8113111854
ikflow,27,-1.880356669,-1.543297648,0.1015491933,-2.302886009,1.358803988,2.497671366,-1.138698816
ikflow,27,-1.01589179,-1.455829501,0.02798509225,-2.411839485,-0.4345128536,2.95477438,0.06908626854
ikflow,27,-1.892411232,-1.545665622,0.09783446789,-2.303486824,1.359538555,2.479439497,-1.137501955
ikflow,27,1.532095075,-1.265742421,0.05000489578,-2.401676416,-2.573402643,0.9884771109,0.1728306115
ikflow,27,-2.10180521,-1.558045387,0.04300682247,-2.294971466,1.508510709,2.301215172,-1.178180456
ikflow,27,-2.271156311,-1.56057322,-0.006687490735,-2.29245472,1.594415069,2.14692235,-1.174751639
ikflow,27,-1.936448693,-1.550256729,0.08651547134,-2.301502943,1.403177142,2.439320326,-1.163565993
ikflow,27,-1.997046947,-1.555006027,0.07092685252,-2.298031569,1.441008329,2.391741276,-1.168084383
ikflow,27,-1.411103249,-1.494412422,0.1687908471,-2.377096176,0.7812646031,2.875756741,-0.8326615095
ikflow,27,-1.54151392,-1.505928516,0.1658058614,-2.343977213,1.000445962,2.775516748,-0.9773308039
ikflow,27,-1.033841372,-1.457155824,0.03288912773,-2.414497614,-0.4051963985,2.95663166,0.05377888307
ikflow,27,-0.7931676507,-1.445679307,-0.006771486718,-2.35406065,-0.9457909465,2.804821253,0.4343353808
ikflow,27,-1.256011248,-1.479796171,0.1383061111,-2.417350292,0.3853644431,2.956210136,-0.5425246358
ikflow,27,-1.70807445,-1.526679397,0.1405059248,-2.317198277,1.204450488,2.640551567,-1.083691478
ikflow,27,-1.255650997,-1.477491498,0.1357331127,-2.4169662,0.3691573143,2.948896646,-0.5284775496
ikflow,27,2.740487576,-1.38853991,-0.225584954,-2.372106791,2.355196238,1.121615291,-0.8259823918
ikflow,27,-2.187571526,-1.563328385,0.0195532348,-2.295347929,1.54643321,2.226445675,-1.171622634
ikflow,27,-1.135447621,-1.466759801,0.08009006828,-2.431047201,-0.0514350757,2.976069927,-0.2111829817
ikflow,27,1.651826859,-1.268030524,0.01758501679,-2.41691637,-2.70540452,0.9407610297,0.08110090345
ikflow,27,-2.897300005,-1.511500597,-0.1627272516,-2.31916523,1.928790808,1.606376171,-1.10212779
ikflow,27,-1.570151091,-1.51075685,0.1607067883,-2.337958097,1.035336018,2.75154686,-0.9952981472
ikflow,27,-0.608243227,-1.435749173,0.003242919687,-2.321527243,-1.171053648,2.669366837,0.5627560019
ikflow,27,-2.193262815,-1.565470934,0.01714006811,-2.29711628,1.548932076,2.223126888,-1.172086239
ikflow,27,-0.8887796998,-1.445784092,-0.002670659684,-2.37263155,-0.8077513576,2.87144208,0.3488771617
ikflow,27,2.416431427,-1.326943994,-0.1897166371,-2.406978369,2.680886745,0.9400057197,-0.5988952518
ikflow,27,-2.096206188,-1.559018612,0.04339085519,-2.297786951,1.49807024,2.304947615,-1.177896976
ikflow,28,0.1294916868,0.1440718919,2.201007128,-1.788889527,1.890849948,3.01133585,-1.127929807
ikflow,28,1.015608549,-0.2341411561,1.094295144,-1.84814918,1.964000463,2.723943233,-0.910161972
ikflow,28,-2.419710875,-0.6341760755,-1.243623495,-1.981670856,0.6699053645,3.465256453,-0.3560330868
ikflow,28,0.3994630575,0.2160771042,1.990280509,-1.768516541,1.872017145,3.089336395,-1.181751132
ikflow,28,-2.360608816,-0.6466650963,-1.211938977,-1.84563756,1.207487345,3.477162838,-0.9018955231
ikflow,28,0.851146102,1.273286819,1.948912501,-1.860023856,-1.99206388,2.655586004,1.681629896
ikflow,28,-2.531019449,-0.4995249212,-1.345643282,-2.049233198,0.002470424166,3.406908989,0.396948874
ikflow,28,2.269467115,-0.08311376721,-0.01608623937,-1.807384372,1.914793134,2.920533895,-1.051842809
ikflow,28,0.3983603716,-1.084171772,1.132509351,-1.958920479,2.352499962,2.063641548,-0.4513780177
ikflow,28,1.139645338,-0.1843547374,1.007733703,-1.838009715,1.950742841,2.780203104,-0.9473851323
ikflow,28,1.003195167,-0.2338237315,1.108171582,-1.84468925,1.967785001,2.732626438,-0.9175679684
ikflow,28,-1.962717652,-0.1285112202,-2.332525969,-1.790334821,-1.238936901,3.652341843,1.936702371
ikflow,28,0.7956873178,1.117321134,1.874340415,-1.840125442,-1.918032765,2.789204359,1.754167914
ikflow,28,0.5993430614,0.4537484944,1.709946036,-2.030692816,-0.3825576305,3.409823656,0.8006142378
ikflow,28,-2.532170534,-0.4913829267,-1.35081768,-2.048421621,-0.0002167718194,3.411900759,0.4105995595
ikflow,28,-2.496111393,-0.3709453344,-1.288548112,-1.693767071,2.022434235,3.219722748,-1.476431251
ikflow,28,0.3638190925,0.20249632,2.014856339,-1.771888137,1.888002038,3.074151278,-1.190761209
ikflow,28,0.3468702734,0.1940253675,2.026865005,-1.775366187,1.865778804,3.07190752,-1.16232729
ikflow,28,-2.641827822,0.8761259913,-1.959869504,-1.932911396,2.237534761,2.211843252,-0.5611503124
ikflow,28,0.2723681331,0.1741624177,2.086568832,-1.78278482,1.868712306,3.053717613,-1.138588786
ikflow,28,-2.500715494,0.6145875454,-1.922292829,-1.899723172,2.110293388,2.419797421,-0.7067624331
ikflow,28,-1.591989994,-0.08794622868,-2.736577988,-1.795363307,-1.208428144,3.666188955,1.955289125
ikflow,28,0.5952368975,0.4577318132,1.776323438,-2.046955347,-0.06593475491,3.414195299,0.505936861
ikflow,28,-2.49957633,-0.5420039892,-1.287220359,-2.034177303,0.3379410207,3.424080133,0.04448946938
ikflow,28,-1.617530823,0.1115900427,-2.462566853,-1.820432186,1.927474737,2.85029912,-0.997919023
ikflow,28,-2.463929415,-0.4069159329,-1.290007591,-1.686013818,1.996668339,3.254229069,-1.491697192
ikflow,28,0.76960361,-0.4247381091,1.213303089,-1.875125527,2.030729055,2.564557314,-0.8108489513
ikflow,28,-2.380629301,-0.4516146183,-1.647369385,-1.598768115,-2.255186558,3.324267149,2.672867775
ikflow,28,2.180927753,-0.08491425216,0.06779076159,-1.81189847,1.89750433,2.911746979,-1.026942372
ikflow,28,0.6081244946,0.4200649858,1.644134521,-1.996290326,-0.6214034557,3.425913572,1.048700452
ikflow,28,-2.550750256,0.7055638433,-1.93331027,-1.912587523,2.142323494,2.338747501,-0.6524837613
ikflow,28,0.614746511,0.4117895067,1.636083722,-1.994821072,-0.603646636,3.428964853,1.044605136
ikflow,28,-2.405286789,-0.870226264,-1.384073019,-1.792716384,-1.882892609,2.988957167,1.920234799
ikflow,28,0.7491445541,0.5037008524,1.524937391,-1.631860614,-2.147263288,3.307682514,2.52229929
ikflow,28,1.947602749,-0.08883846551,0.2884555757,-1.816156745,1.904483914,2.891905069,-1.016211748
ikflow,28,-2.424423218,-0.6088927984,-1.230008364,-1.953572392,0.8165619969,3.451346874,-0.4769606888
ikflow,28,2.742642164,-0.0952770859,-0.4633138776,-1.805790305,1.905650735,2.947485209,-1.075436592
ikflow,28,2.550867319,-0.08691349626,-0.2840367854,-1.807425022,1.906623721,2.93379426,-1.059117556
ikflow,28,0.7596193552,0.4877123535,1.522948027,-1.594833255,-2.302555799,3.310168743,2.682630301
ikflow,28,-2.433246136,-0.6560610533,-1.498295426,-1.739032388,-1.895143628,3.170107126,2.111653328
ikflow,28,0.6606908441,0.5461658239,1.888492584,-2.000885248,0.6013873219,3.423261166,-0.2035601437
ikflow,28,1.01144278,-0.2333549261,1.098251104,-1.84772861,1.971909046,2.719869137,-0.914593935
ikflow,28,0.09769591689,0.1330351233,2.228513241,-1.78906405,1.873074055,3.009013414,-1.105597377
ikflow,28,1.536583543,-0.1087728888,0.6673377752,-1.818842173,1.938189864,2.850311041,-1.007478952
ikflow,28,-2.528611183,-0.494895637,-1.332021356,-2.047422647,0.1012543961,3.4076159,0.3038634062
ikflow,28,0.9653378725,-0.2609659433,1.127167106,-1.851150274,1.970909834,2.700630665,-0.8948483467
ikflow,28,0.1270208955,0.1446851194,2.206807613,-1.791584969,1.877215743,3.016831875,-1.120278835
ikflow,28,-2.53657198,-0.3471323252,-1.263690114,-1.717631698,1.966103554,3.200957775,-1.397946596
ikflow,28,0.5972648859,0.4364331961,1.695970297,-2.024173021,-0.432738483,3.417745352,0.857562542
ikflow,28,-2.540835381,-0.4652746022,-1.388323426,-2.045591593,-0.173680082,3.411255836,0.5893947482
ikflow,29,-0.1923283637,1.30749011,2.692529678,-1.686166286,-0.207741335,3.647462368,1.767850518
ikflow,29,0.8125857115,-0.470777005,-0.2879449427,-1.658025384,2.764486551,2.260008812,0.8565846682
ikflow,29,-1.767306209,-1.272560716,0.5767561793,-1.633880138,-2.701950312,2.345908165,2.36583209
ikflow,29,-0.7947312593,1.102765441,2.537957668,-1.47859633,2.515590429,2.810351849,-0.2754382789
ikflow,29,1.844139695,-0.8128484488,-0.6811336279,-1.576444387,2.550490618,2.546271801,0.2599495947
ikflow,29,0.9146218896,-0.4855442643,-0.3472787142,-1.656717062,2.759831905,2.26785779,0.8205652833
ikflow,29,0.01341794711,1.44435358,2.842743397,-1.35611856,-2.727840662,3.026440144,-2.264306307
ikflow,29,1.493312478,-0.6417988539,-0.6169739366,-1.616087079,2.63080287,2.402659655,0.5204521418
ikflow,29,1.711238027,1.054967642,-2.458087444,-1.672790647,-2.836428404,2.216287374,2.028933764
ikflow,29,2.070749998,-0.9446003437,-0.6702279449,-1.540141702,2.506982803,2.657904863,0.05385488644
ikflow,29,-1.784678817,0.5912233591,2.572270393,-1.627026081,2.662230492,2.361517191,0.603865087
ikflow,29,-0.2961159647,1.331201196,2.742795944,-1.342968225,2.816009045,3.037900686,-1.14226532
ikflow,29,2.420339823,-1.141428113,-0.5789825916,-1.45804286,2.542013645,2.844034672,-0.3824978173
ikflow,29,2.101459503,-0.9591622353,-0.6656337976,-1.531133652,2.509456158,2.674062252,0.02092744596
ikflow,29,0.8812294006,-0.4783729613,-0.3298945129,-1.654233575,2.760858774,2.264039755,0.8316214085
ikflow,29,2.323815346,-1.089908242,-0.6147130132,-1.484791756,2.529957056,2.784177065,-0.2351062298
ikflow,29,1.992354631,-0.898479104,-0.6778351068,-1.553838968,2.528534889,2.616337538,0.1302128732
ikflow,29,-1.063355207,0.9446781874,2.471459627,-1.534817815,2.503139973,2.657766104,0.04848247021
ikflow,29,-0.01997811347,1.427107096,2.814011574,-1.339249969,-2.7156744,3.053689957,-2.246950626
ikflow,29,-1.46256578,0.7235389352,2.477018833,-1.593997717,2.578144073,2.472431183,0.3936939538
ikflow,29,-0.1718386263,1.358722568,2.806711435,-1.292327642,2.897300005,3.111996889,-1.392763376
ikflow,29,1.948367238,-0.8713145852,-0.6821941733,-1.559709907,2.533806801,2.587712288,0.1678926945
ikflow,29,-0.2587418258,1.335042477,2.753386974,-1.319504023,2.888270855,3.062891006,-1.270413518
ikflow,29,-2.244668245,-1.484126091,0.308316052,-1.561910391,-2.530092001,2.579195738,2.790236235
ikflow,29,1.135852218,-0.5276126266,-0.4676741064,-1.640018344,2.711080551,2.313493252,0.7191494703
ikflow,29,2.18881464,-1.010588169,-0.6495556235,-1.515280366,2.506308079,2.712108374,-0.06777834892
ikflow,29,-0.9424378276,1.024024248,2.496074915,-1.519346237,2.506850481,2.719658375,-0.094677791
ikflow,29,2.065658569,-0.9395250082,-0.6702674627,-1.540268779,2.515559435,2.653434515,0.05651598424
ikflow,29,-0.7814420462,1.106019616,2.543259144,-1.471662283,2.502271175,2.818835258,-0.2912253439
ikflow,29,0.9613088369,-0.4897497892,-0.3760333955,-1.651495576,2.75649333,2.274544954,0.8069987893
ikflow,29,1.970611453,-0.8888027668,-0.6801891923,-1.562639952,2.530024052,2.599047899,0.1434921026
ikflow,29,-0.5488724113,1.225792646,2.633982658,-1.410864353,2.581190586,2.948174238,-0.6413891315
ikflow,29,-0.978526175,0.9980313182,2.489642143,-1.519292474,2.498151541,2.708372355,-0.04668435827
ikflow,29,1.856145501,-0.8169958591,-0.6811388135,-1.571011901,2.552455902,2.552488327,0.2323078215
ikflow,29,-0.9336051345,1.025497437,2.497083426,-1.51178968,2.496691942,2.73096776,-0.08884425461
ikflow,29,-0.06780543923,1.353807569,2.835718632,-1.694991589,0.04237610474,3.660984039,1.367806554
ikflow,29,-0.7216279507,1.141312599,2.561819792,-1.459519267,2.536374092,2.851383448,-0.3805564046
ikflow,29,-0.4268842936,1.276536584,2.685817003,-1.373514414,2.665775299,2.998693705,-0.8794116378
ikflow,29,-1.111142993,0.9207318425,2.464474201,-1.547345877,2.514085531,2.633729219,0.08935281634
ikflow,29,1.28829217,1.322293997,-2.602761745,-1.629192948,-2.658932447,2.369279146,2.445719242
ikflow,29,-1.481322169,0.7176758647,2.480906487,-1.598400116,2.587642431,2.469015837,0.404933095
ikflow,29,-0.7228895426,1.140989423,2.564228296,-1.462020159,2.524248362,2.842886448,-0.3700376153
ikflow,29,2.303060055,-1.076024413,-0.6198244095,-1.483818769,2.535824537,2.781688213,-0.2372493297
ikflow,29,-0.01530149207,1.428622127,2.833934546,-1.337650657,-2.833957434,3.04262042,-2.169659376
ikflow,29,2.409451723,-1.135379553,-0.5792754292,-1.461129308,2.522740602,2.84840703,-0.3531212509
ikflow,29,1.332367182,-0.5860000849,-0.5570810437,-1.629309893,2.664964199,2.360437393,0.6159581542
ikflow,29,0.3936704993,-0.4436631501,-0.02712493017,-1.671312928,2.85228157,2.202952147,1.005582571
ikflow,29,-0.897637248,1.046334743,2.506352186,-1.503309369,2.498437643,2.75166893,-0.1440765411
ikflow,29,-2.121523619,0.5050244331,2.73440814,-1.649554968,2.732803583,2.287661314,0.7587836981
ikflow,29,1.188349724,-0.5408256054,-0.4950464368,-1.641133904,2.707623959,2.322146177,0.6919762492
ikflow,30,2.405421019,-0.9405673742,-2.257418633,-1.04493022,2.644973278,3.147573233,1.070118189
ikflow,30,-0.6900473237,0.8742036223,0.7854804397,-1.100498676,2.530689716,3.089040279,1.291607857
ikflow,30,-0.7935159206,1.025660276,1.015628695,-1.002224922,2.741987705,3.188493013,0.8476756811
ikflow,30,-0.7209371328,0.9244758487,0.8610053658,-1.053023458,2.588591337,3.146052837,1.144042253
ikflow,30,2.381906986,-0.9664009213,-2.33223176,-1.461519837,-0.166383341,3.560610533,-2.414326906
ikflow,30,-2.571055889,-1.080383062,1.926079035,-1.402764797,2.63015008,2.447548389,2.641140223
ikflow,30,0.008193086833,0.6938972473,-0.2799493372,-1.289078236,2.404787302,2.770329714,2.106131077
ikflow,30,0.07200243324,0.7065995336,-0.3718963563,-1.296020031,2.42577529,2.749494314,2.143247366
ikflow,30,0.4279642403,0.8781368732,-0.92326653,-1.367270231,2.541992664,2.557302237,2.437540293
ikflow,30,-0.1160338223,0.684258461,-0.1029339358,-1.266516089,2.404269457,2.817324638,2.00531435
ikflow,30,0.4081532061,0.8637119532,-0.8901025653,-1.35995841,2.521292925,2.5766716,2.416133642
ikflow,30,-0.816095829,1.09304738,1.090414524,-0.9572164416,2.851194143,3.229937315,0.645306766
ikflow,30,-0.7696640491,0.9985765219,0.9684921503,-1.00621593,2.712339163,3.184664011,0.9113411903
ikflow,30,-0.716794908,0.9093649983,0.8556956053,-1.078587532,2.487624168,3.133662701,1.252296448
ikflow,30,2.184612513,-1.272246361,-1.912977934,-1.089105248,-2.457188845,3.115929127,-0.5683931708
ikflow,30,2.209343433,-1.228740573,-1.965530992,-1.060964704,-2.545051813,3.144713163,-0.4131905437
ikflow,30,-0.7993882298,1.060875297,1.061463356,-0.9710637331,2.742048025,3.225467443,0.7813029289
ikflow,30,2.467524529,-0.9203750491,-2.515565157,-1.436178684,-0.3241208494,3.594768286,-2.129929781
ikflow,30,2.115548611,-1.455436587,-1.687770486,-1.185252666,-2.359511375,2.988744497,-0.9306842089
ikflow,30,-0.6909086704,0.8809772134,0.7986026406,-1.093857646,2.495429993,3.101531267,1.310030818
ikflow,30,-0.6073387265,0.9141440988,0.4363599718,-1.343111157,-0.713876605,3.601623058,-1.629803777
ikflow,30,-1.037792444,1.737796068,1.754208207,-1.273007274,-2.366685867,2.814899206,-1.300509572
ikflow,30,-0.8108860254,1.06788218,1.062537789,-0.9746897817,2.818046808,3.210626125,0.7093964815
ikflow,30,2.417737246,-0.9446921945,-2.423170805,-1.446760178,-0.2814738452,3.565393209,-2.232594967
ikflow,30,2.355643749,-0.9836460948,-2.240799189,-1.472192168,0.02751343139,3.550274134,-2.664144993
ikflow,30,-0.7448296547,0.9431043267,0.9142415524,-1.058449626,2.539144516,3.15431118,1.144444704
ikflow,30,-0.001878808253,0.6939110756,-0.2653404772,-1.28490901,2.390604496,2.779637098,2.099770546
ikflow,30,-0.6256617308,0.8208953738,0.6762058139,-1.13705647,2.409096479,3.055879831,1.49981606
ikflow,30,-0.9737225771,1.300962448,1.272114515,-1.104925156,-2.468939066,3.094540119,-0.6108217239
ikflow,30,-0.6991464496,0.9361165762,0.6506830454,-1.42683804,-0.4120689929,3.573327303,-2.061564684
ikflow,30,-0.9550139904,1.268440366,1.230791211,-1.084980965,-2.508851528,3.112464666,-0.526727736
ikflow,30,2.136322498,-1.388757229,-1.763602853,-1.143774867,-2.413822651,3.045948267,-0.766064465
ikflow,30,-0.7312009335,0.9232430458,0.8804097176,-1.070722461,2.530503035,3.140316486,1.197390676
ikflow,30,-0.6665502191,0.8606777191,0.7572949529,-1.107433319,2.437983751,3.088834047,1.394257188
ikflow,30,-0.6371112466,0.8331363797,0.7043569684,-1.129024267,2.381586313,3.076862574,1.48812151
ikflow,30,-0.348503083,0.8830806017,-0.01738700084,-1.263660669,-0.7882776856,3.688184977,-1.22550416
ikflow,30,2.242211819,-1.185479045,-2.033960342,-1.025621176,-2.582877398,3.178500652,-0.3129442334
ikflow,30,2.379590988,-0.9681758881,-2.195291281,-1.038612604,2.615721941,3.16818428,1.038977385
ikflow,30,0.008925056085,0.6955958605,-0.2797113657,-1.286503553,2.38482523,2.76811409,2.118957043
ikflow,30,2.11273694,-1.493619561,-1.644016743,-1.190152049,-2.362710476,2.973298311,-0.9745360017
ikflow,30,2.236849785,-1.189739943,-2.019985914,-1.029233575,-2.614891768,3.168293953,-0.2848821282
ikflow,30,2.400900126,-0.9560328126,-2.383999586,-1.453909397,-0.2431129962,3.568839073,-2.309757948
ikflow,30,-0.7978402376,1.047700644,1.036188364,-0.9804828167,2.772714138,3.209217548,0.7813760638
ikflow,30,2.3682096,-0.9850655198,-2.370261908,-1.429804802,-0.4619310796,3.542926073,-2.12480855
ikflow,30,0.6421367526,1.330799818,-1.465590239,-1.434204936,2.759739637,2.356234074,2.857620478
ikflow,30,2.386232376,-0.9671580195,-2.377626657,-1.447903991,-0.3368318379,3.560011387,-2.23546648
ikflow,30,2.264501095,-1.47370398,-1.372430801,-1.251070023,0.8735686541,3.648494482,1.983052731
ikflow,30,2.11503911,-1.459160089,-1.680728197,-1.183127642,-2.365401506,2.987350941,-0.9242934585
ikflow,30,-0.8149510026,1.065790772,1.0510391,-0.9819677472,2.897300005,3.203026772,0.6342107654
ikflow,30,0.1011537164,0.7117825747,-0.4127144814,-1.302717328,2.409002066,2.730304241,2.174477577
ikflow,31,0.1568531394,0.2051678002,2.442135096,-0.8511183262,1.638153791,3.462347031,1.835685015
ikflow,31,0.4478866458,-0.0658537671,1.013146162,-0.6830151677,-1.813253999,3.517065525,-0.02623901702
ikflow,31,-0.3498883247,0.1879394799,2.293012619,-0.883872211,-1.981464505,3.301739693,-0.3652327657
ikflow,31,0.7877493501,-0.402766943,0.7712489963,-1.077013612,2.165223598,2.977097511,2.380296946
ikflow,31,-2.10952425,-0.1952114552,-1.403941393,-0.4581663013,2.008845329,3.555388927,1.25706625
ikflow,31,0.9915155172,0.202369526,1.795416117,-0.475441426,1.990253806,3.548511744,1.266373754
ikflow,31,2.388989687,-0.1730402857,-0.5814288855,-1.042611837,-1.393222809,3.378801346,-0.8259147406
ikflow,31,2.023141146,0.1311352551,-0.5453314185,-0.3529426455,-2.154558659,3.548639774,0.3356383145
ikflow,31,0.3234566748,-0.6637166142,0.7339385152,-1.184482336,2.28688097,2.73213315,2.750659227
ikflow,31,-2.61779356,-0.07185527682,-1.40591538,-0.5308645368,2.622170448,3.43034029,1.120430946
ikflow,31,-0.605540216,0.1118379682,2.398402452,-0.807919383,-1.96213007,3.378618956,-0.2316579223
ikflow,31,0.1181634665,-0.2686969936,0.9257693887,-0.8925313354,-1.064125776,3.680316448,-0.3604174852
ikflow,31,2.531153917,0.2172098905,-1.592905283,-0.4392585456,-1.515808344,3.655288696,0.2303829193
ikflow,31,-0.4360403121,0.04157963023,2.186761856,-0.6424473524,-2.251413345,3.426584959,0.1223138198
ikflow,31,0.8212458491,-0.3920989037,0.7622192502,-1.079307437,2.138133526,2.985703945,2.369636536
ikflow,31,-0.5470561981,-0.3328080177,1.09363699,-0.5309639573,-1.09271431,3.749622345,0.1981269121
ikflow,31,0.07791094482,0.4047277272,2.263473749,-1.03595531,-2.026591301,3.102972269,-0.7325909138
ikflow,31,1.635274649,-0.199829489,0.4141377807,-0.9913157821,1.900022864,3.216463566,2.124771595
ikflow,31,-0.2560090423,0.2410276979,2.289094448,-0.9387630224,-1.973956466,3.253307104,-0.4706363678
ikflow,31,1.306383252,-0.2344616503,0.6066539288,-0.9887675643,2.038773298,3.157978058,2.126538992
ikflow,31,2.471755981,-0.09521491081,-0.258020848,-0.7220413089,2.388349295,3.351166487,1.428048611
ikflow,31,-0.9704788923,-0.1547302902,2.28350544,-0.3437886238,-1.9850353,3.571342945,0.3182891905
ikflow,31,0.7283802629,-0.4365448952,0.7752526999,-1.104617476,2.118846178,2.952792406,2.480541945
ikflow,31,2.02336669,-0.1464254856,0.1381380111,-0.8750118613,2.102585554,3.284755468,1.805092454
ikflow,31,-0.09076432884,0.3081635535,2.256180763,-0.980681181,-2.002798557,3.183916569,-0.5769916773
ikflow,31,-1.85144794,-0.2492831498,-1.394149542,-0.3601479232,1.799522877,3.604789495,1.189730167
ikflow,31,0.5176563263,0.6922245622,2.384396553,-1.151099443,-2.244006157,2.808528662,-1.092575073
ikflow,31,2.309541702,0.02545185946,-0.6930909753,-0.5536525249,-2.17860055,3.483434916,0.2111836821
ikflow,31,0.3592527509,0.5884853601,2.32911253,-1.116090894,-2.167976618,2.916895628,-0.9562005401
ikflow,31,-2.173429966,-0.1485005468,-1.55595541,-0.4549984932,2.310998201,3.509456635,1.154664993
ikflow,31,-1.920830965,-0.05135953426,-2.595121622,-0.4902301729,-2.431470394,3.480714321,0.3321656585
ikflow,31,0.4288582504,0.3084526062,2.387350559,-0.9776677489,1.129817009,3.581739664,2.123497248
ikflow,31,1.118233085,-0.1741697937,0.376774013,-1.097760797,-1.004024386,3.525768757,-0.9031178355
ikflow,31,0.2203731686,-0.03992012143,1.307751536,-0.6237689257,-1.985949159,3.499366045,0.0864790827
ikflow,31,-0.2988975942,0.1210982502,2.197659254,-0.7295953035,-2.292622328,3.360763073,0.006502996664
ikflow,31,2.15604949,-0.1754717678,-0.395581454,-1.101992369,-1.222912788,3.403302193,-0.9519938827
ikflow,31,2.042382956,-0.1704137623,-0.3073090017,-1.120663643,-1.137588143,3.422900677,-1.007761717
ikflow,31,2.410127163,0.1107539684,-1.023484945,-0.442171514,-2.026379108,3.558183908,0.2975335419
ikflow,31,0.2789991498,-0.1760874689,0.9449250102,-0.8222382665,-1.34303391,3.61107564,-0.2626992762
ikflow,31,2.63991642,-0.1752251983,-0.2705034316,-0.9621800184,1.625237465,3.371600628,2.077189445
ikflow,31,2.765287161,0.06366490573,-1.281836748,-0.535345912,-2.076237917,3.524067879,0.2412511706
ikflow,31,-1.32321763,0.1947002113,-2.839454412,-1.024759531,1.711110711,3.250344515,2.237868309
ikflow,31,1.3829813,0.1330725402,1.026358008,-0.3573731184,2.513473034,3.508076191,1.0782547
ikflow,31,2.523256063,0.05454082415,-0.979614377,-0.5130729079,-2.17019558,3.514906645,0.2848162651
ikflow,31,1.445439935,0.1928941756,1.299461126,-0.3214117587,2.049250126,3.550859451,1.220070243
ikflow,31,0.6330574751,0.2988273501,2.2893641,-0.7965978384,1.421640754,3.595210552,1.711789608
ikflow,31,2.369097233,0.1795410365,-1.258416176,-0.3901358545,-1.705451727,3.611013412,0.2520462573
ikflow,31,1.412393689,-0.2282543629,0.5441008806,-1.008431792,1.959725618,3.159144163,2.164459467
ikflow,31,2.563529968,0.1399637163,-1.321372986,-0.4646471143,-1.814839721,3.586523294,0.2243919075
ikflow,31,-2.139808178,-0.1984386146,-1.367890596,-0.4706397355,2.007796764,3.548166513,1.252136469
ikflow,32,2.516740561,-1.259870172,-2.543714046,-0.6508219242,-0.782305479,0.1106297374,1.604371309
ikflow,32,2.629671097,-1.206110477,-2.891064405,-0.6652547717,-0.5806424618,0.1854017377,1.479398131
ikflow,32,-0.3056179881,1.27505517,-0.2093502432,-0.6445527077,-0.6756972075,0.121762231,1.06757915
ikflow,32,-0.3651580811,1.262135863,-0.02703504823,-0.6464951634,-0.8242297173,0.1144743115,1.004981756
ikflow,32,-0.01337340288,1.525825381,-1.179032683,-0.6847155094,-0.2219923139,0.2514612973,0.4714619815
ikflow,32,2.592647791,-1.236177564,-2.740016937,-0.6350268126,-0.7436830401,0.1472558081,1.447113991
ikflow,32,2.598908901,-1.224001884,-2.784623861,-0.6412348151,-0.6429985762,0.1489628702,1.533995032
ikflow,32,-0.06555908173,1.495118618,-1.047634244,-0.6118392348,-0.2958064973,0.201596871,0.5608780384
ikflow,32,2.569258213,-1.228513479,-2.699941874,-0.6610540748,-0.7513857484,0.1574443132,1.452668548
ikflow,32,2.479392529,-1.287673712,-2.392178535,-0.655903399,-0.9768023491,0.08742181957,1.494952202
ikflow,32,-0.1239820197,1.346799016,-0.6879267097,-0.6921129227,-0.4499191642,0.224649474,0.740249753
ikflow,32,2.541566133,-1.229931951,-2.61963439,-0.6776359081,-0.7516334653,0.1390132308,1.530599833
ikflow,32,2.518965721,-1.217094541,-2.609353781,-0.6953309178,-0.6853938699,0.1527722776,1.626763582
ikflow,32,2.565352201,-1.23991847,-2.658167124,-0.654292047,-0.7615683079,0.1347121745,1.547925711
ikflow,32,2.572985411,-1.210070252,-2.72869277,-0.6814362407,-0.6776283979,0.1528321505,1.539672613
ikflow,32,2.533040762,-1.251653552,-2.628549576,-0.6388878822,-0.693228662,0.1346749365,1.690581322
ikflow,32,2.606585979,-1.235491037,-2.782128572,-0.6291521192,-0.6632089615,0.1356149912,1.54436636
ikflow,32,-0.1918462068,1.292812943,-0.5237486959,-0.6812801361,-0.4452898204,0.2227863371,0.9338759184
ikflow,32,2.522969007,-1.234745741,-2.592847586,-0.668240428,-0.723472774,0.1289015412,1.598621249
ikflow,32,2.534785271,-1.21053195,-2.645005941,-0.6990348101,-0.6917205453,0.1534074843,1.580725074
ikflow,32,-0.3355187476,1.244315505,-0.168362692,-0.6524803638,-0.5499065518,0.1667120159,1.15544939
ikflow,32,2.566970825,-1.22498703,-2.664099216,-0.6820556521,-0.8147770166,0.1329809725,1.454660058
ikflow,32,-0.04782472178,1.416832685,-0.9458120465,-0.7177504897,-0.3103144467,0.2567454576,0.6510735154
ikflow,32,0.0502085425,1.6199646,-1.39490068,-0.7527288795,-0.1830114573,0.3085572422,0.2901403606
ikflow,32,-0.2931573391,1.271985054,-0.2492599338,-0.6475675702,-0.6417081356,0.1602454633,0.9963422418
ikflow,32,2.577407837,-1.230163336,-2.697491407,-0.6562504172,-0.7674985528,0.1342599392,1.466071248
ikflow,32,-0.2219502628,1.279358625,-0.4454187751,-0.6767469049,-0.4738054276,0.2066203803,0.9828306437
ikflow,32,-0.2222671509,1.271351933,-0.4192582369,-0.6955428123,-0.5265782475,0.2115938514,0.9487758875
ikflow,32,2.475127459,-1.306882858,-2.333771467,-0.647567749,-1.071088552,0.05917921662,1.463154316
ikflow,32,-0.1090323478,1.372737885,-0.7811029553,-0.6774697304,-0.3674807847,0.2319204509,0.7580905557
ikflow,32,2.507630825,-1.193033218,-2.646461248,-0.7281544209,-0.5697771907,0.1816764325,1.708140373
ikflow,32,2.50212121,-1.256119609,-2.483026743,-0.6796030402,-0.8712997437,0.1003990099,1.567549348
ikflow,32,-0.08610613644,1.394026518,-0.8346044421,-0.685644269,-0.3747126162,0.2425692677,0.6684175134
ikflow,32,-0.1682272106,1.302402377,-0.5799350142,-0.6978386045,-0.4347787499,0.2250963748,0.9146761298
ikflow,32,2.566223621,-1.267200947,-2.623191595,-0.6124895811,-0.8087363243,0.1252476424,1.473941684
ikflow,32,-0.3032516241,1.305466771,-0.2405210882,-0.5871879458,-0.6827674508,0.129645735,0.9755716324
ikflow,32,2.528252125,-1.223075151,-2.634925365,-0.6841638088,-0.6873041391,0.1290025562,1.665089011
ikflow,32,2.5601511,-1.231380224,-2.66689086,-0.6579098105,-0.7359186411,0.1243748218,1.513312697
ikflow,32,2.454577446,-1.334443688,-2.232549906,-0.6506687403,-1.178159356,0.05797838792,1.278697252
ikflow,32,-0.3567163944,1.238523602,-0.1062578782,-0.6575028896,-0.5918288827,0.1702591032,1.146379232
ikflow,32,-0.1390149593,1.419340491,-0.7717114687,-0.5866660476,-0.4403141737,0.186615333,0.6966099739
ikflow,32,-0.1526642293,1.328173399,-0.6102458835,-0.6919984818,-0.5032116175,0.2196601927,0.7816339731
ikflow,32,-0.3453603387,1.256891847,-0.1065103263,-0.6583278775,-0.7155643702,0.1357674599,1.0658288
ikflow,32,-0.2965313196,1.254445672,-0.2474164516,-0.6713216901,-0.5880379081,0.1723044813,1.067025542
ikflow,32,-0.1019935384,1.337751627,-0.7501024008,-0.7240670919,-0.3431029022,0.2611466646,0.7923946977
ikflow,32,0.02211824618,1.578285694,-1.281286001,-0.7265313268,-0.227201879,0.2752108574,0.3613773286
ikflow,32,-0.0008038884262,1.440869451,-1.041240096,-0.7674608231,-0.282379806,0.2996581495,0.5553428531
ikflow,32,-0.2126449198,1.286822677,-0.4476282895,-0.6911301017,-0.5620411038,0.1987777054,0.9040083289
ikflow,32,0.08413271606,1.732531071,-1.616759777,-0.8014748693,-0.06613826752,0.3437907398,0.1304025203
ikflow,32,-0.1893932074,1.272006989,-0.4920146465,-0.7226946354,-0.4730710387,0.2339972854,0.9385131598
ikflow,33,-2.592154264,1.573309898,1.725837231,-2.850821733,0.8914033175,1.361990571,-1.498032093
ikflow,33,-2.609990835,1.599864841,1.711363912,-2.858645678,0.848743856,1.389140606,-1.433229804
ikflow,33,-2.56263566,1.726989031,1.696200967,-2.869166613,0.8544906974,1.450363874,-1.482300639
ikflow,33,-2.586871624,1.579606175,1.724418044,-2.856228828,0.8757476807,1.373605967,-1.501542091
ikflow,33,-2.545912027,1.726671457,1.689252019,-2.86199379,0.8273951411,1.45021224,-1.461248636
ikflow,33,-2.585695982,1.705106974,1.696726084,-2.860805988,0.8650853038,1.455729485,-1.46897459
ikflow,33,-2.549440861,1.666351199,1.678498387,-2.856382847,0.8859035373,1.408288002,-1.507442713
ikflow,33,1.426211834,1.561566353,-1.619144797,-2.868704081,-1.058627725,1.109507203,0.4312866628
ikflow,33,-2.600555182,1.496640205,1.755017757,-2.847421408,0.8954162598,1.313001871,-1.520457506
ikflow,33,-2.629052401,1.424402595,1.768137097,-2.847781897,0.9819976091,1.230390787,-1.635788321
ikflow,33,-2.561584234,1.666778207,1.711698055,-2.858749866,0.8739885688,1.432693601,-1.430790663
ikflow,33,-2.630387545,1.465817571,1.760696411,-2.853412151,0.9371151328,1.257378817,-1.524655461
ikflow,33,-2.636619329,1.371010542,1.784649014,-2.841924906,0.9752507806,1.188835144,-1.56419456
ikflow,33,-2.641836166,1.395195365,1.779991865,-2.845059156,0.9739245176,1.209221601,-1.61503911
ikflow,33,-2.555517435,1.586794853,1.725744724,-2.849544764,0.9065010548,1.33504343,-1.605442047
ikflow,33,-2.657356739,1.352418184,1.765056372,-2.843939781,0.9313913584,1.172451138,-1.640743971
ikflow,33,-2.575936556,1.502989054,1.709148288,-2.846109867,0.9158705473,1.297658801,-1.558534741
ikflow,33,-2.553624153,1.660319567,1.709855556,-2.854790926,0.8843995929,1.427359223,-1.539773464
ikflow,33,-2.686808825,1.278195739,1.808624029,-2.846766472,1.019613028,1.122998953,-1.563404679
ikflow,33,-2.613540173,1.335272789,1.78484714,-2.834226847,0.983911097,1.162776113,-1.663965106
ikflow,33,-2.573719263,1.762799978,1.691553593,-2.879307985,0.7840268612,1.535616875,-1.372508883
ikflow,33,-2.69158268,1.206941605,1.801650524,-2.812310219,1.005864024,1.063088179,-1.783838749
ikflow,33,-2.558998585,1.747796655,1.70048511,-2.861806154,0.8370255232,1.51223433,-1.472421527
ikflow,33,-2.59702611,1.762799978,1.679683566,-2.882558584,0.7518767715,1.541386962,-1.34788394
ikflow,33,-2.574524879,1.762799978,1.700436234,-2.879891872,0.8303772211,1.469626188,-1.42719388
ikflow,33,-2.634616613,1.236605287,1.806240082,-2.828033447,1.008393884,1.097157359,-1.636145353
ikflow,33,-2.574641705,1.558276057,1.739246249,-2.856009722,0.9064566493,1.34571135,-1.469316483
ikflow,33,-2.546410561,1.70971179,1.710169673,-2.858742952,0.8564037085,1.468167663,-1.553547978
ikflow,33,-2.54714036,1.722625971,1.70599544,-2.865366697,0.8362657428,1.476504683,-1.467429399
ikflow,33,-2.552039862,1.654307961,1.698141813,-2.862431288,0.8787280321,1.429505944,-1.489032745
ikflow,33,-2.57404685,1.620920897,1.721412897,-2.872710943,0.9087249637,1.400970221,-1.396856308
ikflow,33,-2.543158293,1.542260647,1.725102425,-2.844136238,0.9216238856,1.303776383,-1.610579252
ikflow,33,-2.5790627,1.64586091,1.731399298,-2.863865852,0.8421000838,1.38864553,-1.480724573
ikflow,33,-2.597598076,1.392265797,1.773106337,-2.83894372,0.9505469799,1.204588294,-1.618724346
ikflow,33,0.5942295194,-1.75562942,-1.440980196,-2.873222589,0.8539350629,1.491797566,-1.368955016
ikflow,33,-2.670467138,1.182521224,1.807305813,-2.825364113,0.967564702,1.072927594,-1.537353754
ikflow,33,-2.588779688,1.762799978,1.654069543,-2.87233901,0.7946227193,1.410663247,-1.321077347
ikflow,33,-2.584371805,1.544310212,1.739931941,-2.846929073,0.9236730933,1.382026196,-1.514694214
ikflow,33,-2.536436796,1.762799978,1.681942582,-2.88057971,0.8750721812,1.480497122,-1.453588367
ikflow,33,-2.620584726,1.354496717,1.789303184,-2.841678143,0.9947752357,1.225631237,-1.646116138
ikflow,33,-2.566432238,1.625954747,1.737812996,-2.854995012,0.878269434,1.428051353,-1.45650959
ikflow,33,0.5130397677,-1.359186172,-1.351967931,-2.851581573,1.026800752,1.219994307,-1.585437179
ikflow,33,-2.563835621,1.755347252,1.680092931,-2.86488843,0.7977163196,1.535431385,-1.399241209
ikflow,33,-2.569420338,1.609869003,1.737641454,-2.861718178,0.9054225087,1.400012136,-1.503527522
ikflow,33,-2.5524683,1.691570163,1.685851693,-2.84485817,0.8812475204,1.442636132,-1.531879544
ikflow,33,0.5865930319,-1.762799978,-1.426850438,-2.874335051,0.8242831826,1.512141228,-1.390417337
ikflow,33,-2.528589725,1.7580899,1.69143641,-2.860189676,0.7963985801,1.496220827,-1.407975793
ikflow,33,-2.62341404,1.344579577,1.78412509,-2.838306189,0.9266433716,1.174437404,-1.637741089
ikflow,33,-2.566755772,1.743175983,1.697441101,-2.859449863,0.8848875165,1.473125339,-1.485566854
ikflow,33,-2.589649677,1.465205193,1.762547493,-2.847921371,0.9129290581,1.28260684,-1.613282323
ikflow,34,-0.3498486876,0.6687650681,-2.278473139,-2.323561668,-0.5517396927,0.9233806729,0.6102579832
ikflow,34,2.302541018,-1.3029809,1.067743659,-2.388601303,-0.3357268572,1.224814534,0.05280768871
ikflow,34,-0.02218355238,0.4909550548,-2.520156145,-2.293703556,-0.5799223781,0.7961434722,0.8198308945
ikflow,34,1.49330914,0.479216516,2.475970507,-2.202351332,-0.510951817,0.465484947,1.467330813
ikflow,34,1.693631291,0.5738840699,2.326787233,-2.184494495,-0.4671863019,0.4162734449,1.615344524
ikflow,34,-0.9409204125,1.49195528,-2.068390608,-2.400555372,-0.2577753067,1.282124043,-0.1182466149
ikflow,34,2.23825717,-1.421357632,1.072344542,-2.397390127,-0.2858820856,1.263312578,-0.05429089069
ikflow,34,-0.5897887945,0.9053065181,-2.139923573,-2.351969242,-0.4977256358,1.04984498,0.3896453977
ikflow,34,-0.4130657911,0.7218316793,-2.237968206,-2.331406116,-0.5413544774,0.9586705565,0.5630298257
ikflow,34,-0.793387413,1.224807024,-2.07822299,-2.383419037,-0.3742700517,1.199845791,0.1047190726
ikflow,34,-0.09285321832,0.5243249536,-2.46423769,-2.300981045,-0.577940166,0.826962769,0.7741501927
ikflow,34,-1.408006191,-0.5983310342,-0.8464748263,-2.179356813,-0.4435873628,0.4037850797,1.658754468
ikflow,34,2.206075668,-1.481710076,1.072904944,-2.401158571,-0.257296294,1.279930592,-0.0984005332
ikflow,34,2.26672864,-1.368226767,1.070273876,-2.393654108,-0.305464983,1.249616027,-0.002346118912
ikflow,34,-0.2552932203,0.6059494615,-2.342039824,-2.314891338,-0.568158865,0.8833243251,0.6781466603
ikflow,34,1.652073026,0.553150773,2.355960846,-2.1887393,-0.4720981717,0.4309017956,1.60285008
ikflow,34,2.682044744,-0.7622455359,0.930282712,-2.336308718,-0.5311780572,0.9794707894,0.5302427411
ikflow,34,2.32615304,-1.262239218,1.062583208,-2.386468172,-0.3506185114,1.213656545,0.0871931985
ikflow,34,-0.9025637507,1.415736079,-2.065893173,-2.394362211,-0.290650636,1.256269455,-0.05478066206
ikflow,34,2.754196644,-0.702806294,0.8867433071,-2.329690933,-0.5439623594,0.9436303377,0.5933029652
ikflow,34,-0.5346936584,0.8366159797,-2.166376829,-2.344190598,-0.5131646395,1.01108861,0.4562210739
ikflow,34,1.431284428,0.461825639,2.530125618,-2.21114707,-0.5328021646,0.4859303534,1.413579464
ikflow,34,2.780073404,-0.674207449,0.8730745912,-2.325133801,-0.5532492399,0.9240542054,0.6068885326
ikflow,34,2.47976017,-1.01561892,1.026941776,-2.366482973,-0.4513298273,1.11304915,0.3045959771
ikflow,34,-0.1344244182,0.5360522866,-2.43276763,-2.301116943,-0.5703985095,0.8332625628,0.7621976137
ikflow,34,2.663958073,-0.7830374837,0.9418228865,-2.339787006,-0.5241256952,0.9940057397,0.5026128888
ikflow,34,1.760843873,0.6099345088,2.273982763,-2.175970078,-0.4303427637,0.3910847604,1.687539101
ikflow,34,-0.7468339205,1.139147401,-2.088020563,-2.376556158,-0.4087719917,1.162337661,0.1858904362
ikflow,34,2.110609055,-1.660906911,1.059027791,-2.409572124,-0.1665500104,1.321018219,-0.2596252859
ikflow,34,0.06380725652,0.4751135409,-2.591674328,-2.293790817,-0.5804874301,0.7918881178,0.8459902406
ikflow,34,-0.9288535118,1.470932245,-2.067735434,-2.398961067,-0.2637912929,1.273367643,-0.09944601357
ikflow,34,2.534007311,-0.9378682375,1.005466342,-2.357465506,-0.4786865711,1.078988075,0.3695706129
ikflow,34,-0.269702673,0.6099413633,-2.330434799,-2.314045429,-0.5659148693,0.8790711164,0.6752764583
ikflow,34,-0.2838717401,0.6215779185,-2.321810484,-2.316622734,-0.5666800737,0.8889288902,0.6659148335
ikflow,34,-0.8574350476,1.345431924,-2.068587065,-2.394738674,-0.3289976716,1.241930723,0.001224428648
ikflow,34,2.599825859,-0.8599168658,0.9748900533,-2.350524902,-0.5009354949,1.039864421,0.4353820682
ikflow,34,2.371240139,-1.183966756,1.054748774,-2.380730629,-0.3853470683,1.184358716,0.1447357684
ikflow,34,2.147781134,-1.592238903,1.067038059,-2.404811382,-0.2000564635,1.307985187,-0.2037023604
ikflow,34,-0.2117955536,0.5780743957,-2.375331163,-2.310858727,-0.569780767,0.8668211102,0.7079367638
ikflow,34,1.650343657,0.5481641293,2.353953123,-2.187261343,-0.4731259644,0.4225506485,1.591811419
ikflow,34,-0.9548816085,1.519816637,-2.069657087,-2.401180029,-0.2407882065,1.288966417,-0.1427964419
ikflow,34,2.630386114,-0.8207415938,0.9606825709,-2.344225407,-0.5157472491,1.015930414,0.470942229
ikflow,34,1.818356276,0.6512743235,2.235949993,-2.169867277,-0.4118805826,0.3732975423,1.771957874
ikflow,34,2.236759186,-1.432099581,1.073320866,-2.400097609,-0.2788323164,1.2725631,-0.06207633018
ikflow,34,-0.5779345632,0.8905928731,-2.145537853,-2.351038694,-0.4988198876,1.046741247,0.4060283005
ikflow,34,2.506135941,-0.9719087481,1.015287399,-2.360844374,-0.4661357999,1.093403816,0.3363524973
ikflow,34,-1.843927026,-0.4333568513,-0.500394702,-2.221647263,-0.5557233691,0.5201012492,1.325740457
ikflow,34,-2.027499437,-0.3989087045,-0.346250236,-2.234536648,-0.5703783631,0.5576514602,1.238294482
ikflow,34,2.588982582,-0.8800905943,0.9783972502,-2.35496974,-0.4945917726,1.052206278,0.4183470309
ikflow,34,2.325406551,-1.264678717,1.062969804,-2.387944221,-0.3497565389,1.216351748,0.08338946849
ikflow,35,1.565834284,0.01138802525,0.8513834476,-1.769785523,-0.2516811192,0.7379468679,2.455844164
ikflow,35,0.5273689628,-1.125771403,1.267930508,-1.803649068,0.01457327791,0.8572526574,1.370930552
ikflow,35,0.4848217368,-1.246293783,1.223220587,-1.804167747,0.04661177099,0.8562466502,1.234357357
ikflow,35,0.7126831412,-0.4937908351,1.452644944,-1.796562552,-0.1454146653,0.828391552,1.955237746
ikflow,35,0.7508674264,-0.3055141568,1.510273576,-1.787270188,-0.1889420152,0.7993584275,2.152177572
ikflow,35,-2.190609217,-0.2066086829,-1.577184558,-1.752846837,-0.27675578,0.6846010685,2.663821697
ikflow,35,0.7637996078,-0.2687615156,1.518386126,-1.788269162,-0.2040916234,0.7975271344,2.16601038
ikflow,35,-2.387155771,0.2959802747,-1.629593611,-1.78836143,-0.1960014254,0.7951174378,2.166549683
ikflow,35,0.5772426128,-0.9810121059,1.314463496,-1.805909157,-0.0252131056,0.8607623577,1.502408504
ikflow,35,-2.160614967,-0.1731043756,-1.62657392,-1.749764562,-0.2637320161,0.6864481568,2.627230883
ikflow,35,0.2887637019,-1.648171186,1.029904008,-1.789500833,0.1545478553,0.8120740652,0.8219227791
ikflow,35,0.7615315318,-0.2775056064,1.514678359,-1.786751509,-0.1983112395,0.7971386909,2.179996252
ikflow,35,0.306237042,-1.625501633,1.047123194,-1.793822646,0.1428797096,0.8174235225,0.8551062942
ikflow,35,0.5259284973,-1.13592422,1.263286471,-1.804309487,0.01793193631,0.8607771993,1.366481066
ikflow,35,-1.757090569,-1.538364291,-1.067900181,-1.633504629,-0.07370720059,0.3808841705,-1.932964444
ikflow,35,0.9807388783,0.2557531297,1.56445992,-1.743635416,-0.2938935757,0.662047267,2.695787191
ikflow,35,0.6274827123,-0.8282347322,1.35977757,-1.808275223,-0.06473615021,0.8633615971,1.649826646
ikflow,35,0.6547077894,-0.7259320021,1.389888763,-1.803213596,-0.09349024296,0.8553048372,1.737567902
ikflow,35,0.9223808646,0.1352779269,1.556383848,-1.760742307,-0.2644303441,0.7148296237,2.574291945
ikflow,35,0.7704312205,-0.1743628085,1.5571419,-1.781129479,-0.2174588442,0.7733796835,2.275044918
ikflow,35,0.6700128317,-0.6604835391,1.408331871,-1.799690008,-0.1079040468,0.8451521397,1.797120214
ikflow,35,0.4446007311,-1.343854666,1.181810975,-1.801947713,0.08490068465,0.8519821763,1.15225327
ikflow,35,0.3661467731,-1.521154165,1.103825808,-1.799836516,0.1198898107,0.8437443376,0.9695926309
ikflow,35,0.6559532881,-0.05863239244,1.729494572,-1.77306211,-0.2440336198,0.744340837,2.39291358
ikflow,35,0.4176702499,-1.406246901,1.157470226,-1.799137592,0.09287913889,0.8424938321,1.078319192
ikflow,35,-1.782026529,-1.495994091,-1.090804696,-1.637066841,-0.1042779312,0.3847709298,-2.040123701
ikflow,35,0.7609612942,-0.2335152179,1.534895897,-1.782049656,-0.204379335,0.7839562893,2.211161375
ikflow,35,0.5170202851,-1.163144588,1.254974604,-1.805703878,0.02589389123,0.8598568439,1.333481312
ikflow,35,-2.491212368,0.7474563122,-1.75520587,-1.807442427,-0.1007183045,0.8606627584,1.726480842
ikflow,35,1.391276836,1.556881785,2.085380793,-1.634195566,-0.06812226027,0.3853902817,-1.965360284
ikflow,35,0.9407271147,0.1568730623,1.549776554,-1.760570407,-0.2717190683,0.7045429349,2.57017827
ikflow,35,0.6492112875,-0.7484408617,1.384495974,-1.803543568,-0.09290001541,0.854682982,1.723199487
ikflow,35,2.459397316,0.007526684552,-0.04307753965,-1.77086556,-0.2570173144,0.7359092832,2.452863216
ikflow,35,-1.985980392,-1.007776141,-1.307709455,-1.673339009,-0.2604706287,0.4691755176,-2.722725391
ikflow,35,0.8455026746,0.04509168863,1.592684269,-1.776343703,-0.2650797963,0.7434297204,2.468968391
ikflow,35,0.6106325388,-0.8851525187,1.343170762,-1.806124091,-0.05299488828,0.8631205559,1.607508183
ikflow,35,0.4008868933,-1.454360127,1.132067323,-1.804659843,0.1088666618,0.849021852,1.031673551
ikflow,35,-2.459553719,0.6321985722,-1.728413939,-1.801259875,-0.1157542765,0.8452600241,1.8481251
ikflow,35,0.7438254356,-0.3422924876,1.499995112,-1.789714932,-0.1804519743,0.8042852879,2.107904196
ikflow,35,1.566463828,0.009066340514,0.8521826863,-1.771322966,-0.2538431883,0.7378809452,2.451887131
ikflow,35,0.736427784,-0.4217689037,1.466145158,-1.796485662,-0.1660811454,0.8215149641,2.031682014
ikflow,35,-2.145069599,-0.2094303966,-1.623050928,-1.743765354,-0.2731503844,0.6670771837,2.636473417
ikflow,35,0.6111677885,-0.8743066192,1.34678936,-1.804923773,-0.05653779954,0.8609730005,1.590265512
ikflow,35,-2.395109653,0.1642015427,-1.556191683,-1.776934266,-0.2176959366,0.7681694031,2.29958415
ikflow,35,0.7664670944,-0.3084067702,1.495339632,-1.79081583,-0.1935185045,0.8061968088,2.122270346
ikflow,35,0.6890752316,-0.59405303,1.426566005,-1.799231768,-0.1257678121,0.8433588147,1.86520493
ikflow,35,0.7533612847,-0.1309482157,1.59444797,-1.776480675,-0.2314087749,0.7609564066,2.303611994
ikflow,35,1.166089892,0.03175576776,1.262784362,-1.764980197,-0.2596305013,0.7310889363,2.466057301
ikflow,35,-2.183954716,-0.1880422384,-1.595126033,-1.751973033,-0.2706327438,0.6846555471,2.638046265
ikflow,35,0.449421674,-1.336555719,1.187008619,-1.802774429,0.07837422192,0.8539159894,1.149150848
ikflow,36,2.057173491,-0.8058665395,1.345615029,-1.2389009,-1.484969974,0.4267649949,-2.897300005
ikflow,36,-0.133879751,-0.6818209291,-1.394299269,-1.263406038,1.316752434,0.5642590523,1.450778484
ikflow,36,-0.1586813778,-0.4259543419,-1.686212063,-1.266037822,1.634756804,0.3559823632,1.431835055
ikflow,36,2.09005332,-0.7047204375,1.449728608,-1.249226213,-1.630504251,0.3466245532,-2.897300005
ikflow,36,2.085351944,-0.7132214308,1.44510448,-1.229917169,-1.571022868,0.3584669232,-2.897300005
ikflow,36,-0.1543569714,-0.4492613375,-1.661465406,-1.26156497,1.610610247,0.3708242178,1.439047098
ikflow,36,-0.1546134353,-0.6045767665,-1.471973538,-1.258630872,1.401256561,0.5030331612,1.434649229
ikflow,36,-0.1583567858,-0.5003596544,-1.594539404,-1.256492615,1.534354687,0.4163642824,1.432845592
ikflow,36,-0.0845861733,-0.8407639861,-1.240486622,-1.285951972,1.157309175,0.6978948712,1.512193441
ikflow,36,-0.1282658875,-0.3671333492,-1.785042405,-1.261489511,1.710044861,0.3032437265,1.440928698
ikflow,36,2.074360609,-0.7545294762,1.399687886,-1.239180446,-1.549481869,0.3841949999,-2.897300005
ikflow,36,-0.1642346978,-0.4550304711,-1.644150257,-1.263832688,1.594896436,0.3834210634,1.432503104
ikflow,36,1.259396195,-1.62742722,0.2481750846,-1.388353467,-0.3906956315,1.194684863,2.626430273
ikflow,36,-0.1373153925,-0.3832899928,-1.756626368,-1.262302876,1.695444345,0.3221667111,1.439855456
ikflow,36,0.2066131681,-0.1820795089,-2.345119476,-1.295114517,2.093598127,0.1389726996,1.564279199
ikflow,36,-0.1418655813,-0.403732419,-1.729174852,-1.258818746,1.66163969,0.3369784355,1.436909795
ikflow,36,2.060576439,-0.7800440192,1.375602484,-1.226376653,-1.49246347,0.4068723619,-2.897300005
ikflow,36,-0.1184898242,-0.3518233001,-1.813655376,-1.263741851,1.743880868,0.2958572209,1.451622367
ikflow,36,0.3401933014,-0.1628020108,-2.505814075,-1.30226028,2.171929598,0.1140836775,1.597264051
ikflow,36,-0.1686332077,-0.4998000562,-1.58705759,-1.2611444,1.529622197,0.4174967706,1.42463851
ikflow,36,-2.141126394,0.1264366508,-0.1181265861,-1.331727862,2.411546707,0.04910444841,1.719244003
ikflow,36,-0.1479062289,-0.6494939327,-1.421565771,-1.264586687,1.35112834,0.5417440534,1.45051837
ikflow,36,-0.156000331,-0.450955987,-1.65627563,-1.256437898,1.588672519,0.3778647482,1.440570116
ikflow,36,-0.1595286131,-0.5997443199,-1.475837469,-1.261389613,1.402878881,0.5012639165,1.43784368
ikflow,36,-0.08466023952,-0.8331896067,-1.248647571,-1.284065366,1.162500501,0.6923489571,1.512916207
ikflow,36,-0.1640725434,-0.4467769861,-1.654857159,-1.261861563,1.592739105,0.374201268,1.437069178
ikflow,36,-0.1339816004,-0.7082532644,-1.362107038,-1.269367218,1.285429001,0.5923293233,1.466709852
ikflow,36,-0.1586845666,-0.4928196669,-1.603861213,-1.2541399,1.538995624,0.4140780866,1.427300334
ikflow,36,-0.1657121927,-0.5022656918,-1.585358977,-1.257446289,1.523501635,0.4226826429,1.428858757
ikflow,36,-0.1501383036,-0.6035431027,-1.475180984,-1.254273534,1.39555943,0.5051329136,1.431630969
ikflow,36,-0.1101000756,-0.7819032073,-1.291883588,-1.281621933,1.212436199,0.6508126259,1.489421368
ikflow,36,-0.167353645,-0.5178145766,-1.567293763,-1.25871563,1.506495118,0.4339237511,1.432120204
ikflow,36,-1.975871682,0.1314941347,-0.3061900139,-1.333540916,2.451416731,0.03149786219,1.737775087
ikflow,36,-2.131361246,0.1270503104,-0.1344692558,-1.330025196,2.390166044,0.04693769664,1.695842266
ikflow,36,-0.1627835035,-0.5335219502,-1.549456835,-1.257896304,1.489560723,0.4453825355,1.428702593
ikflow,36,-2.712266922,0.1506557018,0.5292387009,-1.306913376,2.209730387,0.1023904979,1.614235044
ikflow,36,0.07454653084,-1.125622869,-0.9805608988,-1.325378776,0.8599329591,0.9305897355,1.673884034
ikflow,36,-2.261215448,0.1253739148,0.02261377312,-1.336801291,2.393105268,0.05055902898,1.710398316
ikflow,36,0.007367005572,-1.023066163,-1.072098494,-1.308563471,0.9597817659,0.8501538634,1.610637307
ikflow,36,-0.1603084356,-0.5567523241,-1.52355206,-1.255821943,1.458150625,0.4657433629,1.431317687
ikflow,36,2.055974722,-0.8126756549,1.337517262,-1.238356233,-1.464272976,0.4284631908,-2.897300005
ikflow,36,-0.1641314328,-0.5084254146,-1.57880044,-1.26080358,1.518630505,0.4274625778,1.424955845
ikflow,36,-2.250825405,0.1235554442,0.01058232039,-1.340821624,2.413210392,0.05501975119,1.738366485
ikflow,36,-0.1621646881,-0.5014523268,-1.593366742,-1.256198049,1.526936531,0.420214504,1.432825446
ikflow,36,-0.1305122524,-0.3691153228,-1.779536724,-1.260566592,1.711636066,0.3020692766,1.438715458
ikflow,36,0.4143142998,-1.475135446,-0.5878103971,-1.386719704,0.4250039458,1.174547195,1.972052574
ikflow,36,0.2953719497,-1.37818718,-0.7136224508,-1.36384666,0.554677546,1.112478971,1.871824265
ikflow,36,-1.405909777,1.351985931,-2.374443054,-1.327298045,-0.8723899126,0.9241594076,2.897300005
ikflow,36,2.100019932,-0.5572400689,1.625594378,-1.244314194,-1.830642462,0.2302286178,-2.897300005
ikflow,36,1.348736286,-1.593494177,0.3414856493,-1.372133851,-0.4790082574,1.15228188,2.679127216
ikflow,37,0.4329870343,0.004841747694,-0.7247178555,-0.5843719244,0.6756449938,1.250917912,2.285080194
ikflow,37,-0.1090647802,0.04187231883,-0.1965181231,-0.5195513964,0.6739831567,1.224711418,2.303086042
ikflow,37,-0.5227255225,0.03424813598,0.2791563869,-0.5281698108,0.5899378061,1.241824269,2.298147678
ikflow,37,0.239076376,0.00189952692,-0.5106814504,-0.5906550884,0.6422120929,1.25909996,2.291583776
ikflow,37,2.071858406,-0.4202188849,-0.978572011,-0.5018986464,-0.6782160997,1.20265305,2.557832479
ikflow,37,0.4659047425,0.01830607839,-0.779309094,-0.5689452291,0.6694840193,1.242395997,2.291141987
ikflow,37,-0.2367417365,0.02933171205,-0.03899360448,-0.5402466059,0.644130528,1.243145466,2.312611341
ikflow,37,0.1631901264,0.0234131217,-0.4755875766,-0.5542228222,0.6924224496,1.244023204,2.288541794
ikflow,37,0.3011077344,0.02116924152,-0.6150869727,-0.5631656051,0.6886523962,1.248873353,2.296854258
ikflow,37,0.3029382229,0.01158074569,-0.5997238755,-0.5726801157,0.6760027409,1.253274083,2.288303614
ikflow,37,-0.04118620232,0.01891840249,-0.2458647043,-0.5609034896,0.6695007086,1.244191885,2.299756765
ikflow,37,0.3689545989,0.03854104131,-0.7321282625,-0.5489432216,0.7673239708,1.220877647,2.273471117
ikflow,37,-0.05260562897,0.02583964728,-0.2379134148,-0.5466061831,0.6642121077,1.243548393,2.295180559
ikflow,37,2.079850674,-0.4210268557,-0.9601929784,-0.4921696782,-0.7190793157,1.200527906,2.547302723
ikflow,37,1.968355894,-0.4186866581,-0.9705899358,-0.5538977981,-0.5741016865,1.225756407,2.557218313
ikflow,37,1.932985067,-0.3791178763,-1.053883076,-0.5426676869,-0.4468254149,1.245110035,2.550083876
ikflow,37,0.08932483941,0.03802511096,-0.4122226536,-0.5317274332,0.6893402934,1.231832504,2.29488945
ikflow,37,2.045833349,-0.3546285033,-1.192047834,-0.4619677663,-0.4045018852,1.231221795,2.529803276
ikflow,37,0.08338341862,0.02607513592,-0.3933095038,-0.5488951802,0.6932712793,1.244169593,2.302487612
ikflow,37,-0.07050413638,0.0396265313,-0.2267730832,-0.5212453604,0.6540432572,1.239390016,2.305759668
ikflow,37,0.1912737638,0.05828492343,-0.5530980229,-0.4961997271,0.6979687214,1.214134097,2.290762901
ikflow,37,0.2530793846,0.02090307698,-0.5678738356,-0.5669323802,0.6928212047,1.245745897,2.289126396
ikflow,37,0.002179391449,0.04983730987,-0.3495630622,-0.5128237605,0.758862555,1.220207334,2.308630943
ikflow,37,0.08627854288,0.03275647387,-0.397318542,-0.5358802676,0.687099874,1.239925265,2.288672686
ikflow,37,-2.897300005,-0.06489456445,2.517792702,-0.488838762,0.7471595407,1.203538656,2.262087345
ikflow,37,0.3498488069,0.04260231927,-0.7183898091,-0.5278211832,0.7311419249,1.219952464,2.283527136
ikflow,37,-0.1130346358,0.07278190553,-0.2173096389,-0.4651764035,0.7123135328,1.210904717,2.305248976
ikflow,37,0.6855570078,0.04159739986,-1.060548425,-0.5555544496,0.7422897816,1.235559464,2.285746574
ikflow,37,-2.80387187,-0.2305463552,1.773927331,-0.3643800914,1.470791936,1.071620464,2.244663715
ikflow,37,2.402867317,-0.4086250067,-0.9742840528,-0.2969201207,-1.020301342,1.134996533,2.515582085
ikflow,37,0.2778475285,0.0254887864,-0.6013650894,-0.5490380526,0.6883642077,1.243150353,2.295033932
ikflow,37,0.1540206224,0.001716339961,-0.4249486625,-0.5893492103,0.6546300054,1.260824919,2.292748451
ikflow,37,-0.2327222377,0.05818184838,-0.04514189437,-0.4894946814,0.6443892717,1.225589871,2.307726383
ikflow,37,0.09806092083,0.02978687175,-0.4094961882,-0.5398553014,0.6883469224,1.243020415,2.285198927
ikflow,37,-0.8667952418,0.1080531701,0.8157017827,-0.4482344389,0.4209321439,1.236286521,2.354339123
ikflow,37,0.06500983238,0.04545555264,-0.3895752728,-0.5178478956,0.7000129223,1.233459949,2.286015987
ikflow,37,0.1927030087,0.01959845051,-0.4872554541,-0.5582428575,0.6688858867,1.249306798,2.304093122
ikflow,37,-2.897300005,-0.2676824331,1.661285162,-0.3097555935,1.672821164,1.048354268,2.285273075
ikflow,37,-0.2533459663,0.04635797814,-0.01310218778,-0.5083388686,0.6259117723,1.236104965,2.322136164
ikflow,37,-2.189190388,-0.2247130275,1.246306539,-0.5753288269,1.304676175,1.131362557,2.172254086
ikflow,37,2.067340612,-0.479550451,-0.8520104885,-0.5604810119,-0.7559034824,1.205269217,2.596886396
ikflow,37,0.6771749258,0.06540476531,-1.124153495,-0.527680099,0.8093317151,1.222804904,2.249701023
ikflow,37,-0.5086887479,0.1601844132,0.361780256,-0.3255564272,0.5654403567,1.188052297,2.372795582
ikflow,37,0.2639604211,0.04367486015,-0.6176066995,-0.5219372511,0.7208010554,1.231757522,2.296855927
ikflow,37,1.244758606,0.03477666155,-1.606935143,-0.5893443823,0.7277591825,1.263215899,2.269024611
ikflow,37,-0.01209845487,0.04324562103,-0.3166639507,-0.5185021162,0.7181472182,1.231731772,2.31614399
ikflow,37,-0.6134985089,-0.002508204896,0.3423294425,-0.5863608718,0.6248210073,1.269629359,2.299205542
ikflow,37,-0.2160924822,0.04332705215,-0.06134334207,-0.5171602964,0.642708838,1.241830468,2.303221703
ikflow,37,-0.3140488565,0.1168971062,0.04017602652,-0.3809033036,0.65651685,1.192415714,2.322403669
ikflow,37,-0.5233094692,0.01432996616,0.2531534731,-0.5642242432,0.6550756693,1.258002877,2.288005829
ikflow,38,1.955416083,1.222649813,1.102790117,-0.286092639,1.941787004,1.662864685,2.5769701
ikflow,38,2.222721577,1.617108107,-2.897300005,-0.5813821554,-0.1649270654,1.928224683,2.675369978
ikflow,38,1.958906531,1.22879231,1.127787352,-0.2847941518,1.942078829,1.660260201,2.567109823
ikflow,38,1.96601963,1.227827191,1.080560803,-0.2606497407,1.908530354,1.661673903,2.587594271
ikflow,38,2.033129215,1.117644668,0.3837080896,-0.3482444286,2.620072126,1.567131639,2.621119499
ikflow,38,1.968319178,1.218014121,1.049758196,-0.267516613,2.014567375,1.654554129,2.581685066
ikflow,38,1.979074121,1.117426753,0.5971289277,-0.3772830963,2.427240372,1.577625871,2.600216627
ikflow,38,2.267580986,1.316963911,-1.729641795,-0.2380009443,-1.465749383,1.736049056,2.76155448
ikflow,38,-1.192832589,-1.394160509,-0.9789492488,-0.3401118815,1.003341198,1.794979453,2.574200392
ikflow,38,2.358560562,1.110545278,-0.8739811182,-0.4899332821,-2.327100277,1.5823735,2.793413162
ikflow,38,-1.01822114,-1.094896317,2.837454081,-0.3543167412,2.859906912,1.521123409,2.721128464
ikflow,38,1.959070444,1.212530613,0.9800305963,-0.2962780297,2.044446945,1.644790292,2.583112955
ikflow,38,2.261529207,1.265227675,-1.267811179,-0.2129238844,-1.93258369,1.704840302,2.753687143
ikflow,38,1.947388411,1.263374448,1.379266143,-0.275859952,1.667152166,1.688064456,2.574295521
ikflow,38,1.966938257,1.202491045,0.8740984797,-0.2914150059,2.150797367,1.626888156,2.593238592
ikflow,38,-1.16113019,-1.350289583,-1.157618999,-0.24240309,1.156275272,1.746100664,2.616542101
ikflow,38,2.299401522,1.254850984,-1.376963854,-0.2989962995,-1.910845041,1.692637205,2.767511606
ikflow,38,2.009911537,1.163969278,0.6152576804,-0.2833538353,2.40006423,1.611894846,2.611551523
ikflow,38,1.974606514,1.195385695,0.9045146108,-0.2790029645,2.139113426,1.634256959,2.595131636
ikflow,38,1.956147909,1.103403211,0.6390721202,-0.4355825186,2.390159607,1.555795908,2.582286596
ikflow,38,2.284796,1.271138668,-1.447897077,-0.2707203627,-1.786757827,1.712198853,2.757726192
ikflow,38,1.983181119,1.199203491,0.8017075658,-0.2714430392,2.144404173,1.628899932,2.609559298
ikflow,38,-1.130272627,-1.337718248,-1.144564986,-0.1977176815,1.124873042,1.754912376,2.623848915
ikflow,38,2.051083088,1.096040368,0.2732073367,-0.390345335,2.721381664,1.528750062,2.640073776
ikflow,38,1.917305112,1.130957484,0.8453451395,-0.4416573942,2.226473331,1.584356427,2.549672604
ikflow,38,-1.138959527,-1.369941831,-0.9438160658,-0.2316086739,0.9681384563,1.771084905,2.638658762
ikflow,38,2.358740568,1.421686769,-2.14869976,-0.4534452558,-1.107059598,1.816507339,2.756211996
ikflow,38,2.053157568,1.127310395,0.3040230274,-0.3143957555,2.682039976,1.570857048,2.637604713
ikflow,38,-1.007461905,-1.434952736,0.1364795119,-0.2579709888,-0.268850863,1.807537794,2.687188387
ikflow,38,-1.01192522,-1.427082062,0.1220736653,-0.2364654541,-0.1965721399,1.818590522,2.689941406
ikflow,38,-1.044346809,-1.411189795,-0.1246565655,-0.2111865133,0.06769173592,1.811393261,2.673644066
ikflow,38,1.910730004,1.226726532,1.256275654,-0.3454032242,1.798330665,1.661615491,2.561400652
ikflow,38,2.02010417,1.117253423,0.4143023491,-0.3703356385,2.555221558,1.551546454,2.622245789
ikflow,38,2.255952835,1.19262743,-0.9131907225,-0.2734291255,-2.297295809,1.666728377,2.748598576
ikflow,38,-1.015782118,-1.390640616,0.1405205727,-0.1661075652,-0.2440974116,1.78257513,2.684291601
ikflow,38,2.271052599,1.270522833,-1.451046109,-0.2399920225,-1.741253018,1.723111987,2.754130363
ikflow,38,-1.021331429,-1.459439039,0.01574960724,-0.3061202765,-0.06599330157,1.849929571,2.691825867
ikflow,38,2.294301987,1.252979994,-1.362163186,-0.2974953353,-1.899963617,1.69545579,2.768146992
ikflow,38,2.241164446,1.307406068,-1.571178079,-0.1878716648,-1.615843892,1.736654162,2.743299246
ikflow,38,-1.160174131,-1.322963595,-1.312287688,-0.2369126379,1.335527062,1.734801531,2.624429226
ikflow,38,1.990828872,1.161681533,0.7133158445,-0.3002338707,2.357714891,1.615213633,2.602777719
ikflow,38,2.062099218,1.122788787,0.2570929229,-0.3243182003,2.699904919,1.567852139,2.646582365
ikflow,38,2.246851206,1.198933721,-0.834854722,-0.2440268993,-2.37699151,1.654941916,2.733512402
ikflow,38,-1.137370706,-1.383307338,-0.8396009803,-0.244349122,0.8606191278,1.782996774,2.625856161
ikflow,38,2.046817541,1.166299582,0.3881142139,-0.2669817805,2.542232513,1.593864322,2.631467819
ikflow,38,2.01134038,1.12598145,0.5253243446,-0.3471142948,2.500184298,1.579657197,2.603649139
ikflow,38,2.269745111,1.207876801,-1.020959377,-0.2743109465,-2.132575274,1.672737002,2.756044865
ikflow,38,1.959519744,1.154118299,0.799128592,-0.3431454301,2.225517511,1.60291338,2.578492165
ikflow,38,-1.112278581,-1.434224486,-0.502756536,-0.2997539043,0.476374656,1.821304917,2.658949375
ikflow,38,2.413380384,1.290865302,-1.624727964,-0.4670442641,-1.646404743,1.723591566,2.814632177
ikflow,39,2.486646652,-1.31660676,-0.9294443727,-0.8230683804,0.5022706985,2.40358901,-2.897300005
ikflow,39,2.471556425,-1.288648605,-0.9860128164,-0.8125523925,0.6085895896,2.3831532,-2.897300005
ikflow,39,0.2627423704,1.213410378,-1.900739074,-0.7960937619,-2.239809036,1.855973363,-2.551337481
ikflow,39,0.3043853343,0.9833609462,-1.452341318,-0.834528327,-2.688514233,1.731191635,-2.671583652
ikflow,39,0.2861016393,1.126995802,-1.72641468,-0.8016062379,-2.412303209,1.80618608,-2.589687347
ikflow,39,-0.4687670171,1.487157702,2.630214691,-0.8442483544,-0.140174821,2.442673445,-2.781322956
ikflow,39,0.3006384671,1.048911452,-1.572119474,-0.8163172603,-2.554663897,1.764041781,-2.629225731
ikflow,39,-0.3560203612,0.6387732625,0.2116672397,-0.7959186435,2.384067535,1.809346914,-2.897300005
ikflow,39,-0.3841975927,0.6430521607,0.2728177011,-0.7981117368,2.380613565,1.812986612,-2.897300005
ikflow,39,0.2997001112,1.091437459,-1.661043167,-0.818675518,-2.494762659,1.778801203,-2.605250597
ikflow,39,-0.03822544962,1.496921897,-2.782548904,-0.7527049184,-1.287960649,2.187008619,-2.482600689
ikflow,39,2.601800442,-0.6909855008,-2.526296854,-0.7876697183,2.156900406,1.87499702,-2.897300005
ikflow,39,-0.535892427,0.6898389459,0.6066433787,-0.777439177,2.114185095,1.894006729,2.897300005
ikflow,39,-0.6903005838,0.8392609954,1.130898356,-0.7487092614,1.720341325,2.033872366,2.897300005
ikflow,39,-0.3715875447,0.6318889856,0.2369869351,-0.8122689128,2.379445076,1.806594968,-2.897300005
ikflow,39,0.2938173115,0.97253263,-1.423147082,-0.8202386498,-2.705313683,1.738057017,-2.663317919
ikflow,39,-0.4919314086,0.6789339185,0.514339149,-0.7841373086,2.252753019,1.857797861,-2.897300005
ikflow,39,-0.01358215231,1.492318392,-2.731418371,-0.7586770058,-1.353044152,2.172801256,-2.486963749
ikflow,39,2.504558086,-1.349145412,-0.8640138507,-0.8383646011,0.4276743531,2.428350449,-2.897300005
ikflow,39,2.513338089,-0.7447253466,-2.288554192,-0.7758135796,1.945895553,1.951243162,2.897300005
ikflow,39,-0.02367964573,1.492396116,-2.749468088,-0.754157424,-1.327501297,2.182408333,-2.494390726
ikflow,39,-0.3575143814,0.6412127018,0.2132937163,-0.7923825383,2.389570713,1.808785796,-2.897300005
ikflow,39,-0.7412219048,1.115426302,1.802131295,-0.7797663808,1.066808701,2.2623353,-2.897300005
ikflow,39,0.3086349368,1.05821228,-1.600795627,-0.8330619931,-2.563013077,1.762275934,-2.609290123
ikflow,39,-0.7060736418,0.8474205136,1.170505404,-0.7590966225,1.691620111,2.041224718,2.897300005
ikflow,39,2.439831018,-1.211186409,-1.141601086,-0.7855830789,0.8000150323,2.333756208,-2.897300005
ikflow,39,-0.2705384493,1.115815878,2.218099117,-0.08624318242,0.2664909065,2.095078945,-2.838187933
ikflow,39,-0.1698074043,1.121308684,-2.148456097,-0.1002439037,-1.723459482,2.050484419,-2.786602736
ikflow,39,-0.5079629421,0.691929698,0.5591746569,-0.7708699703,2.201580763,1.871329069,-2.897300005
ikflow,39,-0.7248725295,1.136706948,1.840611815,-0.7697079778,1.043700695,2.270769358,-2.897300005
ikflow,39,0.3007212579,1.039980292,-1.558237553,-0.8199314475,-2.596848726,1.75479579,-2.62714076
ikflow,39,0.3031845689,0.9573472738,-1.405064106,-0.8409920335,-2.757696629,1.719521403,-2.685359955
ikflow,39,-0.382530421,0.6438111663,0.2641753852,-0.7936158776,2.352847815,1.820489764,-2.897300005
ikflow,39,-0.4841220379,0.6778845191,0.4987550378,-0.7849928737,2.258499861,1.846148491,-2.897300005
ikflow,39,-0.62630862,0.7588865757,0.8759068847,-0.7585762739,1.928475499,1.967334151,2.897300005
ikflow,39,-0.336176753,0.639454186,0.1712064296,-0.7943891883,2.405251741,1.797039628,-2.897300005
ikflow,39,0.2940464616,1.098001003,-1.672454119,-0.8084790111,-2.472503424,1.786074042,-2.595579863
ikflow,39,0.2934232652,1.088320136,-1.650079846,-0.8091238737,-2.504518032,1.779675484,-2.604623079
ikflow,39,2.523669481,-1.375090718,-0.8151584268,-0.8466332555,0.3186191916,2.431705952,-2.897300005
ikflow,39,0.2798531055,1.138727307,-1.747619629,-0.7975406647,-2.405672073,1.804706693,-2.583956718
ikflow,39,2.736102343,-1.516361833,-0.3939779997,-0.8362209201,-0.3623393476,2.421815395,-2.682414532
ikflow,39,-0.5565156937,0.6992122531,0.6559245586,-0.7839829326,2.100064516,1.89573276,2.897300005
ikflow,39,-0.6627051234,0.7780455947,0.9677706957,-0.7711228132,1.852864981,1.984867573,2.897300005
ikflow,39,-0.4559045136,1.485329747,2.649434328,-0.826317668,-0.1714737713,2.429549456,-2.747024775
ikflow,39,-0.7181375027,1.198391676,1.971478343,-0.7980090976,0.8744593263,2.32024765,-2.897300005
ikflow,39,-0.04323977605,1.507006288,-2.800355434,-0.763974607,-1.282694697,2.196993351,-2.494174242
ikflow,39,0.2178049237,1.292856097,-2.079618454,-0.7785061598,-2.041470289,1.923308969,-2.513898134
ikflow,39,2.661818266,-1.486437082,-0.527185142,-0.8488776088,-0.1300783455,2.440368891,-2.780098915
ikflow,39,2.479554176,-1.29883039,-0.9614548087,-0.8106900454,0.5511508584,2.388637066,-2.897300005
ikflow,39,-0.3872173727,0.6398663521,0.271790117,-0.8007277846,2.364367485,1.814148784,-2.897300005
ikflow,40,-0.01278689783,-0.2120727748,-1.630924344,-2.619442701,2.647856236,2.506731749,-2.877000093
ikflow,40,-2.847671032,0.007151492871,1.237951756,-2.646591425,2.601878166,2.405083179,-2.642898798
ikflow,40,0.9733679891,-0.003078405745,-2.582154512,-2.646855593,2.595312834,2.403285742,-2.645703793
ikflow,40,-1.693433881,0.001056279987,0.08494395018,-2.646973372,2.61097002,2.405999184,-2.645563602
ikflow,40,-1.636603594,0.001795475138,0.02753490023,-2.64870739,2.599173546,2.398717642,-2.635771751
ikflow,40,-0.1706404537,-1.289420247,-1.797858477,-2.532930851,-2.894562483,2.760268927,1.693730235
ikflow,40,-2.083863735,0.001952194725,0.4737946987,-2.646976471,2.598776817,2.404379606,-2.631384134
ikflow,40,-0.01490910351,-0.3259156942,-1.646183848,-2.600786448,2.648740768,2.566960812,-2.897300005
ikflow,40,0.05677498505,0.7297369838,-1.529958367,-2.726505756,2.642991066,2.050630331,-2.018942356
ikflow,40,0.008018891327,0.2149693072,-1.580131888,-2.67326355,2.599142313,2.296523094,-2.438243151
ikflow,40,-2.076247692,0.001407162054,0.4674429595,-2.645334959,2.601016521,2.411902428,-2.650073051
ikflow,40,-2.69879055,0.004508242477,1.093529224,-2.641610622,2.551907539,2.4306705,-2.630745649
ikflow,40,-2.097287655,0.0028652451,0.4869181514,-2.647194624,2.61964488,2.404005051,-2.654488087
ikflow,40,-0.1185824424,0.03762445971,-1.483938336,-2.649380207,2.589734316,2.385812283,-2.602790117
ikflow,40,-0.008009261452,-0.2183573097,-1.635633826,-2.618788481,2.631904602,2.508776188,-2.875261784
ikflow,40,-0.05311051011,-0.6300718784,-1.67044735,-2.559760809,2.787968636,2.688305378,2.897300005
ikflow,40,-1.473853111,0.002195560606,-0.1350798905,-2.644841194,2.604958057,2.407765865,-2.654747725
ikflow,40,-2.450993061,0.00464407308,0.8423219323,-2.646995306,2.601091146,2.400475502,-2.639831305
ikflow,40,-2.294532537,0.003538642777,0.6870492697,-2.646173477,2.590154648,2.410522938,-2.640038252
ikflow,40,-1.511036754,0.004525643773,-0.09796380252,-2.64383626,2.597239733,2.410471201,-2.650096178
ikflow,40,-1.649278641,0.0008525068988,0.04076273367,-2.647664785,2.597878933,2.4088974,-2.651044369
ikflow,40,-0.006260695402,-0.2214976549,-1.636378884,-2.616178274,2.639378786,2.517884493,-2.885597229
ikflow,40,-1.050069451,0.0003312831686,-0.5586990714,-2.649877548,2.608664036,2.400749207,-2.650238752
ikflow,40,-0.2511642277,-1.56649828,-1.852024078,-2.563939571,-2.75406146,2.684819937,1.264162302
ikflow,40,0.02862970531,0.4833107293,-1.55696547,-2.70156455,2.602189779,2.160754681,-2.209792852
ikflow,40,-0.01772169583,-0.3107430339,-1.640261889,-2.602867126,2.652224541,2.558731318,-2.897300005
ikflow,40,-0.00701935403,-0.266572237,-1.645213485,-2.611001968,2.642703772,2.530715227,-2.897300005
ikflow,40,-1.450296283,0.001445423928,-0.1587301642,-2.646267653,2.598195553,2.412038565,-2.637231588
ikflow,40,-1.727355719,0.00143986952,0.117246531,-2.645818472,2.595407009,2.406034231,-2.641228676
ikflow,40,-0.1897610575,0.02705908194,-1.416581631,-2.649722338,2.596201181,2.383708239,-2.615339518
ikflow,40,-1.525679111,0.004416729789,-0.0814870894,-2.645761728,2.600840569,2.404509544,-2.637988091
ikflow,40,0.1475822479,1.390072465,-1.403598666,-2.781627417,2.897300005,1.80350852,-1.513502598
ikflow,40,-2.721860409,-0.001125497743,1.113007307,-2.647979736,2.586382389,2.408573627,-2.630503416
ikflow,40,-1.026296854,0.002430280438,-0.5836321115,-2.645518064,2.60289073,2.407214642,-2.641170025
ikflow,40,0.02749465592,0.4762780964,-1.555136919,-2.70052886,2.612700462,2.163827896,-2.222645283
ikflow,40,-0.01570732892,-0.2069791853,-1.62810123,-2.619385719,2.628709555,2.502962589,-2.871528149
ikflow,40,-1.866445899,0.003495063866,0.255281955,-2.646080256,2.61510396,2.401415825,-2.65204525
ikflow,40,-2.595368862,0.004132919479,0.9871274829,-2.64363575,2.599711418,2.410569668,-2.651238203
ikflow,40,0.1347634345,1.35098958,-1.415996552,-2.773345709,2.860519171,1.818850756,-1.533783913
ikflow,40,0.06088157371,0.7749586105,-1.526368499,-2.731760025,2.657976627,2.028382778,-1.987602711
ikflow,40,0.6259778142,-0.003962328192,-2.234937906,-2.648301601,2.601524591,2.395246267,-2.641863108
ikflow,40,-0.04471823573,0.04474332929,-1.556705952,-2.653322935,2.580509663,2.373615026,-2.585199594
ikflow,40,0.05175179988,0.6701496243,-1.539189458,-2.722354412,2.632529974,2.070346594,-2.057368755
ikflow,40,-2.225892305,-0.002117647324,0.6151655316,-2.651584148,2.604175091,2.394898176,-2.629453182
ikflow,40,-2.435336351,0.006428612396,0.8250951767,-2.642560005,2.57278657,2.417164803,-2.632628202
ikflow,40,-0.01754587144,-0.1784805506,-1.623101473,-2.627252817,2.631568909,2.486070633,-2.829946995
ikflow,40,0.0225845594,0.4665334523,-1.554740787,-2.698673725,2.597116947,2.171329498,-2.229548693
ikflow,40,-1.160627842,-0.0001559219672,-0.447568208,-2.647146463,2.601902008,2.40321517,-2.641803026
ikflow,40,0.01478300709,-0.006022141781,-1.62708962,-2.648248911,2.606091738,2.404459238,-2.65926075
ikflow,40,2.191609144,-0.002246930264,2.484748363,-2.647363663,2.621869326,2.399457693,-2.671603918
ikflow,41,1.747739315,-1.713178515,2.745424271,-2.220762491,2.897300005,2.486106634,-1.446548104
ikflow,41,-2.341993093,1.370764852,-0.2338013202,-2.276216507,-2.897300005,2.261394978,2.897300005
ikflow,41,-2.638430357,1.310944438,-0.1250482202,-2.298291922,-2.845446587,2.192886591,2.872630596
ikflow,41,-2.503503799,1.337847471,-0.1772101372,-2.286092758,-2.897300005,2.21556139,2.897300005
ikflow,41,-2.352238417,1.360194921,-0.2295281291,-2.278406858,-2.897300005,2.263515234,2.897300005
ikflow,41,-2.285642147,1.379432797,-0.2510320544,-2.263168097,-2.810701609,2.311532021,2.897300005
ikflow,41,-2.529450417,1.324442506,-0.1671423465,-2.285806417,-2.819725513,2.230015755,2.897300005
ikflow,41,-2.614119768,1.307149649,-0.1333179325,-2.306530952,-2.897300005,2.189066887,2.798874617
ikflow,41,1.762737274,-1.718583584,2.744134903,-2.218122959,2.897300005,2.50184083,-1.279371023
ikflow,41,-2.504516602,1.327492118,-0.1755439043,-2.292747736,-2.815543175,2.225706577,2.897300005
ikflow,41,-2.658939838,1.315803528,-0.1177500039,-2.290788889,-2.897300005,2.178661108,2.897300005
ikflow,41,-2.775386333,1.301647305,-0.07038342953,-2.300514221,-2.873399496,2.167553186,2.802961111
ikflow,41,1.767619371,-1.721095324,2.75155139,-2.221297264,2.897300005,2.480050802,-1.36497581
ikflow,41,-2.618829489,1.322283983,-0.1346602589,-2.292504072,-2.897300005,2.187490463,2.897300005
ikflow,41,-2.311994791,1.383855104,-0.2394836396,-2.272009373,-2.897300005,2.2622118,2.897300005
ikflow,41,-2.715344667,1.300858736,-0.09714101255,-2.292761564,-2.872454882,2.181288004,2.897300005
ikflow,41,-2.319004536,1.380081177,-0.235060364,-2.265693665,-2.863928556,2.275326014,2.897300005
ikflow,41,-2.80876112,1.293429852,-0.0546316579,-2.322319269,-2.897300005,2.110660553,2.711834431
ikflow,41,-2.210811138,1.401400447,-0.2714052498,-2.260271072,-2.897300005,2.310246944,2.897300005
ikflow,41,-2.654935122,1.305274606,-0.1114799604,-2.288270235,-2.801245689,2.205496073,2.897300005
ikflow,41,-2.38271451,1.358117938,-0.2187303454,-2.269409418,-2.87959981,2.268395901,2.897300005
ikflow,41,-1.999538541,1.463116646,-0.3304430544,-2.235905647,-2.841783047,2.438447237,2.897300005
ikflow,41,-2.039664268,1.444477558,-0.3181228042,-2.262146235,-2.897300005,2.346278667,2.897300005
ikflow,41,-2.355141878,1.352671266,-0.2281918824,-2.277919531,-2.897300005,2.283329248,2.897300005
ikflow,41,-2.552009106,1.316007018,-0.1527851969,-2.292225599,-2.897300005,2.225369453,2.897300005
ikflow,41,-2.656592846,1.297321439,-0.1162417755,-2.297380686,-2.814102888,2.199248791,2.897300005
ikflow,41,-2.514913082,1.325092673,-0.1686053425,-2.284367323,-2.897300005,2.23089695,2.897300005
ikflow,41,-2.533739805,1.31368041,-0.1612220556,-2.297636747,-2.897300005,2.230344296,2.888441324
ikflow,41,-1.640677929,1.634290338,-0.3736693561,-2.132770061,2.897300005,2.74608326,-1.469022751
ikflow,41,-2.276351452,1.370123029,-0.2523222268,-2.282467842,-2.897300005,2.275091887,2.897300005
ikflow,41,-1.71159482,1.634308338,-0.3670807481,-2.109340429,2.897300005,2.750128984,-1.56516552
ikflow,41,1.777490735,-1.734998703,2.750870943,-2.21521759,2.897300005,2.502379894,-1.23250556
ikflow,41,-2.719969273,1.296444178,-0.09433931112,-2.310419559,-2.814464569,2.169065952,2.801212311
ikflow,41,1.713552237,-1.713626742,2.754816294,-2.197300911,2.897300005,2.522662401,-1.37582612
ikflow,41,-2.391966343,1.359622955,-0.2110204548,-2.262012005,-2.831152678,2.281118155,2.897300005
ikflow,41,-2.426341295,1.353546381,-0.2086295038,-2.281094551,-2.876360893,2.256749392,2.897300005
ikflow,41,1.711249948,-1.693531871,2.749366999,-2.204781771,2.867699623,2.559822321,-1.247144461
ikflow,41,-2.696476936,1.311235428,-0.1063001677,-2.286692142,-2.804458141,2.190291166,2.897300005
ikflow,41,-2.836592674,1.304744244,-0.04561935738,-2.296489716,-2.897300005,2.144637346,2.829924583
ikflow,41,-2.681849241,1.30951035,-0.1126496419,-2.277451754,-2.800021887,2.221185446,2.897300005
ikflow,41,-2.335842609,1.353977561,-0.2287109494,-2.285743237,-2.897300005,2.27096343,2.897300005
ikflow,41,1.616448402,-1.672013879,2.770290136,-2.156572104,2.777929544,2.704412699,-1.265722871
ikflow,41,-2.678463459,1.29288125,-0.1084310636,-2.304549932,-2.747880459,2.193266153,2.732337952
ikflow,41,-2.420255899,1.337608457,-0.2082459331,-2.277746439,-2.88976717,2.273530483,2.897300005
ikflow,41,-2.172384024,1.405075669,-0.2833857536,-2.261365414,-2.897300005,2.32136178,2.897300005
ikflow,41,-2.649783134,1.304843783,-0.121513471,-2.289426804,-2.869608879,2.193588495,2.897300005
ikflow,41,-1.976817131,1.468458533,-0.3287876248,-2.248461008,-2.897300005,2.406052589,2.897300005
ikflow,41,-2.652951002,1.302602053,-0.1210383624,-2.290778875,-2.842200518,2.194237471,2.897300005
ikflow,41,-2.714018106,1.290880442,-0.09548196197,-2.2977736,-2.863573074,2.184392214,2.862679958
ikflow,41,-2.323343992,1.381823063,-0.2395124882,-2.275456905,-2.897300005,2.276516199,2.897300005
ikflow,42,1.112565398,-0.8317102194,0.820194602,-1.636156321,-2.326761007,3.131038904,-1.380974531
ikflow,42,1.935003638,-0.4705725908,0.498742193,-1.809755206,-2.160842419,2.683918476,-2.093324423
ikflow,42,1.026784539,-0.8853614926,1.045385122,-1.966688156,0.5036208034,3.543350697,2.193935156
ikflow,42,-1.716021061,0.6553664207,-2.396188974,-1.747088313,-2.136353493,2.914486408,-1.840847731
ikflow,42,1.131579161,-0.8208898902,0.8145874143,-1.649501443,-2.283793688,3.113196373,-1.439845562
ikflow,42,1.012261271,-0.9094793797,1.030112028,-1.976935029,0.4569265246,3.535666466,2.252906322
ikflow,42,0.8510142565,-1.095626712,1.005991936,-1.61269784,2.379554987,3.167220354,0.5395767689
ikflow,42,0.9489203691,-0.9928549528,0.9420871735,-2.005814314,0.1081566438,3.52574563,2.678797007
ikflow,42,-1.494302869,0.5572081804,-2.485007524,-1.780497074,-2.1620965,2.797630072,-1.962891459
ikflow,42,0.6772418022,-1.368927479,0.8872562647,-1.736660242,2.148848534,2.93672061,1.066565037
ikflow,42,1.074895024,-0.8539893627,0.828121841,-1.616268873,-2.36704421,3.158679724,-1.309925675
ikflow,42,2.072346926,-0.4430447519,0.4122796059,-1.821730137,-2.179606915,2.638183594,-2.145097494
ikflow,42,0.8986648321,-0.9969283342,0.9807727337,-1.526054382,2.843323469,3.221067667,-0.02021506242
ikflow,42,0.3621195257,-1.694069624,0.6351134777,-1.824592352,2.182708979,2.613391399,1.441046834
ikflow,42,1.90350914,-0.4751622081,0.5176479816,-1.804619431,-2.162808657,2.699723959,-2.080314636
ikflow,42,2.153666973,-0.429761827,0.3600029349,-1.826141477,-2.184063911,2.604883909,-2.169601202
ikflow,42,1.761624455,-0.5166381598,0.5963355899,-1.790993094,-2.147110224,2.762218714,-2.013113499
ikflow,42,-2.111284494,0.8888818026,-2.088855267,-1.961724281,0.5595757365,3.524291515,2.139132977
ikflow,42,0.9744511247,-0.9286572933,0.8654729724,-1.552086353,-2.676989317,3.208563089,-0.8978239894
ikflow,42,1.097421646,-0.8417810798,0.8245324492,-1.626795888,-2.353068829,3.139017105,-1.347298741
ikflow,42,0.7865982056,-1.204546452,0.9698105454,-1.669945478,2.24233532,3.089067936,0.7879660726
ikflow,42,-2.203091145,1.008105874,-2.261929512,-2.007208586,-0.1755912602,3.522358418,2.897300005
ikflow,42,0.7982504368,-1.184937954,0.9774637818,-1.660091758,2.266773701,3.102266073,0.7487246394
ikflow,42,0.8221827149,-1.1394732,0.9897847772,-1.62888217,2.359291077,3.139429808,0.6100488901
ikflow,42,1.025643468,-0.8972647786,0.9907953143,-1.99595201,0.2588618696,3.550987005,2.434944153
ikflow,42,1.615131855,-0.5642722249,0.6708212495,-1.771148086,-2.138970137,2.822225571,-1.94228363
ikflow,42,0.9983808994,-0.9128576517,0.8544472456,-1.568970203,-2.593370914,3.195526361,-1.010216832
ikflow,42,-2.246770144,-0.8082083464,-0.7936724424,-1.958990335,-2.592486858,1.976019979,-2.823114634
ikflow,42,2.270193815,-0.4180853963,0.2802936733,-1.838274956,-2.188704491,2.573916197,-2.210976601
ikflow,42,0.7463853359,-1.269531369,0.9403889179,-1.700425625,2.172887087,3.02934432,0.929480195
ikflow,42,1.064741135,-0.8263083696,1.08470583,-1.938749194,0.6521502137,3.562713861,1.977856755
ikflow,42,1.211201549,-0.7707947493,0.7994681597,-1.683992267,-2.212692976,3.063009977,-1.584252
ikflow,42,-1.282120824,0.4918295741,-2.596971989,-1.805418849,-2.167135239,2.707700729,-2.050866842
ikflow,42,0.9855924845,-0.9155476689,0.8639261723,-1.552838206,-2.658794165,3.207118273,-0.9304687977
ikflow,42,1.016504884,-0.9032946825,1.003080964,-1.991476417,0.3123639226,3.54743886,2.392647743
ikflow,42,0.8280407786,-1.130355716,0.9943928123,-1.622222066,2.359642267,3.151192904,0.595872581
ikflow,42,-2.443670511,-0.6743029952,-0.7290304303,-1.937653065,-2.503417969,2.066711903,-2.704992771
ikflow,42,1.146417618,-0.6860951781,1.159049153,-1.874464512,0.8707789779,3.643558741,1.622755647
ikflow,42,1.03044951,-0.887591958,1.014550686,-1.988364935,0.3593638539,3.549890995,2.323422432
ikflow,42,-2.147943258,0.9449970722,-2.154066324,-1.998502731,0.2826576531,3.523609638,2.458606482
ikflow,42,1.28783977,-0.724794507,0.7869798541,-1.706188679,-2.198251247,3.008039713,-1.669297218
ikflow,42,1.906310916,-0.4736448824,0.5162411332,-1.805241466,-2.13950634,2.695258379,-2.103815556
ikflow,42,2.069110632,-0.4433212578,0.416713953,-1.820216775,-2.168823719,2.631701231,-2.146429777
ikflow,42,-2.555138826,-0.6122843623,-0.6815812588,-1.923975348,-2.449173689,2.119984865,-2.640746355
ikflow,42,0.968134284,-0.9725450277,0.9478641152,-2.008699656,0.1125031188,3.527560234,2.651875496
ikflow,42,0.8994144201,-0.9951499104,0.997844398,-1.528809667,2.756875992,3.23752141,0.06360703707
ikflow,42,2.004464626,-0.4545363188,0.4567094743,-1.816327214,-2.163882494,2.660254002,-2.129218102
ikflow,42,1.090619802,-0.8455420136,0.8246444464,-1.625469923,-2.342533588,3.140007019,-1.348899245
ikflow,42,1.002759814,-0.9069378376,0.8541380763,-1.56947875,-2.590134382,3.197836876,-1.017871022
ikflow,42,-2.288860798,1.079219341,-2.156963587,-1.570827127,2.626231194,3.180170774,0.277504921
ikflow,43,-1.547383189,-0.2615519464,0.7584056258,-1.371806026,1.95281136,2.837894917,2.126586914
ikflow,43,1.074668884,-0.2061356455,-1.754734874,-1.046730995,-1.85959506,3.490933657,-0.7472417951
ikflow,43,1.071639895,-0.1458940655,-1.844244599,-1.094013691,-1.665587187,3.532620192,-0.857514143
ikflow,43,1.110975146,-0.7487913966,-1.097518325,-1.325590849,-1.868323088,3.012017488,-1.494612098
ikflow,43,0.8099170923,-0.3528034389,-0.9159019589,-1.311261058,1.432695627,3.307982683,1.924186826
ikflow,43,0.6588518023,-0.292314589,-0.8608466387,-1.302304029,1.56726253,3.245672464,1.88112855
ikflow,43,0.8843218684,-0.376634568,-0.9416706562,-1.285667777,1.466100216,3.343238115,1.83708787
ikflow,43,0.8907603025,-0.442902863,-0.9246098399,-1.437481523,0.9392807484,3.384004116,2.321597815
ikflow,43,1.292455792,-0.5817750692,-0.9460825324,-1.13936317,1.471762538,3.579432487,1.432045579
ikflow,43,0.8570286036,-0.3962745965,-0.9151988029,-1.354243755,1.271516204,3.341153145,2.038626909
ikflow,43,0.7644057274,-0.3854351938,-1.196445107,-1.482103467,-0.8010748029,3.354944468,-2.07546711
ikflow,43,-1.418702841,-0.2321524769,0.6789938211,-1.363637209,1.925549626,2.877909422,2.095717192
ikflow,43,-1.350360394,-0.2217197567,0.631639719,-1.36661005,1.892445803,2.889333725,2.103049994
ikflow,43,-2.172564745,0.1890791208,1.462034345,-1.134027004,-1.633730292,3.49078536,-0.9612569809
ikflow,43,0.7406933308,-0.3861009181,-1.155255079,-1.5142138,-0.6578649879,3.360282898,-2.216224909
ikflow,43,0.7317752242,-0.3625953794,-1.17545855,-1.499614954,-0.6987380385,3.371717453,-2.147744179
ikflow,43,-1.477149487,-0.2451855391,0.7163338065,-1.370004296,1.929285407,2.862613201,2.106464624
ikflow,43,1.302396655,-1.007773399,-0.9069538116,-1.390477538,-1.993045449,2.758190393,-1.734393239
ikflow,43,0.8578657508,-0.4063638151,-0.9142159224,-1.388981462,1.14097774,3.356298447,2.148859262
ikflow,43,-2.230451107,0.4155286849,1.808257699,-1.266830325,-1.590018392,3.304083824,-1.328491926
ikflow,43,-2.264158487,0.1927932054,1.559072375,-1.193948984,-1.501147032,3.489430666,-1.102892876
ikflow,43,-1.683674932,0.09844512492,0.8181388974,-1.049575567,-1.618462682,3.597851515,-0.7875424623
ikflow,43,-2.143420219,0.2279714346,1.490555286,-1.097054005,-1.781110764,3.460646152,-0.8715419173
ikflow,43,1.240077615,-0.2561484575,-1.808032632,-0.8994085789,-2.283594847,3.492760181,-0.3915185928
ikflow,43,-2.55165267,-0.9309332371,0.8410378695,-1.502590299,2.462151527,2.256262779,2.644367218
ikflow,43,0.9119142294,-0.4581026137,-1.287230968,-1.31525135,-1.480809808,3.268178225,-1.494025111
ikflow,43,-1.362745881,-0.2217544764,0.6388086677,-1.364278555,1.895267487,2.881471872,2.108126402
ikflow,43,-1.598064065,1.253118634,2.44746542,-1.447409511,-2.205078602,2.509245396,-1.922420979
ikflow,43,1.123021483,-0.1213100106,-1.934436321,-1.102615476,-1.600864291,3.557050467,-0.8860459328
ikflow,43,-2.400889397,0.3847123086,1.989137292,-1.517650604,-0.6244084835,3.363158703,-2.267208576
ikflow,43,-0.9467248321,0.06912443787,-0.01690946147,-1.049822927,-1.523761749,3.647580147,-0.7838379741
ikflow,43,-0.03027535975,0.1438308656,-1.112616181,-1.025886178,-1.37696743,3.745098829,-0.7296947837
ikflow,43,-1.620673299,-0.2783333659,0.8019865751,-1.374082804,1.967547774,2.813280582,2.131837606
ikflow,43,-1.745070577,1.111193776,2.315754414,-1.410715938,-2.071015835,2.666844606,-1.804595232
ikflow,43,-1.598091364,-0.2796525061,0.7821195126,-1.381055474,1.957977653,2.812695503,2.142174482
ikflow,43,-1.427507758,-0.2339165956,0.6820045114,-1.36770308,1.913830876,2.866706133,2.108302832
ikflow,43,0.8998685479,-0.3634009957,-1.388823509,-1.24794817,-1.567232609,3.349526167,-1.281378031
ikflow,43,-1.876631141,0.2180615515,1.236988306,-0.9119935632,-2.176882744,3.507736683,-0.4345275462
ikflow,43,1.252330303,-0.2544470727,-1.813279033,-0.8865303397,-2.334911108,3.497604132,-0.3413161039
ikflow,43,0.8491874933,-0.3772999048,-0.9223749042,-1.323106527,1.373357654,3.324482679,1.954501152
ikflow,43,1.191868424,-0.2689765096,-1.732581377,-0.9152825475,-2.306353092,3.47285676,-0.3974677324
ikflow,43,0.6863155365,-0.3417340815,-1.125999689,-1.531956673,-0.4976119101,3.388397694,-2.332033873
ikflow,43,0.8429083228,-0.4017316997,-0.9120076895,-1.398564219,1.108229876,3.345524549,2.201553106
ikflow,43,-1.396078587,-0.2269616425,0.6648424268,-1.365707636,1.906435251,2.876029968,2.10894084
ikflow,43,-0.5474626422,-0.1623592377,0.01003216393,-1.341584682,1.773460627,3.01804781,2.011562109
ikflow,43,0.836458087,-0.36409536,-1.327008128,-1.334730983,-1.320639014,3.350666523,-1.53136158
ikflow,43,-0.6437429786,0.07015785575,-0.3533200324,-1.058185697,-1.468562961,3.675142527,-0.8142477274
ikflow,43,0.8637766242,-0.4045406878,-1.306463718,-1.329091668,-1.388899803,3.310697079,-1.515860438
ikflow,43,-1.451085806,0.07491096109,0.5402305126,-1.061295271,-1.568549871,3.624974489,-0.783508718
ikflow,43,-1.340857744,-0.2205915302,0.6219305992,-1.363671303,1.904979706,2.879875422,2.094245672
ikflow,44,-0.2953435481,0.1466386914,0.5444811583,-1.088915586,-2.499627352,2.653665066,-1.811119676
ikflow,44,0.9335400462,0.9468425512,-2.011042595,-1.18994832,-0.0144664282,3.463600874,-2.73705864
ikflow,44,-2.28729105,-1.012312055,0.8517583609,-1.080887556,-0.7084702849,3.45210433,-1.767163277
ikflow,44,-2.120458126,-0.6795973778,1.333453417,-0.8417952657,-2.095199585,3.12303853,-1.026022315
ikflow,44,0.7983990312,0.1818832755,-0.76781106,-1.045855284,-2.399233818,2.753062725,-1.625007391
ikflow,44,-0.3830019236,0.1527125835,0.6516057849,-1.095138907,-2.50945425,2.640021086,-1.831803918
ikflow,44,1.120999098,0.4403628409,-1.485983253,-0.9624497294,-2.210408688,2.942873478,-1.353420258
ikflow,44,-0.8368845582,0.2888099253,1.301680565,-1.123575091,-2.621129513,2.569648981,-1.969964027
ikflow,44,-2.396348953,-0.9597135782,0.762858808,-0.7195847631,-1.516216993,3.413391113,-0.8283876181
ikflow,44,-0.00570988562,0.1309564263,0.2034589052,-1.082841039,-2.474990845,2.674167156,-1.757830262
ikflow,44,0.9356389046,0.9471325278,-1.986168146,-1.190231681,0.08110218495,3.460812807,-2.850285053
ikflow,44,1.123172402,0.4315539002,-1.473384976,-0.9672845602,-2.221153975,2.934584141,-1.356755257
ikflow,44,1.117009521,0.4305831492,-1.464552164,-0.9608743191,-2.232735872,2.933428288,-1.351396441
ikflow,44,1.029665947,0.6728261113,-1.803492427,-0.8525652885,-2.086333513,3.120820761,-1.031061411
ikflow,44,1.116487622,0.4359619319,-1.476271152,-0.9614613056,-2.209507942,2.944594145,-1.354237556
ikflow,44,0.9368578792,0.945417285,-2.015091658,-1.193938136,-0.03936707601,3.46481657,-2.70597291
ikflow,44,0.8343636394,1.043910623,-2.308606625,-1.10771203,-0.5826706886,3.465079308,-1.870916367
ikflow,44,0.6673451662,0.9389131665,-2.419286966,-0.5666208267,-1.654406071,3.436535835,-0.5827772021
ikflow,44,-2.367081165,-1.017044902,0.7294222116,-0.9068844318,-1.100366592,3.447925806,-1.21522975
ikflow,44,-2.354061365,-0.842961967,1.672908187,-0.665307045,1.679803252,3.389317751,1.485029101
ikflow,44,-2.430588245,-1.059853911,0.6275757551,-0.8930155039,-1.029871941,3.491281033,-1.156721711
ikflow,44,0.7653761506,0.9284970164,-2.307447195,-0.691161871,-1.649446368,3.382081032,-0.7745488882
ikflow,44,0.8964488506,0.7371484637,-1.408449292,-0.9780521393,0.8282284141,3.511983156,2.193544388
ikflow,44,-0.3726445436,0.1486122161,0.6357091069,-1.097202778,-2.520100594,2.642453671,-1.807244658
ikflow,44,-2.421979427,-0.7162598372,2.087665796,-0.6503233314,1.329584837,3.513909817,1.453971505
ikflow,44,1.073641539,0.5973340273,-1.701311946,-0.8929307461,-2.131262064,3.05919981,-1.151760578
ikflow,44,0.9548128247,0.7633197308,-1.944551706,-0.794157207,-1.982359886,3.205260515,-0.9342716932
ikflow,44,1.006859541,0.7040910125,-1.847329855,-0.8281206489,-2.085347176,3.149554729,-0.9652300477
ikflow,44,2.361328602,-0.2463873923,-1.950085282,-1.116999149,-2.585246563,2.592634201,-1.927855372
ikflow,44,-2.063922167,-0.5972521901,1.439507008,-0.8977159262,-2.131496429,3.050547361,-1.162256122
ikflow,44,-0.2214867771,0.1444013417,0.458714813,-1.082672954,-2.49255228,2.656962872,-1.79573369
ikflow,44,0.1196534261,0.1337522715,0.0580896996,-1.073942423,-2.477854967,2.684390545,-1.741898298
ikflow,44,-2.319253206,-0.8725209832,0.9790979624,-0.6893820763,-1.862153172,3.324247837,-0.7397941947
ikflow,44,2.390583754,-0.2391465753,-1.989748597,-1.110471964,-2.574672461,2.594275951,-1.912634492
ikflow,44,1.01520884,0.7076112628,-1.859661222,-0.8445725441,-2.043838978,3.148335457,-1.010824323
ikflow,44,1.109642863,0.4408368468,-1.471712351,-0.9519649744,-2.235375643,2.945202827,-1.326054215
ikflow,44,0.02183254994,0.1335742474,0.1725799739,-1.075245261,-2.490940571,2.681871176,-1.755287886
ikflow,44,0.9890108705,0.7349168658,-1.899166107,-0.8242064118,-2.015955687,3.176568747,-0.9743819237
ikflow,44,-2.247726202,-0.7914378643,1.668817282,-0.9276652336,1.061979175,3.457061768,2.037674189
ikflow,44,0.7060511708,0.6788606644,-0.961312294,-0.7018951178,1.124352694,3.559265137,1.57901907
ikflow,44,1.103521943,0.498406291,-1.556784749,-0.9317690134,-2.20768404,2.981450081,-1.264224768
ikflow,44,0.8878070712,0.7335056067,-1.386367083,-0.9608868361,0.8639753461,3.514667511,2.142352581
ikflow,44,-0.7600594163,0.2451410443,1.166581988,-1.112475395,-2.577914953,2.591551781,-1.927553058
ikflow,44,1.122007728,0.4840773344,-1.553106189,-0.9516368508,-2.177140951,2.97069478,-1.311381817
ikflow,44,-2.098073483,-0.6654362082,1.343117595,-0.8651542664,-2.088522196,3.1080966,-1.066791058
ikflow,44,0.9612147212,0.7787493467,-1.971567512,-0.8106187582,-1.962835431,3.205695391,-0.9330058694
ikflow,44,0.1023879573,0.1343954206,0.07709264755,-1.073863626,-2.465899944,2.685686111,-1.757206678
ikflow,44,0.07638917118,0.1357465088,0.1081299856,-1.070869446,-2.486576796,2.689781666,-1.736854196
ikflow,44,-2.193634987,-0.8917241693,1.34474647,-1.13733542,0.5140079856,3.450459957,2.871331453
ikflow,44,-0.009706666693,0.132144779,0.205986172,-1.082455397,-2.476673365,2.672578096,-1.76019752
ikflow,45,-0.8656285405,-1.07672739,-1.818141937,-0.7261283398,-0.3495073617,0.2069846839,-1.16659987
ikflow,45,2.65946722,0.7329137325,0.276922971,-0.8289197087,-0.2424220294,0.3296003342,-2.01097846
ikflow,45,-0.5255485773,-0.7672140598,-2.785136938,-0.7865179777,-0.2133692503,0.2886213958,-1.944158792
ikflow,45,-0.83951509,-1.004552007,-1.969610929,-0.7408487797,-0.3327183425,0.2311396897,-1.315443993
ikflow,45,-0.636187911,-0.8117066026,-2.55278492,-0.7700631022,-0.2448833138,0.2720607519,-1.763590217
ikflow,45,-0.733229816,-0.8704391122,-2.316683531,-0.7610476613,-0.2916451395,0.260818541,-1.597231388
ikflow,45,-0.844717443,-1.055867553,-1.873649955,-0.7087048888,-0.3545891345,0.2043203264,-1.229802847
ikflow,45,-0.5182449222,-0.7676713467,-2.788195372,-0.7820236683,-0.2381842881,0.2915238142,-1.967675686
ikflow,45,-0.6790469885,-0.8323902488,-2.454168797,-0.7697682977,-0.2642885745,0.273712486,-1.680008292
ikflow,45,-0.8486362696,-1.029459476,-1.914456367,-0.7330790758,-0.3558219373,0.2223833948,-1.27718854
ikflow,45,-0.7109635472,-0.842433989,-2.400876284,-0.7814636827,-0.2365736067,0.273103267,-1.614407897
ikflow,45,-0.6395485997,-0.8276857734,-2.519970655,-0.7492361069,-0.2794393897,0.2544403374,-1.736020446
ikflow,45,2.724693537,0.7242182493,0.1470974982,-0.824255228,-0.1988786012,0.3403538167,-2.048117876
ikflow,45,-0.7799924612,-0.9102709889,-2.191415787,-0.7566056848,-0.3005395234,0.2544932663,-1.508606911
ikflow,45,-0.735286057,-0.8801311255,-2.291940689,-0.7536475658,-0.3075762987,0.2507066429,-1.606819153
ikflow,45,-0.857003212,-1.095774055,-1.796611428,-0.7033596635,-0.3505365551,0.1815276891,-1.123782158
ikflow,45,-0.6488006711,-0.8030660152,-2.541093588,-0.7842391729,-0.237287119,0.2876495719,-1.755133986
ikflow,45,-0.8664804697,-1.061555386,-1.836458921,-0.7373471856,-0.3615737557,0.2075007558,-1.217921257
ikflow,45,-0.8391228914,-1.013649583,-1.957373261,-0.7299842238,-0.3370555043,0.2206770331,-1.31141603
ikflow,45,-0.8587626219,-1.075616956,-1.826072335,-0.7204506397,-0.3649322689,0.2016173452,-1.208621621
ikflow,45,-0.671117723,-0.8225758076,-2.466885805,-0.775413096,-0.2915144861,0.2814903259,-1.727972627
ikflow,45,-0.8219872117,-0.98171556,-2.02659297,-0.7365940213,-0.3216758072,0.2375831753,-1.357220173
ikflow,45,-0.8432098031,-1.018514752,-1.930667996,-0.7316829562,-0.3663794398,0.2217288613,-1.307416201
ikflow,45,2.785714626,0.7127880454,0.04190198705,-0.8394560814,-0.194577843,0.3556340635,-2.130852461
ikflow,45,-0.7783801556,-0.9183062911,-2.192615271,-0.7475194931,-0.2888637781,0.2519248724,-1.476388097
ikflow,45,-0.7815080881,-0.9095042944,-2.200592756,-0.7637515068,-0.284474045,0.2613138258,-1.492615104
ikflow,45,2.517502546,0.7679344416,0.544093132,-0.8286230564,-0.2690004408,0.3094876707,-1.824838281
ikflow,45,-0.6088824868,-0.7836150527,-2.621756077,-0.8003522754,-0.2374973595,0.2914656401,-1.827146649
ikflow,45,-0.6059533358,-0.7908956409,-2.61751461,-0.7872796655,-0.2504897118,0.2879492939,-1.812342167
ikflow,45,2.85163188,0.7144880891,-0.08705637604,-0.8447947502,-0.1692508906,0.35762012,-2.193543434
ikflow,45,-0.852720201,-1.142757773,-1.70217514,-0.6715398431,-0.3786264062,0.1628420353,-1.055392027
ikflow,45,-0.6260667443,-0.7924860716,-2.575482368,-0.7982125282,-0.2618561387,0.2860567868,-1.804132581
ikflow,45,-0.8413543105,-0.9670673609,-2.039716482,-0.7698287368,-0.2886882722,0.2675700486,-1.349793077
ikflow,45,-0.5588855743,-0.7815016508,-2.707094431,-0.7797617912,-0.2550588548,0.2815768719,-1.889782786
ikflow,45,2.648851633,0.733379066,0.29917261,-0.8315292597,-0.2415619045,0.3313019872,-1.994044781
ikflow,45,-0.6530212164,-0.8191751838,-2.505644798,-0.7711525559,-0.2809659541,0.2770465612,-1.722952008
ikflow,45,-0.6839082837,-0.8416634202,-2.432271481,-0.7611044049,-0.2802797556,0.268189311,-1.724456072
ikflow,45,-0.598131299,-0.77200526,-2.641688347,-0.8114199042,-0.2455403656,0.2964806855,-1.845012307
ikflow,45,2.611015797,0.7330767512,0.3513304293,-0.8322918415,-0.2165053636,0.3354588747,-1.918862939
ikflow,45,-0.5465707183,-0.7745565176,-2.730256557,-0.7837613225,-0.2658106089,0.2863454223,-1.91476047
ikflow,45,-0.8808148503,-1.093137145,-1.775972843,-0.73664397,-0.3539468348,0.2067190707,-1.136118531
ikflow,45,-0.5523023605,-0.7834312916,-2.709708214,-0.7690277696,-0.2639866769,0.2827745378,-1.93375349
ikflow,45,-0.7569684386,-0.9121240377,-2.224150658,-0.7313879728,-0.2952721715,0.2386940271,-1.517338634
ikflow,45,2.34779501,0.9095407724,0.9637868404,-0.7719888687,-0.2967392206,0.2553034127,-1.470476747
ikflow,45,-0.8849692345,-1.160501242,-1.654832125,-0.7214732766,-0.355872035,0.190761134,-1.012112379
ikflow,45,-0.7235174775,-0.8618950248,-2.34456563,-0.7597911358,-0.2781311274,0.2587801814,-1.592425466
ikflow,45,-0.6691939235,-0.8364275098,-2.45420146,-0.7539017797,-0.2896457613,0.2606527805,-1.711806655
ikflow,45,-0.7701596022,-0.912293613,-2.206688404,-0.7499912977,-0.3053207099,0.2530484796,-1.503405452
ikflow,45,-0.847956717,-1.027615547,-1.928063154,-0.7358142138,-0.3214754164,0.2271695286,-1.247060776
ikflow,45,-0.8826255798,-1.155720592,-1.667381525,-0.7171337008,-0.3639985621,0.1867602021,-1.022944093
ikflow,46,-0.2169727385,0.4357109666,1.717549562,-3.071799994,0.3473575115,0.426163584,0.5983490944
ikflow,46,1.072076201,-0.1981606632,1.118758082,-3.056417942,-0.1791710109,0.2941325009,-0.8982402682
ikflow,46,0.3786807954,0.03252162784,1.491565347,-3.048797369,0.1100098342,0.21639283,-0.0900702998
ikflow,46,0.1744227707,0.01981719024,1.866120934,-3.040817738,-0.05572520941,0.2638687491,-0.5802374482
ikflow,46,0.8352972269,-0.03899738938,1.075729847,-3.051667452,0.09971947223,0.2136244476,-0.1423191875
ikflow,46,-0.2541991472,0.4763622284,1.779274225,-3.071799994,0.3484437466,0.4398427606,0.3738925159
ikflow,46,-0.1323541552,0.3125409782,1.851249814,-3.067751884,0.2092705816,0.3103080094,0.1466879994
ikflow,46,0.8648347259,-0.2683725655,1.342058897,-3.042842865,-0.1663343459,0.2621049881,-0.7459056973
ikflow,46,-0.1502923667,0.4005526304,1.795120478,-3.071799994,0.2546672523,0.3545158803,0.2704995275
ikflow,46,0.9896367192,-0.1998396069,1.169475198,-3.057538033,-0.1073165685,0.3084532917,-0.9670851231
ikflow,46,0.5420099497,-0.2282972336,1.669183254,-3.051159143,-0.1496981829,0.293242991,-1.30715096
ikflow,46,-0.2611907423,0.5339590907,1.759471059,-3.071799994,0.3455720842,0.400236249,0.4984685779
ikflow,46,1.10810709,0.01275048871,0.8597019911,-3.04202342,-0.03799304739,0.2087696344,-0.280257076
ikflow,46,-0.1695623845,0.6017029881,1.514994144,-3.071799994,0.4241198301,0.4537748992,0.7461945415
ikflow,46,0.8981231451,-0.1790491939,1.388845205,-3.042791843,-0.1799841821,0.3273462057,-0.9922623038
ikflow,46,0.9667543173,-0.3022547364,1.338245511,-3.071799994,-0.2016144991,0.3091669381,-1.229958534
ikflow,46,-0.6643597484,0.2296129316,2.289604902,-3.071799994,0.2217699438,0.3531423211,0.09015743434
ikflow,46,2.897300005,-1.132168293,-1.630046964,-3.071799994,0.2805582881,0.5913002491,0.8874974251
ikflow,46,-0.2554385662,0.1714865118,2.112221241,-3.062099934,0.08027363569,0.3061747253,-0.1437893659
ikflow,46,-0.2671416104,0.4851674438,1.743608832,-3.071799994,0.2749878764,0.4513779283,0.3093730211
ikflow,46,0.9006313086,-0.2407064885,1.232242465,-3.053911209,-0.06165222451,0.2662271559,-0.6052665114
ikflow,46,1.217025518,-0.2461603433,1.083411574,-3.055880308,-0.1686816961,0.3063095212,-0.8771314621
ikflow,46,-0.2090223581,0.4600103199,1.806233168,-3.071799994,0.279056102,0.4361941516,0.3048733771
ikflow,46,-0.2596923113,0.4964473546,1.772185206,-3.071799994,0.3806946576,0.3878523707,0.4062974751
ikflow,46,0.8541786671,-0.01038995758,1.076235175,-3.047706604,0.07330642641,0.1692133993,-0.0498717539
ikflow,46,2.883308649,-1.038009882,-1.704805374,-3.071799994,0.4042817056,0.6282963157,0.9193151593
ikflow,46,-0.2772651017,0.4972593784,1.782730579,-3.071799994,0.348710537,0.367524147,0.5540876985
ikflow,46,-0.2349921018,0.5738786459,1.63577044,-3.071799994,0.4434310794,0.4711720645,0.5482839346
ikflow,46,1.339864731,-0.4742701948,1.118061066,-3.071799994,-0.2889420688,0.4071143568,-1.127358556
ikflow,46,1.589211583,-0.2441655099,0.700058639,-3.071799994,-0.2426476777,0.373593837,-0.9708859921
ikflow,46,-0.2687986791,0.2750772536,2.025908947,-3.071799994,0.1601890475,0.318815738,-0.002775808098
ikflow,46,-0.2521167099,0.08115386218,2.259582758,-3.054755449,-0.09565013647,0.2564027905,-0.548861742
ikflow,46,1.300240755,-0.6871168017,1.289036632,-3.071799994,-0.3722932637,0.5048188567,-1.971058607
ikflow,46,-0.2369637787,0.3438962102,1.954714894,-3.071799994,0.1973407865,0.3597990572,0.1218976825
ikflow,46,-0.09988850355,-0.02751309238,2.158988953,-3.027173042,-0.09756048024,0.2139872909,-1.036423445
ikflow,46,0.9479638934,-0.1809581518,1.362501144,-3.040344954,-0.1778603941,0.353061676,-0.8374066949
ikflow,46,0.5240545273,-0.2222219706,1.679542899,-3.046829224,-0.09810137749,0.2918108106,-1.259011507
ikflow,46,-0.1261935383,0.1113708094,2.150081158,-3.046874046,-0.1052063033,0.2148426175,-0.5243710876
ikflow,46,-0.3692115843,0.3692804873,2.030912161,-3.071799994,0.3041625023,0.3716862798,0.2960394919
ikflow,46,1.604810834,-0.3325837553,0.7117334008,-3.071799994,-0.2619295418,0.37592116,-0.9397649169
ikflow,46,0.06918361038,0.02610143088,1.83874917,-3.040893555,0.03233029321,0.1668189764,-0.2707745135
ikflow,46,-0.1491921544,0.6226626039,1.475378871,-3.071799994,0.4495243728,0.4356998205,0.7845437527
ikflow,46,0.70599401,-0.2000388354,1.52714777,-3.03360486,-0.1079785749,0.2877161801,-1.104187846
ikflow,46,0.6918134689,-0.117781803,1.536643982,-3.030059099,-0.1313571632,0.3211299777,-0.7329798937
ikflow,46,0.8269194961,-0.1750367731,1.419446111,-3.037445307,-0.1283904463,0.3413802087,-0.8776535392
ikflow,46,1.372172117,-0.2501981854,0.8925823569,-3.071799994,-0.196199581,0.27494663,-1.182497501
ikflow,46,-0.2245250344,0.1550578177,2.157645941,-3.071799994,-0.01232586615,0.2683798373,-0.6601272821
ikflow,46,1.88256681,-0.1370665729,0.3102242351,-3.071799994,-0.1944424957,0.2222730666,-0.9681124091
ikflow,46,-0.4282798767,0.1758200973,2.362649679,-3.060657978,0.003528368659,0.2186565995,-0.3347044289
ikflow,46,1.63181138,-0.252111733,0.5939646363,-3.071799994,-0.1587376595,0.3625782132,-0.8735376596
ikflow,47,0.7393708229,-0.4394221306,-2.616623402,-2.552968025,-0.3918446004,0.4523368478,-2.220655918
ikflow,47,-0.389008075,-1.382688403,-2.163830042,-2.591133118,0.5111982226,0.5585163236,-0.2432408482
ikflow,47,-0.1975520402,-1.127340436,-2.157047987,-2.543902636,0.348226428,0.4328967333,-0.6520727873
ikflow,47,-1.793570518,0.3779062033,-9.889722423e-05,-2.582827091,-0.493445605,0.5336524248,-2.524770021
ikflow,47,-0.4607040882,-1.475667238,-2.168404102,-2.606745958,0.5337824821,0.6169880629,-0.1106022745
ikflow,47,-0.2975018024,-1.262463689,-2.158111095,-2.567940712,0.4460114241,0.4871761203,-0.3940828741
ikflow,47,-2.023513317,0.3871914446,0.197671175,-2.57038784,-0.4548994303,0.496657759,-2.421082258
ikflow,47,-0.3684713542,-1.364856958,-2.154504538,-2.582805157,0.4846715927,0.5390026569,-0.2653742135
ikflow,47,-0.2068206221,-1.147623777,-2.164164305,-2.547935963,0.3718330264,0.4326752126,-0.6117510796
ikflow,47,-1.793301105,0.3759550154,0.0003321483091,-2.584985971,-0.4950904548,0.5337997079,-2.516483307
ikflow,47,-0.2776050866,-1.232604742,-2.156256914,-2.563126326,0.4285418093,0.4742277563,-0.4686768949
ikflow,47,0.05011955649,-0.8531867862,-2.210394859,-2.509407759,0.08817917109,0.3504932821,-1.200786948
ikflow,47,1.811216116,-0.3911814392,2.738742113,-2.610078335,-0.5412589908,0.6390837431,-2.729868412
ikflow,47,0.02254938707,-0.8743427992,-2.200532675,-2.514210939,0.1143202931,0.3590771854,-1.142651796
ikflow,47,-0.4283114672,-1.442511916,-2.163220882,-2.596405268,0.5192939043,0.5880556703,-0.177655369
ikflow,47,-1.271883845,0.418711096,-0.4494805932,-2.612676859,-0.547794044,0.6301859617,-2.76147151
ikflow,47,-0.4646704197,-1.483048081,-2.174776554,-2.611476183,0.546523869,0.617434144,-0.08933734149
ikflow,47,-0.3194523454,-1.29357028,-2.157513618,-2.574380398,0.4663808942,0.5061318278,-0.3448551595
ikflow,47,0.5464713573,-0.5047397017,-2.465027094,-2.540018082,-0.3295513391,0.4100814164,-2.039120197
ikflow,47,-0.2569543719,-1.207275987,-2.157794714,-2.55860424,0.408536911,0.4622214139,-0.4940928221
ikflow,47,0.4917338789,-0.5396358371,-2.431900501,-2.530243635,-0.2923841476,0.3878259361,-1.95484376
ikflow,47,1.002724409,-0.3867386878,-2.838639021,-2.568855047,-0.4472254515,0.4975310564,-2.377150297
ikflow,47,-0.2305813581,-1.173087955,-2.158523083,-2.553643703,0.3931582272,0.4453662038,-0.5636496544
ikflow,47,0.5409495831,-0.5187494159,-2.462794542,-2.537671328,-0.3216464221,0.4003249407,-2.033401728
ikflow,47,2.160062551,-0.4835581183,2.452164412,-2.633403301,-0.5775713921,0.7138963342,-2.884545565
ikflow,47,-0.2327651978,-1.177110314,-2.162406683,-2.555839539,0.3965677321,0.4467428327,-0.5503337383
ikflow,47,-1.306225777,0.4135996699,-0.4194739759,-2.608959436,-0.5474762321,0.622527957,-2.764640093
ikflow,47,-0.2495743036,-1.200273037,-2.156229973,-2.554175377,0.3988531828,0.4555295408,-0.5175169706
ikflow,47,0.4795075953,-0.5359354615,-2.414995193,-2.535426378,-0.3052535653,0.3936116397,-1.994924545
ikflow,47,-2.417200327,0.4563294351,0.5296240449,-2.547142267,-0.3781711459,0.4291289747,-2.189133406
ikflow,47,-1.837298512,0.372982204,0.04393188283,-2.585823298,-0.4972966015,0.5388409495,-2.510236025
ikflow,47,-1.233280778,0.4270755053,-0.4838296175,-2.611760855,-0.5480977297,0.6383859515,-2.77769804
ikflow,47,0.8079251051,-0.4243129492,-2.663763285,-2.558738708,-0.4254953265,0.4628131986,-2.27283144
ikflow,47,1.023862362,-0.3765386641,-2.852736712,-2.570803404,-0.4539896548,0.5131022334,-2.385040522
ikflow,47,-0.1973436177,-1.141986728,-2.160947561,-2.542436361,0.3568156958,0.4247880578,-0.6137476563
ikflow,47,-0.437779814,-1.453596234,-2.165588379,-2.600883484,0.5314380527,0.5992411971,-0.1255294085
ikflow,47,2.038591862,-0.4447239637,2.549169064,-2.622358322,-0.5598884821,0.6840980053,-2.807976961
ikflow,47,-0.2485315055,-1.20369184,-2.157847166,-2.558772087,0.4082538486,0.4541171193,-0.4945739806
ikflow,47,1.060368657,-0.3774162829,-2.877835751,-2.577309847,-0.4732223749,0.5193090439,-2.447036743
ikflow,47,-1.557644367,0.3862620592,-0.2043931037,-2.595013142,-0.5221871138,0.5757649541,-2.643894672
ikflow,47,1.785292983,-0.3852226734,2.769972324,-2.616552114,-0.5570696592,0.6350268722,-2.748230457
ikflow,47,1.078295708,-0.3673288822,-2.888193846,-2.582661629,-0.4848576486,0.5339300036,-2.460562229
ikflow,47,-0.2197925448,-1.155195594,-2.159559965,-2.54829669,0.3733673394,0.440721184,-0.5946514606
ikflow,47,-0.2413930148,-1.194962502,-2.165176153,-2.556170225,0.4086977839,0.4520410299,-0.5176979303
ikflow,47,0.7134510875,-0.4495460391,-2.599432945,-2.552053213,-0.3810806572,0.4410592914,-2.195424557
ikflow,47,-0.2128593177,1.20524013,-1.080554724,-2.738156557,-0.4981653094,1.157420397,2.67056036
ikflow,47,-0.3931108713,-1.387905955,-2.169259787,-2.594116688,0.5184595585,0.5570185184,-0.2128808051
ikflow,47,0.0758164376,-0.8199920654,-2.218078852,-2.508610249,0.05635781959,0.3512670696,-1.254896998
ikflow,47,-1.703028202,0.3770879507,-0.07785690576,-2.588966131,-0.5045658946,0.5558227897,-2.558768272
ikflow,47,-0.2083261162,1.225382805,-1.08195591,-2.736199856,-0.4903939664,1.163550615,2.631482124
ikflow,48,-1.659666777,-0.4040995836,-2.853416204,-2.651941061,0.714325428,1.630995512,0.6997942924
ikflow,48,1.570574403,0.4314345419,0.1972025037,-2.625715256,0.7406818271,1.555918574,0.6784437299
ikflow,48,1.573251486,0.4323655963,0.1848862022,-2.627135515,0.7531011701,1.55553925,0.6682606936
ikflow,48,0.3217526674,1.123372674,1.02323699,-2.711442947,-0.0512473844,1.938239217,1.46582222
ikflow,48,0.4009304345,1.001581669,1.019572973,-2.712473392,0.06388301402,1.938978791,1.338389993
ikflow,48,0.1930092722,1.325696468,1.011502385,-2.703121185,-0.2789628804,1.90443933,1.647243977
ikflow,48,1.527897596,0.4392112494,0.2271640152,-2.629559755,0.7402274609,1.566551328,0.6882553101
ikflow,48,1.585434556,0.4299560189,0.1780782938,-2.623897791,0.7355308533,1.558809638,0.676745832
ikflow,48,0.3149596751,1.130529642,1.019480586,-2.714531183,-0.0534174554,1.94590354,1.461587787
ikflow,48,1.424106479,0.4426655173,0.3243688345,-2.637803555,0.6978315115,1.602797389,0.7082854509
ikflow,48,-1.765513659,-0.4277765453,-2.758939743,-2.654082537,0.6836509705,1.658739209,0.7354432344
ikflow,48,-1.795680881,-0.4377313256,-2.736986876,-2.653334141,0.6807730198,1.660650253,0.7453203797
ikflow,48,1.540400863,0.4341267347,0.2152400911,-2.63201046,0.7387404442,1.567050099,0.6857249141
ikflow,48,0.3547253609,1.069421887,1.0186584,-2.71182251,-0.004449987784,1.940371156,1.410987854
ikflow,48,1.641713858,0.4302524328,0.1332507879,-2.621609449,0.7559944987,1.546252012,0.6585614681
ikflow,48,0.2635266483,1.203187108,1.020662904,-2.709936619,-0.1448881626,1.927636743,1.53619194
ikflow,48,1.623373389,0.4268799424,0.1393185556,-2.626184464,0.7571157813,1.548848033,0.6632761955
ikflow,48,0.06624755263,-1.447286963,1.965430021,-2.457782745,1.12462008,0.3895974159,-0.09695760161
ikflow,48,1.542934418,0.4347958863,0.2129115462,-2.629483223,0.7354363203,1.56775701,0.6849188805
ikflow,48,0.4271264672,0.9605311155,1.014036894,-2.714442253,0.1075660139,1.940057993,1.294295073
ikflow,48,1.512107968,0.4324652851,0.2433052808,-2.637802124,0.736266017,1.575463533,0.691102922
ikflow,48,0.5541116595,0.838457346,0.9715402126,-2.703101873,0.2572995126,1.910744309,1.158116579
ikflow,48,1.1403234,0.4907215834,0.5654383898,-2.657390833,0.6210041046,1.685815692,0.8051094413
ikflow,48,0.1381767541,1.398997426,1.005845308,-2.699995279,-0.3461914062,1.874972701,1.717886806
ikflow,48,1.5991503,0.4322883189,0.1644756645,-2.631438255,0.7643483281,1.547913432,0.6739012003
ikflow,48,1.392023563,0.4409667552,0.3467851877,-2.641507387,0.6903782487,1.603659749,0.7206703424
ikflow,48,1.482401013,0.4396778643,0.2739381492,-2.63398695,0.715500176,1.578047872,0.7143046856
ikflow,48,-2.643125534,-0.88348943,-2.144815207,-2.715355635,0.19461748,1.942414165,1.215591788
ikflow,48,0.5259250998,0.8481872678,0.9906731844,-2.705071211,0.2365240604,1.904579401,1.179971218
ikflow,48,1.618620396,0.4293806255,0.1473941058,-2.626338243,0.7440391779,1.550761461,0.6650820971
ikflow,48,2.897300005,0.7658576965,-0.9637491107,-2.562059402,1.005745769,1.049767852,0.3061380982
ikflow,48,1.462254047,0.4428519607,0.2927721441,-2.634649277,0.7113024592,1.592241883,0.7106439471
ikflow,48,0.1766646951,1.341520429,1.015501857,-2.707511663,-0.2858183384,1.902726769,1.6553967
ikflow,48,1.498916507,0.4397242069,0.2620826364,-2.631364584,0.7273011804,1.589598417,0.6936667562
ikflow,48,1.58028388,0.4291267991,0.1864074916,-2.632920504,0.7440215945,1.567718148,0.6888071299
ikflow,48,0.06299899518,1.520304322,0.9922634959,-2.689886332,-0.4544752836,1.822344065,1.828404188
ikflow,48,0.03920218349,1.57174468,0.9832717776,-2.683735847,-0.4956279695,1.796923876,1.869730234
ikflow,48,0.5141357183,0.8733451366,0.9843041301,-2.705670834,0.2054234892,1.91260159,1.216308951
ikflow,48,0.03520157561,-1.373645067,1.984137058,-2.469605207,1.122534156,0.4536516368,-0.04317167401
ikflow,48,1.552007675,0.4328284562,0.2107511461,-2.632528782,0.7350487113,1.573042393,0.6713157892
ikflow,48,2.766848326,0.6918616295,-0.8589286208,-2.56067276,1.001907587,1.124449492,0.3482919931
ikflow,48,0.1933258623,1.332079768,1.010864496,-2.703668356,-0.2708571851,1.901976347,1.648681641
ikflow,48,0.3300502598,1.105415106,1.023241639,-2.717050791,-0.04681708664,1.947008967,1.450751901
ikflow,48,1.597381234,0.4305512309,0.1656930447,-2.627453327,0.7555148005,1.564792514,0.6706924438
ikflow,48,0.3452362716,1.071991563,1.025743961,-2.715926409,-0.0158403758,1.940383434,1.411654711
ikflow,48,0.3135420084,1.115517259,1.025881171,-2.71951437,-0.06256601214,1.948942065,1.453575373
ikflow,48,0.1217050776,-1.620808482,1.943924427,-2.430571318,1.081535697,0.2041359395,-0.2651616633
ikflow,48,1.436727166,0.4428479075,0.3139781654,-2.637497187,0.6973512769,1.595405459,0.7139649391
ikflow,48,1.655435801,0.4291643798,0.1172070801,-2.627431393,0.7583665252,1.537808537,0.6567572951
ikflow,48,0.01458067819,1.609616876,0.9784750342,-2.680741072,-0.528716445,1.77861762,1.906389713
ikflow,49,0.2824918032,-0.207101658,0.3461339176,-2.111362219,1.780357957,0.938795805,0.5791637301
ikflow,49,-0.8181526661,0.9549946785,2.022898912,-2.13937974,1.067833304,1.844556212,0.6856617332
ikflow,49,2.196429729,-0.7511569858,-1.120574236,-2.124404192,1.230849862,1.664463878,0.6178808808
ikflow,49,2.121920109,-0.6488054395,-1.107613802,-2.116505861,1.302786112,1.571569443,0.5930426717
ikflow,49,-0.1336405128,-0.2692759335,0.7048193216,-2.117563963,1.864398956,0.8485198617,0.6046240926
ikflow,49,0.7941421866,-0.194374457,-0.1130047813,-2.107539892,1.707068205,1.027468324,0.5644002557
ikflow,49,-0.4584035277,-0.386228621,0.953827858,-2.130904913,2.006541014,0.7155221105,0.6601292491
ikflow,49,2.317329645,0.7589825988,-1.991340399,-2.1953547,2.572649956,0.4289916754,0.9900336266
ikflow,49,-0.09572850168,-0.2624884844,0.6719787121,-2.118463993,1.854266405,0.8589314818,0.5984554887
ikflow,49,1.38931489,-0.245984599,-0.6385033131,-2.105749607,1.614137411,1.142940044,0.5523892641
ikflow,49,1.864673376,1.762799978,-2.0595541,-2.120585918,-1.879836559,0.8379172087,2.15331912
ikflow,49,-1.556470752,0.2873495221,2.341266155,-2.103153944,1.572415233,1.190092802,0.5496433377
ikflow,49,2.251566648,-0.8321530223,-1.123959184,-2.127663374,1.159568191,1.7378093,0.6452772617
ikflow,49,-0.7109046578,-0.5900663733,1.10496366,-2.164182663,2.294677019,0.530188024,0.8086317778
ikflow,49,-0.3881491125,-0.3511645198,0.9037530422,-2.125754118,1.96492815,0.7513318658,0.6390529871
ikflow,49,0.8806319237,-0.1962828338,-0.19195427,-2.107277393,1.692322254,1.037490726,0.5596325994
ikflow,49,0.3548318148,-0.2030538768,0.2830230594,-2.113117933,1.774766445,0.9537654519,0.5764551759
ikflow,49,2.385794878,0.6502831578,-2.023691177,-2.1723876,2.363898754,0.4925841689,0.8558732867
ikflow,49,0.8763787746,-0.1975828707,-0.1875054985,-2.1086936,1.700252652,1.042967796,0.5640448928
ikflow,49,1.440387487,-0.2532379925,-0.6821781993,-2.102683544,1.602001786,1.153851748,0.5537152886
ikflow,49,-0.8863965273,0.8331804872,2.014125347,-2.125751495,1.164516091,1.732612371,0.6413282156
ikflow,49,-1.294167161,0.4030690491,2.155999899,-2.105194807,1.474896669,1.323423624,0.5561876297
ikflow,49,2.014325619,1.446640968,-1.929461241,-2.161102057,-2.237386227,0.561835289,1.989909649
ikflow,49,2.218285561,-0.7771583796,-1.12697351,-2.122383595,1.210017085,1.679273248,0.6279057264
ikflow,49,1.586571097,-0.2936068177,-0.7989112735,-2.105684996,1.569813848,1.208325982,0.5522461534
ikflow,49,0.2952536941,-0.2090884596,0.3355528116,-2.114063501,1.781096816,0.9442005754,0.5808182359
ikflow,49,2.341379642,-0.983540833,-1.11891818,-2.140249968,1.046154022,1.865409851,0.7038009167
ikflow,49,-0.5450786352,-0.4366345704,1.010783076,-2.13696909,2.073163748,0.6639845371,0.6927241683
ikflow,49,-0.008144056424,-0.2439955622,0.6000439525,-2.114855051,1.834130645,0.8803577423,0.5971882343
ikflow,49,-1.370656729,0.3636250198,2.20634222,-2.106744051,1.508213162,1.283163071,0.5554905534
ikflow,49,2.651828051,0.4029489756,-2.165225744,-2.136196852,2.033439159,0.6960080266,0.6664540172
ikflow,49,-0.9793281555,0.7024300694,2.0265522,-2.118789911,1.25798285,1.618011117,0.6046077609
ikflow,49,0.9176069498,-0.2013085485,-0.2252866924,-2.109355688,1.6881814,1.052980781,0.5576767921
ikflow,49,1.00182271,-0.2025312334,-0.2985399961,-2.107366323,1.679400921,1.064822435,0.5556709766
ikflow,49,-0.7782353163,-0.6792913079,1.130951405,-2.179055691,2.429083109,0.4710964859,0.8942890763
ikflow,49,-0.8724411726,0.8624303341,2.018497467,-2.131597042,1.14514792,1.760305882,0.6541919112
ikflow,49,-1.324988008,0.3827833235,2.175611734,-2.104152441,1.487878323,1.306226015,0.5583626032
ikflow,49,2.201680422,-0.7573981881,-1.122273326,-2.122811556,1.226778865,1.668611407,0.6211181283
ikflow,49,-0.5079735518,1.520653129,2.10833931,-2.199688435,0.4699608088,2.230336666,1.048357129
ikflow,49,2.29860425,-0.9132906199,-1.12218976,-2.136728048,1.10742557,1.801718235,0.6702352166
ikflow,49,2.271160364,-0.868275106,-1.122020841,-2.132392645,1.138345718,1.766244054,0.6545509696
ikflow,49,-0.8861194253,-0.8671290278,1.175084591,-2.208654642,2.783223391,0.3774898052,1.143021941
ikflow,49,-1.004598022,-1.141709089,1.246154308,-2.211442232,-2.769542217,0.3902368844,1.662055492
ikflow,49,1.457259297,-0.2577454746,-0.6967990398,-2.104319334,1.600563884,1.156178951,0.5508419871
ikflow,49,-0.7512722015,1.076839685,2.034347057,-2.151232719,0.9657821655,1.93850708,0.7396735549
ikflow,49,-0.04870048165,-0.2499001026,0.6358332634,-2.11727643,1.847746253,0.8705375195,0.5992692709
ikflow,49,-0.7300356627,-0.6110028625,1.113565087,-2.165333986,2.323666573,0.516358614,0.8334534764
ikflow,49,-1.099273324,-1.379005909,1.2298702,-2.171010494,-2.333153725,0.5151939988,1.939851642
ikflow,49,-0.1700851172,-0.2798545063,0.7347381711,-2.121344566,1.88484323,0.8347248435,0.6073713899
ikflow,49,2.081171274,-0.596347928,-1.098508596,-2.112100363,1.343398094,1.515732288,0.5830864906
ikflow,50,-0.1241844147,1.49960494,-0.7702893615,-1.662710905,-1.99030292,1.566255808,2.098902941
ikflow,50,-0.09809624404,1.528174758,-0.8012878299,-1.658608317,-1.950891852,1.59384191,2.10144949
ikflow,50,-0.04498824105,1.588338137,-0.8619586825,-1.655017495,-1.885501146,1.657622576,2.124220848
ikflow,50,1.400212288,-1.527535558,-2.371667147,-1.69521594,2.333462477,1.309265375,1.010825872
ikflow,50,-0.06382675469,1.562265158,-0.8402628899,-1.659314752,-1.913303494,1.639959335,2.116760254
ikflow,50,-0.1053000838,1.516257167,-0.7907565236,-1.664274573,-1.969568372,1.589984775,2.104555607
ikflow,50,-0.7629525065,1.175642848,-0.1245924011,-1.734876513,-2.712271929,1.146609545,1.752604723
ikflow,50,1.282333016,-1.660824537,-2.24980855,-1.679174781,2.160375834,1.429848671,0.9392430186
ikflow,50,-0.1143950224,1.506632566,-0.7799497247,-1.664536357,-1.981637001,1.577713728,2.102971554
ikflow,50,-0.6846252084,1.193299413,-0.1970704198,-1.722386837,-2.622519255,1.170138359,1.801694036
ikflow,50,-0.8324403167,1.167559624,-0.05796633288,-1.739217162,-2.783325672,1.128253698,1.704490185
ikflow,50,-0.3105644584,1.34576869,-0.5678717494,-1.684686184,-2.216375113,1.393418908,2.015074015
ikflow,50,1.318129897,-1.612725854,-2.290711164,-1.684986353,2.205898523,1.394208312,0.9573180676
ikflow,50,1.331446886,-1.59740293,-2.305037022,-1.690048456,2.235704899,1.375571728,0.9672549367
ikflow,50,-0.3243803382,1.340304494,-0.5541569591,-1.683990836,-2.230759382,1.376862288,2.003094196
ikflow,50,1.559219837,-1.387485266,-2.526858807,-1.723344445,2.566905499,1.189817071,1.137900949
ikflow,50,1.278244376,-1.666963577,-2.244539738,-1.678084612,2.151743412,1.438585877,0.9295309782
ikflow,50,-0.1229720786,1.498274684,-0.7695518732,-1.666346669,-1.991120458,1.562744498,2.094280005
ikflow,50,-1.912620068,1.727597475,0.9473885894,-1.670408607,2.066583157,1.507714152,0.8951370716
ikflow,50,-1.806008577,1.593228459,0.8324165344,-1.684576035,2.230629206,1.383772254,0.9636522532
ikflow,50,-0.8462007642,1.171628356,-0.04570292309,-1.736640096,-2.797513723,1.117712259,1.69037652
ikflow,50,-0.8770588636,1.168569565,-0.02156209946,-1.740561008,-2.849397182,1.108281374,1.662754893
ikflow,50,1.361298323,-1.565236449,-2.334926128,-1.692645431,2.282835007,1.345127344,0.987889111
ikflow,50,-0.5950676799,1.212822318,-0.2807516158,-1.714719534,-2.520631075,1.216323614,1.849713564
ikflow,50,1.551489949,-1.391945601,-2.522633791,-1.720781446,2.547209024,1.199318409,1.114732385
ikflow,50,-1.497666359,1.32821703,0.5333482623,-1.729990125,2.667828798,1.158079624,1.185346842
ikflow,50,1.364284873,-1.562157869,-2.335858345,-1.693551779,2.284598351,1.343194842,0.9893228412
ikflow,50,-0.1830958575,1.445443153,-0.7061407566,-1.66625762,-2.058517218,1.510520577,2.073888063
ikflow,50,-0.252928406,1.384290814,-0.6293107271,-1.679895878,-2.153521061,1.43985939,2.042507172
ikflow,50,-0.1533535868,1.474738002,-0.7400043011,-1.662513375,-2.018882751,1.536010742,2.082630634
ikflow,50,-0.2323701084,1.406087637,-0.6531161666,-1.671101928,-2.118872404,1.460220814,2.051321983
ikflow,50,-1.862720132,1.663784623,0.8941563964,-1.676351547,2.150644064,1.442131281,0.9324585199
ikflow,50,1.63078773,-1.339722872,-2.593950033,-1.730753779,2.661079884,1.155878544,1.189858794
ikflow,50,-0.209088549,1.42156136,-0.6750122905,-1.672968268,-2.094401121,1.479494929,2.06025815
ikflow,50,-0.7696065307,1.176435113,-0.1189327911,-1.733115554,-2.721328974,1.139068961,1.744152188
ikflow,50,-0.1114998311,1.510055423,-0.7827556133,-1.664528012,-1.975143909,1.5817765,2.098070145
ikflow,50,-0.04964120314,1.578732848,-0.854973197,-1.659278631,-1.894788027,1.656461596,2.11862278
ikflow,50,-0.1731651127,1.452158093,-0.7146040797,-1.669933081,-2.058822393,1.510410666,2.074980736
ikflow,50,-0.1201388016,1.50286901,-0.7739771008,-1.662695765,-1.988369942,1.56871748,2.099013805
ikflow,50,1.319280863,-1.613372564,-2.2911098,-1.686572671,2.210894585,1.39249444,0.9574425817
ikflow,50,-0.6801872253,1.193142176,-0.2032463104,-1.72515285,-2.625110388,1.176243424,1.798854232
ikflow,50,-0.3092664778,1.351141572,-0.5704779625,-1.679390073,-2.208604336,1.392221451,2.011114359
ikflow,50,1.446320891,-1.477662683,-2.419796944,-1.709678888,2.408398867,1.268102527,1.04788208
ikflow,50,-0.2303763777,1.404466867,-0.6534082294,-1.671641707,-2.115519524,1.46529603,2.057284594
ikflow,50,1.493052483,-1.437672853,-2.464075327,-1.714601874,2.479695797,1.232428789,1.082795024
ikflow,50,-0.2470251918,1.390360713,-0.6362558007,-1.678723216,-2.13781476,1.444163442,2.047831535
ikflow,50,-0.5905303955,1.213332534,-0.2847330868,-1.717315435,-2.520530939,1.213918567,1.8580724
ikflow,50,-0.6339915395,1.202056646,-0.2448497415,-1.721987247,-2.574111462,1.1989218,1.834571719
ikflow,50,1.636091471,-1.334277034,-2.599418163,-1.732619762,2.673107386,1.152959824,1.194644094
ikflow,50,1.276072621,-1.663175225,-2.2465868,-1.678870916,2.141121864,1.443046212,0.9326384068
ikflow,51,0.8350543976,-0.2923710346,1.054016948,-1.246966243,-2.654051781,1.769230485,1.824185848
ikflow,51,-1.410481811,-1.202574253,-0.3457134366,-1.172921777,1.305840373,2.509750366,0.963868618
ikflow,51,-1.972877741,-0.8644173741,-0.8598954678,-1.195547462,2.125878096,2.030978441,1.031475306
ikflow,51,-1.453265786,-1.186710119,-0.3869234025,-1.1689924,1.375336289,2.47701931,0.9562155008
ikflow,51,2.095245838,-0.108436428,0.1300375611,-1.262888074,-2.897300005,1.700451732,1.638418674
ikflow,51,-1.602921247,-1.113536954,-0.5334892273,-1.159954786,1.605583429,2.351419687,0.9462265372
ikflow,51,-0.3140002191,-1.127223849,0.4596018791,-1.179130793,-1.161142349,2.589540958,2.100097418
ikflow,51,-1.101604104,-1.275870323,-0.07161781192,-1.223714352,0.7507055998,2.734051466,1.137885213
ikflow,51,-0.506387949,-1.209265828,0.2971969545,-1.223708868,-0.7637621164,2.734191656,1.956407666
ikflow,51,-2.44239831,0.3755816221,-2.068782568,-1.243061423,-2.560015678,1.813206911,1.889146566
ikflow,51,-0.8703181744,-1.283975124,0.08001475781,-1.267365694,0.1687936187,2.822319508,1.448083997
ikflow,51,-1.2794348,-1.238123536,-0.2220820785,-1.183850408,1.083964705,2.619551659,1.002138019
ikflow,51,1.630827665,-0.1227758974,0.5198566318,-1.261362553,-2.897300005,1.702770352,1.667787194
ikflow,51,-1.836420417,-0.9689773321,-0.7469239831,-1.178513169,1.946656942,2.149564266,0.9757019281
ikflow,51,0.4785239398,0.30461362,2.080511808,-1.264403343,2.897300005,1.690392017,1.41774261
ikflow,51,-1.816948414,-0.9813554883,-0.7319979668,-1.174656749,1.916295648,2.163899183,0.9736711979
ikflow,51,1.506613016,1.102162242,2.578939438,-1.167477369,1.650245786,2.315214634,0.9374914765
ikflow,51,1.203798294,-0.175143972,0.850866735,-1.260606885,-2.835241795,1.717398763,1.733873487
ikflow,51,-1.803052783,-0.9940902591,-0.7177267671,-1.176573634,1.89076519,2.180582047,0.9698709846
ikflow,51,-1.867240667,-0.9408867955,-0.7810633779,-1.177025676,1.997416615,2.11388278,0.9913277626
ikflow,51,-2.011891127,-0.8234246969,-0.8956151009,-1.193174481,2.175136328,2.00100708,1.054123044
ikflow,51,-2.55929637,0.4463439286,-2.054780483,-1.220508695,-2.433820963,1.865740657,1.927032709
ikflow,51,-1.696754456,-1.068465948,-0.6164619923,-1.173711538,1.745118499,2.274162531,0.9532368183
ikflow,51,-1.464375377,-1.181538343,-0.3953962624,-1.17020607,1.390766263,2.47624588,0.9388462901
ikflow,51,1.484051228,1.089921355,2.56054616,-1.168988109,1.686580062,2.303614378,0.9357346296
ikflow,51,-2.552761078,-0.3736166656,-1.074652076,-1.260606527,2.825133801,1.729704618,1.357664704
ikflow,51,-1.965483665,0.1872509569,-2.280898809,-1.267676473,-2.84371829,1.71712935,1.741141558
ikflow,51,-1.589934587,-1.119133234,-0.5188217163,-1.157622099,1.587495804,2.375082731,0.9423256516
ikflow,51,-0.2115746289,-1.076080322,0.5500084162,-1.169894338,-1.338282585,2.503424168,2.129580021
ikflow,51,0.8244462013,0.5600440502,2.09068656,-1.247097254,2.592169285,1.791994214,1.219686508
ikflow,51,-0.5400005579,-1.223162293,0.2704723477,-1.238435984,-0.6655107737,2.76617384,1.915538073
ikflow,51,1.420130968,1.045210481,2.493502378,-1.168751001,1.801493287,2.239438057,0.9456201196
ikflow,51,-1.114391804,-1.272046447,-0.08128915727,-1.218112826,0.7518229485,2.732922554,1.136026978
ikflow,51,0.8697591424,-0.2755308151,1.044067621,-1.245153427,-2.670672655,1.770084262,1.816323519
ikflow,51,-1.967449784,-0.8627109528,-0.862169981,-1.191858888,2.126018763,2.030919075,1.028939247
ikflow,51,-0.5999783278,-1.241870642,0.232135728,-1.250204086,-0.5289798379,2.785891056,1.843717694
ikflow,51,-1.127417803,-1.267048001,-0.09222207963,-1.209214091,0.7906143069,2.716997147,1.113898635
ikflow,51,1.000059366,-0.2281710356,0.9758145809,-1.255030513,-2.751086473,1.736919045,1.778594494
ikflow,51,0.4536984265,0.2965868711,2.093262434,-1.268109083,2.897300005,1.694062948,1.416172504
ikflow,51,2.144628525,-0.1093047708,0.08549434692,-1.267720819,-2.897300005,1.689175487,1.630946636
ikflow,51,0.8698095083,0.5972020626,2.103106976,-1.237198114,2.528734446,1.811917186,1.195800185
ikflow,51,-2.507220507,0.4135548472,-2.054737568,-1.231631994,-2.490100145,1.834730506,1.906277061
ikflow,51,-1.696531177,-1.06127131,-0.6224167347,-1.166565061,1.745150089,2.272005081,0.9511035681
ikflow,51,-0.5789437294,-1.233411074,0.2452372462,-1.243022919,-0.5695360899,2.786645651,1.863628268
ikflow,51,-0.8377832174,-1.280162573,0.09839943796,-1.265799522,0.08184308559,2.825012922,1.49541986
ikflow,51,1.350575566,1.003641009,2.434108496,-1.179282784,1.89134419,2.176617146,0.9574728012
ikflow,51,-1.717267871,-1.04766655,-0.6433879137,-1.163141012,1.782907248,2.251353979,0.9474275112
ikflow,51,1.022475958,0.7352674603,2.180924177,-1.220210671,2.342422724,1.913596749,1.101034284
ikflow,51,0.9189450145,0.6414111853,2.125678062,-1.2374053,2.487299442,1.837237239,1.162097573
ikflow,51,-2.3729074,0.3348459601,-2.082107544,-1.24736762,-2.610290289,1.796002388,1.851277113
ikflow,52,1.038014889,0.9243048429,-1.262270331,-0.7415271997,-1.713250399,2.380828857,1.784517646
ikflow,52,-2.17817378,-0.8056899905,2.229264021,-0.7575976253,-2.005660772,2.273730516,1.76448226
ikflow,52,-2.079927683,-1.065192342,1.531255603,-0.744540453,-1.359286308,2.507748127,1.790165544
ikflow,52,1.027538419,1.250942111,-2.01119256,-0.7833645344,-0.8773190975,2.642995119,1.715807199
ikflow,52,0.5774285793,0.6584047079,0.00726810284,-0.8185839653,-2.586023331,2.068517208,1.608305097
ikflow,52,0.5002636909,1.140602946,1.873008013,-0.08754524589,2.055619478,2.351296425,1.325863838
ikflow,52,-2.093674183,-1.162815571,1.315623045,-0.7539774179,-1.113875747,2.57976675,1.751708269
ikflow,52,-2.335968733,-0.7000315785,2.670809269,-0.7906613946,-2.311819315,2.163048506,1.705542803
ikflow,52,-2.118676424,-0.8850913644,1.98425746,-0.7476441264,-1.814819098,2.342174768,1.787531972
ikflow,52,-2.092645407,-1.145136118,1.355047941,-0.7471206188,-1.164692879,2.563025951,1.76510942
ikflow,52,-2.258749962,-1.46495223,0.6939834952,-0.8495231867,-0.09416383505,2.761517286,1.421618223
ikflow,52,0.667021513,0.6656023264,-0.1707936525,-0.8091583848,-2.48237586,2.0956707,1.646200895
ikflow,52,0.5326958299,0.6586514115,0.09420634061,-0.8219748735,-2.632621527,2.063258171,1.592268348
ikflow,52,0.5929476619,1.07533586,-0.6355839372,-0.09402443469,-1.832586646,2.369662523,1.424011469
ikflow,52,0.5426801443,0.6561382413,0.07547650486,-0.8234542608,-2.617016077,2.063733578,1.601718783
ikflow,52,0.2286564112,1.462816238,2.42393136,-0.7525665164,1.815266609,2.3371346,0.9739880562
ikflow,52,-2.133743286,-1.286318779,1.057150245,-0.790103972,-0.7529265881,2.670572996,1.667398572
ikflow,52,0.835275352,0.7198015451,-0.548024416,-0.7737711072,-2.246016026,2.182461739,1.705212951
ikflow,52,-2.263558865,-1.461192369,0.6890802979,-0.8383552432,-0.1120073125,2.752010345,1.438048005
ikflow,52,1.062746048,1.081879616,-1.646824718,-0.7486796975,-1.33334434,2.516257524,1.789116979
ikflow,52,0.8372709155,0.7172512412,-0.5501714945,-0.7818475366,-2.2541821,2.178610325,1.708177567
ikflow,52,0.5996741652,1.146789432,-2.136209011,-0.0876083374,-0.3270458281,2.418386221,1.390894055
ikflow,52,1.003374934,1.304142594,-2.121729136,-0.8000468612,-0.7123482823,2.681286812,1.668081641
ikflow,52,-2.085518599,-1.067043066,1.531808734,-0.7372365594,-1.368632197,2.503873348,1.782724738
ikflow,52,-2.360658884,-1.53460443,0.5032615066,-0.8464106917,0.2859530747,2.750808001,1.252898693
ikflow,52,0.9465843439,0.7810379863,-0.8384968042,-0.7703709602,-2.073960781,2.244953632,1.756613135
ikflow,52,0.05333294347,0.9476914406,1.292393804,-0.8390307426,2.895161629,2.012815475,1.254958272
ikflow,52,-2.357509136,-0.6970356107,2.716973782,-0.7895190716,-2.337846279,2.148593903,1.694684148
ikflow,52,-2.291716099,-0.715235889,2.571312904,-0.790314436,-2.244220734,2.178754807,1.715230823
ikflow,52,-2.302012444,-0.7201668024,2.580898523,-0.7774456143,-2.253755331,2.183648348,1.717992902
ikflow,52,0.593606472,1.14675796,-2.194576979,-0.08149320632,-0.2555861771,2.420020342,1.385662675
ikflow,52,0.2491223067,1.470995784,2.471898556,-0.742184937,1.775700808,2.354318619,0.9757453203
ikflow,52,-2.39975667,-1.551914692,0.4326647818,-0.8381208777,0.4191726744,2.73739934,1.191353798
ikflow,52,-2.256133795,-1.458494425,0.7048125863,-0.8442595601,-0.1206495017,2.755158186,1.434825659
ikflow,52,0.5810027719,1.0717659,-0.421841234,-0.09126915038,-2.032323122,2.358677626,1.421511292
ikflow,52,-2.082065582,-1.062373877,1.540230036,-0.741204679,-1.382818699,2.492993116,1.789405227
ikflow,52,0.0533339642,1.206972957,1.791747928,-0.8068267107,2.442374706,2.115961075,1.086353183
ikflow,52,0.9126474857,0.7694215775,-0.7659679055,-0.7571645379,-2.116381645,2.237624168,1.737512827
ikflow,52,1.039457321,1.226478934,-1.960473895,-0.7834191918,-0.9501353502,2.63229084,1.73867023
ikflow,52,-2.10818243,-1.21361506,1.204585075,-0.7633707523,-0.9633260369,2.616374016,1.722566962
ikflow,52,0.2698284686,1.480757833,2.523483753,-0.7307119966,1.710778475,2.378684521,0.968079567
ikflow,52,1.01498425,1.283715606,-2.078233242,-0.7974543571,-0.77722013,2.667763233,1.691323996
ikflow,52,-2.090555191,-1.12710309,1.393287063,-0.7449112535,-1.204509497,2.550480127,1.767142534
ikflow,52,-2.086163282,-1.033518195,1.609487772,-0.7325680256,-1.443434954,2.474431038,1.781868339
ikflow,52,1.049427629,1.124837995,-1.741389394,-0.739076376,-1.233149529,2.550391674,1.780821323
ikflow,52,-2.356918335,-1.533474207,0.5081208348,-0.847740531,0.2730616033,2.75359416,1.258001804
ikflow,52,0.6375863552,0.6654741168,-0.1147236452,-0.8075972795,-2.516095161,2.094334126,1.633580923
ikflow,52,1.049531341,1.161134243,-1.820484519,-0.7559661865,-1.123330593,2.578137159,1.76432991
ikflow,52,-2.297391653,-0.7183134556,2.577160835,-0.786151886,-2.262551546,2.173162222,1.716202855
ikflow,52,0.7954593301,0.6970385313,-0.4496646821,-0.7907482386,-2.320344448,2.155217886,1.692291021
ikflow,53,2.402173042,-0.6802009344,-2.883063316,-0.4361742437,-1.281003952,2.509314537,1.99609673
ikflow,53,-0.888589859,0.8776652813,1.403347254,-0.3417096734,-2.239442348,2.343144655,1.89684546
ikflow,53,2.727027893,-0.8788093925,1.856901765,-0.3406837285,0.3159639835,2.585610151,1.671685576
ikflow,53,2.673564672,-1.162741184,0.5306494236,-0.4410373867,1.828979015,2.399188757,1.489753604
ikflow,53,2.66361618,-1.146880388,0.5365222692,-0.409788996,1.81339705,2.398220539,1.509206891
ikflow,53,2.591065884,-0.6571004987,2.805120945,-0.4975680709,-0.7946289182,2.613496065,1.948102713
ikflow,53,2.588012934,-1.234906077,0.1871202886,-0.5142282844,2.210721493,2.310699701,1.496530175
ikflow,53,2.247337341,-0.7489304543,-2.256382227,-0.4302772582,-1.786003351,2.407889366,1.98846817
ikflow,53,2.193541527,-0.7446695566,-2.141880989,-0.4844070375,-1.873159647,2.386489868,2.008078337
ikflow,53,-0.8816052675,0.966817081,1.835765243,-0.3494566977,-2.661871672,2.300036907,1.832928419
ikflow,53,-0.31450212,1.005516291,-1.836848855,-0.470944196,0.9550109506,2.577180624,1.513156891
ikflow,53,2.138356686,-0.9302477241,-1.428053379,-0.5044546723,-2.500638723,2.256045818,1.919133067
ikflow,53,-0.899962008,0.8594552875,1.333967447,-0.362106353,-2.171700001,2.349755764,1.911905646
ikflow,53,-0.4369908273,0.6508974433,-0.6105499268,-0.5682060719,-0.5686666965,2.660184145,1.923987985
ikflow,53,2.338554859,-0.734282136,-2.569663286,-0.380936414,-1.516071796,2.45939064,1.96460557
ikflow,53,2.302467823,-0.7216723561,-2.490975618,-0.4198638201,-1.59011364,2.446258783,1.99290812
ikflow,53,-0.8909415007,0.8516675234,1.277273774,-0.3521799445,-2.125992775,2.359665394,1.908468366
ikflow,53,-0.5690000057,0.7103610039,-0.3299359381,-0.406177789,-0.7259154916,2.588058949,1.893393874
ikflow,53,2.244336128,-0.8275443316,-1.948516846,-0.3709467351,-2.046848774,2.36013937,1.925701022
ikflow,53,2.565725327,-1.215854883,0.1374014318,-0.479676038,2.249257326,2.313367367,1.508021474
ikflow,53,-0.9171937108,0.737837553,0.9113466144,-0.4617983997,-1.808680415,2.405512333,2.001174212
ikflow,53,-1.039615154,0.9387751818,1.751418591,-0.5545135736,-2.508778572,2.243998051,1.927469611
ikflow,53,-0.2179667205,0.8745506406,-1.464653015,-0.6043050289,0.4618214071,2.686105013,1.576524377
ikflow,53,2.261506796,-0.8539109826,-1.857718587,-0.3402784467,-2.148623943,2.348170996,1.905732751
ikflow,53,-0.5687457919,0.7192656994,-0.3359141946,-0.391651094,-0.7045822144,2.576440811,1.87926054
ikflow,53,-0.267504096,0.7963763475,-1.22132051,-0.5819876194,0.126952365,2.700305939,1.705906391
ikflow,53,-0.2866109908,0.9182642698,-1.549767375,-0.5012352467,0.6015437841,2.629657984,1.572582603
ikflow,53,2.217008591,-0.888964355,-1.637346268,-0.3878732026,-2.319491148,2.314732075,1.899336934
ikflow,53,2.372570515,-0.7286316156,-2.69951582,-0.3700709939,-1.40502131,2.469946146,1.953188062
ikflow,53,-0.6743335724,0.7121415734,0.05971458182,-0.379034549,-1.062941074,2.529400349,1.92874217
ikflow,53,2.263297796,-0.9717615247,-1.281356096,-0.347320348,-2.663159609,2.296260118,1.830618978
ikflow,53,-0.8613208532,1.009912252,2.05403018,-0.3521015346,-2.81722641,2.28260231,1.795134664
ikflow,53,2.796309471,-0.9655484557,1.439044714,-0.4169191718,0.8061113954,2.580078602,1.553395152
ikflow,53,2.830180883,-1.035759926,1.200344682,-0.4849824011,1.086791158,2.555323601,1.483445525
ikflow,53,2.346752167,-0.7177613378,-2.640380859,-0.3997300267,-1.467901111,2.466180325,1.97736752
ikflow,53,-0.4986584187,1.138163209,-2.64240694,-0.3811973929,1.862429142,2.402932405,1.512553453
ikflow,53,2.853515625,-1.013042212,1.285437107,-0.5103496313,0.9727447033,2.585916281,1.488191724
ikflow,53,-0.3895061612,0.9843862653,-1.80071187,-0.3607521951,0.9115641117,2.540270329,1.575665832
ikflow,53,2.152049065,-0.8325357437,-1.772466302,-0.4817073047,-2.201605797,2.312673569,1.968310475
ikflow,53,2.529897928,-1.172341943,0.05315400288,-0.4020924866,2.328007936,2.319993019,1.55818522
ikflow,53,-0.6291333437,0.7241108418,-0.1243047118,-0.3633435071,-0.8905673623,2.553067923,1.901762366
ikflow,53,-0.6130228639,0.6762719154,-0.1603093445,-0.4461975098,-0.9154850841,2.572435379,1.950639606
ikflow,53,-0.8893381357,0.965383172,1.837423086,-0.3596705496,-2.645467997,2.289932013,1.834308386
ikflow,53,-0.5417658091,1.150803566,-2.816324711,-0.3766759932,2.042755604,2.375954628,1.531324983
ikflow,53,-0.9006424546,0.7589690089,0.9371178746,-0.4267792404,-1.825684309,2.404267788,1.980543494
ikflow,53,-1.001087546,0.8784664869,1.529758215,-0.4884687364,-2.345430136,2.298965931,1.950798154
ikflow,53,2.356675148,-0.7138424516,-2.685169935,-0.4000617266,-1.424663186,2.477058887,1.975396276
ikflow,53,-0.8607108593,1.012232184,2.054906607,-0.3530196846,-2.853229284,2.277115107,1.801062942
ikflow,53,-0.9366404414,0.7425835729,0.964808166,-0.4736955166,-1.847070336,2.399090052,2.004766226
ikflow,53,2.18863678,-0.7624257207,-2.070826769,-0.47743994,-1.93799448,2.368066788,2.005977869
ikflow,54,1.358212352,0.8668136597,0.2607671618,-3.020319462,2.069137812,1.287269711,0.5545729995
ikflow,54,0.2654460371,1.319519639,0.5056571364,-2.969782829,1.669864655,2.238171816,0.2839809358
ikflow,54,0.4474528432,-0.832463026,2.897300005,-3.04147315,-2.178214312,1.243427515,1.960984945
ikflow,54,0.3097524345,1.288821816,0.5094147325,-2.970800638,1.688977718,2.191422939,0.2811003923
ikflow,54,0.3536166847,1.273021579,0.5007501841,-2.972831726,1.67765379,2.144697189,0.3125860393
ikflow,54,0.9322605729,1.009189129,0.4014000595,-2.99851656,1.914674163,1.571008921,0.4262641668
ikflow,54,0.4094515443,1.262928247,0.5020980835,-2.961691856,1.736470938,2.083566666,0.288815558
ikflow,54,0.8794032335,1.015412807,0.4258777201,-2.99693799,1.905788779,1.632173896,0.4137790501
ikflow,54,0.2874746025,1.296081066,0.5146406293,-2.971051931,1.693059564,2.205834627,0.2790758312
ikflow,54,1.261031508,0.8896344304,0.3042393625,-3.015223503,2.046905994,1.337207198,0.5039477348
ikflow,54,0.1815153062,1.351194978,0.5083293319,-2.968398094,1.633971691,2.314232349,0.2903313339
ikflow,54,0.1782984883,1.355725527,0.5207891464,-2.966762304,1.642179489,2.332294941,0.2752986848
ikflow,54,0.3055216074,1.285816908,0.5161185265,-2.968092442,1.667959332,2.192219973,0.300766468
ikflow,54,0.2116808295,1.341581821,0.505810082,-2.967281818,1.64758873,2.266624689,0.2900290787
ikflow,54,0.1555136442,1.363331795,0.5037760735,-2.969761848,1.616969585,2.346467018,0.2852568924
ikflow,54,0.3835490942,1.266702056,0.5114713907,-2.967187405,1.710430264,2.105528831,0.3116407692
ikflow,54,0.5851848722,1.142773867,0.4768980443,-2.98904705,1.775353551,1.913161874,0.3566941619
ikflow,54,0.4317290187,1.208917618,0.5034479499,-2.982668877,1.743037105,2.053953648,0.3201978207
ikflow,54,0.2225127369,1.324048162,0.5086639524,-2.971915245,1.656373858,2.275137424,0.2710003853
ikflow,54,0.5912879109,1.137163758,0.4829170108,-2.989594221,1.814244628,1.881039619,0.3437022865
ikflow,54,0.4181540906,1.229544878,0.4998521507,-2.985522985,1.74201262,2.070352316,0.2858887613
ikflow,54,0.8367348313,1.036363244,0.4294360578,-2.997319937,1.871923566,1.653772116,0.4117195904
ikflow,54,1.649720192,0.7971413732,0.1752646416,-3.059387684,2.281421661,1.081897497,0.7128340602
ikflow,54,0.854349196,1.028584599,0.4331176281,-2.998971224,1.890228748,1.649966717,0.4119580984
ikflow,54,0.3941575885,1.245072246,0.4888810813,-2.971289396,1.716271639,2.10278368,0.3135007322
ikflow,54,0.6601718068,1.09253037,0.4700846374,-2.995408773,1.802915931,1.849315882,0.3561071157
ikflow,54,0.6775054932,1.096152902,0.4601684511,-2.985681772,1.832120895,1.808673859,0.3650480509
ikflow,54,0.8454509377,1.025003791,0.435741961,-2.996907234,1.870388627,1.660412073,0.4215295613
ikflow,54,1.771012187,0.7758991122,0.1280392706,-3.064722776,2.340728283,1.025186896,0.7594946027
ikflow,54,0.7519411445,1.064839125,0.4506897032,-2.995035648,1.845649123,1.728436232,0.3881022632
ikflow,54,0.7462626696,1.065609217,0.4595046639,-2.987850904,1.847852111,1.74861598,0.38271451
ikflow,54,0.5029498935,1.217247844,0.4932621121,-2.972476244,1.760671258,1.976303577,0.3261625171
ikflow,54,0.3329357803,1.31155777,0.4952969551,-2.96409893,1.698004246,2.177000761,0.2708803117
ikflow,54,0.2627239227,1.357563615,0.5022541881,-2.954273462,1.66566062,2.230914354,0.2773400247
ikflow,54,0.9496482611,0.9821448326,0.3913808167,-3.004217386,1.915500283,1.553710699,0.4463246763
ikflow,54,0.9925252199,0.9615909457,0.3891076744,-3.010176182,1.933095217,1.530503392,0.4432820678
ikflow,54,0.4630455375,1.192136884,0.5022479892,-2.98068881,1.74956882,2.018511057,0.3115285337
ikflow,54,0.3035571277,1.306604862,0.5046226978,-2.974901676,1.678933382,2.204476357,0.2954052091
ikflow,54,0.7784747481,1.037916422,0.4448324144,-2.998486519,1.853521109,1.71835351,0.3952964544
ikflow,54,0.541197598,1.157255769,0.4890770912,-2.982595444,1.790814161,1.934404016,0.3282386661
ikflow,54,1.127341986,0.910279274,0.3491279185,-3.016361475,1.987046599,1.434597373,0.4845120013
ikflow,54,1.635398388,0.8029676676,0.1908998191,-3.055752754,2.304126501,1.088220358,0.7101324797
ikflow,54,1.783586264,0.786224246,0.1419206113,-3.066792727,2.4029634,1.000233054,0.7883212566
ikflow,54,0.7468666434,-0.9025678039,2.779823065,-3.021973848,-2.030783653,1.438056946,2.053235054
ikflow,54,0.1962026209,1.335944653,0.5132197142,-2.981151104,1.653341413,2.303113699,0.2772980928
ikflow,54,0.280128628,1.294570923,0.5074432492,-2.971047878,1.694780707,2.199113846,0.2797942162
ikflow,54,0.4003063142,1.223490119,0.500882566,-2.976756573,1.697089076,2.108271837,0.3109499216
ikflow,54,0.7361921668,1.071349025,0.4572766721,-2.986384153,1.837552905,1.750126123,0.3905809522
ikflow,54,0.3230743706,1.28547442,0.5106743574,-2.98085475,1.703873158,2.167414188,0.2854407728
ikflow,54,0.4141359031,1.258990765,0.4949635863,-2.976116657,1.731540084,2.075500011,0.2828506231
ikflow,55,0.5908378959,0.2237707675,0.9981195927,-2.51228857,-0.6801778674,3.002469778,2.398786306
ikflow,55,-0.1727416217,-0.3065035045,1.981694698,-2.456912041,1.054372787,2.830135822,1.097095013
ikflow,55,-0.3763092458,-0.2019992769,2.17265439,-2.490649462,0.7808688283,2.920223951,1.272180915
ikflow,55,0.7405626178,0.1785327792,0.8728904724,-2.527466297,-0.5106704831,3.018041849,2.26279664
ikflow,55,0.4417545795,0.3044415712,1.132182956,-2.491065979,-0.8318091631,2.944231749,2.498519897
ikflow,55,0.22174941,0.6491085291,1.360126734,-2.426827669,-1.314061165,2.67014432,2.795073032
ikflow,55,-0.4149503708,-0.1896619499,2.215022802,-2.495142221,0.7697856426,2.932928801,1.28478229
ikflow,55,1.75924325,0.09355017543,-0.01928840205,-2.550616026,0.2898000479,3.031592369,1.629237056
ikflow,55,-0.7032607794,-0.1288913637,2.477887869,-2.527426958,0.5128948689,2.98477006,1.471956015
ikflow,55,0.492561847,0.2672266066,1.086613059,-2.499192476,-0.7677385807,2.963160515,2.468976736
ikflow,55,-1.957257032,-0.1077475399,-2.626282215,-2.560867786,0.04544312879,3.062693834,1.838144541
ikflow,55,0.5344244242,0.235753417,1.054065824,-2.516331673,-0.6693173051,2.988041162,2.387741327
ikflow,55,-0.5691474676,-0.1444362551,2.35308218,-2.518982172,0.596950531,2.964133263,1.409402966
ikflow,55,0.08510636538,-1.586505175,1.510729551,-2.430776596,1.895235181,1.709827423,0.9849694967
ikflow,55,0.6374194026,0.203389734,0.9556332827,-2.522727489,-0.6482576132,3.020739317,2.377812624
ikflow,55,0.2289162427,0.6081618667,1.349094868,-2.434219837,-1.280401826,2.707514763,2.778763771
ikflow,55,-0.5722951293,-0.1489227563,2.353176355,-2.516894817,0.5910280347,2.958273411,1.406621575
ikflow,55,0.4645054936,0.287232548,1.112201929,-2.493345499,-0.8533622622,2.951397181,2.513150454
ikflow,55,0.5813942552,0.2209937125,1.012409568,-2.514875889,-0.6787661314,2.98840332,2.374615192
ikflow,55,0.6148240566,0.1961154342,1.001239657,-2.535046816,-0.4692980647,3.018544674,2.225041866
ikflow,55,2.29731226,0.4241806567,-0.8323770165,-2.074492216,-2.209175348,3.643941879,-2.20952034
ikflow,55,0.7225197554,0.1833863109,0.8972492218,-2.529072285,-0.4425908923,3.02266407,2.215897799
ikflow,55,-0.8333360553,-0.1159716249,2.59629631,-2.528057098,0.4283214509,2.978752613,1.524432898
ikflow,55,-0.3530720472,-0.1994983852,2.156504154,-2.49764657,0.7824144363,2.930042267,1.268847704
ikflow,55,-0.9536073208,-0.1094213352,2.711093426,-2.530063391,0.3916035891,2.987653255,1.564284205
ikflow,55,0.542542696,0.2530638278,1.043985486,-2.497047901,-0.7391517758,2.971740961,2.43116045
ikflow,55,0.7077100873,0.1797729582,0.9050328732,-2.531781197,-0.5134966373,3.011974812,2.259437561
ikflow,55,-0.4090394974,-0.1924115866,2.208070993,-2.486608744,0.7943250537,2.924756289,1.263919234
ikflow,55,0.5040818453,0.2531923354,1.081031561,-2.505582809,-0.7361946702,2.981295824,2.437222004
ikflow,55,2.418410063,0.4940414131,-0.9760943055,-2.070014954,-2.149731874,3.696817875,-2.223150015
ikflow,55,-0.420696497,-0.1906704903,2.218618393,-2.493101597,0.7530437112,2.929442644,1.292961478
ikflow,55,1.042678475,0.1157516092,0.6156475544,-2.553622484,-0.2050931156,3.025071621,2.019834757
ikflow,55,-0.2341945171,-0.2671432495,2.043620586,-2.464361429,0.9703353643,2.86504817,1.141896963
ikflow,55,0.7305704355,0.1710009277,0.8877397776,-2.536077499,-0.4632686377,3.011323452,2.227766991
ikflow,55,-0.2060330361,-0.2690140009,2.016435623,-2.473000288,0.9489494562,2.864797115,1.154977798
ikflow,55,0.08926618844,-1.268421531,1.570214033,-2.412110567,1.736304522,1.99523139,0.9158443213
ikflow,55,-0.9814841151,-0.1104930192,2.733709812,-2.5289464,0.3689073622,2.993792534,1.574504018
ikflow,55,0.5508595109,0.2514741123,1.036419153,-2.50274992,-0.725651443,2.976774216,2.421240807
ikflow,55,-0.5736779571,-0.1418464035,2.360994339,-2.516735315,0.617328167,2.963683844,1.396099329
ikflow,55,0.6530944109,0.1839446127,0.961935699,-2.537949085,-0.4845819473,3.014891148,2.233572721
ikflow,55,0.7723578811,0.1626357138,0.8584322333,-2.542458534,-0.3719519079,3.020313978,2.150433064
ikflow,55,0.007175351959,-0.5326183438,1.78200686,-2.431546211,1.313308954,2.6349895,0.9453812838
ikflow,55,1.769763708,0.09894542396,-0.0144733591,-2.536596775,0.3856309056,3.032301188,1.556379199
ikflow,55,-1.157797456,-0.1052168235,2.897300005,-2.534032106,0.2937903702,2.995491505,1.636434317
ikflow,55,-0.6424779892,-0.1381459683,2.421641111,-2.52037549,0.5599784255,2.96543169,1.436493278
ikflow,55,0.9335722923,0.124077715,0.7182925344,-2.554134846,-0.2313794792,3.034970045,2.040344477
ikflow,55,-0.5244226456,-0.1686814278,2.316130877,-2.502856255,0.6703236103,2.958001137,1.359483719
ikflow,55,-0.1349549592,-0.3308645487,1.945837855,-2.450430393,1.095395327,2.810516357,1.065460563
ikflow,55,0.08830866218,-1.087971568,1.607486248,-2.417034864,1.654870152,2.145358086,0.9115775228
ikflow,55,0.4075051844,0.3100796938,1.167753696,-2.495842457,-0.8457124829,2.93849659,2.50472331
ikflow,56,0.1579320878,1.473557472,-0.996587038,-1.473785281,-2.431274414,3.535608053,-0.6628967524
ikflow,56,-0.1791005433,1.222011566,-0.2559303939,-1.605067372,1.796617866,3.655225992,0.9995429516
ikflow,56,-0.5324356556,0.882696867,-0.1546687186,-1.897279263,-1.737466931,2.649221182,-2.128680944
ikflow,56,-0.5263957381,0.8818024993,-0.1645135731,-1.899696946,-1.729681373,2.662495375,-2.128121376
ikflow,56,-1.751497149,1.559184074,1.09792006,-2.012456894,-2.44511795,1.694312453,-2.647124052
ikflow,56,0.4203069508,1.504273057,-0.8488813043,-1.90535295,1.373465657,3.000169992,1.992410421
ikflow,56,0.134975791,1.443569899,-0.9335156083,-1.454492569,-2.609355211,3.498337984,-0.5222890973
ikflow,56,-0.489323169,0.8893465996,-0.2081726789,-1.896513939,-1.697354555,2.695366383,-2.129405499
ikflow,56,0.3042828441,1.373586774,-0.748437345,-1.954876304,1.051053286,3.15691328,2.17090106
ikflow,56,-0.6051433086,0.8729420304,-0.07837195694,-1.904811025,-1.757073164,2.606658936,-2.144143581
ikflow,56,0.1115911901,1.384448051,-0.8932567239,-1.498296738,-2.570162058,3.439704895,-0.5943005681
ikflow,56,-0.2461720854,1.213956475,-0.1848885119,-1.569247365,1.827111363,3.704377174,0.8978027105
ikflow,56,0.4142285585,1.500810623,-0.8434845805,-1.902011871,1.36730051,3.015752792,1.988415241
ikflow,56,0.3251600862,1.397507429,-0.7605106235,-1.932618618,1.177616954,3.135410309,2.087290049
ikflow,56,-0.4576499462,0.89266783,-0.2372845113,-1.896656394,-1.690379977,2.707380533,-2.11866951
ikflow,56,0.4256151021,1.519729614,-0.8495537043,-1.895509243,1.420631647,3.013549328,1.948842883
ikflow,56,-0.06915266067,1.271326423,-0.4111583531,-1.536857247,2.135214329,3.553800821,0.7567002177
ikflow,56,-0.1800255328,1.238658667,-0.2702634633,-1.540001869,1.95880115,3.656143427,0.82107687
ikflow,56,0.2818803489,1.345804214,-0.7368886471,-1.979192853,0.9173489809,3.172693014,2.285588503
ikflow,56,-0.4651006758,0.8927130699,-0.2334652394,-1.897516131,-1.688541293,2.706731558,-2.119083643
ikflow,56,-0.1288834661,1.235753059,-0.3188322783,-1.584367633,1.91360724,3.609471321,0.9251073599
ikflow,56,-1.661285996,1.412460804,1.016226411,-1.991741776,-2.336317539,1.794219255,-2.563942432
ikflow,56,-0.8876673579,0.8843739033,0.2221041024,-1.919686079,-1.883559465,2.421029806,-2.207060099
ikflow,56,0.4665413201,1.566253781,-0.8879438639,-1.894797921,1.44091177,2.952286482,1.965704918
ikflow,56,-0.4698759615,0.8913680911,-0.2275800109,-1.895615101,-1.676792264,2.710798502,-2.137803316
ikflow,56,-0.3483276367,0.9208911657,-0.3622615933,-1.896496534,-1.597295761,2.795219898,-2.140675306
ikflow,56,0.3318721652,1.400197625,-0.7646691799,-1.943931103,1.133895278,3.137554884,2.111254215
ikflow,56,-0.3090164959,1.19739747,-0.1092614755,-1.613149405,1.640962362,3.750107765,1.026896834
ikflow,56,0.3315656483,1.394972324,-0.7690316439,-1.95419538,1.085943103,3.128078461,2.167776585
ikflow,56,-0.4193466902,0.902253449,-0.2805457115,-1.894065976,-1.646277428,2.740245581,-2.128029108
ikflow,56,0.5062724948,1.61901474,-0.9263879657,-1.890562654,1.504899621,2.890036583,1.968474746
ikflow,56,2.049288034,-0.9394286275,-2.708605528,-1.932551146,-1.948289394,2.303016424,-2.23815465
ikflow,56,1.504510522,-1.363437533,-2.1537714,-1.999091744,-2.318135262,1.830812216,-2.520436764
ikflow,56,0.3822083473,1.464671969,-0.814319849,-1.916686773,1.266573668,3.054177284,2.042068958
ikflow,56,0.321941793,1.380499244,-0.7652351856,-1.968602777,1.006798029,3.136071682,2.228000402
ikflow,56,0.5300793648,1.647966385,-0.9494040608,-1.897006989,1.520706296,2.844450951,1.96971333
ikflow,56,0.3742596507,1.448476672,-0.7995228171,-1.918886065,1.280207992,3.076171398,2.024209738
ikflow,56,2.024312735,-0.9500904083,-2.685346127,-1.930021286,-1.961913466,2.293837309,-2.252932072
ikflow,56,0.1935281754,1.514405012,-1.076803684,-1.527774811,-2.156766891,3.54994154,-0.9067306519
ikflow,56,-0.3418699503,0.9202666283,-0.3658126593,-1.89977026,-1.602581382,2.789195538,-2.138835669
ikflow,56,-0.1621829122,1.227895379,-0.2745469213,-1.603615522,1.797836781,3.642282248,1.004174232
ikflow,56,1.394194841,-1.560381413,-2.045612335,-2.010022402,-2.456121445,1.69658947,-2.654425621
ikflow,56,1.540923953,-1.317737699,-2.184267521,-1.992233992,-2.293186903,1.854410291,-2.481800795
ikflow,56,1.385013223,-1.579281926,-2.040966988,-2.013786077,-2.482190371,1.67713809,-2.638355017
ikflow,56,-2.71517992,-1.516389489,2.291598082,-1.894737124,1.448944926,3.002058029,1.913622737
ikflow,56,2.015806198,-0.9477543831,-2.669638157,-1.938810587,-1.980489135,2.266414642,-2.232485533
ikflow,56,0.4548414052,1.538026333,-0.8799782395,-1.910550356,1.377240777,2.958357096,2.002135992
ikflow,56,-1.266619921,1.024594784,0.6178200245,-1.943197131,-2.049285412,2.15690279,-2.317174196
ikflow,56,0.4090745151,1.500052214,-0.8371619582,-1.895602703,1.405246854,3.018116713,1.949842453
ikflow,56,0.4208644629,1.507296085,-0.8481965065,-1.909358859,1.344980836,3.002375603,2.019559145
ikflow,57,-1.621204019,-1.227747798,0.2498631179,-1.29351604,2.265863895,3.049135685,1.967274189
ikflow,57,-2.233257294,-1.299088359,-0.1199546084,-1.453315377,2.341470957,2.654689312,2.602980852
ikflow,57,2.222826719,1.032229066,-2.810425997,-1.297627807,-2.27583313,3.037130594,-0.5285084248
ikflow,57,-1.360160232,-1.104631066,0.3505653739,-1.115778685,2.775951147,3.22709775,1.139295459
ikflow,57,-0.7544144392,-0.9935075641,0.3812817335,-1.351101041,-2.246406078,2.934370518,-0.7544373274
ikflow,57,-1.463900089,-1.162706494,0.3368556798,-1.20914197,2.413002014,3.158004284,1.62369287
ikflow,57,-1.369294286,-1.141405582,0.1752398461,-1.578573585,-0.4426600635,3.507368803,-1.877445459
ikflow,57,-1.516070247,-1.187495351,0.3288370669,-1.260793924,2.185566187,3.139715433,1.898511767
ikflow,57,-1.224591851,-1.106180549,0.3694522083,-1.609506488,0.1598670036,3.525684118,-2.658664227
ikflow,57,-1.440444708,-1.142853022,0.3300976753,-1.165126085,2.603326797,3.178391933,1.397239208
ikflow,57,-0.8265343904,-1.010533094,0.3604691625,-1.327471972,-2.250557184,2.979729891,-0.6626101732
ikflow,57,-0.8176857233,-1.009561062,0.3618369699,-1.333345294,-2.240641356,2.976691008,-0.6910172701
ikflow,57,-1.391259909,-1.121227264,0.3842591643,-1.160700798,2.448975086,3.220651865,1.477515221
ikflow,57,-1.284482121,-1.124887943,0.3523624241,-1.608129501,0.2011653334,3.514162779,-2.640483379
ikflow,57,-1.458752632,-1.152390242,0.1490074396,-1.580148935,-0.3632498682,3.542623043,-1.86966455
ikflow,57,-0.7370046973,-0.9900015593,0.3825303316,-1.356110334,-2.240628242,2.930646181,-0.7624668479
ikflow,57,-1.215292335,-1.072937489,0.2749510705,-1.14092505,-2.711818457,3.192940712,0.1992354691
ikflow,57,1.545097232,-0.5734196901,-0.1229038984,-1.59347105,-2.860740662,2.14235425,-2.022007942
ikflow,57,-1.385316372,-1.147838831,0.2066989392,-1.602767467,-0.2482657731,3.524939299,-2.070735216
ikflow,57,0.7105093598,-0.5953761935,0.2557434142,-1.552231908,-2.614450693,2.286720991,-1.685603023
ikflow,57,-1.505506992,-1.182903051,0.3236474991,-1.242032051,2.288086176,3.134471416,1.799834728
ikflow,57,2.011447906,1.064709187,-2.874183416,-1.197528243,-2.436171055,3.163986921,-0.1585923433
ikflow,57,-0.6523033381,-0.9619427323,0.4065062404,-1.375241637,-2.22827363,2.87984848,-0.8620852232
ikflow,57,0.7385487556,-0.5915491581,0.2453499287,-1.552022815,-2.615396261,2.285207748,-1.696193695
ikflow,57,-1.125685692,-1.065354824,0.2680122256,-1.203585744,-2.435647488,3.164613247,-0.1558512598
ikflow,57,-1.444583416,-1.147197962,0.3398451507,-1.179292083,2.511709929,3.172752857,1.496419907
ikflow,57,-0.6978179216,-0.9761728048,0.395953387,-1.363721848,-2.251055002,2.898109198,-0.7954342365
ikflow,57,-1.470474005,-1.163464904,0.3337493241,-1.208945036,2.409888506,3.15976119,1.628166318
ikflow,57,-2.169137478,-1.301955462,-0.08576040715,-1.440745592,2.308069706,2.68598032,2.552359581
ikflow,57,-1.279669285,-1.067769289,0.2804417014,-1.08502984,-2.897300005,3.256347179,0.4644405246
ikflow,57,1.052193403,-0.5678593516,0.1087824106,-1.577869415,-2.726093769,2.212663889,-1.828941464
ikflow,57,-1.681131124,-1.246318102,0.2109815329,-1.316325068,2.257740736,2.996927023,2.038990498
ikflow,57,-0.8050563335,-0.8199175596,0.7591904402,-1.390798688,0.8605287075,3.723893881,2.307723999
ikflow,57,-1.021222591,-1.051986694,0.2969342768,-1.260238409,-2.309619427,3.099776506,-0.4047279358
ikflow,57,-1.277657747,-1.07250762,0.2483967543,-1.102308154,-2.715994358,3.251803637,0.283729583
ikflow,57,-0.9703302979,-1.045633078,0.3089562654,-1.285427809,-2.255912542,3.076610804,-0.4912543297
ikflow,57,-1.430222273,-1.138509631,0.3326532245,-1.161106348,2.621758699,3.17804718,1.375454664
ikflow,57,-1.326934695,-1.137477279,0.2482165247,-1.609945416,-0.188016668,3.517184734,-2.192708969
ikflow,57,-1.327214479,-1.136283636,0.2893792689,-1.611008286,0.004224172328,3.511874199,-2.385256529
ikflow,57,-1.243997216,-1.108836532,0.3831070364,-1.597337365,0.2553441525,3.514249325,-2.740844011
ikflow,57,-0.8979148269,-1.031131387,0.337908268,-1.310190678,-2.258033991,3.020470619,-0.5829015374
ikflow,57,-1.479937911,-1.166640759,0.3295561075,-1.212736368,2.405992508,3.149605751,1.646969914
ikflow,57,-1.985548973,-1.298383713,0.02743238769,-1.405264258,2.216457605,2.80198288,2.432519913
ikflow,57,-1.389744878,-1.12151432,0.3475820124,-1.139007807,2.689970493,3.210663319,1.263513803
ikflow,57,-1.432405829,-1.138245583,0.3308953345,-1.156717658,2.637817144,3.182194233,1.345608115
ikflow,57,-1.576830983,-1.211262226,0.27622962,-1.27234447,2.294286966,3.072515965,1.876604199
ikflow,57,1.601539254,1.196393013,-2.84710741,-1.249070644,2.343234777,3.106862068,1.7722224
ikflow,57,-1.368152261,-1.142220497,0.2272018343,-1.605423927,-0.1969535947,3.5298388,-2.141501904
ikflow,57,-0.5934067965,-0.9436419606,0.4201796949,-1.386286139,-2.259620667,2.838960171,-0.8969243765
ikflow,57,-1.53243494,-1.19484663,0.3035698533,-1.251786351,2.3165555,3.107205868,1.805412769
ikflow,58,-1.255839109,-0.8970702887,-1.062314868,-1.443821788,0.6631942391,0.5664717555,-0.9998670816
ikflow,58,-1.582268238,-0.2907904387,-1.381078839,-1.291884899,0.778517127,0.1769175231,-1.662995815
ikflow,58,-1.570641041,-0.3213175833,-1.358395815,-1.297474623,0.7649602294,0.19863832,-1.625161409
ikflow,58,-0.6860325933,-1.520481348,-0.5895659328,-1.544334054,0.290786773,0.908174932,-0.2825994194
ikflow,58,2.022896767,1.087941885,2.188569546,-1.479065061,0.5858924389,0.6769784689,-0.8017163277
ikflow,58,0.9336371422,-1.288401961,0.8273521662,-1.464103103,-0.6191049814,0.6323290467,1.209867716
ikflow,58,-0.9738606215,-1.267869234,-0.8271942139,-1.509202838,0.4785440564,0.7844875455,-0.6064205766
ikflow,58,-1.33406055,-0.7714040875,-1.130795717,-1.417829871,0.7148166895,0.4919299483,-1.10077095
ikflow,58,1.575927734,0.3281037509,1.787697077,-1.295156598,0.7504238486,0.2080856562,-1.621743202
ikflow,58,0.8236274123,-1.406126976,0.7216416001,-1.490790725,-0.5538908839,0.7176501155,1.069100261
ikflow,58,-1.494661331,-0.4688602984,-1.288441181,-1.342082262,0.7824084759,0.2908718586,-1.423130155
ikflow,58,-2.009093523,1.032637715,-2.123383045,-1.410216808,-0.7213190198,0.4602117538,1.497374654
ikflow,58,-1.582136273,-0.2405644357,-1.423833966,-1.266404867,0.7452929616,0.1396388561,-1.758963108
ikflow,58,-2.033463001,1.069082975,-2.144688368,-1.420960903,-0.7159560323,0.4898140132,1.444984317
ikflow,58,-1.286605954,-0.8410110474,-1.093364835,-1.427782655,0.6749945283,0.5313785076,-1.042914271
ikflow,58,2.323661566,1.409845829,2.434758902,-1.524154305,0.3892053366,0.8404062986,-0.440367341
ikflow,58,-0.5467327237,-1.604131579,-0.4751381874,-1.554769635,0.2155249268,0.9412203431,-0.1540631205
ikflow,58,-1.813867092,0.6614178419,-1.876899838,-1.312006831,-0.7888897061,0.2200145721,1.891154647
ikflow,58,-1.197514534,-0.9781067967,-1.020928621,-1.458209038,0.6344784498,0.610763073,-0.9215646386
ikflow,58,1.577742457,0.2928478122,1.754008412,-1.284439325,0.7526842356,0.1690474749,-1.691680551
ikflow,58,-1.309851289,-0.8063830137,-1.1138587,-1.424116611,0.6981316805,0.5122750401,-1.084079146
ikflow,58,1.530687809,0.2350219339,1.735588789,-1.267770529,0.7445309758,0.1498216391,-1.763349533
ikflow,58,0.6218053699,-1.562838554,0.5369787812,-1.522405624,-0.4242554903,0.8352190256,0.8356903791
ikflow,58,-1.599048853,-0.2307781726,-1.420769095,-1.266972065,0.7569897175,0.1415584832,-1.760873318
ikflow,58,0.9311732054,-1.300492048,0.8195842505,-1.472022533,-0.6114791632,0.6447339654,1.193068027
ikflow,58,-1.575169683,-0.3188168406,-1.359543324,-1.30062139,0.7781780362,0.202328831,-1.610763192
ikflow,58,-1.751844883,0.5474411249,-1.811351299,-1.289650202,-0.7650526166,0.1654624045,2.071870565
ikflow,58,-1.545824647,-0.3986482918,-1.31281209,-1.332565784,0.7819330096,0.2547098398,-1.504401207
ikflow,58,1.292457223,-0.7533102632,1.201505423,-1.341980457,-0.7816099524,0.2907570601,1.793658257
ikflow,58,-1.940671921,0.9230126739,-2.048876047,-1.387449145,-0.7533259392,0.388351351,1.597121835
ikflow,58,0.9460516572,-1.281921029,0.8335124254,-1.467161179,-0.6149374247,0.6336782575,1.207289338
ikflow,58,-1.175230384,-1.015954375,-0.99862957,-1.468000174,0.6197199821,0.6353181005,-0.8716990948
ikflow,58,1.631726146,0.4456319809,1.843693018,-1.340340257,0.7782424688,0.2718359232,-1.491942286
ikflow,58,-0.4652968943,-1.643979907,-0.407225579,-1.558758497,0.1640750766,0.9625811577,-0.07018663734
ikflow,58,1.619143844,0.4249436557,1.837017775,-1.331113458,0.7757457495,0.2576242089,-1.511931419
ikflow,58,-1.550827384,-0.3673216105,-1.340423107,-1.319301963,0.8040037155,0.2281920016,-1.545354724
ikflow,58,-1.28019917,-0.8583571315,-1.086947441,-1.435872912,0.6840957403,0.5474290848,-1.022354126
ikflow,58,1.176183105,-0.9657117724,1.064548492,-1.392251611,-0.7404251099,0.424506098,1.570282221
ikflow,58,-1.893561721,0.8380835652,-1.996561289,-1.361432433,-0.762701869,0.3454158306,1.685967326
ikflow,58,2.445820808,1.516518593,2.541244507,-1.548544645,0.3067648709,0.9085456729,-0.3240479529
ikflow,58,1.276354909,-0.7927006483,1.173493743,-1.352709174,-0.7771204114,0.3194057047,1.725162148
ikflow,58,0.7138086557,-1.494447708,0.6216141582,-1.505158067,-0.480884254,0.7816240191,0.9505331516
ikflow,58,-1.606515288,-0.2333076,-1.416766167,-1.273155093,0.7709900737,0.1407449991,-1.751445651
ikflow,58,-0.8019744158,-1.434548855,-0.6865617037,-1.536551952,0.3643157482,0.8719187975,-0.4155318737
ikflow,58,-1.536584377,-0.4009147882,-1.311514378,-1.324196577,0.7673891783,0.2523342073,-1.507440209
ikflow,58,1.253595114,-0.8246095777,1.156393647,-1.356321812,-0.7643502951,0.3311758339,1.697371483
ikflow,58,-0.6075934172,-1.568221092,-0.5268964171,-1.54782486,0.2481371611,0.9331315756,-0.2208541185
ikflow,58,-1.429607511,-0.61194098,-1.210948467,-1.38503933,0.7612016201,0.3844440579,-1.27336514
ikflow,58,2.582034826,1.604649305,2.657825708,-1.562435031,0.2156673372,0.9593690634,-0.181849882
ikflow,58,1.318357825,-0.6915726066,1.245098829,-1.32851851,-0.7950604558,0.2340174317,1.832219005
ikflow,59,0.8536034226,-0.709980309,-2.26129365,-0.7867226601,-1.25834918,0.2818858027,-0.1266483516
ikflow,59,0.9236209989,-0.6467382908,-2.473754644,-0.8128348589,-1.107871056,0.3505422175,-0.1572809219
ikflow,59,0.7225220799,-0.906799674,-1.681282163,-0.8051085472,-1.755044341,0.1160014197,-0.1575479358
ikflow,59,0.6922292113,-0.8566468954,-1.74828136,-0.8287507892,-1.555988312,0.1789527386,-0.07162767649
ikflow,59,0.7823321819,-0.7418342233,-2.083198786,-0.8022808433,-1.326300383,0.2663277686,-0.08877765387
ikflow,59,0.747600913,-0.7884736061,-1.954721808,-0.8000950813,-1.409765959,0.2416519523,-0.08117026836
ikflow,59,0.8403571248,-0.7110545635,-2.233026743,-0.7803826928,-1.226945281,0.2910595536,-0.1279475093
ikflow,59,0.7385720611,-0.7940902114,-1.919387102,-0.8044691086,-1.435989976,0.2325050235,-0.07930399477
ikflow,59,0.7471609712,-0.8209480047,-1.883519888,-0.7756385803,-1.483378768,0.2144750953,-0.1115495116
ikflow,59,0.8876947165,-0.6480181217,-2.414740562,-0.8210427165,-1.106602073,0.353076309,-0.1426217407
ikflow,59,0.7995939255,-0.7698792219,-2.056663752,-0.7763967514,-1.414131403,0.2241373211,-0.1445957869
ikflow,59,0.8365707397,-0.7074825168,-2.235044003,-0.791898191,-1.225739479,0.2990474999,-0.1605898738
ikflow,59,0.7264859676,-0.8382680416,-1.833578348,-0.80684793,-1.536223769,0.1866406053,-0.08365460485
ikflow,59,0.7265555859,-0.8581014872,-1.785875678,-0.8068888783,-1.63656795,0.1667757779,-0.1315697879
ikflow,59,-1.313177824,1.006570578,-1.529332638,-0.8795387149,-0.08801317215,0.6486189961,-0.8383979797
ikflow,59,0.8463106155,-0.7043333054,-2.252359629,-0.7805637717,-1.238276482,0.2984322906,-0.1204096004
ikflow,59,0.8632736802,-0.657944262,-2.361680984,-0.8263242245,-1.12797749,0.3549152911,-0.1077205539
ikflow,59,-1.337946534,1.040060878,-1.562339664,-0.8397554159,-0.06892769784,0.6211656928,-0.8636214733
ikflow,59,0.7436400652,-0.8407011032,-1.833497524,-0.7820634246,-1.555908084,0.1902006716,-0.09878166765
ikflow,59,0.8093264103,-0.75004673,-2.107193947,-0.7693468332,-1.343851447,0.261673063,-0.1459163427
ikflow,59,0.8980061412,-0.6391115189,-2.430606604,-0.8321371675,-1.111967683,0.3583413959,-0.118632108
ikflow,59,-1.308559656,0.9302464724,-1.417557001,-0.8927971125,-0.1409824789,0.656661272,-0.8063957691
ikflow,59,0.8895657659,-0.669236362,-2.389763594,-0.7957130075,-1.149727464,0.3480844796,-0.1737842113
ikflow,59,0.8854363561,-0.6621364951,-2.390640259,-0.8040331602,-1.147667766,0.3517250419,-0.1385133415
ikflow,59,0.6909440756,-0.8957291842,-1.661197066,-0.8307860494,-1.674788237,0.1379193813,-0.06608340889
ikflow,59,0.7331206799,-0.8413672447,-1.819081426,-0.7919661999,-1.570482492,0.1880661845,-0.1163074523
ikflow,59,0.7780421376,-0.7674751878,-2.023095131,-0.7855548859,-1.380848646,0.2446725965,-0.1088448614
ikflow,59,0.7662847042,-0.747977972,-2.050217152,-0.8028635383,-1.292505741,0.2651018202,-0.0628586933
ikflow,59,0.7834532857,-0.7695564032,-2.033059359,-0.7806258202,-1.364018083,0.2461102754,-0.1114904955
ikflow,59,1.014340281,-1.544964075,-0.523684144,-0.9212249517,1.925611258,0.07818676531,-1.758450031
ikflow,59,0.7767817378,-0.8052427769,-1.961583495,-0.7566936016,-1.457230926,0.2248633802,-0.1359787583
ikflow,59,0.8111000657,-0.7314861417,-2.141635895,-0.7877665758,-1.309111118,0.2639786303,-0.10510353
ikflow,59,-1.90788269,1.175551176,2.636333704,-0.1597660333,2.219264984,0.1862277985,-1.107714057
ikflow,59,1.55092454,-1.530682445,0.5795238614,-0.8443232775,0.7038034201,0.5233326554,-1.45877409
ikflow,59,0.8099063039,-0.6867874265,-2.218759298,-0.8210372329,-1.195126534,0.316544652,-0.1031137332
ikflow,59,0.7641718388,-0.7960175276,-1.948651314,-0.7903511524,-1.46129477,0.222164169,-0.08717890829
ikflow,59,1.879437447,-0.7964052558,1.866093755,-0.9944960475,-0.2116046846,0.7882922292,-0.6355263591
ikflow,59,0.8771080971,-0.7062914371,-2.313871145,-0.754553616,-1.209803581,0.3123226464,-0.1925089657
ikflow,59,0.8482667208,-0.6900507808,-2.278753757,-0.8089892268,-1.202792048,0.3024527133,-0.1374767423
ikflow,59,0.8620779514,-0.671113193,-2.341657162,-0.7990280986,-1.150467396,0.3465301394,-0.1343908161
ikflow,59,0.8325932026,-0.7212501764,-2.193945408,-0.7693281174,-1.2692765,0.2940459847,-0.1159171164
ikflow,59,0.8560448289,-0.7293502688,-2.229531527,-0.7472060323,-1.274330139,0.293587327,-0.1602455229
ikflow,59,0.8239181042,-0.7726057172,-2.092374086,-0.7517638803,-1.443239212,0.2272119969,-0.1542375982
ikflow,59,0.9808486104,-1.521119237,-0.5988821983,-0.9073028564,2.001231432,0.03254742548,-1.800161123
ikflow,59,0.7353824377,-0.8171070814,-1.866759181,-0.7983946204,-1.513346553,0.2133464515,-0.08300451189
ikflow,59,0.8432399035,-0.7239225507,-2.204545021,-0.7819033861,-1.304746151,0.275734067,-0.1429550201
ikflow,59,0.7852390409,-0.7926084995,-1.985286236,-0.7698376179,-1.452037573,0.2217723578,-0.1156029329
ikflow,59,0.8190100789,-0.7102974057,-2.203941107,-0.7998909354,-1.215427637,0.2878496051,-0.09426594526
ikflow,59,0.7271233797,-0.8279440403,-1.83916378,-0.8132794499,-1.513424039,0.1943226904,-0.03582681715
ikflow,59,0.8527557254,-0.6591914296,-2.352321863,-0.8199534416,-1.092726707,0.3623388708,-0.1207795963
ikflow,60,0.7399970293,-0.69684726,-1.725762844,-0.4953356385,1.618725419,0.5997959375,-1.585315824
ikflow,60,1.30292666,-0.9329212904,0.4764972627,-0.2980589867,-0.6442660093,0.7413129807,-1.151616216
ikflow,60,1.408669233,-0.8865341544,0.9297296405,-0.3198031485,-1.110323191,0.6945910454,-1.091728687
ikflow,60,-2.195821285,0.7501506805,1.409330368,-0.2624236941,1.581663966,0.6417818069,-1.445729256
ikflow,60,-2.086427927,0.9162424803,2.586274862,-0.2841542363,0.4253194928,0.7526912093,-1.34917891
ikflow,60,1.54292357,-0.974979341,0.8250668049,-0.5537570715,-1.006511807,0.748770833,-0.9781484008
ikflow,60,-2.351912022,0.9327729344,2.207010031,-0.5533053875,0.8307993412,0.7897996306,-1.534864902
ikflow,60,0.7547367811,-0.8071430326,-1.336477757,-0.4945240021,1.245313525,0.681702435,-1.566486597
ikflow,60,1.510048628,-0.7886456251,1.480481267,-0.3751632869,-1.684198856,0.5977944136,-1.035090566
ikflow,60,1.05314672,-1.102156401,-0.2675473988,-0.6014276743,0.1492077708,0.8992616534,-1.325807929
ikflow,60,-2.285985947,0.7666091919,1.599357963,-0.3621948659,1.411812305,0.65046978,-1.505639791
ikflow,60,0.9359892607,-0.7003002763,-2.010044575,-0.3045342863,1.871284127,0.5867397785,-1.45522356
ikflow,60,-2.187574863,0.8373022676,1.98157239,-0.2826760411,1.028003812,0.7022119164,-1.426087976
ikflow,60,-2.311084747,0.5803223252,0.8962510228,-0.5058906078,2.127372026,0.4921476245,-1.538024068
ikflow,60,-2.366688251,0.5483042598,0.9101174474,-0.5779010057,2.126713514,0.4758246243,-1.576248884
ikflow,60,0.7633100152,-0.9096463323,-1.015017867,-0.5580692291,0.9208136201,0.7676674724,-1.554588079
ikflow,60,-1.487262845,0.7383585572,-1.539149046,-0.5251262188,-1.808590412,0.5586468577,-0.9341186881
ikflow,60,-2.338084698,0.9596637487,2.271342516,-0.57358253,0.7848628759,0.8069720268,-1.530242562
ikflow,60,-2.206159592,0.8276519775,1.92293489,-0.2940382957,1.08357954,0.6922188401,-1.442279816
ikflow,60,0.7603548765,-0.8300683498,-1.260133505,-0.5000700951,1.162560582,0.7019127011,-1.567313552
ikflow,60,0.8818057179,-0.6996711493,-1.906507969,-0.357070744,1.784423232,0.5909932852,-1.490664601
ikflow,60,1.402786016,-0.7059333324,2.068634748,-0.2889631689,-2.277209044,0.5490269065,-1.134133935
ikflow,60,-1.715005636,0.8000037074,-1.695767283,-0.2808017731,-1.642993808,0.6260445714,-1.085098147
ikflow,60,1.611053467,-0.7366131544,1.63204205,-0.4870584607,-1.855822682,0.5469179153,-0.9702541828
ikflow,60,1.612136126,-0.7865462899,1.45876205,-0.4850364625,-1.664041519,0.5908430815,-0.9617596269
ikflow,60,1.254710078,-0.9465323687,0.2710140049,-0.2963626981,-0.426055342,0.7581873536,-1.189047933
ikflow,60,1.510650992,-0.8688957691,1.124748349,-0.4085807204,-1.313035965,0.6620665193,-1.016144872
ikflow,60,-2.321155548,0.5298409462,0.7888075113,-0.5776389241,2.238309622,0.4534185231,-1.551665783
ikflow,60,0.9430305958,-0.8406156898,-1.145417094,-0.2960859835,1.020046711,0.7034286857,-1.431680918
ikflow,60,1.588945627,-0.7509328127,1.601855874,-0.4597069621,-1.811280489,0.5637336969,-0.9788925648
ikflow,60,-1.771105647,0.6708899736,-0.8244595528,-0.3013732135,-2.534989119,0.5255633593,-1.153143167
ikflow,60,-2.231200457,0.7823042274,1.643041015,-0.3040264249,1.362778068,0.6615518928,-1.467869163
ikflow,60,-1.81009984,0.6744527221,-0.725874126,-0.2711322904,-2.633536339,0.5391215086,-1.180990815
ikflow,60,-2.354788065,0.5502231717,0.8946608305,-0.5679128766,2.129792929,0.4757844806,-1.568707108
ikflow,60,-2.346944094,0.5326998234,0.8359683752,-0.585750103,2.196303606,0.4580902159,-1.567226887
ikflow,60,1.499055386,-0.7681560516,1.594317198,-0.3596990407,-1.798547506,0.5851434469,-1.054694176
ikflow,60,-2.10926795,0.5975066423,0.4379946887,-0.3677784204,2.514931917,0.4929629862,-1.402805567
ikflow,60,0.7537149191,-0.8443126082,-1.210778952,-0.5164872408,1.125117302,0.7151954174,-1.5667454
ikflow,60,1.080237865,-0.6119003892,-2.822133541,-0.3311934173,2.632778645,0.5033152699,-1.383043289
ikflow,60,0.7781408429,-0.733905673,-1.617958784,-0.4548792243,1.518375635,0.619546771,-1.55895412
ikflow,60,1.004880309,-1.090607882,-0.3591485918,-0.6047061682,0.2445785254,0.899651885,-1.354068279
ikflow,60,1.55405724,-0.5968587995,2.169164896,-0.5281250477,-2.42926383,0.4291450977,-1.061472416
ikflow,60,-2.067931652,0.6398816705,0.4091587961,-0.2862990797,2.552613974,0.5358900428,-1.376111865
ikflow,60,0.8463304639,-0.6862365603,-1.913033724,-0.3941495121,1.784895897,0.5834237337,-1.516103148
ikflow,60,1.103021264,-0.9430975914,-0.3158813119,-0.3003509939,0.1808788925,0.7698830962,-1.298233509
ikflow,60,0.8930619955,-0.7314051986,-1.76605618,-0.3306013346,1.631694436,0.6151428223,-1.480134964
ikflow,60,1.031662345,-0.6535205841,-2.53012228,-0.2838270068,2.357647657,0.5508690476,-1.404756784
ikflow,60,-2.016807079,0.6210281253,0.1829114258,-0.3079761565,2.7652812,0.5075923204,-1.351986885
ikflow,60,1.49883759,-0.833763063,1.272855878,-0.3793239295,-1.472677231,0.6315589547,-1.036278844
ikflow,60,1.467530966,-0.9197096229,0.8945938945,-0.416053772,-1.081654787,0.7105337977,-1.038001537
ikflow,61,-1.58376658,0.2908205986,0.3156985044,-2.880206347,1.935762644,1.416622281,-1.273060441
ikflow,61,-1.75164938,0.3242513537,0.4614682198,-2.872482538,1.891235709,1.459134936,-1.290591598
ikflow,61,-1.507309675,0.288372308,0.2447819561,-2.882640123,1.945947647,1.397247791,-1.264323831
ikflow,61,-2.897300005,1.433530688,1.135016918,-2.868323088,1.097105026,2.578623772,-1.263367176
ikflow,61,-1.663853168,0.312100172,0.3828386664,-2.874632597,1.90255785,1.433777452,-1.2782377
ikflow,61,-1.440677881,0.2833565474,0.1743740737,-2.887178898,1.942934394,1.366526723,-1.246445179
ikflow,61,-1.914849401,0.3694815934,0.6079957485,-2.857731819,1.828849912,1.520566821,-1.349261761
ikflow,61,-2.718686342,1.059716821,1.136152029,-2.839818239,1.482592583,2.197277784,-1.408711433
ikflow,61,-2.235372543,0.4882087111,0.8858157396,-2.855282784,1.781942129,1.676177382,-1.325210571
ikflow,61,-1.326468349,0.2748417258,0.0726755634,-2.886945963,1.959525347,1.35763526,-1.244919658
ikflow,61,-1.611222386,0.3036105931,0.3328024447,-2.876502991,1.905379653,1.426480532,-1.276298046
ikflow,61,-1.388240218,0.2865610421,0.1331415623,-2.886799574,1.958373308,1.363011837,-1.250311255
ikflow,61,-1.602207899,0.2983801961,0.3319796026,-2.881303072,1.921701312,1.432418227,-1.269469619
ikflow,61,-1.953009963,0.3575001657,0.6348130107,-2.868432045,1.848192453,1.539773464,-1.310567737
ikflow,61,-1.515491128,0.2891081572,0.2534274459,-2.884112358,1.925790191,1.404722333,-1.273518324
ikflow,61,-2.634635687,0.9280456305,1.143376946,-2.831650972,1.527470827,2.164381266,-1.430109501
ikflow,61,-2.769149542,1.21100831,1.151489973,-2.836452007,1.453897119,2.3590765,-1.404419422
ikflow,61,-1.459868431,0.3035050929,0.1822629869,-2.875449896,1.932468653,1.341526508,-1.275564194
ikflow,61,-1.091007113,0.2907519639,-0.1310308725,-2.876261473,1.98747623,1.280153632,-1.239964962
ikflow,61,-2.024559498,0.3950792551,0.7034491301,-2.858343363,1.82919395,1.583668828,-1.333124042
ikflow,61,-2.77213788,1.206523895,1.155322313,-2.836074829,1.45953846,2.377827644,-1.395893931
ikflow,61,-2.643747568,0.940598309,1.144994736,-2.833841324,1.545253992,2.13838625,-1.418638229
ikflow,61,-1.592158556,0.2878787816,0.3177271187,-2.876955509,1.927893519,1.41770339,-1.295953274
ikflow,61,-1.797797918,0.3413104415,0.5033762455,-2.86782527,1.868195653,1.483597875,-1.311664224
ikflow,61,-2.508631706,0.7553156614,1.042673469,-2.845785379,1.664469957,1.91681242,-1.384960294
ikflow,61,-2.138902664,0.4509446323,0.8040770888,-2.857678413,1.806679487,1.629885316,-1.317739248
ikflow,61,-2.096515894,0.4366098344,0.7612361908,-2.860353708,1.814330459,1.599529505,-1.313474298
ikflow,61,-1.215748549,0.2855396569,-0.02378039621,-2.881291628,1.940187216,1.328514099,-1.255433679
ikflow,61,-1.978494048,0.3818145096,0.6603857875,-2.856688976,1.841231108,1.555280805,-1.32518959
ikflow,61,-2.155917406,0.4518164992,0.8103305697,-2.853849173,1.809013009,1.64384377,-1.339829326
ikflow,61,-1.875278473,0.3431746066,0.5856655836,-2.870216608,1.874063373,1.53802228,-1.321891308
ikflow,61,-2.094134331,0.4317227602,0.7625724077,-2.856142998,1.807338953,1.614049315,-1.342334986
ikflow,61,-2.031345844,0.4045574069,0.7052859664,-2.854093552,1.825880408,1.582476735,-1.333666921
ikflow,61,-2.737484455,1.151427269,1.148549438,-2.830583572,1.475699663,2.313262701,-1.382231832
ikflow,61,-2.069137573,0.4209258258,0.7505939603,-2.851590395,1.798149705,1.602902651,-1.366587877
ikflow,61,-1.248978019,0.2775182724,0.0009838369442,-2.885956764,1.968447685,1.347923994,-1.234596252
ikflow,61,-2.149950027,0.4651257992,0.8135727048,-2.845147848,1.781344414,1.641008139,-1.386201382
ikflow,61,-1.921882153,0.3702479005,0.6118174791,-2.861756563,1.823802233,1.536370039,-1.335735083
ikflow,61,-1.257016182,0.287401557,0.009693747386,-2.88387084,1.96279335,1.338182807,-1.245345712
ikflow,61,-2.372768641,0.5985600352,0.964597404,-2.857867956,1.740933537,1.710826635,-1.315765023
ikflow,61,-1.951618552,0.3731764555,0.6484722495,-2.866261482,1.839341283,1.548450112,-1.329526186
ikflow,61,-2.684854984,0.9773949981,1.146953583,-2.839982033,1.564262629,2.174406767,-1.442176104
ikflow,61,-1.465682507,0.2897218168,0.2200078815,-2.8797822,1.931217551,1.394567728,-1.276213527
ikflow,61,-1.50511992,0.3137798011,0.2364242226,-2.875580311,1.931569695,1.379317403,-1.283870459
ikflow,61,-2.399572372,0.6209717393,1.015005946,-2.848495483,1.727568984,1.826540947,-1.368385196
ikflow,61,-2.028377295,0.4331568182,0.6827389002,-2.860013247,1.82805407,1.537048101,-1.264896393
ikflow,61,-2.001358271,0.3971857727,0.6889718175,-2.868499994,1.846730113,1.546690464,-1.3036412
ikflow,61,-1.280627966,0.2841102779,0.03701416031,-2.885225296,1.963737965,1.356324196,-1.254170299
ikflow,61,-1.976093411,0.3961760402,0.6564711332,-2.858551741,1.827866077,1.552816033,-1.300977707
ikflow,61,-1.415819645,0.2901096344,0.1624884158,-2.88196969,1.935527205,1.386516571,-1.266614318
ikflow,62,1.242000222,-1.351868391,2.27829814,-2.325633287,-2.09214592,1.755117178,0.4444942772
ikflow,62,2.124361992,1.107717991,0.6888276935,-2.387405157,2.4874053,1.309298396,-0.9471803904
ikflow,62,1.350727201,-1.488309622,2.219001293,-2.310014009,-2.000452757,1.902391672,0.4983518422
ikflow,62,0.9798343182,-1.094602704,2.441523314,-2.358039141,-2.289221525,1.499980807,0.293532759
ikflow,62,1.889513135,1.323491096,0.8193578124,-2.359157324,2.287734985,1.503087521,-1.11436522
ikflow,62,2.184292316,1.065211177,0.6525470018,-2.391869068,2.535529375,1.275401831,-0.9126445651
ikflow,62,-1.0281353,-1.117441654,-2.444770813,-2.3853302,2.481220007,1.31741333,-0.95524472
ikflow,62,-1.738540173,1.56817162,-0.944435358,-2.304915667,-1.968193412,1.953732133,0.524846673
ikflow,62,-2.600695848,0.8631973267,-0.3909496665,-2.401651382,-2.60385108,1.231876254,0.02506952547
ikflow,62,2.520079374,0.8875254393,0.4418728352,-2.423132896,2.841704845,1.132196665,-0.6585371494
ikflow,62,-2.592443466,0.8621196151,-0.3927451372,-2.400076151,-2.581487417,1.247929692,0.04364240915
ikflow,62,1.924993157,1.285185218,0.8011540174,-2.365004063,2.321651697,1.469037533,-1.081483722
ikflow,62,1.927562356,1.286541224,0.801369071,-2.365495682,2.335642576,1.457292795,-1.088348627
ikflow,62,2.058515072,1.16134119,0.7289626002,-2.380526304,2.440737247,1.359632134,-0.9935052395
ikflow,62,1.896422982,1.318144798,0.8156197667,-2.357334137,2.290252924,1.4959023,-1.113664508
ikflow,62,1.043504477,-1.15010345,2.400062561,-2.349381447,-2.242108107,1.551758289,0.324056983
ikflow,62,-2.5446136,0.8825936913,-0.4293121696,-2.395941973,-2.558550358,1.263413429,0.07321020961
ikflow,62,0.8866592646,-1.025316715,2.5055058,-2.369865179,-2.357977867,1.427932501,0.2366106808
ikflow,62,1.30220437,-1.42486763,2.246836901,-2.318130493,-2.039549828,1.827058792,0.4741794765
ikflow,62,-1.261993766,-1.337537885,-2.315211773,-2.35540247,2.280112505,1.515455365,-1.12334013
ikflow,62,-1.159412026,-1.233382583,-2.369492054,-2.370054722,2.367787123,1.410691142,-1.050728917
ikflow,62,-1.461772919,-1.583017945,-2.227460146,-2.323306322,2.089086056,1.750553131,-1.259490013
ikflow,62,1.163532495,-1.263345718,2.324840307,-2.333537817,-2.147162914,1.66820848,0.3989415765
ikflow,62,1.291800141,-1.408521771,2.249614,-2.317758322,-2.048285007,1.824110746,0.4716418386
ikflow,62,-1.019249558,-1.10783267,-2.451151133,-2.387844563,2.491620779,1.310546637,-0.9504729509
ikflow,62,1.151700616,-1.250357628,2.331272602,-2.334712505,-2.154549122,1.658752322,0.3951305449
ikflow,62,1.373797655,-1.51868701,2.20720005,-2.306311369,-1.974360108,1.941098094,0.5075938106
ikflow,62,1.253821611,-1.363666296,2.270840168,-2.326262712,-2.098275185,1.766277194,0.441956073
ikflow,62,1.442636371,-1.620004535,2.172012329,-2.296737194,-1.926986575,2.041849136,0.5547938943
ikflow,62,2.181093454,1.065916181,0.6550526023,-2.396201372,2.543888807,1.271608591,-0.9024752378
ikflow,62,1.196301699,-1.29481709,2.30386281,-2.332774639,-2.129935026,1.705700994,0.4115972519
ikflow,62,1.358794928,-1.499273062,2.212520123,-2.305363894,-1.986146927,1.924428225,0.5083329678
ikflow,62,-1.376802683,-1.473541379,-2.261601448,-2.337460279,2.175810814,1.64010787,-1.202448368
ikflow,62,1.100637436,-1.200251818,2.362170696,-2.34249258,-2.203229189,1.605526805,0.3602524996
ikflow,62,2.142084599,1.09529078,0.6776134372,-2.39056325,2.508057833,1.294416547,-0.9377505183
ikflow,62,1.215799332,-1.319914699,2.293882847,-2.327032566,-2.104323387,1.734452009,0.4310727417
ikflow,62,1.229634643,-1.339141607,2.284619808,-2.325808764,-2.10467267,1.737236261,0.4309269488
ikflow,62,-2.272067308,1.016391754,-0.6225551367,-2.372111559,-2.370669603,1.408711314,0.2192831039
ikflow,62,-1.035876751,-1.12584877,-2.439930439,-2.382938623,2.475058556,1.319000721,-0.958095789
ikflow,62,-2.433448076,0.9269958138,-0.5102037191,-2.389822483,-2.490397215,1.314602733,0.1272036433
ikflow,62,-2.609490395,0.8611018062,-0.3833151758,-2.398279428,-2.602988482,1.235470653,0.02888423763
ikflow,62,1.072791457,-1.172875047,2.379188299,-2.347183943,-2.230529547,1.580563068,0.3397743702
ikflow,62,-0.7107624412,-0.9259075522,-2.639056206,-2.419058323,2.775848866,1.15531671,-0.7212854028
ikflow,62,2.06740284,1.157524586,0.7248079181,-2.379874945,2.444490194,1.348734975,-0.9915727377
ikflow,62,-0.5693536997,-0.8690872788,-2.735583782,-2.426434517,2.883610249,1.118566394,-0.6328132749
ikflow,62,2.083444834,1.139863253,0.7143673897,-2.381592274,2.454560995,1.348623514,-0.9785485268
ikflow,62,1.045699954,-1.149798989,2.398308992,-2.348025322,-2.230854988,1.555168748,0.3258978724
ikflow,62,-0.8333915472,-0.9852682948,-2.562620401,-2.409807444,2.662914038,1.202202201,-0.8082172871
ikflow,62,2.455905199,0.915497005,0.4856099486,-2.41714406,2.786963224,1.150657177,-0.6987871528
ikflow,62,1.860430479,1.357516289,0.8341788054,-2.354614258,2.268958807,1.532526255,-1.137130976
ikflow,63,-2.443010092,0.5206038356,0.6504948139,-1.955761552,2.375048876,1.637700081,-1.504731894
ikflow,63,0.1864727139,-1.558946967,-1.50698936,-1.869615316,1.636555672,2.517570734,-1.872956634
ikflow,63,2.467432976,-1.295190454,1.753721595,-1.988431811,-2.649591923,1.447602987,-0.5137763023
ikflow,63,2.45616293,-1.229630947,1.786270142,-1.993452549,-2.689197302,1.422956347,-0.5460352898
ikflow,63,-2.543552876,0.5691159368,0.7690212727,-1.945483565,2.31712532,1.68247366,-1.54217577
ikflow,63,-1.489074707,0.4484078586,-0.3958081305,-1.996464729,2.70732069,1.421732426,-1.255830765
ikflow,63,0.1858021319,-1.306159139,-1.65460813,-1.880434632,1.802960634,2.306552887,-1.82557714
ikflow,63,-1.520302176,0.4418782592,-0.3615342975,-1.994970679,2.691995859,1.434234858,-1.264957786
ikflow,63,-1.777987957,0.4238004982,-0.08503422886,-1.982129216,2.602454185,1.470843315,-1.342566848
ikflow,63,-1.656469703,0.4280616641,-0.2166565806,-1.990565062,2.641167641,1.447904348,-1.305511355
ikflow,63,-1.804698348,0.423623234,-0.05579603091,-1.982799172,2.597395182,1.47601378,-1.34271574
ikflow,63,-2.515607119,0.5566490293,0.7345110774,-1.947942734,2.33486867,1.661373854,-1.528823495
ikflow,63,-2.563526869,0.5798045397,0.7940375209,-1.946288586,2.31335187,1.691709995,-1.549385309
ikflow,63,2.499233484,-1.690312386,1.57837081,-1.953542471,-2.352082968,1.653664231,-0.27957955
ikflow,63,1.009147525,-0.4444003403,-2.840137482,-1.968382478,2.491110325,1.543740988,-1.413569212
ikflow,63,-1.569746137,0.4391967356,-0.3093231916,-1.989557981,2.671712637,1.435208082,-1.282334566
ikflow,63,-0.7107568383,1.112461925,-1.299098015,-2.001893997,-2.776173353,1.400848508,-0.6093357205
ikflow,63,-1.858467579,0.4206071198,0.002546499018,-1.982525945,2.577440023,1.485365033,-1.359935522
ikflow,63,1.822726369,-0.4895047843,2.561371326,-2.002051592,2.783093452,1.385822296,-1.187368035
ikflow,63,0.1820181757,-1.434500217,-1.582363725,-1.874822974,1.722740293,2.401379824,-1.846178055
ikflow,63,-2.524186134,0.5591372252,0.7448581457,-1.949542761,2.339404345,1.666619778,-1.531174541
ikflow,63,0.1810352802,-1.488213181,-1.549118519,-1.87344718,1.679505944,2.452399731,-1.85567975
ikflow,63,-0.7284935117,1.066330194,-1.274952292,-2.004996538,-2.831072807,1.37368691,-0.6575265527
ikflow,63,-2.119403601,0.4378753603,0.2868329287,-1.970844746,2.488587856,1.548492312,-1.425069213
ikflow,63,-1.781871319,0.4239457846,-0.08136809617,-1.982994437,2.597975254,1.474155903,-1.340799451
ikflow,63,2.497028351,-1.762799978,1.542657614,-1.949976325,-2.313227654,1.696500778,-0.2447513938
ikflow,63,-2.572013855,0.5831130743,0.801040113,-1.947713852,2.302032948,1.689320326,-1.560267448
ikflow,63,-1.933970928,0.4249929488,0.08502470702,-1.978558183,2.553731441,1.502267957,-1.377619505
ikflow,63,0.1866763085,-1.298533559,-1.663239002,-1.880242348,1.811815143,2.285927773,-1.822102666
ikflow,63,-1.334579468,0.4835028052,-0.5601168871,-2.002217054,2.783149958,1.39626348,-1.194615245
ikflow,63,0.2340347618,-1.044581056,-1.827064395,-1.895907283,1.969204903,2.082172632,-1.750741243
ikflow,63,0.5462836623,-0.597877562,-2.308356285,-1.946709394,2.304209471,1.702728987,-1.565436482
ikflow,63,0.1836182922,-1.408592224,-1.598017693,-1.874575496,1.735399008,2.377067566,-1.83520329
ikflow,63,-1.914821386,0.4230632782,0.06230064481,-1.979366541,2.548191786,1.499521017,-1.376094222
ikflow,63,0.1887058467,-1.595127106,-1.487340331,-1.869717479,1.60350287,2.545926332,-1.865306497
ikflow,63,0.2080278546,-1.151356459,-1.749815464,-1.88689363,1.899174213,2.180894375,-1.791579604
ikflow,63,0.1886250675,-1.566538095,-1.502050161,-1.865597248,1.630920529,2.526528835,-1.861488223
ikflow,63,-0.6539151669,1.409853339,-1.441070437,-1.980147004,-2.56348896,1.510575771,-0.435751617
ikflow,63,0.2089700103,-1.147561312,-1.756388307,-1.890090823,1.902947903,2.166076899,-1.78773129
ikflow,63,-0.6701332331,1.317089796,-1.396687746,-1.985231519,-2.628644466,1.466943264,-0.4835188091
ikflow,63,-2.102900505,0.437646091,0.2676969767,-1.971663237,2.503114462,1.539081216,-1.423614025
ikflow,63,0.9638676047,-0.448014617,-2.791742563,-1.972191453,2.479558945,1.553524017,-1.424170375
ikflow,63,-2.637672901,0.6305484772,0.8854871988,-1.93963623,2.267742634,1.73284936,-1.589437366
ikflow,63,-2.055593014,0.4312703907,0.2147911191,-1.976301908,2.5123806,1.527094841,-1.406719923
ikflow,63,-1.736521959,0.42264238,-0.1277127415,-1.988081932,2.618913651,1.469942093,-1.327309489
ikflow,63,0.5238769054,-0.6132028103,-2.279810429,-1.94111526,2.281771183,1.725592256,-1.573758125
ikflow,63,0.5428506732,-0.600292623,-2.304826975,-1.945801973,2.294736624,1.707308412,-1.561484218
ikflow,63,-1.532304883,0.4430697262,-0.3498459756,-1.994534135,2.697940826,1.424859405,-1.258324265
ikflow,63,-1.41206193,0.4628196061,-0.478908062,-1.99939239,2.735384941,1.408446789,-1.225964308
ikflow,63,-2.630609274,0.6232742667,0.8749953508,-1.940907717,2.272111654,1.730078816,-1.580523014
ikflow,64,0.8714331388,-1.356666327,1.150429726,-1.63471663,-0.1535195261,2.801780224,-0.6189130545
ikflow,64,0.9132525325,-0.398063153,1.948133469,-1.529488206,-1.671842694,2.126733541,-0.02575010248
ikflow,64,-0.596985817,-0.233641535,-2.475455046,-1.557899594,-2.100847721,1.762524486,-0.1207371876
ikflow,64,0.9496005774,-0.4410347641,1.874120593,-1.528624535,-1.622725248,2.169843674,-0.02324138768
ikflow,64,0.9562082291,-0.4485366642,1.861348391,-1.529454231,-1.614338636,2.173403978,-0.02067213133
ikflow,64,2.06385088,0.525526166,1.390581489,-1.590770721,-2.417141199,1.532870173,-0.265517205
ikflow,64,-0.9675244689,-0.3746464849,-1.97586596,-1.577069521,-2.271290302,1.635292053,-0.1995019466
ikflow,64,1.023851395,-0.6916399598,1.584472895,-1.532616258,-1.345075011,2.378388166,-0.0424467884
ikflow,64,-1.044073224,-0.4653104246,-1.831189394,-1.585015893,-2.365667105,1.569617629,-0.2500758171
ikflow,64,0.9115644693,-0.4031173587,1.947348118,-1.526406884,-1.668988466,2.125198841,-0.0228576418
ikflow,64,1.02209115,-0.6613448262,1.612728477,-1.530569315,-1.379225373,2.353191376,-0.03465898335
ikflow,64,2.027445316,0.8766335845,1.671961308,-1.628621101,-2.791974068,1.383541822,-0.4898389578
ikflow,64,0.8191447854,-0.3318198919,2.10418582,-1.531218767,-1.750049949,2.060078859,-0.03300841525
ikflow,64,1.018897295,-0.6380492449,1.634350657,-1.529509783,-1.408371329,2.334131479,-0.03244634718
ikflow,64,-1.043748856,-0.4606725872,-1.835994363,-1.585227251,-2.363545656,1.575454116,-0.2447948903
ikflow,64,0.9516351819,-0.4475339651,1.865920424,-1.527149916,-1.621075749,2.171246767,-0.02050153911
ikflow,64,2.471507311,0.2453634739,0.7538983226,-1.561123133,-2.118596554,1.754115462,-0.1322858781
ikflow,64,2.028373241,0.8639965057,1.662730694,-1.625447631,-2.777498007,1.382439733,-0.478651166
ikflow,64,-1.081829548,-0.5367836356,-1.740968347,-1.594318867,-2.435628653,1.523415208,-0.2831444442
ikflow,64,-2.209356308,1.204589844,-1.917128205,-1.612329602,-0.5162675381,2.746429205,-0.3898272812
ikflow,64,1.016987443,-0.8545020819,1.447301149,-1.547812939,-1.143507481,2.512423515,-0.08833096176
ikflow,64,-1.072188258,-0.5071889162,-1.77072835,-1.591537714,-2.403313875,1.546827078,-0.2670599222
ikflow,64,0.9418811798,-0.4302944243,1.893014312,-1.529232979,-1.635470152,2.154133558,-0.02287795581
ikflow,64,-1.09942162,-0.6189897656,-1.662918448,-1.597893596,-2.516128778,1.479817867,-0.3308398426
ikflow,64,0.6281515956,-0.2598725259,2.365245104,-1.531920671,-1.823660254,1.990462422,-0.05367964134
ikflow,64,2.210024357,1.476353168,2.027377367,-1.627701879,2.786323786,1.38931942,-0.9414721131
ikflow,64,-1.107062817,-0.9033601284,-1.456200242,-1.628997564,-2.831131458,1.362588644,-0.517037034
ikflow,64,0.9102105498,-1.261272788,1.193867326,-1.623007059,-0.3827656209,2.778023958,-0.4741280675
ikflow,64,-1.0927912,-0.5695578456,-1.70600605,-1.59521997,-2.462717056,1.506672978,-0.3000001609
ikflow,64,0.7580547929,-1.571613908,1.040540457,-1.61818099,0.4718776643,2.762938023,-1.014634848
ikflow,64,-1.07089293,-0.5163128972,-1.76570785,-1.589576602,-2.408431768,1.537783742,-0.2716564536
ikflow,64,0.2577537,-0.2053007931,2.815032959,-1.540511012,-1.935640216,1.903761029,-0.07589123398
ikflow,64,-2.182570219,1.126168728,-1.875825763,-1.595076561,-0.7027552128,2.695086241,-0.28957057
ikflow,64,-1.101543903,-0.9089436531,-1.455854416,-1.62355125,-2.838813305,1.358740687,-0.5150790811
ikflow,64,-2.390479088,0.2942987978,-0.9359681606,-1.534697294,-1.784935355,2.031565428,-0.03980586305
ikflow,64,-1.100004554,-0.583126843,-1.689447165,-1.598393798,-2.47205019,1.509161711,-0.3060467839
ikflow,64,-0.596129179,-0.2327316552,-2.47688818,-1.559367776,-2.10154748,1.75846231,-0.1197383925
ikflow,64,0.7778260112,-1.535290599,1.061713099,-1.620544195,0.3759001195,2.774893999,-0.9511346221
ikflow,64,1.008734345,-0.5741326213,1.70115149,-1.529536843,-1.481837153,2.281497478,-0.0212556757
ikflow,64,1.022162795,-0.642912209,1.626629353,-1.532407165,-1.401127219,2.340518236,-0.03501748294
ikflow,64,-1.051431298,-0.4624142051,-1.826188326,-1.584544301,-2.355087757,1.583834052,-0.2414392829
ikflow,64,-0.889164865,-0.3198303878,-2.099682808,-1.569434524,-2.201670647,1.684614658,-0.1715049446
ikflow,64,1.022760868,-0.6600728035,1.612336397,-1.532926321,-1.381722093,2.352748871,-0.03626298904
ikflow,64,-2.120422602,0.7558652163,-1.611710668,-1.535171509,-1.274450541,2.426771879,-0.06266286224
ikflow,64,-0.9625581503,-1.403419256,-1.162296414,-1.632176042,2.882610559,1.35094142,-0.877548635
ikflow,64,0.9616612792,-1.112012267,1.271597862,-1.59531188,-0.7087008357,2.706497431,-0.282448113
ikflow,64,-1.084996939,-0.5525852442,-1.726125598,-1.592671871,-2.456305981,1.520979404,-0.291815877
ikflow,64,-1.089374185,-0.5587975979,-1.717317462,-1.595262051,-2.464476109,1.510336161,-0.2999198735
ikflow,64,-0.8996341825,-0.3276519179,-2.082218409,-1.570628643,-2.214969158,1.67067647,-0.1761131287
ikflow,64,-2.529825926,0.2514953911,-0.7528690696,-1.536734223,-1.838235021,1.981819034,-0.04596938938
ikflow,65,1.194830537,-1.742077708,1.066025734,-1.168195963,-0.8032243252,2.399599075,0.1073027104
ikflow,65,1.273965359,-1.315521359,1.66817224,-1.1238873,-1.534220338,2.0560956,0.2296157479
ikflow,65,-1.868937135,1.306908488,-1.458414674,-1.123106956,-1.554330707,2.043260098,0.2334590554
ikflow,65,-0.07949954271,-1.495530963,-1.501819849,-1.149140835,2.158271551,1.717042804,-0.6820274591
ikflow,65,1.247281671,-1.602487564,1.265470505,-1.14280653,-1.077274919,2.296309233,0.1828802526
ikflow,65,-1.924298644,1.690953612,-1.998627901,-1.154426575,-0.8985109925,2.350832462,0.1261230111
ikflow,65,-1.917096972,1.667687297,-1.966318369,-1.148444533,-0.955272615,2.333491087,0.140267998
ikflow,65,1.22117579,-1.678503513,1.157789469,-1.152585864,-0.9123936296,2.352359056,0.1275050491
ikflow,65,-1.868162513,1.289043188,-1.435906172,-1.127333879,-1.574900627,2.036972284,0.2328838706
ikflow,65,-2.03994894,0.947711587,-0.8308054805,-1.151602983,-2.130110025,1.725667119,0.1577428132
ikflow,65,-1.891825557,1.587849975,-1.848572731,-1.136234522,-1.113455296,2.257254124,0.1777748317
ikflow,65,-1.892313361,1.5882864,-1.852819562,-1.137565374,-1.098668933,2.266965151,0.175686717
ikflow,65,-0.08248158544,-1.413780451,-1.60958147,-1.159077764,2.273872614,1.651578546,-0.6451556683
ikflow,65,-1.944838166,1.072491765,-1.082282305,-1.133803368,-1.921043515,1.838341236,0.1979718506
ikflow,65,-0.07985869795,-1.447862506,-1.565780401,-1.152521253,2.229142904,1.670940876,-0.6535071731
ikflow,65,-2.489071369,0.7791845798,-0.04975092784,-1.189455271,-2.667706728,1.504622102,-0.02375202999
ikflow,65,-2.212489605,0.8405551314,-0.4992226064,-1.167033076,-2.367343664,1.611060977,0.08761432022
ikflow,65,1.27649045,-1.446061611,1.484080791,-1.132076144,-1.350150347,2.166411638,0.2306313515
ikflow,65,1.13477838,-0.9817982316,2.231842756,-1.145209432,-2.067060232,1.763180256,0.1730563939
ikflow,65,-0.06568975002,-1.265681028,-1.805191875,-1.178438544,2.476332664,1.557649493,-0.5695599914
ikflow,65,-1.86340344,1.378842354,-1.561756492,-1.125448108,-1.446614623,2.105291843,0.2310687006
ikflow,65,-1.868027925,1.445790291,-1.657507062,-1.126006126,-1.3360461,2.163808346,0.2227450311
ikflow,65,1.149017096,-0.9956756234,2.199819326,-1.146726966,-2.036595821,1.778730631,0.1798076779
ikflow,65,1.232889891,-1.657609463,1.189901233,-1.154882908,-0.979742527,2.339319468,0.1515006274
ikflow,65,1.125372648,-0.9761596918,2.251689196,-1.142787457,-2.082591295,1.750522971,0.1688352972
ikflow,65,1.235958815,-1.646938801,1.203235745,-1.152984381,-1.001798034,2.329241991,0.1689272374
ikflow,65,1.261162758,-1.54393363,1.346249938,-1.136602283,-1.167579889,2.252675533,0.2044007629
ikflow,65,1.250960946,-1.603997231,1.266284823,-1.148467422,-1.080461621,2.294995785,0.1822445542
ikflow,65,0.9680784345,-0.8589803576,2.572946072,-1.159781337,-2.314200163,1.635059953,0.1103668809
ikflow,65,0.4361635447,-0.790915966,-2.859045506,-1.208153248,-2.884263992,1.457332969,-0.1282903552
ikflow,65,1.222209096,-1.681121349,1.154768229,-1.156110168,-0.9118794799,2.359255075,0.1360914856
ikflow,65,-1.864465952,1.4442873,-1.652172089,-1.130907059,-1.352977872,2.151859522,0.2271577418
ikflow,65,-2.042490959,0.9488691688,-0.8282381296,-1.147714376,-2.126060724,1.729759932,0.1603956372
ikflow,65,1.196410537,-1.068268299,2.061065435,-1.136345029,-1.926122069,1.840209603,0.203503862
ikflow,65,1.01231575,-0.8828987479,2.4888978,-1.15749228,-2.261203527,1.66491127,0.1253906637
ikflow,65,1.093384147,-0.9455575347,2.324407816,-1.146766067,-2.133862257,1.724073648,0.1563229859
ikflow,65,-0.0510843806,-1.207174063,-1.879745722,-1.187095642,2.569994926,1.533806682,-0.5326110721
ikflow,65,-0.06136048213,-1.246382713,-1.827500105,-1.18337822,2.517962694,1.548529744,-0.5505797267
ikflow,65,1.195147753,-1.061528206,2.072669744,-1.140582204,-1.93312645,1.832195997,0.200945124
ikflow,65,-1.906406403,1.648638368,-1.935161829,-1.150109291,-0.9850652814,2.314160585,0.1470713615
ikflow,65,-1.915988088,1.668833613,-1.965125203,-1.149518371,-0.9568625689,2.329870701,0.1384824514
ikflow,65,-1.867493629,1.455566883,-1.668478608,-1.130448818,-1.340574145,2.163543224,0.2137477994
ikflow,65,0.004743766505,-1.087006569,-2.059876204,-1.192537069,2.753398895,1.479460597,-0.4471998513
ikflow,65,1.279145241,-1.355476737,1.610372782,-1.12721014,-1.479772449,2.088815212,0.22989811
ikflow,65,1.266542912,-1.523568988,1.378133297,-1.136578083,-1.217278719,2.230185032,0.2131855339
ikflow,65,-2.663113832,0.7833665013,0.2186816037,-1.205433369,-2.843660593,1.459960103,-0.1061564162
ikflow,65,0.03029990196,-1.040332794,-2.131010771,-1.202332497,2.828871489,1.471858144,-0.415630281
ikflow,65,-2.415641069,0.7808303833,-0.1608905792,-1.192598104,-2.585686922,1.525419116,0.007195874583
ikflow,65,1.188751817,-1.051351547,2.089106798,-1.1396029,-1.945179343,1.829242229,0.1948924512
ikflow,65,1.12975955,-0.9785711765,2.241630554,-1.14272964,-2.074245691,1.759918451,0.1768608242
ikflow,66,0.6169067621,-0.7518881559,-0.9811730385,-0.7544544339,0.2501475513,2.509564161,0.2173047215
ikflow,66,1.781047702,-0.8454654813,0.8548480272,-0.7449828982,-2.637100458,1.888052702,0.4744295776
ikflow,66,-1.881523848,0.5094491839,-0.1112108007,-0.179874897,1.982819796,2.145438671,0.2195189893
ikflow,66,1.080875278,-0.5835406184,-1.807124853,-0.1728242934,0.6987552643,2.232261181,0.2481669188
ikflow,66,1.832900524,-0.2816990614,2.154554129,-0.7151056528,2.405175924,1.93830812,0.07905452698
ikflow,66,-1.75327909,0.5680143833,-1.081498384,-0.1699117124,2.859379053,2.100329399,0.2723972201
ikflow,66,-1.544797301,0.2267007828,-0.5664209723,-0.7044834495,2.233095646,1.993876696,0.03041898645
ikflow,66,-2.048888683,0.6501203775,1.976938009,-0.1760017574,0.0001757229329,2.255961895,0.291806519
ikflow,66,-1.125439286,0.4054266512,-1.45991838,-0.7514152527,2.701923847,1.873209238,0.1440309286
ikflow,66,-1.929214954,0.5060866475,0.158453837,-0.186928302,1.769479871,2.155605555,0.2141846567
ikflow,66,0.5122897029,-0.5866623521,-1.276874304,-0.716150105,0.7668334246,2.431270838,0.06937520206
ikflow,66,-1.126434326,0.4459267557,-1.540398955,-0.7494113445,2.800257921,1.86447978,0.1688142568
ikflow,66,-1.210237265,0.3139838278,-1.172743678,-0.7294059396,2.488221169,1.931292057,0.09115175158
ikflow,66,0.7827135324,-0.8914573789,-0.7257205248,-0.7514289021,-0.3040699065,2.496732473,0.4051419497
ikflow,66,-1.91223073,0.5144859552,0.070116207,-0.1712267697,1.830640912,2.157753706,0.2221760899
ikflow,66,0.5293015242,-0.5945112109,-1.268452644,-0.7063733935,0.726282239,2.429093122,0.08462904394
ikflow,66,1.158417583,-1.006793737,-0.1712293923,-0.6598578691,-1.24725163,2.295288086,0.5997396708
ikflow,66,0.5555915833,-0.6854047179,-1.09335804,-0.7484561205,0.4720622599,2.47649169,0.1479520053
ikflow,66,1.132812738,-0.6922394037,-0.7400203943,-0.1812799424,-0.4745229185,2.242648602,0.3404569924
ikflow,66,-2.180607557,0.9676975012,2.656612873,-0.7041136622,-0.783775866,2.420090437,0.5429513454
ikflow,66,-1.802886128,0.5261393785,-0.5939255953,-0.1814606935,2.403782129,2.115359783,0.2425908148
ikflow,66,0.5127362013,-0.5231496692,-1.427163005,-0.6864832044,0.9351142049,2.375716686,0.04191093519
ikflow,66,1.078364253,-1.00136137,-0.3012215197,-0.6837676167,-1.059372663,2.352637291,0.5817391872
ikflow,66,1.386992335,-0.6680582166,1.024861097,-0.1692766398,-2.429081678,2.117081404,0.3525087237
ikflow,66,1.857440233,-0.2822959125,2.124452829,-0.7199208736,2.41080308,1.945572257,0.07130236179
ikflow,66,-1.27748394,0.2793279588,-1.017745018,-0.7246780992,2.410602808,1.950337529,0.06904479116
ikflow,66,-1.140322208,0.391374886,-1.418070555,-0.744068265,2.666522503,1.883612871,0.1345622987
ikflow,66,-1.544075608,0.2239406407,-0.5628713965,-0.7040920854,2.222206116,2.001878738,0.02650897577
ikflow,66,1.616060853,-0.2273753136,2.549120426,-0.7068431377,2.235010386,1.993435144,0.03155916929
ikflow,66,1.186605096,-0.7073011994,-0.4098137617,-0.1655835509,-0.8503236175,2.218842506,0.3544018567
ikflow,66,0.5048265457,-0.4802028239,-1.524199247,-0.683073163,1.057543278,2.35037756,0.01583496854
ikflow,66,1.737743735,-0.2433824688,2.35173893,-0.7168975472,2.294275761,1.97613585,0.03616158292
ikflow,66,1.7153337,-0.2474503219,2.377924919,-0.7031306028,2.28720212,1.987823367,0.03927554935
ikflow,66,0.4921790063,-0.4932621717,-1.484325171,-0.6933057904,1.030937552,2.359733582,0.01708904468
ikflow,66,1.082480311,-0.6223620772,-1.429065585,-0.1707312912,0.3024584949,2.236916542,0.2781873941
ikflow,66,-1.133580446,0.3671761155,-1.371498346,-0.7544981241,2.62894249,1.88498795,0.1222975329
ikflow,66,1.062112689,-0.6131072044,-1.504412651,-0.1900876462,0.3948824704,2.251313925,0.2706300914
ikflow,66,-2.539870024,0.3401225507,1.149707437,-0.6548323631,1.474425435,2.235720396,-0.02104338259
ikflow,66,0.5081325173,-0.5925646424,-1.26445055,-0.7238832116,0.7443019152,2.430640459,0.07689049095
ikflow,66,-1.459925413,0.2328630984,-0.6926645637,-0.7131441236,2.260982513,1.984631658,0.03521827608
ikflow,66,0.5196042061,-0.4666241705,-1.575163841,-0.6683733463,1.095907688,2.334331751,0.02179459669
ikflow,66,-1.15379858,0.3691479564,-1.355031013,-0.7390571237,2.616704941,1.889575005,0.1225981116
ikflow,66,-2.268983364,0.9483706951,2.545323133,-0.7466948628,-0.5651968122,2.469976425,0.488967061
ikflow,66,0.7314725518,-0.8507882357,-0.8054219484,-0.7492919564,-0.1363824904,2.507394552,0.3505578935
ikflow,66,1.165965796,-0.5223988891,-2.667258263,-0.1720498353,1.515036106,2.184183598,0.2173062116
ikflow,66,1.861186385,-0.779468596,0.9799869061,-0.7626932263,-2.824409485,1.858304024,0.4269602299
ikflow,66,1.296138406,-0.71642977,0.3008640409,-0.1702731103,-1.675043344,2.158019781,0.3812466562
ikflow,66,-1.458538771,0.2453066856,-0.7111976147,-0.6977123022,2.286848307,1.986304164,0.04386078939
ikflow,66,-2.635209322,0.4309484065,1.490190506,-0.6768292785,1.201556802,2.313318729,-0.001743210945
ikflow,66,-2.383397341,0.2542385459,0.748177886,-0.6769735813,1.743283868,2.151570082,-0.02437165566
ikflow,67,0.04674535617,-0.4255204499,-0.7995377779,-0.5202220678,-1.73647356,2.551466465,1.210745573
ikflow,67,0.5690615773,-0.6271740794,-0.2479238212,-0.6320391297,-2.649633408,2.317574501,1.067351937
ikflow,67,-1.564469218,0.3208185136,-1.961059332,-0.3091455102,1.577994466,2.568407774,0.6510474086
ikflow,67,0.287360847,-0.2864865363,-1.387617707,-0.2985892892,-1.233161807,2.60968399,1.05110991
ikflow,67,-2.709294319,-0.06680882722,0.4467870295,-0.6576898694,0.208649233,2.850590706,0.7776420712
ikflow,67,0.3220517337,-0.2422641665,-1.675565004,-0.2849998474,-0.9462054968,2.632058382,1.019008279
ikflow,67,-2.477737904,-0.06218994409,0.2473816276,-0.6610357761,0.1385206729,2.857906342,0.7989472747
ikflow,67,-2.047195196,0.1615423411,-0.3021067083,-0.2614303827,0.2348049432,2.673433304,0.8266838193
ikflow,67,2.217497349,-0.2575976849,1.125501394,-0.546651125,1.140220165,2.699050426,0.520906806
ikflow,67,1.881270528,-0.3876465857,0.8852065206,-0.5073204637,1.699801087,2.566880226,0.5242549777
ikflow,67,-1.193667889,-0.09589648992,-0.8317050338,-0.6566870809,-0.2499315441,2.847731113,0.9755782485
ikflow,67,0.1935022622,0.07489256561,-2.500208855,-0.6531886458,0.2554808259,2.845712185,0.7558146119
ikflow,67,-2.588976145,0.1792758703,0.7828220129,-0.2668488324,-0.4062584043,2.663688898,0.9281428456
ikflow,67,2.86988306,-0.1263543665,0.9570885301,-0.6461254358,0.5370622873,2.82021451,0.6364364624
ikflow,67,1.548130274,-0.2575167716,1.583309412,-0.2814504802,1.158737779,2.619677067,0.6972277761
ikflow,67,-2.448519707,0.1643010825,0.477450341,-0.2662214041,-0.2209130377,2.67214942,0.9020752907
ikflow,67,-0.3624898493,-0.2559887171,-1.129929304,-0.5631192923,-0.9750721455,2.731950521,1.174614429
ikflow,67,2.491559982,-0.1613967568,1.185770988,-0.5859609842,0.7269310951,2.782462358,0.6043296456
ikflow,67,2.333604097,-0.2175457329,1.164228559,-0.5673745275,0.9609351158,2.740031481,0.5434563756
ikflow,67,-2.798843861,0.2806167603,1.67958343,-0.2748200595,-1.191868305,2.612590075,1.033803105
ikflow,67,-2.417806387,0.1556990147,0.3982640803,-0.2780630887,-0.164634034,2.678985357,0.8865315914
ikflow,67,2.431141376,-0.1977497488,1.139741302,-0.587103188,0.8731850982,2.755203485,0.5573890209
ikflow,67,-1.842715502,0.1705437452,-0.6994085312,-0.2720477283,0.4804015756,2.666778564,0.7767680883
ikflow,67,1.772981405,-0.4629248381,0.6978228092,-0.5461887717,1.986976385,2.495542526,0.5133597255
ikflow,67,-0.427226454,0.1228301525,-2.049932718,-0.6166568398,0.5414985418,2.812739611,0.6468191147
ikflow,67,0.2471294105,-0.2867857516,-1.364435911,-0.3172023296,-1.232829213,2.612695456,1.061692715
ikflow,67,-0.5451908112,0.1629882455,-2.040238857,-0.6138204336,0.7044659257,2.791188717,0.5953896046
ikflow,67,1.628227115,-0.5150010586,0.5563285947,-0.5575838685,2.22762537,2.43116641,0.562396884
ikflow,67,-2.139746428,-0.07182887197,-0.05108077452,-0.6850181222,0.03880709782,2.872694969,0.8464587927
ikflow,67,-2.87700057,0.307829231,1.875869393,-0.3160226643,-1.367523909,2.601382732,1.075062037
ikflow,67,-0.4629577696,-0.2226648182,-1.149173379,-0.5816745758,-0.8336211443,2.765640736,1.154307008
ikflow,67,-0.4560182989,-0.2157381624,-1.169530153,-0.5748800635,-0.8093599081,2.760695457,1.135807633
ikflow,67,-0.6119106412,-0.1787503213,-1.147117734,-0.6052157879,-0.6472288966,2.7970047,1.107406139
ikflow,67,2.693356276,-0.1430085599,1.066420078,-0.6242320538,0.6284120679,2.810178518,0.612298429
ikflow,67,-1.961131692,0.1693398803,-0.4847318828,-0.2548877001,0.3556604981,2.662159443,0.8003420234
ikflow,67,-1.583417416,0.3004310727,-1.830513477,-0.288659662,1.463330388,2.587114573,0.6587667465
ikflow,67,2.0939641,-0.2667741477,1.168920875,-0.50476861,1.19560504,2.676603794,0.545876503
ikflow,67,-1.421998739,-0.08377099782,-0.6541371346,-0.6676254869,-0.1572490185,2.863713741,0.938675046
ikflow,67,2.517769575,-0.1839974374,1.116117716,-0.6032750607,0.8228788376,2.773706913,0.5647420883
ikflow,67,-0.289786011,0.1261510253,-2.171870232,-0.6420614123,0.515376389,2.815380812,0.6528384686
ikflow,67,1.505041599,-0.5880464315,0.3987437785,-0.6292890906,2.482596159,2.351948738,0.6038732529
ikflow,67,-0.4441738427,0.1296348721,-2.050310612,-0.6144290566,0.5733479261,2.800293922,0.6385181546
ikflow,67,-1.631147504,0.2785311043,-1.663705111,-0.2640678883,1.31329155,2.601337671,0.6803430915
ikflow,67,2.585937977,-0.1384572983,1.16475451,-0.5963548422,0.6420363188,2.800214529,0.6228448749
ikflow,67,-1.958042622,0.1786676347,-0.5248776674,-0.240995273,0.3858160377,2.65345788,0.8058405519
ikflow,67,2.297245264,0.1469761878,2.106426239,-0.6438834071,-0.4867801666,2.831339121,1.057781577
ikflow,67,2.815775394,0.2863433659,2.069278717,-0.5665008426,-1.107207775,2.710975409,1.204257488
ikflow,67,-1.222639203,0.3519990146,-2.164486885,-0.4888301194,1.55738461,2.588507175,0.5348603129
ikflow,67,2.732014894,-0.1216499954,1.082564354,-0.6168406606,0.5468291044,2.816131115,0.6404935718
ikflow,67,2.743611336,-0.1128060818,1.091657281,-0.6144175529,0.511755228,2.823879242,0.6544675231
ikflow,68,-0.3661921918,0.8194005489,2.402404547,-2.70101428,1.544548392,2.074622869,0.4086123407
ikflow,68,2.324256659,-0.6276762486,-0.3999619186,-2.706052542,1.693732023,1.755832791,0.415828824
ikflow,68,2.738200188,-0.7923659682,-0.7164984941,-2.699564695,1.563798428,2.031385422,0.3975191712
ikflow,68,1.540938139,-0.5939900279,0.2551696599,-2.72339344,1.888766289,1.354984283,0.4820824862
ikflow,68,-0.4468904734,0.7664186358,2.452872753,-2.699310541,1.574981451,1.989640594,0.4031872451
ikflow,68,1.98399353,-0.5738865137,-0.1219659373,-2.711200714,1.774425626,1.564325333,0.4353789985
ikflow,68,0.9155127406,-0.8448219895,0.7655930519,-2.762165308,2.172101021,0.9586797357,0.6499880552
ikflow,68,0.1983008534,1.494927883,2.111937523,-2.76850152,0.9233456254,2.799870968,0.6902897358
ikflow,68,1.895937204,-0.568446815,-0.04688195512,-2.710581779,1.791681051,1.524091601,0.440888226
ikflow,68,-0.4202578366,0.783367455,2.438640356,-2.700733185,1.571090579,2.020856142,0.4007710814
ikflow,68,-0.5010926723,0.7412498593,2.497643709,-2.700482368,1.598923206,1.962423086,0.3926957846
ikflow,68,2.007962942,-0.5726485848,-0.1436373591,-2.707899809,1.763290048,1.572354436,0.4403957725
ikflow,68,0.17846632,1.453245163,2.125306845,-2.758557081,0.9858174324,2.770035028,0.6470963955
ikflow,68,0.5704251528,1.546039104,1.878494143,-2.271247864,-2.880452633,3.603075504,-2.040388823
ikflow,68,-0.1983479857,0.9483873248,2.293700933,-2.70121789,1.462614298,2.229408979,0.4131836593
ikflow,68,-0.6307651401,0.6830214262,2.591104984,-2.701758146,1.639128327,1.859954,0.3981113434
ikflow,68,0.2818717062,1.676750898,2.016773224,-2.82352066,0.4225746989,2.931870937,1.050144672
ikflow,68,0.2597091198,1.623518825,2.055106878,-2.804989576,0.60415411,2.895676851,0.9233706594
ikflow,68,-0.3191615343,0.8499319553,2.368633509,-2.699691772,1.527346134,2.10484457,0.4000942111
ikflow,68,1.043703198,-0.7602393031,0.6657661796,-2.748446941,2.079101086,1.05976069,0.5892770886
ikflow,68,0.2893078625,1.699743748,1.994242907,-2.826860189,0.3201942146,2.926015377,1.115370274
ikflow,68,1.964311481,-0.575448513,-0.1038324162,-2.7122612,1.779996395,1.560310841,0.4437332153
ikflow,68,-0.5305963159,0.7221728563,2.517774582,-2.698815823,1.607201576,1.931948543,0.4044853449
ikflow,68,0.2544317544,1.609405518,2.060925961,-2.80409956,0.6297881603,2.892740726,0.9011915326
ikflow,68,0.2038222253,1.501440883,2.11225605,-2.772057056,0.9036502242,2.812130451,0.7027280927
ikflow,68,0.68232131,-1.09290731,0.9681729078,-2.807658434,2.51519227,0.7402803302,0.8948026896
ikflow,68,-0.2778708935,0.8808563948,2.34333849,-2.701281786,1.505847692,2.147091627,0.4014928341
ikflow,68,-0.5526088476,0.7117376924,2.532173157,-2.699568748,1.614315391,1.9154737,0.3971185386
ikflow,68,1.95443058,-0.5739321709,-0.0959674865,-2.712875605,1.784754276,1.550939918,0.438581109
ikflow,68,2.0229702,-0.5781159997,-0.1534406394,-2.712286472,1.767564774,1.585290194,0.434866488
ikflow,68,0.1332307011,1.37627387,2.144121885,-2.744702339,1.103806496,2.696387768,0.5754340887
ikflow,68,1.610996723,-0.5850545764,0.1966436356,-2.719673872,1.868759513,1.394200683,0.4700724185
ikflow,68,1.439589024,-0.6154924631,0.3422526717,-2.728806257,1.921381474,1.301805735,0.4982643723
ikflow,68,0.7023583651,-1.060335994,0.9456391931,-2.800508499,2.452439785,0.7628397346,0.8526987433
ikflow,68,1.23524344,-0.6704176664,0.5100812316,-2.73549366,1.985950351,1.18981576,0.5361282229
ikflow,68,0.7162624598,-1.040873528,0.9327062368,-2.795073748,2.42968154,0.7762283683,0.8417339921
ikflow,68,0.2497009933,1.592673182,2.072631121,-2.798243284,0.6762110591,2.886369228,0.8675189018
ikflow,68,-0.6834905744,0.6613613367,2.634563923,-2.699528933,1.651377916,1.828110218,0.4045312405
ikflow,68,1.922346711,-0.5711352825,-0.06932125986,-2.71044302,1.786666274,1.53607595,0.4402737617
ikflow,68,-2.568130493,1.266367435,-2.062791824,-2.827903509,2.786475897,0.6416487694,1.097765326
ikflow,68,2.369006157,-0.6380760074,-0.4395088851,-2.705039263,1.684018493,1.772363186,0.4109630883
ikflow,68,-0.2221082747,0.926745832,2.305563927,-2.701414108,1.479387522,2.202335835,0.405642122
ikflow,68,0.6599963903,-1.119938254,0.9872383475,-2.80743289,2.546515703,0.7211331725,0.9169417024
ikflow,68,2.701301813,-0.7705883384,-0.6890562773,-2.70101881,1.578503728,2.006869793,0.3969176114
ikflow,68,-0.683863461,0.6630376577,2.636459589,-2.699984789,1.653295279,1.83469367,0.4075002968
ikflow,68,-0.3339137435,0.8390706778,2.38175106,-2.698910952,1.5352633,2.100321531,0.4016329348
ikflow,68,0.1711783707,1.448180676,2.125700951,-2.758782625,0.996741116,2.752366304,0.6357076168
ikflow,68,-0.7184788585,0.6504449844,2.66396594,-2.701055527,1.667300463,1.812117219,0.4111049175
ikflow,68,-0.2706240714,0.8850028515,2.337939262,-2.701670408,1.508602142,2.153786659,0.4012857378
ikflow,68,2.06612277,-0.5830830336,-0.1882182658,-2.710722923,1.75707233,1.608986259,0.4283134043
ikflow,69,0.5013686419,-0.7948765159,2.161519527,-2.233052254,1.81187582,2.374914408,1.084861636
ikflow,69,0.2997696996,-0.641468823,2.381679058,-2.22193265,1.720104337,2.550859213,1.035095453
ikflow,69,0.3239246309,-0.654417038,2.356590033,-2.222597361,1.735745788,2.535254002,1.043193102
ikflow,69,-0.112691462,-0.5056318045,2.820947886,-2.215337276,1.590169072,2.783693552,1.005865455
ikflow,69,2.112223387,0.572234273,0.6198704839,-2.278040409,1.05424571,3.183333158,1.269564867
ikflow,69,0.1488809586,-0.5736700296,2.541142941,-2.217019796,1.67634511,2.639545679,1.020965576
ikflow,69,1.470181823,0.9817355871,0.926204145,-2.211609125,-1.500677586,2.947497606,2.821516752
ikflow,69,1.989665866,0.6080754995,0.6986569166,-2.345685482,0.663012743,3.248818636,1.582128167
ikflow,69,1.959883094,0.6123319864,0.69619596,-2.368331194,0.4667555094,3.256661654,1.745206833
ikflow,69,-1.176759839,-0.6025611162,-2.528939009,-2.391308546,0.01878340729,3.248558283,2.146113157
ikflow,69,1.992668271,0.7628798485,0.764534235,-1.9176085,2.315572262,3.428344011,-0.1451093853
ikflow,69,2.397090673,0.5099797845,0.341293782,-2.228404999,1.35429132,3.059188843,1.057438374
ikflow,69,2.22078371,0.5414553285,0.5199685693,-2.24846673,1.232018948,3.129548073,1.137812972
ikflow,69,2.276827097,0.5311371088,0.4635785818,-2.235208511,1.308775306,3.10961771,1.07222116
ikflow,69,-0.0315256156,-0.5227274299,2.731116295,-2.211420774,1.631727934,2.733634472,1.000801921
ikflow,69,0.2977355719,-0.6364856362,2.383385897,-2.222744942,1.730148554,2.548444986,1.041796923
ikflow,69,1.957027435,0.609665513,0.6391142011,-2.388977528,0.1344289184,3.256088257,2.044578314
ikflow,69,0.2893744409,-0.6346534491,2.390619755,-2.221996307,1.722206354,2.556813955,1.031627774
ikflow,69,2.231992006,0.6805977821,0.2121923566,-1.911928415,-2.338550568,3.42169261,-1.772162318
ikflow,69,0.3987944722,-0.7014789581,2.275635958,-2.229349375,1.757038593,2.478500843,1.063602686
ikflow,69,2.125421286,0.5673311949,0.611971736,-2.269011497,1.128811359,3.177413225,1.203780174
ikflow,69,0.03502903134,-0.5348699689,2.664473057,-2.216187477,1.623310924,2.70967555,1.015729547
ikflow,69,1.973875761,0.6024692059,0.6294130683,-2.385608912,0.1687629521,3.245115995,2.008333921
ikflow,69,1.941233397,0.6167988777,0.6627589464,-2.390346766,0.169539988,3.262033463,2.000191212
ikflow,69,0.2244147509,-0.6002914906,2.461382151,-2.222980499,1.684416413,2.600661039,1.037513852
ikflow,69,1.849865556,0.6831718683,0.5645152926,-2.278578758,-1.045943141,3.206581831,2.897300005
ikflow,69,2.249922514,0.5342018604,0.4894569814,-2.237390757,1.300713062,3.113306522,1.079802275
ikflow,69,0.4239173532,-0.7289873958,2.247541904,-2.225647926,1.775396585,2.451940536,1.062125683
ikflow,69,1.957918048,0.80349195,0.8083441257,-1.892875791,2.330558062,3.478613377,-0.2024675608
ikflow,69,0.5801874399,-0.8925896287,2.072288752,-2.237168312,1.854125142,2.270710945,1.104972243
ikflow,69,-0.7235623598,-0.5026610494,-2.827337265,-2.227695942,1.365927219,3.037174225,1.049788952
ikflow,69,2.235958815,0.5393628478,0.506621778,-2.239371061,1.271803617,3.126777887,1.095598578
ikflow,69,2.160293579,0.5577236414,0.5815515518,-2.255942583,1.193521619,3.165022612,1.153072238
ikflow,69,2.041051626,0.5977229476,0.6844373941,-2.301556587,0.9285152555,3.228598356,1.352284431
ikflow,69,0.4548984468,-0.7513707876,2.20886898,-2.227833748,1.797273874,2.407418013,1.066051126
ikflow,69,0.2315977067,-0.6076950431,2.451953888,-2.216456413,1.723651648,2.582693577,1.012718678
ikflow,69,2.110044003,0.5797939897,0.631803751,-2.260944366,1.136389136,3.191204548,1.188651085
ikflow,69,1.932931662,0.6303978562,0.7148441076,-2.371798992,0.4165834486,3.267526388,1.793369293
ikflow,69,2.218939781,0.5420150757,0.5242840052,-2.2453022,1.256091833,3.139529943,1.108440518
ikflow,69,0.09979545325,-0.5592901111,2.593993902,-2.214516163,1.660943031,2.667996407,1.021577001
ikflow,69,1.998385429,0.5979927182,0.6797093749,-2.355365992,0.6065968871,3.244804144,1.638067245
ikflow,69,2.082884312,0.5930199623,0.6643995047,-2.252945423,1.171891093,3.213867664,1.146531463
ikflow,69,1.974468946,0.6015564203,0.6717215776,-2.375069618,0.4131289124,3.252814054,1.808708072
ikflow,69,0.3139673769,-0.6518255472,2.364171028,-2.22166872,1.724167943,2.540835142,1.03836453
ikflow,69,2.182027102,0.5497050881,0.5566316843,-2.259288549,1.175269246,3.156132936,1.172286868
ikflow,69,-0.09789201617,-0.507419765,2.805594444,-2.214153767,1.602477431,2.769602537,1.005642772
ikflow,69,2.448318243,0.5055561662,0.2923429608,-2.22379446,1.3842839,3.050300598,1.042925596
ikflow,69,1.992060184,0.607711494,0.7010822296,-2.337604523,0.7118791342,3.248009682,1.536865115
ikflow,69,1.907145619,0.8431376815,0.8674219847,-1.880376935,2.32373786,3.505122662,-0.2250179946
ikflow,69,0.4097533822,-0.7194573283,2.25858736,-2.223423958,1.769465923,2.451447964,1.062271595
ikflow,70,-1.342638254,-0.9178068042,1.59031105,-1.759396791,2.046118975,3.218486786,1.341841936
ikflow,70,-0.8622992635,-0.09801289439,1.282638907,-1.914179921,-1.966584682,2.711596012,-1.698080182
ikflow,70,-1.000736952,-0.1609961838,1.385329127,-1.902605295,-1.952255607,2.768936634,-1.662639141
ikflow,70,1.210919857,-0.03781525046,-0.7258839011,-1.929474592,-2.01163578,2.615492105,-1.756805658
ikflow,70,1.793177843,0.7627062201,-1.778274179,-1.719525099,-2.119704247,3.280024052,-0.9722906947
ikflow,70,-1.004635096,-0.1642959565,1.386814117,-1.901304603,-1.957364202,2.77519536,-1.646519065
ikflow,70,-1.391209364,-0.9839161634,1.234368443,-1.909944892,-1.22348845,3.487402439,-1.707381606
ikflow,70,-1.178993225,-0.409221679,1.420451045,-1.860034704,-1.916789651,2.969902754,-1.495905399
ikflow,70,1.004507542,-0.0335525237,-0.5249881148,-1.929183125,-2.010007381,2.62393117,-1.751870632
ikflow,70,-1.175287724,-0.3951941133,1.4246279,-1.861963987,-1.923701406,2.962491274,-1.498294592
ikflow,70,-1.335681081,-1.101072669,1.488362551,-1.824130416,1.949235439,3.079092503,1.585588455
ikflow,70,-0.8711066842,-0.1043347716,1.289676309,-1.913315296,-1.973217368,2.715168715,-1.692979693
ikflow,70,1.901810288,0.5396623611,-1.743600368,-1.835049629,-1.887176633,3.088853598,-1.405443192
ikflow,70,0.7835349441,-0.03034652956,-0.3060792089,-1.927316308,-2.005857706,2.62387991,-1.74897182
ikflow,70,-1.142290831,-0.3402294517,1.426389575,-1.872030973,-1.93410933,2.910769701,-1.534128308
ikflow,70,0.2115275711,-0.02830891684,0.2562075555,-1.923829675,-1.997657418,2.645295143,-1.747138858
ikflow,70,-0.5689049363,-0.0513317138,1.019336224,-1.92064178,-1.980183601,2.66332674,-1.726423144
ikflow,70,-1.068384051,-0.2236602306,1.41813612,-1.891819239,-1.941767812,2.818783522,-1.618119359
ikflow,70,1.852253199,0.6568502784,-1.768954992,-1.79535675,-1.949108601,3.183367968,-1.24380672
ikflow,70,-0.5889098644,-0.05243834108,1.036159873,-1.917788148,-1.996493578,2.677968025,-1.708678842
ikflow,70,0.8742364645,-0.030319212,-0.3969601393,-1.926599503,-2.012435436,2.623378038,-1.746734619
ikflow,70,-1.326028943,-0.7189887166,1.369719982,-1.745922923,-2.076854229,3.242386818,-1.060235977
ikflow,70,1.844337106,0.6750056744,-1.774241924,-1.786899805,-1.958494186,3.197477341,-1.22297442
ikflow,70,-1.361654401,-0.946259439,1.256400943,-1.962237477,-1.068234205,3.464266777,-1.906723142
ikflow,70,-1.235876322,-0.5291134119,1.403203249,-1.83087647,-1.934458852,3.071866751,-1.380315304
ikflow,70,1.734720945,0.8378224373,-1.711224675,-1.586164355,-2.667710543,3.348670006,-0.3424190283
ikflow,70,-1.250084996,-0.5725405812,1.390387535,-1.821155667,-1.931471229,3.110157013,-1.338148236
ikflow,70,2.099072933,-0.5167261362,-1.363677263,-1.990745068,-2.19522047,2.2389853,-2.000634432
ikflow,70,-1.096343756,-0.2587663233,1.424303174,-1.889289618,-1.924688578,2.852341413,-1.605058789
ikflow,70,-1.372202873,-0.991396904,1.248907924,-1.987960935,-0.9475370049,3.499508619,-1.981028795
ikflow,70,-1.214359879,-0.4866365492,1.410759449,-1.84101975,-1.93856883,3.036484241,-1.406947374
ikflow,70,-1.188427687,-0.4244066477,1.419659972,-1.852767229,-1.930886984,2.989352465,-1.468344212
ikflow,70,-1.186009407,-0.4077979922,1.428840756,-1.853760123,-1.940012217,2.973602295,-1.466551185
ikflow,70,-1.154421687,-0.3552481532,1.430096507,-1.86591351,-1.946682215,2.924996853,-1.513123393
ikflow,70,1.872084379,0.587274611,-1.747622728,-1.808908582,-1.931325793,3.136535406,-1.321217775
ikflow,70,-1.105782151,-0.2812573314,1.424019337,-1.883178115,-1.938240051,2.860056877,-1.572806835
ikflow,70,-1.141301155,0.309769839,1.770736456,-1.967002511,-2.111006498,2.391989946,-1.895846367
ikflow,70,-1.014169931,0.6069891453,1.792389631,-2.000496149,-2.230711937,2.181100368,-2.041320324
ikflow,70,-1.192741394,-0.4276645184,1.423357487,-1.849981189,-1.942944527,2.986237288,-1.454585671
ikflow,70,1.79373765,0.767026782,-1.779317141,-1.722619653,-2.114835024,3.274908066,-0.9801247716
ikflow,70,-0.2032891214,-0.03229546547,0.6642863154,-1.922104836,-1.99644804,2.647749424,-1.739875555
ikflow,70,-1.229209304,-0.5237343311,1.399389505,-1.833383203,-1.928002119,3.069212198,-1.390159011
ikflow,70,-1.318178773,0.1281513125,1.853817463,-1.94260025,-2.043592215,2.545166254,-1.80075264
ikflow,70,1.896490097,0.5504764318,-1.745823264,-1.833131909,-1.884843349,3.09324646,-1.389810562
ikflow,70,-1.342950463,-0.6438689232,1.759202838,-1.946862936,1.119995832,3.475814104,2.060526848
ikflow,70,1.872136354,0.595598042,-1.748358965,-1.807530761,-1.942586541,3.135344982,-1.298648357
ikflow,70,1.968518734,-0.2604683638,-1.364816189,-1.961510062,-2.096144676,2.43555975,-1.8715868
ikflow,70,-1.543850422,-0.4211503267,2.0949471,-1.86461091,1.21987772,3.667775631,1.739974141
ikflow,70,1.836527944,0.8757036924,-1.785546422,-2.093174934,-0.4131991565,3.437396765,-2.594335556
ikflow,70,-1.33956933,-0.9277079701,1.582149267,-1.761128664,2.062867165,3.211934328,1.334361434
ikflow,71,2.469295979,1.123053908,0.3392391801,-1.518048406,1.385428071,0.34776631,2.316325188
ikflow,71,0.497982204,-1.462545276,2.300607443,-1.49643147,-1.383185506,0.3107122779,-1.647579074
ikflow,71,0.4686280489,-1.432908297,2.343445063,-1.493653893,-1.418680429,0.2776989043,-1.653324127
ikflow,71,-1.158050776,-1.50460732,-2.135301352,-1.5677284,0.9429870248,0.8059321642,2.597312927
ikflow,71,0.6507920027,-1.663453102,2.074754,-1.528535843,-1.204157829,0.5280947685,-1.747320414
ikflow,71,2.191916704,1.262277365,0.7022140622,-1.54284215,1.149245977,0.59667027,2.439903259
ikflow,71,-0.8010036945,-1.178747654,-2.630919218,-1.511543751,1.251716614,0.4500675201,2.377898932
ikflow,71,-0.7730184197,-1.161794662,-2.668663025,-1.513213396,1.275376081,0.4342201352,2.372908831
ikflow,71,-1.281947374,-1.73673141,-1.936916351,-1.601718664,0.77530092,0.981225431,2.718760967
ikflow,71,2.009995461,1.454975128,0.9561229348,-1.574452043,0.9944450855,0.7782222033,2.5703547
ikflow,71,-0.8646247387,-1.213073015,-2.546637535,-1.519534111,1.208101988,0.5093621016,2.409250259
ikflow,71,2.035391808,1.426313519,0.9244346619,-1.56355834,1.008283734,0.753660202,2.558312893
ikflow,71,0.5539569855,-1.5286237,2.216947794,-1.507248402,-1.321359396,0.3799651563,-1.678554416
ikflow,71,0.4212947488,-1.387372017,2.412526131,-1.490355372,-1.470290303,0.2228784263,-1.630009294
ikflow,71,0.3105250001,-1.305312514,2.566190243,-1.480797887,-1.587847948,0.1144300848,-1.609265327
ikflow,71,2.634685755,1.088923454,0.1246154457,-1.491401911,1.470463276,0.2315801382,2.278958082
ikflow,71,0.1989176422,-1.243642688,2.710888863,-1.498479605,-1.786166668,0.004102799576,-1.687292933
ikflow,71,-1.148751497,-1.486907482,-2.154018164,-1.57042563,0.966470778,0.7965029478,2.586067915
ikflow,71,0.3896596432,-1.364059091,2.454313755,-1.487125039,-1.513507605,0.1849154234,-1.620930195
ikflow,71,1.978646517,1.499772668,1.002067924,-1.579420209,0.9562915564,0.8214187622,2.591888666
ikflow,71,0.5799666643,-1.560745001,2.18086791,-1.510779858,-1.292352557,0.4161398709,-1.697526693
ikflow,71,-1.05447042,-1.371399403,-2.287183285,-1.546617985,1.047183871,0.6904925704,2.491132736
ikflow,71,-1.197397947,-1.565551758,-2.075983524,-1.58035326,0.8995279074,0.8624942899,2.632514477
ikflow,71,0.2513207495,-1.27187705,2.64334774,-1.483999133,-1.680173159,0.05745815113,-1.635800242
ikflow,71,0.6193969846,-1.614969015,2.12186265,-1.517710328,-1.239623308,0.477814734,-1.707955956
ikflow,71,0.3041571677,-1.299357653,2.570692062,-1.497047424,-1.638957858,0.09790379554,-1.646585226
ikflow,71,1.943736672,1.555353284,1.057189584,-1.585481048,0.9085906148,0.8619018197,2.631297827
ikflow,71,0.3691310287,-1.34613657,2.484779596,-1.488071442,-1.539849162,0.1650130451,-1.627955317
ikflow,71,-1.173765898,-1.526230335,-2.112325191,-1.57346952,0.9241158366,0.8341674805,2.609481573
ikflow,71,0.6473022103,-1.661135674,2.076545477,-1.524733901,-1.199115515,0.5246480703,-1.738246441
ikflow,71,-1.182584286,-1.539996147,-2.097605228,-1.574141622,0.9100769162,0.8445701599,2.61958003
ikflow,71,0.3095161617,-1.301081181,2.565765381,-1.496028543,-1.629888177,0.1061234847,-1.644167781
ikflow,71,0.3429541588,-1.32568419,2.519520283,-1.489658833,-1.577799797,0.1402115524,-1.627150536
ikflow,71,-1.092028975,-1.412458181,-2.231470823,-1.553179622,1.005080819,0.736899972,2.536003828
ikflow,71,0.6401520967,-1.636570334,2.098350525,-1.525716424,-1.209622502,0.5115541816,-1.728253007
ikflow,71,-1.024004936,-1.341018319,-2.328669786,-1.543897152,1.077440262,0.6556911469,2.492571115
ikflow,71,2.183316946,1.269891024,0.7123022079,-1.547620893,1.160987973,0.5979512334,2.45149374
ikflow,71,0.2460404485,-1.269811749,2.64570117,-1.491274834,-1.715462089,0.04297827184,-1.652834415
ikflow,71,0.5098445415,-1.48220706,2.277115583,-1.49372077,-1.361657023,0.3235227764,-1.65871942
ikflow,71,0.6478052139,-1.650817513,2.086051702,-1.532872796,-1.212277293,0.5193552971,-1.734477878
ikflow,71,-1.160456777,-1.502484202,-2.134404421,-1.572644711,0.9408838749,0.8124901652,2.597545385
ikflow,71,-1.095344782,-1.410065293,-2.234091043,-1.562177181,1.019748092,0.7361162901,2.541199446
ikflow,71,-1.201298356,-1.571541905,-2.07180953,-1.582022905,0.8929867148,0.8640651703,2.621748447
ikflow,71,-0.2076800466,-1.123042941,2.866940498,-1.421209693,1.614979982,0.003059501294,2.112125158
ikflow,71,0.4011006951,-1.373066902,2.436393023,-1.490951657,-1.502463818,0.1990444511,-1.615094543
ikflow,71,-2.468949556,1.703445196,-1.104714394,-1.528841496,-1.161357164,0.5599881411,-1.753098369
ikflow,71,-1.227377653,-1.621230483,-2.028636694,-1.588789463,0.8665901423,0.9029886127,2.651129007
ikflow,71,0.2983409166,-1.294733286,2.579952002,-1.496200681,-1.642808795,0.09762062132,-1.632543683
ikflow,71,0.2868671715,-1.293833613,2.590413332,-1.488831758,-1.655893445,0.08142896742,-1.648082614
ikflow,71,-1.081957936,-1.399230599,-2.248300552,-1.554872155,1.018588662,0.7195816636,2.532718182
ikflow,72,-1.425126791,-1.101140976,-1.358979702,-1.129748225,-0.4527916312,1.185407162,-2.88995409
ikflow,72,-1.403115034,-1.156488657,-1.292123437,-1.116850138,-0.5244233012,1.152348518,-2.847337723
ikflow,72,0.004233644344,-0.6900476217,1.919367671,-1.031558156,1.174075246,0.8132092953,2.574272156
ikflow,72,-1.124674797,-1.536972284,-0.6718001962,-1.041757941,-1.135742188,0.8421550393,-2.590518236
ikflow,72,-1.095518947,-0.4789198637,-2.485679388,-1.113934994,0.3494012058,1.181675434,2.897300005
ikflow,72,0.03436015546,-0.7604403496,1.78289187,-1.02532804,1.275916457,0.7575471401,2.531989813
ikflow,72,0.05397275463,-0.936942637,1.486815214,-1.02373457,1.554211378,0.6158487201,2.521962881
ikflow,72,1.7418859,1.171064377,1.866667628,-1.117493987,-0.5428598523,1.149946928,-2.853951693
ikflow,72,-1.303653598,-1.344120383,-1.037578702,-1.079544306,-0.7883508205,1.027911663,-2.709512234
ikflow,72,-1.398430705,-1.168827295,-1.279114485,-1.112606406,-0.534855485,1.143507361,-2.836275101
ikflow,72,1.727829814,1.104756832,1.785783887,-1.115701437,-0.4628042877,1.163740158,-2.870322943
ikflow,72,0.03373646736,-0.7618755102,1.782278299,-1.025069594,1.282109261,0.7603223324,2.54777503
ikflow,72,1.718740225,1.045200586,1.711173177,-1.112251759,-0.376704365,1.175041318,-2.863230705
ikflow,72,2.074647427,1.581815004,2.579836607,-1.045103192,-1.242091656,0.7938818336,-2.572145939
ikflow,72,2.377238512,0.4188441932,0.1509802788,-1.101663113,0.547717154,1.129454374,2.804550886
ikflow,72,-0.02102966607,-0.6346418262,2.027501822,-1.045710206,1.093515277,0.8685648441,2.597577095
ikflow,72,-1.198705673,-1.475281835,-0.8085199594,-1.0602808,-1.015837312,0.9120597243,-2.655795574
ikflow,72,-1.178425312,-1.497266889,-0.7725523114,-1.054648876,-1.034164906,0.898252964,-2.614072323
ikflow,72,-1.352174878,-1.277603745,-1.137156129,-1.099698067,-0.6812729836,1.087134123,-2.780277252
ikflow,72,-0.1912813634,-0.5036174059,2.406527042,-1.07054925,0.8798680305,0.9784167409,2.660797834
ikflow,72,-0.8393558264,-0.4202252328,-2.879517794,-1.110193253,0.4999229312,1.150578618,2.826254129
ikflow,72,-1.357594609,-1.272322416,-1.146915317,-1.103999138,-0.6639539599,1.092137814,-2.768495321
ikflow,72,-0.1337604523,-0.5308647156,2.299099684,-1.068946481,0.9365543127,0.9522144198,2.641782761
ikflow,72,-1.125611901,-1.538004994,-0.6751702428,-1.042547345,-1.128658891,0.845190227,-2.585893869
ikflow,72,-0.01863957755,-0.6270227432,2.033011436,-1.056160092,1.085870862,0.8783922195,2.582676411
ikflow,72,-1.07484436,-0.4725934267,-2.518801928,-1.111596227,0.3689239025,1.173678637,2.897300005
ikflow,72,-0.9392287135,-0.4375845194,-2.73204565,-1.108986616,0.4515556395,1.15898037,2.85643816
ikflow,72,0.0518681407,-0.864048183,1.603940129,-1.016748428,1.425906539,0.674500525,2.520369768
ikflow,72,0.01091914997,-0.6898920536,1.913072348,-1.037341475,1.180421591,0.8173652887,2.57464385
ikflow,72,-0.2255100608,-0.4907776117,2.466999531,-1.072004199,0.8555522561,0.9880500436,2.6743958
ikflow,72,-0.155000031,-0.5237070322,2.334865332,-1.065017939,0.9166906476,0.9577923417,2.647166014
ikflow,72,1.757101893,1.201706886,1.902727365,-1.108139038,-0.569544971,1.129220963,-2.830024481
ikflow,72,1.98755765,0.4956329465,0.7488802671,-1.121723294,0.3131287098,1.196431279,2.897300005
ikflow,72,1.722824931,1.088737607,1.760812998,-1.115849376,-0.4252066016,1.173658013,-2.852838278
ikflow,72,1.945822954,0.5132406354,0.8171048164,-1.126495957,0.2848702669,1.212022305,2.897300005
ikflow,72,-0.02142906561,-0.6382296085,2.024229527,-1.045326471,1.099256754,0.8569176793,2.577272415
ikflow,72,-1.37691021,-1.220380306,-1.211017013,-1.104705572,-0.6025334001,1.116074562,-2.810087442
ikflow,72,-1.324589133,-1.318186045,-1.075254917,-1.087833881,-0.7498733997,1.049782395,-2.758594751
ikflow,72,-0.190788269,-0.5075443387,2.404182911,-1.066336155,0.8809481263,0.9789534211,2.666493893
ikflow,72,1.773578405,1.251551867,1.967995524,-1.107220888,-0.6362627149,1.102692366,-2.792635679
ikflow,72,0.04958758131,-0.9615760446,1.452542543,-1.022556901,1.599853039,0.5950207114,2.517439842
ikflow,72,-1.272635579,-1.390447974,-0.9690728188,-1.069228768,-0.8416725397,1.002946854,-2.690015078
ikflow,72,-0.1173599809,-0.5515209436,2.254950523,-1.056812882,0.9584880471,0.9327600002,2.643385649
ikflow,72,-1.134672761,-0.4964872599,-2.419437647,-1.114458799,0.331373632,1.188868165,2.897300005
ikflow,72,-1.428926229,-1.060858488,-1.407812119,-1.125600696,-0.4008035362,1.194014788,-2.897300005
ikflow,72,-1.048267007,-0.4687451422,-2.55824852,-1.107265234,0.3803211153,1.175122499,2.897300005
ikflow,72,-1.121760726,-0.486992985,-2.4411726,-1.116215348,0.3311840594,1.185278773,2.897300005
ikflow,72,-0.07952160388,-0.5713457465,2.182259798,-1.061600327,0.9970881939,0.9194642305,2.625082254
ikflow,72,1.758916855,1.210107207,1.913974166,-1.110347748,-0.5890607834,1.122022986,-2.823067188
ikflow,72,-1.415994048,-1.12726593,-1.328312635,-1.126009345,-0.4816420376,1.176388979,-2.874297619
ikflow,73,-1.806337714,-0.6192916632,0.6123015285,-0.5125703216,-1.39103651,0.9302047491,-2.437461138
ikflow,73,-2.552016735,-0.7360441089,-0.3078185916,-0.6594731808,0.02899429761,1.207653999,-2.70447135
ikflow,73,-2.39818573,-0.55151999,-0.3234869838,-0.286950022,-0.0716567263,1.038706303,-2.685852051
ikflow,73,-1.564843774,-0.5149403811,0.969332099,-0.5507672429,-1.960395098,0.7939912677,-2.436233997
ikflow,73,-1.31056571,-0.3812370002,1.232746482,-0.6325951815,-2.509088278,0.6692096591,-2.500421524
ikflow,73,-1.751506925,-0.6077826023,0.6782027483,-0.5268993974,-1.491689086,0.9101463556,-2.42928648
ikflow,73,0.3469646275,0.1008799672,0.623028636,-0.5643519163,2.403074265,0.6999320388,-2.875602961
ikflow,73,0.8547993898,0.2663007677,0.0007462304202,-0.2486351579,2.608498573,0.8201875091,-2.751788139
ikflow,73,1.151397586,0.5162955523,-2.426016092,-0.2822706401,-1.414657235,0.9269049168,-2.549405098
ikflow,73,-1.866989255,-0.6665415168,0.4704055488,-0.5479932427,-1.183465958,0.9829623103,-2.439026594
ikflow,73,1.372056127,0.4567475915,-2.002295256,-0.3670340478,-2.023179531,0.823589921,-2.52757144
ikflow,73,-2.377763271,-0.5642681122,-0.264406234,-0.3024820089,-0.1413520575,1.042645574,-2.669886112
ikflow,73,1.848475695,0.3645224869,-1.877856255,-0.635519743,-2.564680815,0.6591129303,-2.520582676
ikflow,73,-2.399813175,-0.7456111312,-0.1662504226,-0.6320161223,-0.2085618377,1.188042879,-2.626523733
ikflow,73,0.9624616504,0.07167761773,-0.1612484306,-0.5949301124,2.592447519,0.6703367233,-2.852867126
ikflow,73,-2.47341609,-0.7499113083,-0.2322350293,-0.6576365829,-0.09346646816,1.208463907,-2.662233114
ikflow,73,-1.553490639,-0.5349288583,0.9193053246,-0.5793242455,-1.913158536,0.7996109128,-2.416952848
ikflow,73,0.4683005512,0.06072919816,0.4186244011,-0.6186423898,2.487275839,0.6759238839,-2.876873493
ikflow,73,0.02246471494,0.464553535,2.150671482,-0.587988019,1.110430837,1.014409542,-2.897300005
ikflow,73,-1.272437215,-0.3680695593,1.243501902,-0.648616612,-2.557603598,0.6548500657,-2.507321835
ikflow,73,1.24184227,0.36305812,-1.417862177,-0.2603856027,-2.542966843,0.8136363029,-2.623300076
ikflow,73,-2.717935562,-0.4259932339,-1.220484614,-0.308593601,1.058964491,0.9747878313,-2.817825079
ikflow,73,0.4486796558,0.2719341218,0.969419241,-0.3198115826,1.965454221,0.8438946605,-2.83886385
ikflow,73,0.1853764206,0.07791572064,0.7652564049,-0.6134533286,2.408323526,0.6874647737,-2.897300005
ikflow,73,1.240808725,0.4592528045,-2.037979603,-0.2772347927,-1.882027984,0.8644154668,-2.568413496
ikflow,73,0.3924996257,0.3721509874,1.625413895,-0.3061570823,1.372247577,0.9318282008,-2.832309008
ikflow,73,-1.437805176,-0.4257536829,1.182465553,-0.5744325519,-2.325782776,0.7172433138,-2.479002714
ikflow,73,-1.305631876,-0.3600949347,1.279038429,-0.6283550262,-2.588471651,0.658845365,-2.525876284
ikflow,73,1.541832089,0.5485894084,-2.255063295,-0.5517243147,-1.821051955,0.8263745904,-2.434275627
ikflow,73,-1.983001351,-0.5823651552,0.5031670928,-0.3692651987,-1.160580754,0.9644437432,-2.520565748
ikflow,73,-0.08047161251,0.3457567692,1.859777689,-0.5620408654,1.493326545,0.9050771594,-2.897300005
ikflow,73,1.309615612,0.401293695,-1.695353031,-0.2974490821,-2.296110392,0.8168264031,-2.58093071
ikflow,73,-1.562525868,-0.5213631392,0.9549132586,-0.5545981526,-1.94201839,0.8033249378,-2.431511641
ikflow,73,0.585921526,0.2701829374,0.7122269273,-0.2868613899,2.138922691,0.8360422254,-2.813415289
ikflow,73,-1.898731709,-0.4942247272,0.9264843464,-0.3060439825,-1.688479662,0.8905112743,-2.538753748
ikflow,73,1.141140819,0.4961823523,-2.340627432,-0.2536069155,-1.509262681,0.9160138965,-2.577652693
ikflow,73,-2.021250725,-0.5633826852,0.4928060174,-0.3300148249,-1.146550775,0.9668161869,-2.539985418
ikflow,73,1.356718183,0.4520454109,-1.978179693,-0.3485547304,-2.026264906,0.8322934508,-2.537173271
ikflow,73,0.05700187385,0.2897454202,1.56314528,-0.473135829,1.6754179,0.8637607098,-2.897300005
ikflow,73,-2.765923023,-0.3235724866,-1.771801233,-0.3101696372,1.611098766,0.8999962807,-2.841531754
ikflow,73,-1.807199478,-0.4497303367,1.172542095,-0.3350982368,-2.027902126,0.8374879956,-2.540235519
ikflow,73,-1.818115711,-0.6690869331,0.5094239712,-0.5752111077,-1.252790689,0.9715279341,-2.418132067
ikflow,73,-2.122011662,-0.7491304278,0.1244496703,-0.6175891161,-0.6642335057,1.123133302,-2.506074905
ikflow,73,-2.243237972,-0.5903897285,0.009824737906,-0.3274820745,-0.4985079765,1.031089664,-2.611356735
ikflow,73,1.298768282,0.4605071545,-2.02338028,-0.3143247068,-1.939414382,0.8504118919,-2.550439119
ikflow,73,-2.171728134,-0.5684575438,0.189670071,-0.2967202365,-0.7323942184,1.008198023,-2.599663019
ikflow,73,-2.365983009,-0.7429471016,-0.1373698562,-0.6199160814,-0.2573143542,1.181421518,-2.608926773
ikflow,73,-1.821795225,-0.4369108975,1.226846099,-0.3178539574,-2.076381922,0.8329892755,-2.542620659
ikflow,73,-2.657255173,-0.3521808386,-1.74550128,-0.2511249185,1.531885505,0.9127296805,-2.800781727
ikflow,73,1.330224991,0.4728370309,-2.071940422,-0.3439288437,-1.904455066,0.850492239,-2.531842232
ikflow,74,1.838980436,1.307240963,-1.314507842,-0.6265588999,1.000762939,1.1369102,-2.778980494
ikflow,74,1.610550165,1.354018807,-1.207470298,-0.2414311767,1.014433622,1.051757574,-2.620275497
ikflow,74,-1.984359741,-1.172215104,-2.215150595,-0.6543794274,-0.8572484255,1.181734204,-2.293903351
ikflow,74,1.844929457,1.313814878,-1.33529675,-0.6312056184,1.01667881,1.130394101,-2.781732559
ikflow,74,-1.940783143,-1.107685685,-2.421847582,-0.684035778,-0.6685953736,1.240711093,-2.331441402
ikflow,74,1.381327987,1.006152749,0.2034024298,-0.732637465,-0.2473646551,1.325667739,-2.445261002
ikflow,74,-1.99865365,-1.202890396,-2.12210989,-0.6388717294,-0.939242065,1.153002739,-2.287098408
ikflow,74,1.613249183,1.034084797,-0.3551597893,-0.7110157609,0.1708524823,1.31990087,-2.592286587
ikflow,74,1.61346364,1.380988121,-1.409595728,-0.2311313897,1.212082982,1.029555917,-2.633247852
ikflow,74,-1.815086484,-1.038080812,-2.782881021,-0.6995995641,-0.3838964105,1.286192417,-2.414874315
ikflow,74,1.840922713,1.273652792,-1.226140141,-0.6495839357,0.9115449786,1.167879701,-2.773006678
ikflow,74,1.783556223,1.118918657,-0.8151686192,-0.7234365344,0.5363254547,1.285930276,-2.706297159
ikflow,74,1.506987095,1.286649942,-0.2633380592,-0.2175810486,0.1270021051,1.102999926,-2.540065527
ikflow,74,-1.795807123,-1.451787114,-1.135064363,-0.2300597429,-2.048829317,0.949721992,-2.434001684
ikflow,74,-1.597741008,-1.295227289,2.585757256,-0.2264657468,0.410235405,1.086915016,-2.590971708
ikflow,74,1.596067309,1.329363704,-0.993758142,-0.2425954938,0.8115577698,1.073801637,-2.617912769
ikflow,74,1.18533361,1.11265099,0.7593971491,-0.6956996918,-0.701317668,1.236584902,-2.313028574
ikflow,74,-1.316153288,-1.20232451,2.096952438,-0.6854780912,0.7410309315,1.223410606,-2.743243933
ikflow,74,1.65680325,1.04545629,-0.4609671831,-0.7187645435,0.251703918,1.323666215,-2.616479635
ikflow,74,-1.822401404,-1.039225459,-2.771629333,-0.6991542578,-0.3830646574,1.292942643,-2.408884287
ikflow,74,-2.015327454,-1.546071649,-1.126364589,-0.6336675882,-1.942908645,0.8721085787,-2.223893404
ikflow,74,1.140099883,1.566047072,2.089969873,-0.6231057644,-2.007804394,0.8614424467,-2.259417534
ikflow,74,1.683943629,1.042079926,-0.5151461363,-0.741071403,0.2924125195,1.326075673,-2.625525713
ikflow,74,1.447024107,1.002979279,0.05246271938,-0.7272483706,-0.1422238052,1.334373951,-2.480995178
ikflow,74,-1.979801774,-1.134842634,-2.299155235,-0.6910665631,-0.7752010226,1.218718171,-2.309334278
ikflow,74,-2.0106709,-1.173913598,-2.167848587,-0.6844342351,-0.8929832578,1.18806994,-2.280313015
ikflow,74,1.749387264,1.094389319,-0.7102583051,-0.7221062779,0.445250541,1.299667001,-2.672219276
ikflow,74,1.801448107,1.152477026,-0.9055615664,-0.7071549296,0.6150285006,1.261232376,-2.718026638
ikflow,74,-2.057679653,-1.298253775,-1.811253548,-0.6602724195,-1.224514604,1.086601853,-2.239131689
ikflow,74,-1.391210794,-1.670717716,0.750451684,-0.6602766514,2.104338408,0.8232670426,-2.798206329
ikflow,74,1.188630342,1.115512967,0.7589222193,-0.6845862865,-0.7031012177,1.231859565,-2.33106184
ikflow,74,-1.79057622,-1.027431011,-2.856033802,-0.7062575817,-0.3192253113,1.298509836,-2.436034203
ikflow,74,-1.537907839,-1.402649283,1.559217095,-0.2130113691,1.386185527,1.014394403,-2.627870798
ikflow,74,1.382498503,1.322334886,0.8179862499,-0.2093470991,-0.8968298435,1.070326805,-2.445314646
ikflow,74,-1.812422514,-1.334326744,-2.038379192,-0.2625544369,-1.130789757,1.045299888,-2.418562889
ikflow,74,-1.733908057,-1.257452726,-2.758523703,-0.2802692354,-0.4463683367,1.099968314,-2.47292614
ikflow,74,1.632830858,1.016716957,-0.3828078508,-0.7508013248,0.1872414798,1.338636279,-2.597426176
ikflow,74,-1.507562876,-1.404688835,1.558311105,-0.2648863792,1.38207531,1.013537407,-2.656816483
ikflow,74,-1.792771816,-1.0403862,-2.840586185,-0.6871204376,-0.333894819,1.289818883,-2.427836418
ikflow,74,1.103652954,1.236507654,1.15447998,-0.6691251397,-1.06608808,1.131940842,-2.25763917
ikflow,74,1.154697895,1.64033556,2.266263962,-0.6887816787,-2.215971708,0.794277668,-2.276899338
ikflow,74,1.367460132,1.006909609,0.2364860922,-0.7345790267,-0.2728036046,1.321164966,-2.43727088
ikflow,74,-2.001888275,-1.181852341,-2.165037394,-0.667069912,-0.9056584835,1.175677896,-2.284828901
ikflow,74,1.491231441,1.015475154,-0.05391844735,-0.7081178427,-0.06352962554,1.326209545,-2.511134863
ikflow,74,-1.904958129,-1.087748408,-2.522973299,-0.6837078929,-0.6054567099,1.251418591,-2.360417843
ikflow,74,-2.007271528,-1.192016006,-2.127149582,-0.6645297408,-0.9375243187,1.169634104,-2.279260874
ikflow,74,1.657889247,1.047921538,-0.4655031264,-0.7160092592,0.2635255456,1.317420959,-2.612963676
ikflow,74,1.200121522,1.703767061,2.456046104,-0.7111784816,-2.420521498,0.7547414899,-2.300524235
ikflow,74,-1.945489526,-1.115601063,-2.391683578,-0.6827912331,-0.7051936984,1.224221826,-2.322841406
ikflow,74,1.174485803,1.127870083,0.8039896488,-0.6875623465,-0.7408673763,1.223856688,-2.316383362
ikflow,75,2.861058474,0.5749371648,-0.6878733635,-2.740560532,-1.436567187,2.322277069,-1.909675479
ikflow,75,2.692023039,0.5155820251,-0.5569408536,-2.734741211,-1.472958684,2.253843307,-1.876413703
ikflow,75,-2.697340012,1.259653568,-0.8528056741,-2.892950296,0.1576599181,3.099195242,2.897300005
ikflow,75,0.2691330016,-1.014129281,2.132063389,-2.778847933,-1.068744779,2.715290785,-2.041446924
ikflow,75,2.536803722,0.47485587,-0.4262054563,-2.731175184,-1.506286263,2.179764986,-1.885958791
ikflow,75,2.470793009,0.4575459957,-0.3556289673,-2.734658957,-1.538489699,2.123820543,-1.931564808
ikflow,75,2.456772327,0.464405328,-0.3423463106,-2.730333805,-1.533070922,2.128718853,-1.856595159
ikflow,75,0.1800897419,-1.33478415,2.477502346,-2.403481007,2.538554907,3.476727962,0.8731457591
ikflow,75,2.669235945,0.5146186352,-0.5270625353,-2.7376194,-1.524932981,2.214532375,-1.810224771
ikflow,75,0.3048815429,-1.065143228,2.1175313,-2.800685406,-0.9743949175,2.79882431,-2.194991827
ikflow,75,0.4850971699,-1.292781115,2.139184713,-2.84299469,-0.6525779366,2.952323437,-2.343706846
ikflow,75,2.634452343,0.5072989464,-0.4922721684,-2.731198311,-1.500365496,2.197849751,-1.86232996
ikflow,75,2.686729908,0.5203806162,-0.5524061918,-2.728972197,-1.476620793,2.2469244,-1.885121942
ikflow,75,2.598117113,0.4993291795,-0.4682694972,-2.729556322,-1.488383293,2.194452524,-1.871287823
ikflow,75,2.542405367,0.4806601107,-0.4291194081,-2.727489948,-1.50128603,2.17498517,-1.892092705
ikflow,75,2.663005352,0.5000237226,-0.5401095748,-2.735122919,-1.472578049,2.235896587,-1.905613303
ikflow,75,0.3806768358,-1.14075458,2.120621204,-2.821559668,-0.8229956627,2.837651014,-2.28810668
ikflow,75,2.290555716,0.4491323233,-0.1969717294,-2.72937417,-1.587719679,2.044270039,-1.871375561
ikflow,75,2.62301445,0.5032011271,-0.4955053926,-2.730403423,-1.499935865,2.197614431,-1.880406022
ikflow,75,2.825502396,0.5573657751,-0.6644864082,-2.73482132,-1.439232349,2.317318201,-1.902377248
ikflow,75,2.702344894,0.5281157494,-0.5586217642,-2.731152534,-1.47951436,2.250936031,-1.899711728
ikflow,75,0.3478278816,-1.151354194,2.097692728,-2.793132782,-1.01919806,2.890691042,-2.178226948
ikflow,75,0.1422801614,-0.8604505062,2.179264784,-2.769308567,-1.194870353,2.595271349,-2.009535789
ikflow,75,1.399825931,0.5413013101,0.5923619866,-2.739328384,-1.747123003,1.663210154,-1.993379116
ikflow,75,0.2485490888,-1.401846886,2.425987244,-2.387603998,2.71807909,3.436425686,0.7994813919
ikflow,75,0.02320953459,-1.21053195,2.592077017,-2.438700676,2.267968416,3.578780413,1.063968539
ikflow,75,2.218683243,0.4384332299,-0.1382848173,-2.728141308,-1.584491849,2.030287266,-1.925169468
ikflow,75,0.4072090983,-1.17374599,2.114323378,-2.821568489,-0.8438315392,2.853385448,-2.310721159
ikflow,75,2.59912014,0.4996193945,-0.4808480442,-2.726656914,-1.49394989,2.211462021,-1.865874648
ikflow,75,2.710549355,0.5328500271,-0.5678196549,-2.727810621,-1.491662502,2.248804569,-1.880843282
ikflow,75,2.746435881,0.5280689597,-0.5899755955,-2.741852045,-1.484570026,2.264924765,-1.920475006
ikflow,75,0.5123098493,-1.328627706,2.37273097,-2.869809151,0.4849075675,3.037981272,2.863051414
ikflow,75,2.005577087,0.4376152456,0.06015236676,-2.727295399,-1.628509283,1.942649603,-1.907305002
ikflow,75,0.1788670719,-1.349809289,2.442352295,-2.378861904,2.682775497,3.46424222,0.7283682227
ikflow,75,1.260244966,0.6080736518,0.7144786716,-2.738684654,-1.790043592,1.568753958,-1.97118485
ikflow,75,0.4319424927,-1.226441741,2.132370472,-2.828470707,-0.7200818062,2.880490303,-2.257648468
ikflow,75,2.317964554,0.4477216303,-0.230649963,-2.730166912,-1.569814324,2.068577528,-1.886924863
ikflow,75,1.265547037,0.6020764709,0.7100821137,-2.740021706,-1.803587079,1.572989583,-2.025132656
ikflow,75,1.583978653,0.4910847843,0.4339052737,-2.731055737,-1.700595975,1.779611111,-1.934247613
ikflow,75,2.463770151,0.4625841379,-0.3562363088,-2.728781462,-1.54374969,2.12354207,-1.894557834
ikflow,75,0.1805939227,-1.354067087,2.377289772,-2.345529795,2.897300005,3.515734196,0.2724486291
ikflow,75,2.268354893,0.4377681017,-0.1807611138,-2.727240086,-1.571941376,2.068032026,-1.988976955
ikflow,75,0.3577743769,-1.14616704,2.114245415,-2.796981573,-0.9243425727,2.831750154,-2.171310425
ikflow,75,2.319507122,0.4360274673,-0.2319521308,-2.72922039,-1.553837061,2.083555698,-1.896351814
ikflow,75,2.500577927,0.4819933474,-0.3834311962,-2.722450256,-1.523534536,2.132977247,-1.857366085
ikflow,75,2.578591824,0.4983760715,-0.4595779181,-2.722452164,-1.491606236,2.197590113,-1.881530762
ikflow,75,1.372350216,0.5694287419,0.6279135346,-2.735930443,-1.784072638,1.60640204,-1.973326683
ikflow,75,2.243040085,0.4417856336,-0.1687083989,-2.7301085,-1.585868001,2.050527334,-1.888815522
ikflow,75,1.564908147,0.5018863678,0.4585230052,-2.72877717,-1.720464587,1.727538943,-1.922063947
ikflow,75,1.803074479,0.4477349818,0.2468481958,-2.730656862,-1.674078226,1.851966977,-1.912441015
ikflow,76,-1.042832375,0.2362267673,0.7792713642,-2.285765171,-1.662826419,1.144575477,-1.786499262
ikflow,76,-0.963868022,0.2217139006,0.6959132552,-2.284313202,-1.648373604,1.162668228,-1.789053202
ikflow,76,-1.394211054,0.4012284577,1.172010779,-2.289194345,-1.775133014,0.9716485739,-1.802499413
ikflow,76,0.2682352364,0.2062287629,-0.5885430574,-2.284143448,-1.510790825,1.376171231,-1.77162075
ikflow,76,-2.096770525,-1.451572537,1.558405995,-2.386476278,-0.504563272,2.367656946,-2.29128933
ikflow,76,0.6286234856,0.2908378839,-0.9737386107,-2.290570974,-1.452298641,1.485858202,-1.786710382
ikflow,76,-1.269787908,0.3157947958,1.027195215,-2.288981438,-1.723670125,1.056435108,-1.791052699
ikflow,76,2.064745903,-0.2467200309,-2.325818777,-2.283946514,-1.663087726,1.131929398,-1.784067392
ikflow,76,1.831968546,-0.3410652876,-2.067185879,-2.287651539,-1.740053177,1.025978923,-1.793359518
ikflow,76,-2.224184275,-0.5559039712,1.817550659,-2.299037933,-1.278630972,1.738037586,-1.833140969
ikflow,76,-1.476144552,0.4959048629,1.274273992,-2.296756506,-1.850548148,0.8849924207,-1.827938557
ikflow,76,-1.640061021,1.101552248,1.515441656,-2.374684811,-2.533979893,0.4304256141,-2.211856127
ikflow,76,-0.4594819248,0.1764055938,0.1682362705,-2.283211946,-1.585294843,1.257084846,-1.779234767
ikflow,76,1.03879869,1.211930752,-1.558208227,-2.358137131,-0.7751450539,2.238625288,-2.106422663
ikflow,76,0.926191628,0.5724868178,-1.334449172,-2.299440384,-1.26528728,1.750896454,-1.842719674
ikflow,76,2.036098719,-0.2526554763,-2.29528594,-2.286201715,-1.678928733,1.124586821,-1.794274807
ikflow,76,-1.106967568,0.2545589209,0.8475425839,-2.286336184,-1.677354455,1.122696757,-1.786043406
ikflow,76,0.9298112392,0.5814791918,-1.340592861,-2.298367023,-1.255911112,1.759329438,-1.843652964
ikflow,76,-2.099782705,-1.361859679,1.56468749,-2.374435186,-0.6236147881,2.325535774,-2.208983898
ikflow,76,-2.165767431,-0.7092931271,1.726283789,-2.308892488,-1.176294088,1.875047088,-1.876505256
ikflow,76,1.960471153,-0.2777462006,-2.211724281,-2.287987947,-1.694231629,1.093334675,-1.784972191
ikflow,76,-1.254633069,0.3090598285,1.010650635,-2.287129641,-1.714665532,1.057335377,-1.791536331
ikflow,76,0.8720507622,0.4814917445,-1.261642098,-2.295439005,-1.32443738,1.669875383,-1.820698142
ikflow,76,-0.3422977328,0.1725414693,0.0463556163,-2.284925699,-1.574975491,1.279655337,-1.782475352
ikflow,76,-2.431156397,-0.3322916031,2.073288441,-2.287945032,-1.410219073,1.538878322,-1.799145222
ikflow,76,-1.12325716,0.2579167783,0.8664188385,-2.286586523,-1.683264256,1.117551327,-1.789636374
ikflow,76,-0.7251034379,0.1889730096,0.4453359842,-2.286275148,-1.619542599,1.216280818,-1.787256837
ikflow,76,0.7772804499,0.3782309294,-1.144163489,-2.290841818,-1.383065104,1.572139382,-1.80599165
ikflow,76,1.601978302,-0.6157975197,-1.781117201,-2.307149172,-1.957171798,0.7806657553,-1.870969296
ikflow,76,-1.131355524,0.2598704994,0.8757636547,-2.28638196,-1.678067327,1.112552285,-1.786905289
ikflow,76,0.5369292498,0.2602642775,-0.8728960156,-2.288165331,-1.467107177,1.447234392,-1.786980271
ikflow,76,-1.150464892,0.2651968598,0.8954924941,-2.287068844,-1.685690761,1.106223702,-1.782387257
ikflow,76,-1.630169034,1.008144021,1.501167178,-2.36110568,-2.396230936,0.4816060066,-2.121550322
ikflow,76,0.3859562874,0.225171268,-0.7119585276,-2.286127806,-1.498378038,1.407259464,-1.776253939
ikflow,76,-0.7054795623,0.1880117357,0.4252556264,-2.286816359,-1.615577579,1.21572721,-1.780331731
ikflow,76,1.591410637,-0.6401883364,-1.766647458,-2.309318066,-1.972832441,0.7652698755,-1.878133178
ikflow,76,0.995110929,0.8048948646,-1.450686574,-2.315294743,-1.115362644,1.939571142,-1.910585284
ikflow,76,-1.178732991,0.2771838009,0.9258517623,-2.28975606,-1.699805379,1.09521699,-1.790947318
ikflow,76,1.901126266,-0.3084471822,-2.143880367,-2.284793139,-1.712338567,1.050262332,-1.791827083
ikflow,76,-1.326926589,0.3540578783,1.094551444,-2.288075686,-1.75152719,1.014434338,-1.800517321
ikflow,76,-1.237296343,0.3020329177,0.9927694798,-2.288606882,-1.712877393,1.063254118,-1.792217374
ikflow,76,-0.688967824,0.1861568838,0.4057604969,-2.28376174,-1.611525178,1.222350597,-1.779787064
ikflow,76,-1.627613187,0.9816478491,1.49679029,-2.359372139,-2.356834173,0.5015980005,-2.092135668
ikflow,76,-1.619773507,0.928363204,1.487234354,-2.348233461,-2.278373957,0.5429165363,-2.039447784
ikflow,76,-2.565536022,-0.2742835581,2.222177982,-2.28456378,-1.450139999,1.472676277,-1.785662889
ikflow,76,0.7873709798,0.3856110275,-1.154338956,-2.292602301,-1.384369493,1.581141591,-1.80866313
ikflow,76,-1.515717745,0.5693466663,1.327866197,-2.303296089,-1.921373606,0.8182558417,-1.859036684
ikflow,76,0.8977249861,0.5225005746,-1.296823621,-2.296587706,-1.295778394,1.702648759,-1.828758597
ikflow,76,2.011720181,-0.2618270218,-2.266484499,-2.284140587,-1.678456783,1.111344218,-1.787160158
ikflow,76,0.3691439033,0.2221650928,-0.6933865547,-2.288109064,-1.501984715,1.39832139,-1.782639146
ikflow,77,1.443211317,-0.5327729583,0.3118013144,-1.910553098,2.732089996,0.4661501348,-2.272885561
ikflow,77,0.09496070445,0.7859487534,2.513497829,-1.81150043,1.514109492,1.227751732,-2.754186153
ikflow,77,0.8735963702,-0.7131088972,0.6724740267,-1.906161666,-2.742647409,0.4591194391,-1.75092876
ikflow,77,0.4829221666,1.013198495,2.508254051,-1.828488111,1.220139623,1.536478519,-2.698122263
ikflow,77,0.643111825,-0.8410561085,0.748231709,-1.873046994,-2.392518759,0.5526528955,-1.532596588
ikflow,77,-0.495428741,-1.574610472,0.320494771,-1.83414948,-1.161613822,1.603852034,-1.336536646
ikflow,77,0.5984250307,-0.8760301471,0.7548319101,-1.870629191,-2.324103832,0.5875082016,-1.492743611
ikflow,77,-1.046293259,-1.667492509,-0.02642407827,-1.889312863,-0.6335890293,1.993232489,-1.593188286
ikflow,77,2.726483107,-0.5820524096,-0.4705696404,-1.823664069,1.859112024,0.890193522,-2.717845917
ikflow,77,0.8787615895,-0.7092432976,0.6652542353,-1.909173369,-2.767487526,0.451743573,-1.764099717
ikflow,77,2.002327919,-0.4865185916,-0.05993902311,-1.861938715,2.270423412,0.6134568453,-2.547220469
ikflow,77,0.7061169147,-0.8005142808,0.7357487679,-1.879092932,-2.48297739,0.5157496333,-1.587716341
ikflow,77,0.596100688,-0.8740292788,0.7562981844,-1.864660621,-2.316593409,0.5856976509,-1.495558977
ikflow,77,2.74529767,-0.5847246647,-0.4781465232,-1.822048068,1.850089669,0.8981457353,-2.724269867
ikflow,77,2.877419233,-0.6328380704,-0.5326390266,-1.819411397,1.755989313,0.9834891558,-2.734714031
ikflow,77,0.5070718527,-0.9370686412,0.7616039515,-1.852187634,-2.191352844,0.6549196839,-1.425268888
ikflow,77,0.5776071548,-0.8855522871,0.7604305148,-1.860999823,-2.290191174,0.5999826193,-1.476054072
ikflow,77,2.762702703,-0.5905511975,-0.486964345,-1.821288228,1.839517236,0.9095087051,-2.716094255
ikflow,77,-1.018755317,-1.669979453,-0.009754377417,-1.888970613,-0.6665762663,1.982027054,-1.574587822
ikflow,77,0.8977352381,-0.7014778852,0.6548507214,-1.910942554,-2.800650835,0.4523611665,-1.779962659
ikflow,77,1.384934783,-0.5426996946,0.3515865207,-1.914060712,2.792101383,0.4501874149,-2.232314348
ikflow,77,-1.302096605,-1.646067858,-0.1646396071,-1.911535621,-0.3609488904,2.098686695,-1.767256737
ikflow,77,0.8519029021,-0.7224381566,0.6791932583,-1.903268814,-2.722234011,0.4620037973,-1.731649041
ikflow,77,1.445408821,-0.5308588743,0.3147200942,-1.908775091,2.737460613,0.4615335464,-2.275575876
ikflow,77,-0.2846416831,-1.488123655,0.4521746039,-1.822778344,-1.346293807,1.415056229,-1.288089991
ikflow,77,-1.56963861,-1.588993311,-0.2873483598,-1.925587177,-0.02867856994,2.145360708,-1.993666649
ikflow,77,1.635840774,-0.5057644844,0.1780116856,-1.891520381,2.535489321,0.5142498612,-2.396559715
ikflow,77,-0.2689393163,-1.481804609,0.461280942,-1.820745349,-1.35084033,1.407070398,-1.285956502
ikflow,77,-0.2468443364,0.6364971995,2.602163792,-1.819231391,1.756537795,0.991926074,-2.742793083
ikflow,77,0.1886981279,0.8334575295,2.499560356,-1.813720822,1.453207135,1.289238811,-2.746998549
ikflow,77,0.5335027575,-0.916444838,0.762450099,-1.853295445,-2.221148014,0.6264308691,-1.445498109
ikflow,77,-2.573878288,0.896689117,-2.385036707,-1.865276694,-2.279228687,0.6131089926,-1.466400385
ikflow,77,1.460654378,1.553796649,2.804866076,-1.926383018,0.1369694471,2.144009829,-2.102894068
ikflow,77,0.4787559509,-0.9549668431,0.7630059719,-1.846139908,-2.15611434,0.6713908315,-1.413363099
ikflow,77,-2.581428289,0.9007276297,-2.384703398,-1.863781929,-2.278486252,0.6105909348,-1.46056819
ikflow,77,1.870663643,-0.4906025529,0.02959574014,-1.87901473,2.377057314,0.5692018867,-2.502536058
ikflow,77,1.210021973,1.445958972,2.709378481,-1.90537715,0.4510831833,2.065212965,-2.314016342
ikflow,77,1.567831993,-0.5140110254,0.2320902199,-1.90184927,2.62361598,0.488930583,-2.348505497
ikflow,77,-0.3145503104,0.6138864756,2.628046751,-1.817960501,1.782359838,0.9590305686,-2.733115911
ikflow,77,-0.03351904824,-1.340747476,0.5977745056,-1.809307694,-1.559928179,1.174879074,-1.271090388
ikflow,77,1.850990653,-0.4875741899,0.03910814971,-1.874889135,2.383047581,0.5591608882,-2.495466471
ikflow,77,0.8038140535,-0.7480000257,0.6952672005,-1.903248668,-2.668254137,0.4730953276,-1.698762178
ikflow,77,0.7858983278,-0.7563675046,0.7080825567,-1.895585418,-2.618444443,0.4857837558,-1.66111052
ikflow,77,-0.4115936756,-1.543722391,0.3730024993,-1.826006055,-1.230219126,1.531542897,-1.317047119
ikflow,77,1.548201084,-0.5147038698,0.2394887805,-1.897603273,2.622174025,0.4887124896,-2.350914001
ikflow,77,-0.2790478766,-1.484923005,0.4570350647,-1.821346521,-1.349112511,1.413805842,-1.285990953
ikflow,77,1.381275535,1.521820903,2.773780584,-1.920186043,0.2302445322,2.126012802,-2.166332483
ikflow,77,-1.510511279,-1.601429462,-0.2627899051,-1.919856668,-0.1035330594,2.132535934,-1.94817853
ikflow,77,-0.08001818508,0.6997477412,2.549763441,-1.813404441,1.645887017,1.095126271,-2.753918648
ikflow,77,0.7864390612,-0.75707829,0.7063448429,-1.896893263,-2.62052989,0.4893714786,-1.66273129
ikflow,78,-0.923020184,-0.07950212061,-1.398984313,-1.368786812,-1.130531073,1.783663273,-0.8120761514
ikflow,78,-1.114491224,0.6311647296,-1.908917069,-1.441721916,-0.105020538,2.151143074,-1.252268314
ikflow,78,-1.86043489,-0.01426798943,-0.5365269184,-1.376501322,-1.042544842,1.840662599,-0.8297513723
ikflow,78,2.299537659,-0.1805648953,1.396881223,-1.394665241,-0.7960745096,1.965244174,-0.9211750627
ikflow,78,2.089131832,-0.5282524824,1.270462871,-1.439355493,-0.2771419883,2.139576435,-1.163804531
ikflow,78,-0.7554862499,-0.2272500992,-1.406231761,-1.359551311,-1.311570764,1.664411068,-0.779969573
ikflow,78,2.674213886,-0.04071719199,1.163676858,-1.384555459,-0.9812030196,1.877910495,-0.8526440263
ikflow,78,-1.119333148,-0.03188266605,-1.252513885,-1.369938135,-1.074369669,1.815738201,-0.8268316388
ikflow,78,-0.1135359779,-1.126963735,-0.8576140404,-1.421945572,-2.642144918,0.9214889407,-1.035046101
ikflow,78,2.286415815,-0.197921589,1.392318368,-1.397466302,-0.7742974758,1.979175687,-0.9282779694
ikflow,78,-1.143244147,-0.03652799875,-1.22548449,-1.372151613,-1.072380304,1.819429755,-0.8228858113
ikflow,78,-1.104723692,0.6192280054,-1.905906558,-1.442411065,-0.1349409074,2.150484324,-1.235112786
ikflow,78,-0.8947232366,0.2581961453,-1.769330502,-1.407243967,-0.6894723773,2.016038656,-0.9644030333
ikflow,78,-1.201214552,0.7765196562,-1.972434759,-1.440909266,0.1282467544,2.149953127,-1.377208948
ikflow,78,1.649514079,0.01848300546,2.246712923,-1.374129176,-1.056761384,1.821814895,-0.8363081813
ikflow,78,-0.8649414778,-0.120081149,-1.413081765,-1.366972446,-1.178796887,1.750687003,-0.802218914
ikflow,78,2.191748619,-0.3462636769,1.342060685,-1.417539954,-0.5605672598,2.060301065,-1.015641093
ikflow,78,-0.7230975628,0.08982807398,-1.771702528,-1.386592865,-0.9188646078,1.909160972,-0.8774853945
ikflow,78,-0.9875738621,0.419688344,-1.832841039,-1.432231903,-0.4395296574,2.108748198,-1.077537775
ikflow,78,1.892572045,-0.8510151505,1.135147333,-1.435533404,0.2469790578,2.136639595,-1.434639335
ikflow,78,2.4355371,0.3054883182,1.772655606,-1.360743761,-1.421520233,1.604285121,-0.7639904022
ikflow,78,-0.9047697783,0.2891561985,-1.788642764,-1.415548086,-0.6353335381,2.039209604,-0.9877252579
ikflow,78,2.400735855,-0.1017602086,1.375486135,-1.389306307,-0.9051184654,1.918671727,-0.8809303641
ikflow,78,2.23063159,-0.288387835,1.359691501,-1.410518169,-0.6462578177,2.033755064,-0.9816888571
ikflow,78,-1.115915895,-0.03676174209,-1.251882792,-1.370162129,-1.071821451,1.816297412,-0.8273088336
ikflow,78,-0.7265836596,-0.2408454269,-1.417243838,-1.354726434,-1.335249066,1.647724986,-0.7698797584
ikflow,78,-0.8516087532,-0.1397987604,-1.406442761,-1.369016171,-1.207299471,1.738421679,-0.7965725064
ikflow,78,-0.5927067995,-0.4540089369,-1.304232359,-1.352405667,-1.609215379,1.46248889,-0.7572908998
ikflow,78,-1.096662402,0.5921705961,-1.890396595,-1.435284376,-0.1707575172,2.136899948,-1.213156581
ikflow,78,-1.19694066,-0.02985545807,-1.178460479,-1.372117519,-1.060678482,1.825133204,-0.8350685835
ikflow,78,-1.695379496,-0.01688677631,-0.7006808519,-1.377337813,-1.04514277,1.844284177,-0.8422973752
ikflow,78,2.617635727,0.567892909,1.904906273,-1.354455948,-1.753380895,1.367537737,-0.7687429786
ikflow,78,-0.8697381616,0.2366991043,-1.771184206,-1.408197165,-0.7205355763,2.005412817,-0.9507521391
ikflow,78,2.307883739,-0.188124761,1.37887609,-1.402849078,-0.7838039994,1.986201286,-0.926695168
ikflow,78,-2.10798955,-0.01383928116,-0.2897829711,-1.378433704,-1.052675247,1.836979628,-0.8352722526
ikflow,78,-0.9907645583,0.4108554125,-1.821594954,-1.424610853,-0.4522384405,2.096285343,-1.070170879
ikflow,78,-1.345621943,0.9873288274,-2.086816072,-1.417612076,0.5038154125,2.076751947,-1.569849372
ikflow,78,-0.900380373,-0.08104321361,-1.417220354,-1.366430879,-1.133155227,1.775956869,-0.8149864078
ikflow,78,2.758943081,0.7832363248,2.043235302,-1.377000928,-2.061336756,1.164441109,-0.8169282675
ikflow,78,2.395329714,-0.1123358905,1.368328452,-1.393916368,-0.8918485641,1.932112932,-0.8811687827
ikflow,78,-0.5638215542,-0.5005239248,-1.278509736,-1.353923321,-1.667391539,1.421154141,-0.7621299624
ikflow,78,2.329128265,-0.1536138803,1.392590165,-1.392912149,-0.8321757317,1.955917716,-0.9064651132
ikflow,78,-1.304249287,0.9272204041,-2.049495459,-1.424040914,0.4002196193,2.100801706,-1.509122252
ikflow,78,-0.9004226327,-0.1023881063,-1.395962358,-1.369895697,-1.162513375,1.763411999,-0.810383141
ikflow,78,-1.118459463,0.6451132298,-1.916345835,-1.444989562,-0.09531454742,2.149549723,-1.256365776
ikflow,78,-2.56798625,-0.01293188985,0.1603762507,-1.37681818,-1.033444524,1.847035527,-0.8423548341
ikflow,78,-0.9008058906,-0.09280081093,-1.403808951,-1.368473172,-1.15800488,1.764412045,-0.8046624064
ikflow,78,2.704169273,-0.0389842838,1.135976911,-1.386438131,-0.9827561975,1.881684661,-0.8567624688
ikflow,78,-2.283455849,-0.01220582798,-0.1199779436,-1.375535607,-1.038497329,1.840722799,-0.8366308212
ikflow,78,1.669071317,0.02379976772,2.230609179,-1.379418969,-1.06285882,1.831693292,-0.8372539878
ikflow,79,-1.745306611,-0.3203603029,-0.5129970312,-0.9213246107,1.624374509,1.962366343,-1.103085518
ikflow,79,-2.45876503,-0.2473780364,-0.201269865,-0.9362308979,2.007608652,1.789655328,-1.070059657
ikflow,79,1.885440946,0.4390104413,2.55975008,-0.9338661432,1.203960896,2.141246319,-1.087880373
ikflow,79,0.891428411,-0.809117794,0.3163571656,-0.9305334091,-1.99062705,1.797414422,-0.3383912146
ikflow,79,-0.02131360956,-0.8228353262,-0.2910961807,-0.9736745358,-0.6070683002,2.332631826,-0.4798333049
ikflow,79,-0.4910875857,-0.698127985,-0.4579671323,-0.9976462722,0.1834113002,2.397600174,-0.7824769616
ikflow,79,-2.547053576,-0.2445464432,-0.1507036835,-0.9388918281,2.04475522,1.778865099,-1.064240694
ikflow,79,-0.5965736508,-0.6619939208,-0.4855497777,-0.9907392263,0.3519023359,2.380312204,-0.8489854336
ikflow,79,1.349894166,-0.677939713,0.5478457212,-0.9777975678,-2.573680401,1.578117013,-0.4851936698
ikflow,79,0.08318019658,-0.8392736316,-0.2358783782,-0.9598355293,-0.7862800956,2.288580656,-0.4224859178
ikflow,79,2.591934681,0.6789322495,2.669101954,-0.9963645339,0.2947454453,2.395622969,-0.8221455812
ikflow,79,-2.532126188,-0.2453800738,-0.1577530801,-0.9387022257,2.042333364,1.785963774,-1.061404228
ikflow,79,-1.733971357,-0.3205332756,-0.5180669427,-0.9191815853,1.617686629,1.963497996,-1.099774003
ikflow,79,-1.838268161,-0.3061360419,-0.4846765101,-0.922770679,1.679585695,1.930903196,-1.100587606
ikflow,79,-2.296657801,-0.2536410689,-0.2854891419,-0.9274607301,1.933207631,1.826393843,-1.080506086
ikflow,79,2.183092833,0.533814311,2.581209898,-0.9529024959,0.8728629351,2.257866621,-1.016691685
ikflow,79,1.333285213,-0.6808682084,0.5433636308,-0.9710606933,-2.550589085,1.587416053,-0.4772186577
ikflow,79,-1.702749133,-0.3276373446,-0.526712954,-0.9193665385,1.594314218,1.974153519,-1.10682106
ikflow,79,-2.500097275,-0.2453678697,-0.1763808876,-0.9362819791,2.028092384,1.78644681,-1.065781355
ikflow,79,2.552985191,-0.313685894,0.4699261487,-0.9804791212,2.607822418,1.577513695,-0.9238697886
ikflow,79,-0.09193556756,-0.8074147701,-0.324688524,-0.979873836,-0.4996824861,2.356050014,-0.5165764689
ikflow,79,-2.496507645,-0.2487645298,-0.179296419,-0.94242239,2.026807785,1.787044644,-1.066454768
ikflow,79,-2.130923271,-0.2733468711,-0.3612077236,-0.9328064322,1.841230273,1.865967274,-1.090157151
ikflow,79,-2.214325666,-0.2623879015,-0.3257564604,-0.928835392,1.89125824,1.841085553,-1.083027124
ikflow,79,2.216592073,-0.3892376721,0.5773847699,-0.9998906255,2.836873055,1.530298352,-0.8364425898
ikflow,79,-2.369829416,-0.2526135445,-0.247261256,-0.9361593127,1.965189934,1.807729244,-1.075308681
ikflow,79,-0.3671706617,-0.7416451573,-0.4217392802,-1.006228209,-0.03603192419,2.408109903,-0.6921209693
ikflow,79,1.781201243,0.4073044062,2.558609486,-0.9280269742,1.336637497,2.091135502,-1.101066232
ikflow,79,2.823225498,-0.2750991285,0.3492553532,-0.9668827653,2.458026409,1.620023966,-0.9709632993
ikflow,79,0.7634745836,-0.8361744881,0.2280120701,-0.9277285933,-1.819137096,1.883472919,-0.3169029951
ikflow,79,-2.2782619,-0.262114495,-0.2915986478,-0.9371948838,1.918086052,1.833699584,-1.087946892
ikflow,79,-2.411530495,-0.2465267777,-0.2257430851,-0.9293208718,1.983544707,1.80000329,-1.069454551
ikflow,79,2.559244633,-0.3183472157,0.4655085504,-0.9890586138,2.619850874,1.577323079,-0.9240688682
ikflow,79,-1.802880168,-0.3088418841,-0.4975968003,-0.9185725451,1.665179968,1.938830614,-1.100807309
ikflow,79,2.853188992,0.7633401155,2.745064974,-1.003454089,-0.162031889,2.401821852,-0.6351566911
ikflow,79,1.380094409,-0.6656299233,0.5575785041,-0.9766235352,-2.607598782,1.574642777,-0.4951477945
ikflow,79,-2.532265902,-0.2419401556,-0.159699738,-0.9335519075,2.040901661,1.782560349,-1.065762877
ikflow,79,-1.80184269,-0.3084706664,-0.4989897013,-0.9162564874,1.656933784,1.941645622,-1.097570777
ikflow,79,-1.703702569,-0.3291766047,-0.5239408612,-0.9210597873,1.591346025,1.976887345,-1.10391593
ikflow,79,-1.895069838,-0.2985781729,-0.4626345038,-0.9238186479,1.713658571,1.917271376,-1.096629739
ikflow,79,2.897300005,-0.2665989995,0.3109684587,-0.9609686732,2.407868385,1.637117863,-0.9812537432
ikflow,79,2.571354866,-0.3152715862,0.4561796784,-0.9851075411,2.591334343,1.581363797,-0.9266908765
ikflow,79,-0.3891715705,-0.730607748,-0.4299713373,-0.9989311099,0.002402380807,2.403934956,-0.7143676877
ikflow,79,-2.104115486,-0.2736653984,-0.3747226894,-0.9267531037,1.828777075,1.875872254,-1.090791345
ikflow,79,-0.1671822667,-0.7953032851,-0.3524191976,-0.9956793785,-0.3769856393,2.379568338,-0.5572937727
ikflow,79,0.08415320516,-0.8420308828,-0.235204339,-0.9624929428,-0.7921637297,2.287852526,-0.4157274663
ikflow,79,-1.05253756,-0.49662292,-0.5772612095,-0.939060986,0.9960380793,2.21541357,-1.041213274
ikflow,79,1.544018626,0.3533374965,2.592570782,-0.9299758077,1.536738515,2.004477501,-1.113732338
ikflow,79,0.9608675838,-0.7923624516,0.3590656221,-0.9346088767,-2.08849287,1.758910775,-0.3546542227
ikflow,79,2.263334751,0.5667902231,2.600389957,-0.968157053,0.7556515932,2.2965312,-0.9871621728
ikflow,80,2.353482485,-1.002062678,-0.1911867708,-0.5697813034,2.439052582,2.291108131,-0.4370675981
ikflow,80,-1.227448702,0.5189002156,1.348834872,-0.5369783044,-2.208878756,2.342230082,0.04990678281
ikflow,80,2.63474679,-0.5518597364,2.213661432,-0.3102197051,-0.410924226,2.607244015,-0.130220443
ikflow,80,-0.5066696405,0.8297305703,-2.431491137,-0.3446828723,1.338508129,2.515429258,-0.412435919
ikflow,80,1.940392375,-0.5054940581,-1.870836854,-0.5206233859,-2.164009809,2.359535694,0.05413698032
ikflow,80,-0.6207418442,0.3700160086,-0.2617866397,-0.5078784227,-1.157733321,2.587347746,0.07703490555
ikflow,80,-0.2638474405,0.4477897584,-1.085696697,-0.578763485,-0.5519502163,2.704938412,-0.03227682784
ikflow,80,2.122632027,-0.4445063472,-2.390608549,-0.4472389817,-1.799620867,2.44747901,0.05071741715
ikflow,80,-0.7281278372,0.4105095863,-0.02624636516,-0.4300148785,-1.262760997,2.549866199,0.03961814567
ikflow,80,1.94238019,-0.4868719578,-1.932235956,-0.5259833932,-2.108664751,2.373873949,0.06582918763
ikflow,80,2.461317539,-0.9883841872,0.02677080221,-0.527325511,2.19981575,2.348340273,-0.4767089784
ikflow,80,-1.209395766,0.4957885444,1.253071785,-0.5302505493,-2.128877163,2.363839865,0.05898017436
ikflow,80,2.68240428,-0.79505229,0.9345467091,-0.3521310985,1.051072955,2.561980009,-0.3925211728
ikflow,80,2.102661133,-0.4445880353,-2.349086761,-0.4566392004,-1.80937469,2.446307659,0.05237892643
ikflow,80,-0.1639541388,0.5496928692,-1.4570297,-0.619197607,-0.144936353,2.752569437,-0.1632107943
ikflow,80,2.207167149,-0.9795361757,-0.4530600309,-0.6115173697,2.747108698,2.222316027,-0.3616380394
ikflow,80,2.787309885,-0.4008864462,2.301302195,-0.5650674105,-0.7874239087,2.675023317,0.03226991743
ikflow,80,-0.9617167115,0.482367605,0.7237692475,-0.3752865791,-1.787662387,2.452623367,0.007272175979
ikflow,80,2.22538805,-0.9883292317,-0.4188187718,-0.6137127876,2.705757141,2.223966122,-0.3775064051
ikflow,80,2.013827324,-0.4477480948,-2.167708158,-0.503488481,-1.930962801,2.418896437,0.06811969727
ikflow,80,2.223577976,-0.9854328632,-0.4258851707,-0.611181438,2.714240074,2.22682929,-0.3740231395
ikflow,80,2.137812376,-0.4128991663,-2.501084328,-0.4788462818,-1.711528301,2.467275143,0.06876894087
ikflow,80,2.755088568,-0.8831986189,0.7730520368,-0.5083298683,1.281791925,2.561823606,-0.5061199069
ikflow,80,-0.9100468159,0.4509533644,0.5054702163,-0.3924123943,-1.637108564,2.481070042,0.02824069932
ikflow,80,-0.8106648922,0.4329739213,0.203877762,-0.3971977532,-1.418502569,2.515113354,0.02661833353
ikflow,80,-0.9949460626,0.634611249,1.507078767,-0.2971174121,-2.474243164,2.373431921,-0.102174297
ikflow,80,2.84357667,-0.7841558456,1.119204521,-0.5157559514,0.8063109517,2.657903671,-0.440597564
ikflow,80,-0.5362362266,0.8387569785,-2.532825947,-0.3324772418,1.476549387,2.494642496,-0.4149121344
ikflow,80,-0.7739009857,0.416914165,0.09795836359,-0.418923527,-1.349105835,2.530206919,0.0372694917
ikflow,80,-1.001334548,0.4258727729,0.6610620022,-0.4609339237,-1.719182849,2.468527317,0.06421460956
ikflow,80,1.89627099,-0.5105518699,-1.795692801,-0.5532025099,-2.205876827,2.342608452,0.05637317523
ikflow,80,2.527318001,-0.8720881939,0.2939540744,-0.3401215672,1.847803712,2.438921928,-0.4103556871
ikflow,80,2.813797235,-0.8222423792,0.9962015152,-0.5088256001,0.9735512733,2.624828339,-0.4691553414
ikflow,80,2.301400661,-0.4068190753,-2.888939381,-0.4413242042,-1.456519246,2.520884991,0.04947128892
ikflow,80,-0.7215754986,0.431642592,-0.03962935507,-0.3955488503,-1.23911798,2.544587612,0.01682299189
ikflow,80,-0.707459569,0.4664104581,-0.09409093857,-0.3406711519,-1.165002584,2.545814753,-0.01638675295
ikflow,80,-0.428312391,0.7564312816,-2.015216827,-0.3528205752,0.8277193308,2.588534594,-0.3669576943
ikflow,80,2.382721186,-0.8560430408,-0.1960208565,-0.3120801151,2.376731396,2.375496626,-0.3457002342
ikflow,80,-0.2800348401,0.7834416032,-2.013400316,-0.5347413421,0.7743244171,2.665997505,-0.4361872077
ikflow,80,2.58544445,-0.9699904323,0.307813555,-0.5151135325,1.871391892,2.428270817,-0.5235006213
ikflow,80,-0.1269208491,0.5718245506,-1.543174505,-0.6531805992,-0.05440222472,2.768921614,-0.1964501143
ikflow,80,-0.5033832788,0.3655994236,-0.4975198209,-0.5439482927,-1.032327533,2.623012304,0.06994587928
ikflow,80,2.032458544,-0.5194365978,-1.970721245,-0.4405449033,-2.122248173,2.384331942,0.01386388764
ikflow,80,-0.5026930571,0.8499545455,-2.488034725,-0.3714640439,1.417985797,2.511321068,-0.4384352267
ikflow,80,-0.8338437676,0.3836170733,0.2197769135,-0.4790104926,-1.442485213,2.524427891,0.07766550779
ikflow,80,2.804567814,-0.8468274474,0.9204885364,-0.518725872,1.095288634,2.597480297,-0.4932698905
ikflow,80,-0.6838684082,0.4661979675,-0.164451167,-0.3466938436,-1.112762928,2.555225372,-0.0257383287
ikflow,80,1.861620665,-0.6165837049,-1.450352192,-0.5890474916,-2.493411064,2.269619226,0.002280719113
ikflow,80,2.264458656,-0.4266242683,-2.767686844,-0.4189399183,-1.542022109,2.50363493,0.04079503193
ikflow,80,-0.4941815734,0.8306928873,-2.405185223,-0.3541727662,1.310596943,2.526305199,-0.4232197702
ikflow,81,1.949667454,1.374946475,-1.146555066,-0.6718978882,-2.455106497,2.779519796,0.766548872
ikflow,81,1.105757713,1.406440973,1.216518521,-0.735422492,2.661204338,2.687074661,-0.4091470838
ikflow,81,-1.263125777,-1.700036645,1.015156627,-0.5264176726,-1.623387098,3.041691065,0.9626401663
ikflow,81,1.968028307,1.505488276,-1.475766301,-0.6228773594,-2.21927166,2.866307735,0.8846837282
ikflow,81,1.861548662,1.213595033,-0.7286221385,-0.745207727,-2.709350348,2.677162647,0.5909940004
ikflow,81,-1.218783736,-1.6146276,1.332320452,-0.5451111197,-1.922387719,2.966782331,0.9408980012
ikflow,81,-1.521916389,-1.542404532,1.300093532,-0.1193550006,-1.245003343,2.959191799,0.2716099024
ikflow,81,-1.285176516,-1.712060094,0.9302775264,-0.5157928467,-1.497942448,3.075613022,0.916764915
ikflow,81,-1.19728291,-1.581523895,1.448703051,-0.5718487501,-2.051719904,2.932615042,0.9427063465
ikflow,81,1.641911387,1.498316407,-1.277935624,-0.1512237638,-1.867462039,2.938525915,0.3228646815
ikflow,81,-1.184459448,-1.526819825,1.614272356,-0.5974079967,-2.19864893,2.886808634,0.918368876
ikflow,81,-1.295964479,-1.20497632,2.450431108,-0.7373356819,-2.707617521,2.685645819,0.5630487204
ikflow,81,-2.012847424,-1.632992387,-1.404236794,-0.6202929616,2.339343309,2.839868307,-0.6281429529
ikflow,81,1.593123198,1.459717393,-0.591578126,-0.1378394663,-2.458306313,2.907757282,0.2366952598
ikflow,81,-1.248844504,-1.272716284,2.265163183,-0.7015085816,-2.595136881,2.72809577,0.6582970619
ikflow,81,-1.215394139,-1.634694695,1.28349781,-0.5553290248,-1.906298399,2.973037481,0.980281055
ikflow,81,1.104138613,1.382068157,1.171943665,-0.7545152903,2.691362858,2.679506063,-0.3732224107
ikflow,81,1.646544456,1.505713582,-1.373249054,-0.1572876424,-1.753131628,2.942831039,0.3202785254
ikflow,81,-1.200011134,-1.545432925,1.553336024,-0.5710864663,-2.109249353,2.910283804,0.8920227289
ikflow,81,-1.285314083,-1.743570805,0.8550323844,-0.5412391424,-1.452991009,3.078122139,0.9563551545
ikflow,81,-1.966538668,-1.728151679,-1.109765172,-0.5760920644,2.122794151,2.916765451,-0.7135635018
ikflow,81,-1.269140124,-1.712420344,0.9666017294,-0.5313607454,-1.570004106,3.062075138,0.9521815181
ikflow,81,1.96782732,1.566305876,-1.639607906,-0.612425983,-2.084994078,2.907625437,0.9161499739
ikflow,81,-1.245316267,-1.273717761,2.261652231,-0.7059494257,-2.614176035,2.718705416,0.6619751453
ikflow,81,1.962243438,1.581636071,-1.679036856,-0.6000837088,-2.08214879,2.91786027,0.9531034827
ikflow,81,-1.291727185,-1.736300588,0.8536520004,-0.5302239656,-1.444158196,3.086957932,0.9445602298
ikflow,81,-1.194089532,-1.555922151,1.527593613,-0.5819689035,-2.095522642,2.910240889,0.9019569755
ikflow,81,-1.528751493,-1.564945817,0.9490789175,-0.1275267452,-0.8943763971,2.988495827,0.2636480331
ikflow,81,1.62735486,1.556535482,-2.017516375,-0.1350046694,-1.102532506,2.977947474,0.296453625
ikflow,81,-1.445043206,-1.121114135,2.824586868,-0.7678210735,-2.897300005,2.628149986,0.3832196295
ikflow,81,-1.370767355,-1.149129748,2.656080246,-0.7630242109,-2.820188761,2.636294842,0.4555347562
ikflow,81,-1.507522464,-1.54886353,1.231338859,-0.1399706751,-1.238593459,2.969276667,0.3308695257
ikflow,81,1.871269226,1.237380862,-0.7773509622,-0.724422574,-2.673132181,2.685498476,0.5987343192
ikflow,81,-1.236847997,-1.652680635,1.193943858,-0.5325888991,-1.80927825,3.003791332,0.966619432
ikflow,81,1.096537471,1.473722935,1.358004689,-0.7112808228,2.584043026,2.724590063,-0.4780009091
ikflow,81,-1.216579676,-1.612497807,1.345303416,-0.549513936,-1.928141713,2.965066671,0.9364835024
ikflow,81,1.443000674,1.541317105,1.706305146,-0.1288456321,1.857935071,2.94792819,-0.08812917024
ikflow,81,-1.715914369,-1.553953528,-1.34422493,-0.1543178558,1.802416682,2.954311848,-0.1230362579
ikflow,81,1.980485201,1.44549942,-1.326220751,-0.6692934036,-2.343798637,2.815129995,0.8453756571
ikflow,81,1.547795177,1.594996214,-2.897300005,-0.129359141,0.027108768,3.014629841,0.09075953811
ikflow,81,1.754597664,1.126012444,-0.4322302938,-0.7940544486,-2.872645855,2.615794659,0.4373883605
ikflow,81,-1.206908345,-1.610824585,1.355041623,-0.5613586307,-1.957573652,2.952501297,0.9626733661
ikflow,81,1.114866376,1.343368411,1.09052372,-0.7694950104,2.757969141,2.658741474,-0.3432194293
ikflow,81,-1.230237246,-1.673295021,1.148101926,-0.5456210375,-1.804676414,3.012399673,1.008620143
ikflow,81,1.717267156,1.111517906,-0.3487158418,-0.7916222811,-2.889147758,2.618647814,0.4030521512
ikflow,81,1.970300078,1.517081976,-1.509116888,-0.624345541,-2.186772823,2.869189739,0.8814052939
ikflow,81,-1.171134114,-1.485933542,1.719355702,-0.6347097754,-2.281610966,2.85453701,0.8906214237
ikflow,81,1.950432181,1.321179152,-1.032684803,-0.7223359942,-2.546883106,2.730002403,0.7382640243
ikflow,81,1.710854769,1.12032032,-0.3414742649,-0.7754448652,-2.88823843,2.615722179,0.3730344772
ikflow,81,1.581342101,1.581887722,-2.557298183,-0.1208577976,-0.4138388038,2.992338896,0.1477771848
ikflow,82,1.154016376,-0.5314989686,0.2364658862,-2.951060772,0.3317893445,3.162319183,1.480058789
ikflow,82,1.320925951,-0.4983195961,-0.2330889106,-2.888431072,-0.9142838717,3.157325745,2.376735449
ikflow,82,1.197279572,-0.516970098,-0.04702788591,-2.928210974,-0.6006324887,3.168705702,2.147335291
ikflow,82,1.112418175,-0.5231179595,0.3702532649,-2.908710957,0.7508258224,3.132561684,1.152003646
ikflow,82,1.190445423,-0.5107975006,-0.05621924251,-2.924479961,-0.6726198792,3.190104485,2.194952488
ikflow,82,1.026926398,-0.5462900996,0.4415003061,-2.91532588,0.6725603938,3.100231409,1.242167354
ikflow,82,-2.562530518,0.707762301,-2.189680338,-2.843209982,1.152950525,2.965287924,0.97963202
ikflow,82,1.123354077,-0.5236420035,0.3541704118,-2.919062376,0.7148727775,3.158306837,1.204203486
ikflow,82,1.166371584,-0.5027143955,0.3447409272,-2.87719512,0.9656677246,3.134760141,0.9714966416
ikflow,82,1.215490937,-0.5191140175,0.0383409448,-2.960246086,-0.1716327816,3.193715811,1.858413339
ikflow,82,1.20539093,-0.5021659136,-0.09513618797,-2.910894156,-0.7612351179,3.190370798,2.289006233
ikflow,82,1.15291059,-0.5241360068,0.03038703091,-2.94324255,-0.472968936,3.184878826,2.055229902
ikflow,82,1.193823218,-0.5164679289,-0.04672468081,-2.92327404,-0.62143749,3.162246466,2.151868105
ikflow,82,1.148809791,-0.5232855678,0.1128603294,-2.957639217,-0.1430039853,3.189480066,1.828939199
ikflow,82,1.06294322,-0.5375298262,0.3641583025,-2.940035343,0.454138428,3.143783569,1.377389073
ikflow,82,1.083463311,-0.5167683959,0.4216576219,-2.879236937,0.9405277967,3.103846788,1.011523604
ikflow,82,1.267183185,-0.4969763756,-0.1686625332,-2.894824266,-0.8581058383,3.177059889,2.356258869
ikflow,82,0.9885379076,-0.5367823243,0.5272551179,-2.858580112,1.08831358,3.053910494,0.9505645633
ikflow,82,1.457536459,-0.5115143657,-0.3815129697,-2.88003397,-0.9964103699,3.132713318,2.452558279
ikflow,82,1.210706115,-0.5071080327,-0.06342565268,-2.922847509,-0.616547823,3.177649498,2.157559395
ikflow,82,1.098070979,-0.5232691765,0.1335815191,-2.952953339,-0.2946538925,3.203417778,1.934601426
ikflow,82,1.272798777,-0.5103399158,-0.1613871008,-2.908111572,-0.7845102549,3.167397022,2.304207087
ikflow,82,1.332062602,-0.4936566651,-0.2749198973,-2.861958742,-1.091386676,3.157069206,2.518723011
ikflow,82,1.202485561,-0.5145290494,-0.05315863341,-2.929126501,-0.6226116419,3.164263248,2.157553434
ikflow,82,1.380084395,-0.5048788786,-0.3064146638,-2.871612549,-1.048528433,3.137188435,2.439198732
ikflow,82,1.326723456,-0.5064864159,-0.2476758361,-2.88493228,-0.9823682308,3.148119688,2.459957361
ikflow,82,1.080233455,-0.5300267935,0.3952300847,-2.914311409,0.7183269262,3.118174791,1.208711267
ikflow,82,1.274239898,-0.4975788593,-0.1722354144,-2.899544001,-0.819121778,3.161028385,2.349983215
ikflow,82,1.256655216,-0.5088425279,-0.1389781237,-2.915153503,-0.7361594439,3.15500021,2.259230137
ikflow,82,1.312519789,-0.5059897304,-0.2167960554,-2.889600754,-0.9201727509,3.14334321,2.404532909
ikflow,82,1.175315738,-0.5181197524,0.2374043763,-2.938457966,0.4348843694,3.153640985,1.404063344
ikflow,82,1.148555636,-0.5229492188,0.2665143907,-2.935707808,0.4547960162,3.160086393,1.378224611
ikflow,82,1.595400453,-0.5312736034,-0.5452685952,-2.825433016,-1.325297236,3.056568861,2.709244728
ikflow,82,1.229911566,-0.515313983,-0.08774492145,-2.927465439,-0.6461862326,3.181864023,2.208813429
ikflow,82,1.850831628,-0.6483501792,-0.7523826957,-2.801953554,-1.491110086,2.839598179,2.780237198
ikflow,82,1.070612192,-0.5392233729,0.3956499696,-2.920799017,0.6842884421,3.112491369,1.21352756
ikflow,82,1.143897533,-0.5109067559,0.0464094393,-2.949976683,-0.4170459211,3.210090637,2.029594183
ikflow,82,1.190857768,-0.5222722888,0.002618422033,-2.951441526,-0.3898872435,3.180602312,1.997972488
ikflow,82,1.31266737,-0.5146462321,-0.1760761589,-2.933458567,-0.6360231042,3.1810956,2.191166401
ikflow,82,1.161436796,-0.5318409801,0.06324839592,-2.955745697,-0.273937434,3.17550683,1.903116345
ikflow,82,0.6178172231,-0.7099336982,0.8825191259,-2.826113701,1.300825477,2.825339079,0.8046284318
ikflow,82,1.343993545,-0.5171542764,-0.2612776458,-2.883500099,-0.9649015665,3.113060951,2.417480469
ikflow,82,1.419265866,-0.5213922858,-0.337223202,-2.878948212,-1.010334373,3.089131594,2.414090395
ikflow,82,1.275412202,-0.5100804567,-0.1553858668,-2.916834831,-0.7459976673,3.1559062,2.251485586
ikflow,82,1.193009734,-0.5147423744,0.131935671,-2.954175472,0.08107735962,3.192081213,1.660960078
ikflow,82,1.235903502,-0.531493187,-0.02119232155,-2.954938412,-0.3170282543,3.179699183,1.964939356
ikflow,82,1.076379657,-0.5383483171,0.3604346216,-2.930375338,0.5527213216,3.13789463,1.313039184
ikflow,82,1.161729574,-0.5261244774,0.2496351004,-2.93597579,0.458021611,3.148450136,1.385043621
ikflow,82,1.199531078,-0.5004195571,-0.06827227026,-2.913749218,-0.6899528503,3.189972401,2.242674828
ikflow,82,1.064381361,-0.5234251022,0.4302553833,-2.879125357,0.9038644433,3.093993902,1.055194616
ikflow,83,0.611004591,-0.4859908819,-1.614408374,-2.559080839,1.321161509,2.851611137,1.864192247
ikflow,83,0.5736500025,-0.7305403948,-1.589984894,-2.61877656,0.9230411649,3.055143595,2.137370825
ikflow,83,-2.444531679,0.2241694629,1.411299944,-2.541494846,1.508795023,2.599875689,1.787167788
ikflow,83,0.4649406374,-1.219664574,-1.858095169,-2.571234941,-1.230174422,2.912059307,-2.520900011
ikflow,83,0.602948308,-0.5337738991,-1.604584813,-2.56470108,1.282687545,2.88907814,1.889773726
ikflow,83,-2.172495365,0.08700994402,1.123107553,-2.541327238,1.576317668,2.471519947,1.792058945
ikflow,83,-2.551439762,0.6117501259,1.547453642,-2.583005905,1.149933934,2.953574657,1.960106015
ikflow,83,-2.179088593,0.08601997048,1.132859468,-2.541835785,1.570492506,2.47710824,1.790012836
ikflow,83,0.7809591889,-0.1531741321,-1.817027211,-2.540847301,1.542973638,2.548130751,1.788873434
ikflow,83,0.6120218635,-0.4834483266,-1.619252324,-2.556665421,1.334226966,2.837393999,1.854290485
ikflow,83,0.5990561843,-0.5575074553,-1.601233363,-2.568003416,1.251328707,2.908590555,1.906579018
ikflow,83,0.547087729,-0.8263628483,-1.631283879,-2.671958923,0.4934034348,3.118571281,2.465157747
ikflow,83,0.9556964636,-0.09236329049,-2.00179553,-2.540789604,1.569470048,2.484435558,1.798527837
ikflow,83,0.1900830716,0.1191756129,-1.25628376,-2.544350863,1.663389683,2.30833745,1.800881505
ikflow,83,0.5326402783,-0.8878597617,-1.721153855,-2.697910786,-0.008436926641,3.152496338,2.848752737
ikflow,83,0.4856140614,-1.14105916,-1.86652565,-2.587354898,-1.118744969,2.97729063,-2.592437506
ikflow,83,0.8540443778,-0.8088609576,-2.088090897,-2.183772087,-2.523843765,3.505338907,-0.9275050163
ikflow,83,0.5338947773,-0.8738219142,-1.689456105,-2.695702553,0.1541706622,3.143013954,2.721313238
ikflow,83,0.6930831671,-0.2266578823,-1.72173202,-2.542225122,1.503534675,2.618164062,1.792721868
ikflow,83,-1.667431474,0.04490369558,0.6148657203,-2.542621613,1.60013485,2.432157755,1.790802956
ikflow,83,-2.583118677,0.7727304101,1.537573576,-2.647300243,0.7116985321,3.082112312,2.300244093
ikflow,83,0.5650255084,-0.7647175193,-1.597199082,-2.635644674,0.8064475656,3.082671165,2.226256847
ikflow,83,-2.546105623,0.6073902249,1.544415236,-2.583851576,1.133955717,2.960146189,1.983797789
ikflow,83,-2.492835999,0.3020510375,1.46987009,-2.544859409,1.470547795,2.676014185,1.801954985
ikflow,83,0.5775356889,-0.6875312924,-1.587029576,-2.603471279,1.017881513,3.017745495,2.069617271
ikflow,83,0.3861616552,-1.531651139,-1.810894012,-2.54382515,-1.500777364,2.624259949,-2.392343998
ikflow,83,0.5539768338,-0.8177065849,-1.616163373,-2.660028219,0.6195878983,3.112745762,2.354096651
ikflow,83,0.2523417473,0.1388358176,-1.319294095,-2.545442104,1.675696254,2.290655136,1.799105287
ikflow,83,0.538397491,-0.8577637672,-1.649094582,-2.683269739,0.3719806671,3.133806705,2.553625345
ikflow,83,-1.660379291,0.04620740935,0.6105712652,-2.540580988,1.594523191,2.442217588,1.789372206
ikflow,83,0.621612668,-0.4132809639,-1.63128078,-2.553253889,1.382542372,2.787867785,1.837060213
ikflow,83,0.708830595,-0.2042788714,-1.737627268,-2.542324305,1.52473402,2.599549055,1.793317318
ikflow,83,0.6301963329,-0.3623015881,-1.645321369,-2.549102068,1.425571203,2.73826313,1.824976802
ikflow,83,-2.183540583,0.08562409878,1.135745525,-2.541359425,1.57755053,2.473748922,1.787308931
ikflow,83,0.6022679806,-0.5684838295,-1.603443265,-2.567551136,1.247111201,2.916882515,1.902351856
ikflow,83,1.134045839,-0.06526926905,-2.181741714,-2.542370796,1.579918385,2.458037615,1.797438622
ikflow,83,-2.051865578,0.07410378754,1.003465056,-2.539638996,1.586629987,2.463998556,1.790929914
ikflow,83,0.3982402086,0.3529278636,-1.484394193,-2.549337149,1.755018353,2.107219934,1.834080935
ikflow,83,-1.442664623,0.04234137386,0.3929296732,-2.53953886,1.604330897,2.433940649,1.791495323
ikflow,83,0.6072703004,-0.4830459058,-1.611274719,-2.559215784,1.328430891,2.847729206,1.866146803
ikflow,83,0.5573090315,-0.7980693579,-1.605075479,-2.6495924,0.7004846931,3.103754282,2.300861359
ikflow,83,-2.404454231,0.1888010204,1.369606376,-2.540815592,1.52984798,2.572090864,1.791050792
ikflow,83,0.593255043,-0.6146906018,-1.59507966,-2.576513529,1.18393743,2.954565763,1.943216085
ikflow,83,0.5329076648,-0.8760533333,-1.698874116,-2.697328091,0.09710392356,3.145635128,2.766325712
ikflow,83,-2.671848059,1.216667652,1.281958461,-2.567133665,-1.243056655,2.914535046,-2.499970913
ikflow,83,-2.538607359,0.5588032603,1.535678625,-2.565752506,1.25428617,2.903599501,1.887761593
ikflow,83,-0.2019188106,0.05631227419,-0.8574630022,-2.543880224,1.631897688,2.371849537,1.800008535
ikflow,83,-1.975275517,0.06476575136,0.9256981611,-2.5406003,1.590418816,2.457894802,1.78967905
ikflow,83,0.5532388091,-0.8095904589,-1.611841917,-2.657833338,0.6328013539,3.109672546,2.355047941
ikflow,83,0.5520105958,-0.812525928,-1.616610646,-2.664161682,0.5917592645,3.115319014,2.38381505
ikflow,84,1.293594122,-1.233821034,2.734393835,-1.679832339,-1.668902874,0.509209156,2.120341778
ikflow,84,-1.392336369,1.59167099,-0.9215534329,-1.697214365,-1.183751941,0.9939463139,2.042057753
ikflow,84,-1.556357622,1.413780808,-0.7330693007,-1.679765224,-1.357794166,0.8033426404,2.099137306
ikflow,84,-2.032762766,1.175128579,-0.2051018924,-1.691737294,-1.86775732,0.3605058193,2.083603621
ikflow,84,-2.361897707,1.148437858,0.11374145,-1.763834476,-2.434510708,0.137850225,1.766017556
ikflow,84,-1.430642366,1.537570119,-0.8758536577,-1.695304036,-1.225738764,0.9532002211,2.055530548
ikflow,84,-1.337509751,1.66299057,-0.9840703011,-1.703953743,-1.111203909,1.067682624,2.004372597
ikflow,84,-1.494917393,1.471495032,-0.8041623831,-1.685927391,-1.29364717,0.8742248416,2.073553324
ikflow,84,1.336971641,-1.255858779,2.685297489,-1.670076847,-1.61199832,0.5456742644,2.128513336
ikflow,84,-2.216804743,1.150854468,-0.0204611849,-1.730937243,-2.165703535,0.2203531563,1.937724471
ikflow,84,-1.598202825,1.375335336,-0.6839165688,-1.679060817,-1.396410942,0.7591364384,2.109536171
ikflow,84,-1.900465846,1.216981411,-0.3494163156,-1.674705029,-1.710819602,0.4585624933,2.118721247
ikflow,84,-2.241534472,1.147235394,0.006317019463,-1.734273076,-2.195948839,0.2077422738,1.923411608
ikflow,84,-0.01925734244,-1.486171842,-2.408949852,-1.678259969,1.683364749,0.4956153333,0.3439637721
ikflow,84,-1.591994166,1.384701014,-0.6941196322,-1.678426623,-1.395736456,0.7655769587,2.100300312
ikflow,84,1.560209394,-1.403188586,2.430477619,-1.670009017,-1.383308887,0.7639067769,2.108874559
ikflow,84,-0.1039617583,-1.569288254,-2.316250801,-1.677590609,1.567698359,0.5931828022,0.339538157
ikflow,84,-1.585772157,1.391244173,-0.7018053532,-1.677376986,-1.393747807,0.7669301033,2.095468998
ikflow,84,-1.290220976,1.743505955,-1.040777564,-1.71121037,-1.053180695,1.132296443,1.977869868
ikflow,84,-1.436053157,1.530119419,-0.8675484061,-1.693187475,-1.231638312,0.9467172623,2.061395407
ikflow,84,-1.748861313,1.281708717,-0.5182226896,-1.674940705,-1.55804491,0.6029031277,2.125899792
ikflow,84,-1.627169132,1.358508825,-0.6536134481,-1.674402952,-1.430116892,0.7290813923,2.113565922
ikflow,84,-0.1104033962,-1.578757644,-2.305976152,-1.672932506,1.551858664,0.6014503837,0.3384634256
ikflow,84,1.327293992,-1.247925639,2.697669506,-1.66936934,-1.612057209,0.5462779403,2.128403664
ikflow,84,-2.443710566,1.154446244,0.1624756604,-1.794900656,-2.70873785,0.0949498117,1.559987426
ikflow,84,1.563425422,-1.404664278,2.429245472,-1.673357248,-1.383147836,0.7622079253,2.100008011
ikflow,84,-1.605569363,1.371030927,-0.6770980358,-1.678237796,-1.410005808,0.7485359907,2.109436512
ikflow,84,-1.683991551,1.324724078,-0.5913292766,-1.668895125,-1.487275958,0.6622137427,2.120289326
ikflow,84,-1.743378639,1.281973243,-0.5230961442,-1.676226377,-1.549213171,0.6115299463,2.126027107
ikflow,84,-1.489818215,1.471099257,-0.80783391,-1.688887835,-1.288524866,0.8809074163,2.075203419
ikflow,84,-1.864467025,1.227048635,-0.38829723,-1.67340529,-1.667279959,0.4943606257,2.127175808
ikflow,84,1.481089234,-1.338490605,2.522126913,-1.671985149,-1.467872381,0.6876406074,2.111926556
ikflow,84,-1.518994451,1.448902845,-0.7756581903,-1.679878592,-1.315585017,0.8450795412,2.080355644
ikflow,84,-1.457227468,1.514451623,-0.8482711911,-1.686927438,-1.254199982,0.9186823368,2.068609238
ikflow,84,-1.632653356,1.350222826,-0.646653235,-1.675976038,-1.426443934,0.7283565998,2.113581419
ikflow,84,-1.569602489,1.401828766,-0.7199811339,-1.677568436,-1.363005638,0.7929783463,2.099448919
ikflow,84,-1.302873373,1.720760465,-1.023871541,-1.7081002,-1.070420504,1.113260508,1.983998418
ikflow,84,-1.793156981,1.255236864,-0.4644264579,-1.676772118,-1.595568061,0.5682705045,2.127411127
ikflow,84,-0.04459189996,-1.518359661,-2.375368357,-1.669422269,1.642170668,0.5198400617,0.3410463333
ikflow,84,1.810116172,-1.66903019,2.152341127,-1.702161908,-1.090153337,1.081230998,2.000028372
ikflow,84,-1.335481882,1.665887237,-0.9843744636,-1.704286337,-1.110476971,1.073339581,2.003812075
ikflow,84,-1.764664769,1.270987272,-0.4994073808,-1.674109578,-1.564763069,0.590275228,2.132363081
ikflow,84,-1.890404582,1.215667009,-0.3570772707,-1.679511428,-1.698463798,0.476346761,2.120203495
ikflow,84,-1.868841171,1.225533366,-0.3803595006,-1.671311617,-1.663846016,0.4982211292,2.117534399
ikflow,84,1.33059001,-1.251116157,2.692084551,-1.67000699,-1.613681078,0.5459284782,2.11879468
ikflow,84,-2.684684753,1.209908724,0.2996727228,-1.791275382,2.741847038,0.0864077732,0.9367864132
ikflow,84,1.322360992,-1.245963931,2.704296589,-1.671704888,-1.618643165,0.5467088819,2.127082348
ikflow,84,1.25815165,-1.224337578,2.772809267,-1.676667571,-1.706393123,0.4767875671,2.102135897
ikflow,84,1.353713036,-1.261787176,2.66684413,-1.67208612,-1.598484993,0.5647776723,2.116599083
ikflow,84,1.148208022,-1.19091928,2.891981363,-1.673728466,-1.811027288,0.3810325563,2.080567122
ikflow,85,1.534560084,-0.7722355127,1.124619007,-1.296031475,-1.252698421,0.9960997105,1.491907954
ikflow,85,1.431681275,-0.9206386805,1.002984166,-1.312110901,-1.0591079,1.129623413,1.444611192
ikflow,85,1.431169152,-0.916179657,1.006377459,-1.305542469,-1.055770993,1.121584892,1.445456266
ikflow,85,-0.7842570543,-0.6902940869,-1.296310663,-1.289837003,2.113427401,0.4605357647,0.3603449762
ikflow,85,1.456249356,-0.8815734386,1.035525203,-1.300411582,-1.102829695,1.092704654,1.45740962
ikflow,85,1.535668612,-0.7677366138,1.127322316,-1.28967464,-1.246090293,0.9965852499,1.493407726
ikflow,85,1.28083694,-1.095822453,0.8512979746,-1.333076119,-0.8255582452,1.27619493,1.364471674
ikflow,85,1.522771239,-0.7924554944,1.106874704,-1.295623541,-1.218951941,1.022528648,1.486636162
ikflow,85,1.221221805,-1.154758692,0.7941513062,-1.343341351,-0.7458902597,1.319523811,1.323058605
ikflow,85,-1.467221022,0.09518836439,-1.316614866,-1.310575604,-2.240803003,0.4200454056,1.401693702
ikflow,85,1.489004254,-0.8342941403,1.073491812,-1.295840025,-1.164604664,1.053384185,1.480016828
ikflow,85,0.8954740763,-1.394001126,0.4983268082,-1.369796276,-0.31128034,1.472669601,1.081343889
ikflow,85,0.8053960204,-1.438638926,0.4213020205,-1.375995159,-0.209138751,1.49725306,1.017801404
ikflow,85,0.8662062287,-1.411748052,0.4714058936,-1.372438669,-0.2681087852,1.486556888,1.061249733
ikflow,85,1.461901069,-0.8657112718,1.049761176,-1.296742082,-1.124740839,1.076044917,1.46377337
ikflow,85,0.9121377468,-1.387633443,0.5129938722,-1.370683551,-0.3379333615,1.473707438,1.100523233
ikflow,85,1.149539113,-1.21963799,0.726000905,-1.351683855,-0.6420304179,1.366547823,1.274763465
ikflow,85,1.498391509,-0.832575202,1.074457169,-1.305535316,-1.170369506,1.049485683,1.475370049
ikflow,85,-0.7795163393,-0.7307369113,-1.262694478,-1.289011955,2.005110741,0.5074511766,0.3401581347
ikflow,85,-0.7796836495,-0.7192626595,-1.273581624,-1.29116118,2.050809622,0.4935515225,0.3357167542
ikflow,85,1.521544337,-0.7917919159,1.11136806,-1.295825958,-1.223534226,1.010864139,1.486829519
ikflow,85,2.521457434,0.9619983435,2.084602118,-1.255379438,1.638616323,0.70704633,0.2717854679
ikflow,85,-0.9089550972,-0.08660636842,-1.710970998,-1.352370381,-2.614186287,0.3244785964,1.2183218
ikflow,85,0.6870517135,-1.481890082,0.3132289052,-1.37368989,-0.0380439572,1.512487292,0.9189094305
ikflow,85,1.491990805,-0.8273964524,1.084231973,-1.296661496,-1.175545692,1.037607431,1.477728367
ikflow,85,1.480262637,-0.8435361981,1.068725824,-1.298022389,-1.153646946,1.061090827,1.470462322
ikflow,85,2.276105642,0.3832511902,1.604721069,-1.321052909,2.784732342,0.2620792091,0.6543841958
ikflow,85,-0.5784925222,-1.037804365,-0.9762070179,-1.275079489,1.535945773,0.7805035114,0.241912052
ikflow,85,1.4618361,-0.8779583573,1.039690018,-1.303664565,-1.105270147,1.097159863,1.459326506
ikflow,85,1.789848328,-0.3248313665,1.454424381,-1.298200846,-1.833250761,0.6159600019,1.500681281
ikflow,85,-0.6727512479,-0.9248358607,-1.092098117,-1.286439061,1.708825946,0.6768932939,0.2564582825
ikflow,85,2.641839504,1.101081848,2.235901117,-1.264711142,1.457388759,0.8222980499,0.2536998689
ikflow,85,1.226139307,-1.147563934,0.7998722196,-1.342269182,-0.7618023753,1.320242286,1.32978344
ikflow,85,1.096875787,-1.26772964,0.6763144135,-1.361281157,-0.5729358792,1.398433805,1.238278866
ikflow,85,0.9671242237,-1.352492094,0.5603439808,-1.368392229,-0.403822124,1.458324909,1.127141476
ikflow,85,-1.491792798,0.06881204993,-1.263341784,-1.315330863,-2.282201767,0.4084307253,1.368473649
ikflow,85,2.71439147,1.19258678,2.338790417,-1.270608187,1.300039768,0.9394748211,0.2776782811
ikflow,85,0.909442246,-1.387011886,0.514629364,-1.372267962,-0.3373816311,1.474499345,1.092218876
ikflow,85,0.8655113578,-1.409054637,0.4712796211,-1.36747241,-0.2778446674,1.476098537,1.066324472
ikflow,85,1.440052152,-0.9017628431,1.021002173,-1.303933382,-1.076422453,1.115733981,1.453388572
ikflow,85,-0.749550879,-0.7693600655,-1.230497122,-1.289739728,1.985235095,0.5317575932,0.3169595301
ikflow,85,1.124151349,-1.245234728,0.7014513612,-1.355866432,-0.6060732603,1.381279588,1.25311625
ikflow,85,0.7980953455,-1.444583058,0.409740299,-1.374459505,-0.1815444976,1.505352139,1.012221098
ikflow,85,1.516092181,-0.8020222187,1.10003674,-1.295331001,-1.20951128,1.016268492,1.487233877
ikflow,85,1.815446496,-0.260702014,1.506867409,-1.299736619,-1.917942643,0.5592204332,1.486384511
ikflow,85,-2.117182255,1.316557646,-2.534667015,-1.363461852,-0.4627559781,1.45168221,1.149252295
ikflow,85,1.697889566,-0.4864172041,1.345152259,-1.283987045,-1.62434566,0.7335739732,1.522846341
ikflow,85,-1.384340405,0.08682689071,-1.391252041,-1.317539096,-2.234492302,0.4290655553,1.392511249
ikflow,85,1.109823704,-1.245740056,0.6970055699,-1.348603368,-0.5945152044,1.378530025,1.24812746
ikflow,85,1.527165651,-0.7715329528,1.123961449,-1.286973834,-1.244171977,0.9959113598,1.493653655
ikflow,86,-1.078146338,-1.656041861,2.288529634,-0.9312587976,-1.625077724,0.7990216613,1.678653121
ikflow,86,-1.350702643,-1.474202991,2.863076448,-0.9677949548,-2.320958853,0.5394778252,1.540708423
ikflow,86,-1.138217092,-1.588446379,2.447954655,-0.9385539293,-1.783849835,0.7295738459,1.671470523
ikflow,86,2.018920422,1.609252214,-0.7394252419,-0.931730628,-1.745957255,0.7482161522,1.66659236
ikflow,86,1.249178767,1.561669707,0.5785369277,-0.9728271961,2.487394571,0.4976179898,0.8959368467
ikflow,86,-1.041987896,-1.714364409,2.170249462,-0.9198110104,-1.502313495,0.8476268053,1.66387701
ikflow,86,2.022146463,1.613644838,-0.7492175698,-0.9328828454,-1.744186521,0.7482666373,1.668187499
ikflow,86,-1.120395184,-1.616394997,2.389647722,-0.9277598262,-1.733646512,0.7453614473,1.663554311
ikflow,86,-1.909755826,-1.562697172,-2.545838594,-0.9835593104,2.439621687,0.507950902,0.8815429211
ikflow,86,1.938872695,1.544832826,-0.5610768199,-0.9443077445,-1.955354929,0.6620059013,1.643172264
ikflow,86,2.040355921,1.63066113,-0.7921833396,-0.9300395846,-1.688986778,0.7703321576,1.664498448
ikflow,86,-1.9302665,-1.585013151,-2.501286507,-0.9689010978,2.359318972,0.5260600448,0.8580955863
ikflow,86,-1.121265888,-1.612018585,2.397855282,-0.928601563,-1.739208698,0.7470465899,1.678332925
ikflow,86,-1.113260984,-1.617030621,2.38155055,-0.933357358,-1.725889564,0.7547362447,1.68372345
ikflow,86,-1.087672234,-1.656584144,2.298696518,-0.9166738391,-1.635729909,0.7901067138,1.676547289
ikflow,86,1.166031122,1.618096709,0.7256023884,-0.9663320184,2.231019258,0.5644688606,0.8135511875
ikflow,86,1.18281877,1.609244943,0.7011556029,-0.9609752893,2.273505449,0.5498293638,0.83239609
ikflow,86,1.388109446,1.477092147,0.3384250998,-1.015807271,2.897300005,0.4342852831,1.104291081
ikflow,86,2.042175293,1.628615022,-0.7936600447,-0.9319651723,-1.679012895,0.7716270685,1.668813348
ikflow,86,2.034892797,1.621905565,-0.7742486596,-0.9364119768,-1.705920219,0.7607116699,1.664455533
ikflow,86,-1.993655682,-1.644263506,-2.364336729,-0.9494900107,2.16093564,0.5865865946,0.7922455072
ikflow,86,-1.135108948,-1.594563007,2.432417393,-0.9392954111,-1.785961509,0.7289847136,1.671187997
ikflow,86,2.070880175,1.666871667,-0.8742550015,-0.9246615767,-1.595247984,0.8078420162,1.667363882
ikflow,86,-1.928449631,-1.575799584,-2.516529083,-0.9800612926,2.372944832,0.5250806808,0.8601202965
ikflow,86,-1.012978911,-1.762799978,2.071324825,-0.9146094918,-1.376083374,0.8994106054,1.666439176
ikflow,86,2.091998816,1.697900653,-0.9387355447,-0.9256749153,-1.532620668,0.8388316631,1.670176387
ikflow,86,-1.306112051,-1.48039639,2.788709879,-0.9773312807,-2.22030735,0.5687651634,1.579001784
ikflow,86,1.255609035,1.545150757,0.5531679988,-0.9892982244,2.505763531,0.4949106276,0.8935199976
ikflow,86,-1.131630182,-1.60452044,2.418342829,-0.931628108,-1.767685294,0.7288449407,1.670658708
ikflow,86,1.925698638,1.531946063,-0.5279488564,-0.955997169,-2.000158787,0.6459858418,1.632609844
ikflow,86,1.127999067,1.674098134,0.8387780786,-0.9390766621,2.084082842,0.6149318218,0.7776658535
ikflow,86,2.044926167,1.642012715,-0.8125290275,-0.9270112514,-1.675525546,0.7788516283,1.665448427
ikflow,86,-1.080834746,-1.653944731,2.296113253,-0.9298058748,-1.627262235,0.7900133729,1.678529024
ikflow,86,1.311891317,1.512069345,0.4569501579,-1.003467679,2.672997475,0.4602917433,0.9689352512
ikflow,86,1.947867632,1.545473456,-0.5728116632,-0.9513590932,-1.936105728,0.6688297391,1.643976688
ikflow,86,1.388418078,1.475698471,0.3325994015,-1.013908029,2.897300005,0.4384979606,1.08611238
ikflow,86,1.377341747,1.47806263,0.3517853916,-1.017067552,2.8668437,0.4439898133,1.048778653
ikflow,86,-2.003409147,-1.649536729,-2.350245953,-0.9549621344,2.132255554,0.5914544463,0.7946757078
ikflow,86,2.010691404,1.602613091,-0.7224513292,-0.9308959246,-1.767597914,0.7311259508,1.654065371
ikflow,86,-1.881114125,-1.541213036,-2.602002144,-0.9947127104,2.522691011,0.4903725088,0.9130504727
ikflow,86,1.151900291,1.642153144,0.7706648111,-0.9521899819,2.178859234,0.5864312649,0.8039301038
ikflow,86,1.315707684,1.510404825,0.4497873485,-1.000896096,2.689585209,0.4665005505,0.9736269116
ikflow,86,2.04068327,1.624913692,-0.7835347056,-0.9375849962,-1.690015078,0.767118752,1.668640256
ikflow,86,1.924273968,1.534507632,-0.5297085047,-0.9449390173,-1.995085478,0.6455483437,1.636196136
ikflow,86,1.129246473,1.670999646,0.8304920793,-0.9400374293,2.094482422,0.6146527529,0.7850949168
ikflow,86,-1.010663629,-1.746277571,2.092651129,-0.9323583841,-1.403167844,0.8982232213,1.667969584
ikflow,86,2.070602655,1.66217196,-0.8674538732,-0.9359621406,-1.608875036,0.8019159436,1.676962018
ikflow,86,-1.040209055,-1.715624809,2.166662216,-0.9188135266,-1.484123111,0.8567008972,1.668848157
ikflow,86,1.904012442,1.521797538,-0.4870470166,-0.9527153969,-2.041266203,0.6290441751,1.622394204
ikflow,86,1.782269478,1.463324785,-0.2569021285,-0.9784045219,-2.332569122,0.537956059,1.552762747
ikflow,87,-0.5011356473,0.6680998206,2.123551846,-0.5706473589,0.7104801536,1.109307408,1.551836252
ikflow,87,0.5650649667,0.6988479495,-2.116065979,-0.5574284196,-1.958774567,0.8119478226,1.971120358
ikflow,87,2.834576607,-0.3229378462,-2.482575178,-0.4822585285,1.971646905,0.8205981255,1.503206849
ikflow,87,2.699873924,-0.7369479537,-0.8366106153,-0.5935185552,0.4862949252,1.153987527,1.591392517
ikflow,87,-0.2242266685,0.3025839329,0.474000603,-0.4974533617,2.107815981,0.790872395,1.524452686
ikflow,87,-0.05442697927,0.3688918054,0.1910858452,-0.3568037152,2.266377211,0.8083584905,1.599339604
ikflow,87,-0.09624236077,0.710606873,2.636682034,-0.2917622328,-0.03990702331,1.056148887,1.740697384
ikflow,87,-0.4014455676,0.7863204479,2.420696259,-0.6253142953,0.3507716954,1.186151266,1.626666307
ikflow,87,-0.3982668519,0.3549649417,0.913872838,-0.4853261113,1.812875271,0.8515611887,1.502261519
ikflow,87,-0.03149411455,0.7494199872,2.897300005,-0.3286186457,-0.3565497696,1.058478475,1.788630366
ikflow,87,-0.3318039775,0.5729557872,1.764297605,-0.3437969685,0.9483860731,1.006859303,1.599865079
ikflow,87,-0.4699365795,0.7313989997,2.280297995,-0.6128882766,0.5296155214,1.157060027,1.577405214
ikflow,87,-0.4515827,0.7296807766,2.282081604,-0.5942155719,0.5175836086,1.150596261,1.583719969
ikflow,87,-0.3007157743,0.3413119912,0.6969432831,-0.4631192386,1.952939987,0.8282922506,1.522406697
ikflow,87,-0.496699959,0.6278764009,2.01749444,-0.5299285054,0.8029427528,1.07788682,1.543529034
ikflow,87,0.457798928,0.7337359786,-2.272263527,-0.4871871769,-1.714216709,0.8719623089,1.958340406
ikflow,87,-2.696624756,-0.7062594891,0.9402949214,-0.4515450895,-1.796903968,0.8635631204,1.941506386
ikflow,87,-2.745857239,-0.6727240086,1.021477342,-0.3797688782,-1.869074464,0.8605044484,1.902853131
ikflow,87,0.2484089732,0.7411493659,-2.596925497,-0.3431402147,-1.278428435,0.9623846412,1.892551899
ikflow,87,0.4735394418,0.7399384975,-2.272162676,-0.5053607225,-1.711233974,0.8782470822,1.968111038
ikflow,87,-0.07242824882,0.3990743756,0.2983305454,-0.3110168576,2.197749615,0.8356191516,1.60670507
ikflow,87,0.6378926039,0.5726853013,-1.758814096,-0.5563709736,-2.414305925,0.7234246135,1.898546696
ikflow,87,-0.08245410025,0.7212280035,2.709019661,-0.3023206592,-0.1353145689,1.054863691,1.748191595
ikflow,87,-0.06534262002,0.7370249629,2.77759099,-0.3206681013,-0.2016730905,1.06431818,1.767469287
ikflow,87,-2.537385702,-0.6168547869,1.262954354,-0.5405326486,-2.246864557,0.7539998889,1.936234117
ikflow,87,0.5891939402,0.6558933854,-1.990770936,-0.5460098386,-2.113457441,0.7797062397,1.955794573
ikflow,87,-0.09405317903,0.2608414888,0.1809048653,-0.544010222,2.269018888,0.748464942,1.529793739
ikflow,87,-0.3317100108,0.560084343,1.700130343,-0.338932097,1.015374303,0.994918704,1.590361834
ikflow,87,-0.4161322713,0.464702636,1.336724877,-0.4184397161,1.427593589,0.9371802211,1.526766062
ikflow,87,-0.4781191647,0.5094562173,1.590021133,-0.4562157094,1.216481209,0.9824599624,1.519479632
ikflow,87,2.579668283,-0.4513584077,-1.677016139,-0.5224863887,1.385706067,0.9481808543,1.475634813
ikflow,87,-2.673721552,-0.3124592006,2.305730581,-0.5690953732,2.868415117,0.6631012559,1.654050112
ikflow,87,-0.4406262636,0.7394855022,2.30974412,-0.5946933031,0.4828095734,1.15355134,1.595698953
ikflow,87,-0.1206308305,0.3636880517,0.3508317471,-0.3746103942,2.154304504,0.8207381964,1.582646966
ikflow,87,2.768954754,-0.8153358102,-0.6528331041,-0.6426202655,0.2691198587,1.204269528,1.655815244
ikflow,87,0.1867139041,0.2465513051,-0.3026344478,-0.5839568377,2.511219025,0.6989001036,1.560243607
ikflow,87,-0.2785567045,0.6156933904,1.976392388,-0.319423914,0.7026720047,1.026089668,1.630329847
ikflow,87,-0.3302897811,0.8495289087,2.575283051,-0.6637707949,0.1455278695,1.2279495,1.682200313
ikflow,87,0.2865177989,0.6988553405,-2.375073195,-0.3113248646,-1.526437163,0.9232622981,1.884664416
ikflow,87,2.774886608,-0.4073407054,-2.111183405,-0.4091910422,1.66303277,0.8936678767,1.523697019
ikflow,87,-0.0793120116,0.7169656157,2.693747759,-0.2917318344,-0.1136975959,1.053581238,1.749016047
ikflow,87,-0.3426046669,0.5573965311,1.690781832,-0.3478999734,1.030416131,0.9983210564,1.586984992
ikflow,87,-2.465255737,-0.5414350033,1.441984773,-0.5896806121,-2.535296679,0.6907512546,1.881504655
ikflow,87,-0.3486676514,0.3684479296,0.8647900224,-0.4482631683,1.824887276,0.8585422635,1.519492745
ikflow,87,0.4388479888,0.7722781897,-2.386587143,-0.5126139522,-1.571672201,0.9061121345,1.979873776
ikflow,87,2.710360527,-0.3675324619,-2.137404203,-0.4834770858,1.73095727,0.8697990179,1.489568472
ikflow,87,2.793148279,-0.5352568626,-1.553006172,-0.3493663967,1.12209034,0.9808866978,1.571628809
ikflow,87,-2.758815765,-0.6611857414,1.052649736,-0.3578058481,-1.889091969,0.8618360758,1.89324379
ikflow,87,-0.07340589911,0.7195231915,2.74199152,-0.2930514514,-0.1744694561,1.051546097,1.757381082
ikflow,87,-0.2461028248,0.4024427831,0.7671477199,-0.3618507981,1.861409903,0.8609107733,1.56070292
ikflow,88,0.863037169,0.2461306006,-1.341628551,-0.360835731,1.497884989,1.090297461,2.141379595
ikflow,88,0.817275703,0.3062959611,-1.568690181,-0.3323144317,1.774871349,1.067336679,2.149584293
ikflow,88,0.8180953264,0.2608413398,-1.332134366,-0.3289325833,1.498706818,1.099290967,2.149885893
ikflow,88,0.8036715984,0.2492268384,-1.256612778,-0.3328269422,1.454685926,1.098590493,2.158364534
ikflow,88,0.9409485459,0.3754056692,-1.996338725,-0.4083748758,2.035342932,0.99173069,2.139198303
ikflow,88,1.051115036,0.2141423821,-1.403381944,-0.413956672,1.296435237,1.11553669,2.116911173
ikflow,88,0.9832545519,0.3594810665,-1.947253823,-0.4197959602,1.966038227,1.011560321,2.150593996
ikflow,88,0.7874443531,0.2897388637,-1.427098036,-0.315639168,1.678930879,1.082087755,2.164191246
ikflow,88,0.859375596,0.2714371979,-1.440346837,-0.3482643962,1.5878371,1.070647597,2.158130407
ikflow,88,0.8135766387,0.2469417304,-1.271082401,-0.3369677365,1.468641877,1.083218932,2.164571524
ikflow,88,0.8189557791,0.2652773559,-1.370570064,-0.3316114247,1.531915903,1.08638835,2.129166126
ikflow,88,0.8307582736,0.2207728326,-1.157180429,-0.3597358167,1.322792411,1.107879281,2.159757137
ikflow,88,0.8103382587,0.2394539416,-1.224244714,-0.342694819,1.405031204,1.099362969,2.160826445
ikflow,88,0.9436641335,0.4501708448,-2.267603636,-0.472150296,2.286193848,0.9336901903,2.188052893
ikflow,88,0.8408156037,0.2215878963,-1.170931697,-0.3629338145,1.323894858,1.109410882,2.162543535
ikflow,88,0.8370137811,0.2587895691,-1.336386085,-0.3365524709,1.486247063,1.090194345,2.138358831
ikflow,88,1.138758898,0.2633531094,-1.693269968,-0.4517666996,1.515933394,1.070786595,2.102931976
ikflow,88,0.9297747016,0.308834374,-1.686093211,-0.3709452748,1.772075176,1.051551342,2.144263506
ikflow,88,0.7612857819,0.266153276,-1.289566755,-0.309458524,1.523329139,1.087202311,2.14685154
ikflow,88,0.5361646414,0.1663935184,-0.4998294413,-0.3551972806,0.9671664834,1.150568724,2.162142992
ikflow,88,1.14784348,0.2522509992,-1.678790212,-0.449337393,1.460068107,1.07910502,2.090681076
ikflow,88,0.7529674172,0.2839192748,-1.379178762,-0.301009357,1.631642461,1.072505593,2.152289629
ikflow,88,0.881144166,0.3346993923,-1.74375701,-0.3626877964,1.899831533,1.04443574,2.158663273
ikflow,88,0.9480289221,0.2988398969,-1.641733766,-0.3815579712,1.699757099,1.058402538,2.137465477
ikflow,88,0.6296111941,0.2628753185,-1.060483575,-0.2590869367,1.450228453,1.096159935,2.176720142
ikflow,88,0.8345251083,0.2647016048,-1.369593263,-0.3353689611,1.514139891,1.081423163,2.146018744
ikflow,88,0.8253028989,0.2750358582,-1.402774215,-0.3238088191,1.585741997,1.077382922,2.157907009
ikflow,88,0.821858108,0.2698024511,-1.386003256,-0.3328342438,1.535470605,1.094073892,2.143290281
ikflow,88,0.8316010833,0.2420437038,-1.248125792,-0.3472585976,1.419180155,1.092330217,2.15009737
ikflow,88,0.8424010277,0.2669136822,-1.398767352,-0.3391186595,1.527302504,1.08010304,2.135283232
ikflow,88,1.173587203,0.2707370222,-1.762032032,-0.4706754386,1.559990525,1.059887171,2.098642349
ikflow,88,0.8513522148,0.2729504704,-1.416018844,-0.3358615041,1.575467825,1.082479239,2.12990737
ikflow,88,0.8489663005,0.2504215539,-1.314160109,-0.3485812843,1.463501573,1.083114266,2.148267508
ikflow,88,0.8773480058,0.2390706092,-1.290369034,-0.3638381958,1.435770988,1.093563914,2.137853622
ikflow,88,0.6984226704,0.2836862206,-1.295335174,-0.2787808776,1.661615968,1.069471955,2.18198204
ikflow,88,0.8379706144,0.2490926385,-1.319648147,-0.3466244638,1.488327861,1.068749547,2.153706074
ikflow,88,0.3737485409,0.2146763653,-0.3071712255,-0.266450882,0.9681292772,1.142577887,2.176938057
ikflow,88,0.7741812468,0.2925052047,-1.431435704,-0.3055274487,1.66241312,1.073996425,2.167538404
ikflow,88,0.9130917788,0.3418497443,-1.817299724,-0.3789628744,1.920494199,1.015736103,2.140264034
ikflow,88,0.8032114506,0.258256942,-1.282357097,-0.3236329556,1.484719992,1.087472916,2.156379938
ikflow,88,0.7015824914,0.2109429389,-0.9124266505,-0.3361044824,1.230469108,1.117589355,2.154288054
ikflow,88,0.07037961483,0.1671361178,0.3173483312,-0.341848433,0.6428562999,1.17886138,2.177800894
ikflow,88,0.7593848109,0.2919636071,-1.420192719,-0.3024207056,1.673311234,1.06628859,2.164831877
ikflow,88,0.8495733738,0.2816805542,-1.473793149,-0.3355509043,1.592865944,1.069262028,2.13371253
ikflow,88,0.786254704,0.2885691226,-1.438031197,-0.318849206,1.652655125,1.073815823,2.159809589
ikflow,88,0.8823031783,0.2753813565,-1.487938404,-0.3546646833,1.589249492,1.05689919,2.136282206
ikflow,88,0.4041424692,0.196977511,-0.3073790073,-0.297465533,0.9222279787,1.150731206,2.170882463
ikflow,88,0.6901105046,0.1914493144,-0.8300054073,-0.3553560376,1.159923315,1.120926976,2.155743122
ikflow,88,0.7580520511,0.2506483197,-1.198657036,-0.3173321486,1.42835176,1.095094085,2.13875246
ikflow,88,0.8432670832,0.2644480765,-1.359684706,-0.3369035125,1.529345751,1.08547771,2.143375397
ikflow,89,0.979480803,-1.696972609,0.9742414355,-2.65390873,0.3595301807,1.518488765,1.824528098
ikflow,89,1.698819995,-0.9500294924,0.5886394978,-2.659918308,-0.265350759,1.557470083,2.584573269
ikflow,89,0.8617724776,1.520018101,2.31620121,-2.422762394,-0.7032335401,0.4178922772,-2.077755451
ikflow,89,-2.537470102,-1.261711717,-0.7880917192,-2.483858109,-0.7922544479,0.6289128661,-2.511042833
ikflow,89,1.335924149,-1.241503596,0.8350201249,-2.674702406,0.005577291828,1.61527729,2.226157665
ikflow,89,0.6376102567,1.297775507,2.342319965,-2.475473166,-0.7725851536,0.6010587215,-2.381455183
ikflow,89,2.45418787,-0.7580308318,0.003694183193,-2.617922783,-0.5604670048,1.337855935,2.897300005
ikflow,89,0.7663129568,1.429651618,2.319194555,-2.441300392,-0.7267572284,0.4983942807,-2.226975203
ikflow,89,1.908053756,-0.8574542999,0.429821223,-2.65227294,-0.3727122545,1.508816242,2.726778269
ikflow,89,-1.726473212,1.160729527,-2.352698803,-2.67062974,-0.06806812435,1.607722163,2.324056149
ikflow,89,0.9537929893,-1.735271096,0.9764211178,-2.652904987,0.3922423422,1.502789855,1.789353848
ikflow,89,-2.814415932,-1.031785488,-0.6836211085,-2.525000572,-0.7798700929,0.8370150924,-2.734997511
ikflow,89,0.3146418333,1.035323381,2.457044363,-2.522771597,-0.759762466,0.8588520885,-2.664569139
ikflow,89,-1.501502872,0.9927442074,-2.503653049,-2.670351028,-0.238179341,1.581846595,2.492922783
ikflow,89,0.6263637543,1.276760697,2.343214512,-2.473207235,-0.7737813592,0.6105303168,-2.426745892
ikflow,89,1.016832709,1.66694653,2.320739746,-2.381423712,-0.5837823153,0.2836350203,-1.861625433
ikflow,89,0.676609993,1.335449576,2.333605289,-2.464216709,-0.7559167743,0.5716124177,-2.350624561
ikflow,89,1.614206195,-1.002343535,0.6483774781,-2.664249659,-0.2036063969,1.583647966,2.489965916
ikflow,89,1.449919939,-1.125463605,0.7642127275,-2.671494246,-0.09395947307,1.604807258,2.352659225
ikflow,89,1.647006035,-0.9802696705,0.6276743412,-2.662158012,-0.2276033461,1.571437478,2.545395374
ikflow,89,1.385152221,-1.184308171,0.8005635738,-2.671851635,-0.03269742057,1.613008618,2.285654545
ikflow,89,1.953188896,-0.8435704112,0.4001498818,-2.649183035,-0.3935387433,1.496623635,2.764559031
ikflow,89,-2.400048733,-1.39342308,-0.8121077418,-2.460701942,-0.7715808749,0.5110842586,-2.367735147
ikflow,89,2.182193518,-0.7829461694,0.2172197551,-2.631267309,-0.4703350365,1.423084974,2.884722471
ikflow,89,0.214642033,0.9786388278,2.509563923,-2.539632082,-0.7542173266,0.9219301343,-2.782697201
ikflow,89,1.005882263,-1.653055906,0.9708583355,-2.656241655,0.3294469714,1.536711931,1.856174469
ikflow,89,0.5569287539,1.219825745,2.356203556,-2.482875586,-0.765873611,0.6739614606,-2.469144106
ikflow,89,1.16719842,-1.443879604,0.922241509,-2.672212124,0.1835700125,1.597501397,2.03461051
ikflow,89,1.357300997,-1.218285203,0.8215289712,-2.675579309,-0.01462574396,1.616993666,2.241867542
ikflow,89,1.67242825,-0.9653030038,0.6072229147,-2.663026333,-0.2502118945,1.572289109,2.53418088
ikflow,89,0.2023943812,0.9652321935,2.513286352,-2.53690958,-0.7392119765,0.9307146668,-2.748183012
ikflow,89,1.001450419,-1.670139074,0.9687560797,-2.657757998,0.3415178359,1.529685855,1.841227651
ikflow,89,0.1932886243,0.9638171196,2.521278381,-2.539055347,-0.7489545941,0.9326589704,-2.770485163
ikflow,89,0.8350693583,1.501284719,2.316022158,-2.428960323,-0.7126693726,0.4489634633,-2.158783197
ikflow,89,0.3275585771,1.03888464,2.451834679,-2.519573689,-0.7588014007,0.8457560539,-2.638270378
ikflow,89,1.18186152,-1.424842715,0.9101412296,-2.673628807,0.1705251038,1.599082708,2.052107096
ikflow,89,-2.394203186,-1.400128245,-0.8156837821,-2.451199293,-0.7480993867,0.5087736845,-2.296281099
ikflow,89,0.2250405252,0.9871047139,2.507758856,-2.540210962,-0.7581708431,0.9265437722,-2.770616055
ikflow,89,1.62688458,-0.9890426993,0.6347246766,-2.660612583,-0.2128138095,1.570318341,2.526153803
ikflow,89,0.4669451118,1.152199626,2.388526201,-2.497761011,-0.7641641498,0.7433251739,-2.482864141
ikflow,89,1.21189332,-1.381916761,0.9034562707,-2.673326731,0.1291455477,1.604843378,2.0782938
ikflow,89,-1.560808778,1.030161262,-2.468430281,-2.668459177,-0.1854759753,1.584915757,2.449196577
ikflow,89,1.498849511,-1.082442999,0.7273029685,-2.667521954,-0.1309940964,1.599153876,2.407507181
ikflow,89,1.06115365,-1.578337908,0.9598604441,-2.664022684,0.2754622102,1.565001607,1.908356667
ikflow,89,-2.521825075,-1.272162199,-0.7927218676,-2.47673893,-0.7785423994,0.6169564724,-2.50366044
ikflow,89,-1.409410119,0.9439205527,-2.577434778,-2.664049864,-0.277083993,1.564384818,2.569504261
ikflow,89,0.8986309767,1.558455229,2.316540241,-2.415266037,-0.6891629696,0.3800967038,-2.080029726
ikflow,89,0.8762395382,1.532894611,2.32019043,-2.423311234,-0.7101845145,0.4076982141,-2.130702019
ikflow,89,1.560603619,-1.037687659,0.6880879402,-2.664122343,-0.1733751297,1.588759303,2.45895052
ikflow,89,0.6498312354,1.309954524,2.340852499,-2.4694767,-0.7653700709,0.5904417634,-2.384224892
ikflow,90,2.081923485,-0.2779835463,-2.342696428,-2.055683851,1.066981912,1.177406907,2.795114756
ikflow,90,-0.7496532798,0.2237767279,0.4584544301,-2.049207449,1.122898102,1.106850863,2.76282692
ikflow,90,-0.03281672671,0.2108859122,-0.3107766807,-2.040403366,1.207869768,0.9900128245,2.727799416
ikflow,90,-2.845224857,-0.2579441369,2.471640348,-2.029958487,1.247394323,0.9100376368,2.685945988
ikflow,90,-0.3594857752,0.2045071274,0.04085319862,-2.039568186,1.16348505,1.039410233,2.731411934
ikflow,90,-1.068769336,0.2778266072,0.8074527979,-2.060927629,1.076534986,1.179130316,2.794445992
ikflow,90,-0.8658347726,0.2404011488,0.5844969153,-2.051289558,1.110242367,1.128906727,2.776529789
ikflow,90,-0.3508438766,0.2037227154,0.03014024533,-2.041220665,1.165251017,1.040821791,2.734383583
ikflow,90,-0.7374296784,0.2211157084,0.4436484575,-2.053554773,1.13189888,1.101742268,2.763018847
ikflow,90,-0.8012731671,0.2329441905,0.5147833824,-2.049058914,1.118489027,1.112488151,2.773467302
ikflow,90,1.596367598,-0.7866639495,-1.688134432,-2.106663942,0.7073674798,1.564482808,2.897300005
ikflow,90,1.745587945,-0.4581722021,-1.940526128,-2.077803373,0.9504674077,1.336696506,2.875115871
ikflow,90,-1.264899969,0.358333528,1.035779476,-2.069743872,1.020179987,1.259912372,2.830192804
ikflow,90,2.308339119,-0.231974408,-2.592051506,-2.051789045,1.111431956,1.123075724,2.76408267
ikflow,90,-0.2783810198,0.2034012228,-0.0458634086,-2.041213512,1.174762011,1.024561882,2.731335878
ikflow,90,0.4559302628,0.3008092642,-0.8509297967,-2.024826527,1.280261874,0.8619945049,2.683776379
ikflow,90,1.72484231,-0.4801031649,-1.913396478,-2.081348896,0.9411390424,1.355820179,2.88785553
ikflow,90,1.736356616,-0.4699369669,-1.925105453,-2.07769227,0.9383488297,1.34701395,2.876167297
ikflow,90,1.640770793,-0.6385896802,-1.777177811,-2.093035221,0.8329447508,1.467026711,2.897300005
ikflow,90,-0.5604530573,0.2086646557,0.2542153299,-2.047301769,1.146340609,1.077386141,2.748947144
ikflow,90,1.743124843,-0.4633139074,-1.934062839,-2.077022314,0.9465039372,1.346368194,2.881039619
ikflow,90,-2.621021271,-0.3343840539,2.208326817,-2.021733522,1.307233691,0.8182774186,2.658862591
ikflow,90,-0.2564024925,0.2033507824,-0.0687296167,-2.038150311,1.172631502,1.026208878,2.72816205
ikflow,90,-1.328095436,0.4056224525,1.114961624,-2.06977582,0.9923389554,1.291905165,2.841074467
ikflow,90,-1.347172976,0.420442909,1.141462564,-2.070896626,0.9765165448,1.30549562,2.856739998
ikflow,90,2.381735086,-0.2254582644,-2.673826456,-2.048817635,1.121521592,1.108998179,2.757261992
ikflow,90,-2.687171698,-0.3027302027,2.291927814,-2.024096489,1.279873967,0.8553872705,2.663359404
ikflow,90,-1.131253839,0.3040793836,0.8819126487,-2.057017088,1.052687287,1.202820659,2.804445744
ikflow,90,-0.3989993334,0.2007179409,0.08454400301,-2.044282198,1.156230807,1.057422757,2.738250494
ikflow,90,1.672257423,-0.5624244213,-1.832458496,-2.086316109,0.8798811436,1.42111218,2.897300005
ikflow,90,0.1528006196,0.2266435772,-0.5121644139,-2.038378716,1.225376248,0.9566475153,2.710065603
ikflow,90,0.1787392348,0.2310688198,-0.538415134,-2.036683798,1.227412224,0.9481860995,2.712427378
ikflow,90,-0.6067785621,0.2089721262,0.305354923,-2.048701048,1.142721415,1.084093451,2.755577803
ikflow,90,2.495562792,-0.2168795317,-2.795250177,-2.043072701,1.133315206,1.08463788,2.752073288
ikflow,90,1.663078308,-0.5840456486,-1.815916419,-2.088768244,0.8674286604,1.437640548,2.897300005
ikflow,90,-2.85407877,-0.2521882951,2.481464386,-2.031327963,1.247648358,0.9175152779,2.695951462
ikflow,90,1.565579414,-1.25651598,-1.533996224,-2.152544737,0.3904207945,1.77961719,-2.897300005
ikflow,90,-1.20098424,0.3287902474,0.9606330395,-2.06001997,1.034775734,1.224485636,2.817406178
ikflow,90,-0.4724051356,0.2001728415,0.1610869765,-2.051105738,1.160584688,1.065651536,2.753615618
ikflow,90,-0.9329710007,0.2527601719,0.6567294598,-2.053977013,1.102975726,1.144632101,2.782061815
ikflow,90,0.4577299356,0.3001746237,-0.8555625081,-2.024756432,1.278648496,0.8639780879,2.676784992
ikflow,90,0.2773926258,0.2540775239,-0.6495665312,-2.026697874,1.242298722,0.9169208407,2.695759773
ikflow,90,1.846125722,-0.3711594641,-2.067595482,-2.071650028,1.007201672,1.27775979,2.845785379
ikflow,90,-1.057463527,0.2722584605,0.7931781411,-2.060893536,1.076343179,1.175741911,2.791466475
ikflow,90,-0.9696424603,0.2598107755,0.700060606,-2.054158926,1.09316349,1.151476979,2.789880753
ikflow,90,-0.4109487534,0.2001610696,0.09316339344,-2.044677258,1.159539104,1.054773569,2.748099804
ikflow,90,-0.2222305387,0.2047982216,-0.1063350961,-2.036242247,1.176675558,1.019364238,2.734843969
ikflow,90,-0.05240684748,0.2115694731,-0.2897917628,-2.034416437,1.194973588,0.9905142784,2.724322796
ikflow,90,-0.7263987064,0.2205435634,0.4315935373,-2.048685551,1.129095554,1.10489285,2.759943724
ikflow,90,-0.4875511527,0.2043502629,0.1771146059,-2.046091557,1.159355044,1.060913205,2.747516632
ikflow,91,-0.9088590741,-0.7788439393,-0.9662356377,-1.7712816,-0.273270607,2.279272079,-1.857940674
ikflow,91,-1.113785267,-0.6011910439,-0.9180628657,-1.778851748,0.05141349882,2.305384874,-2.05495286
ikflow,91,-1.094225645,-0.6159333587,-0.9247663021,-1.77799356,0.02834304981,2.300576448,-2.039918661
ikflow,91,0.9586983919,-1.67075479,0.3298874199,-1.760647535,-2.677305698,0.7713526487,-1.752117634
ikflow,91,-2.085606575,-0.2785294056,-0.2961094677,-1.734080791,0.740557611,2.120983839,-2.469320774
ikflow,91,-2.379930019,-0.2639056742,-0.0622009486,-1.727677822,0.8372200131,2.077783346,-2.511312485
ikflow,91,2.220859528,-0.7352818847,0.8983807564,-1.677171469,1.63471055,1.424118757,-2.695276499
ikflow,91,-0.846031785,-0.8446685672,-0.9675512314,-1.765979052,-0.3799614012,2.256861448,-1.800852299
ikflow,91,-1.58513701,-0.3686241806,-0.6627549529,-1.756426334,0.5077207088,2.224141121,-2.335790634
ikflow,91,-1.08763957,-0.6218403578,-0.9264522195,-1.779208422,0.01620084979,2.302562237,-2.037087679
ikflow,91,0.05030591413,-1.627726555,-0.4180243611,-1.675652981,-1.621059895,1.436073661,-1.36535275
ikflow,91,-1.063449144,0.8668946624,-2.268103361,-1.682337642,1.781667709,1.293046713,-2.679468155
ikflow,91,-1.21784997,-0.5324265361,-0.8744162321,-1.778221011,0.1824626625,2.295630455,-2.137856483
ikflow,91,1.763731837,-1.156545758,0.759700954,-1.712661028,2.200517178,0.9704778194,-2.552182198
ikflow,91,-2.045563221,-0.2840487659,-0.3262257874,-1.736897111,0.7234489322,2.131272793,-2.453704596
ikflow,91,-0.9666014314,0.7739074826,-2.245966911,-1.676084876,1.674692392,1.384511352,-2.697086811
ikflow,91,-2.071822166,-0.2810942531,-0.3063126206,-1.73665452,0.7340044975,2.12818718,-2.459424019
ikflow,91,-2.474994898,-0.2627455592,0.01492287125,-1.724632978,0.8570530415,2.063152075,-2.515727758
ikflow,91,-1.334262967,-0.466512233,-0.8171231747,-1.77196908,0.314111799,2.275547266,-2.218213797
ikflow,91,-1.21142149,-0.5349961519,-0.8787430525,-1.776392698,0.1745353043,2.294072866,-2.133217573
ikflow,91,2.314717293,-0.6593291163,0.8989282846,-1.679610848,1.551365852,1.503357887,-2.701695442
ikflow,91,-2.546323061,-0.2603485584,0.06981402636,-1.718613625,0.8866353631,2.040648937,-2.53283596
ikflow,91,2.289365768,-0.6736974716,0.9040508866,-1.671120405,1.555924177,1.48548305,-2.701265574
ikflow,91,1.724462986,-1.186573267,0.7432422638,-1.713605523,2.252907038,0.9351590872,-2.529056311
ikflow,91,1.732722998,-1.185547948,0.7449424267,-1.720544577,2.249672651,0.9412428141,-2.528842926
ikflow,91,-0.7644349337,-0.9283845425,-0.9611685276,-1.752962112,-0.5325807333,2.215341568,-1.710658312
ikflow,91,-1.423681378,-0.4237591922,-0.7667790651,-1.763951778,0.3933941126,2.257319212,-2.264560461
ikflow,91,-1.123723507,-0.5940956473,-0.9152886868,-1.779288411,0.06336936355,2.304307938,-2.054502964
ikflow,91,-0.9317379594,-0.7545146942,-0.9639186859,-1.771170974,-0.2292425931,2.284475565,-1.886346102
ikflow,91,-1.58891964,-0.3652183414,-0.6613053679,-1.754139304,0.5110724568,2.218169928,-2.336689711
ikflow,91,1.044656277,-1.638788462,0.3886339068,-1.767269611,-2.80608201,0.7376053929,-1.822036505
ikflow,91,-0.5692357421,-1.1471138,-0.890691638,-1.723402858,-0.8642769456,2.054774523,-1.544440508
ikflow,91,2.224450827,-0.7293933034,0.9006405473,-1.677811384,1.638635993,1.419991732,-2.697464943
ikflow,91,-0.4964632988,-1.221998572,-0.8505267501,-1.712266684,-0.9768341184,1.990618229,-1.486835718
ikflow,91,-0.7889986038,-0.901237607,-0.964487493,-1.757628798,-0.4834730923,2.230997801,-1.735878944
ikflow,91,-2.458380938,-0.2625831068,-0.0007606655126,-1.724020362,0.859398365,2.063346386,-2.521147251
ikflow,91,-0.7148989439,0.5839685202,-2.256606102,-1.680135608,1.449439406,1.599640965,-2.696519613
ikflow,91,-0.9573460221,-0.7296367884,-0.9618100524,-1.773000479,-0.1886102706,2.291907549,-1.910825372
ikflow,91,-1.289163947,-0.4901109636,-0.8401092291,-1.773639679,0.2589791119,2.288904667,-2.178804636
ikflow,91,-1.382128835,-0.4407140613,-0.790581584,-1.7666502,0.3531836271,2.268522024,-2.245355368
ikflow,91,0.3408534229,-1.714627981,-0.1605853885,-1.684572339,-1.907196164,1.173171997,-1.406467915
ikflow,91,-1.300777674,-0.4801890254,-0.8363024592,-1.770064235,0.2763244808,2.278873682,-2.198041201
ikflow,91,2.313365936,-0.6604984999,0.8991232514,-1.677737832,1.55217731,1.499244094,-2.70637846
ikflow,91,-1.590674043,-0.368889004,-0.6581163406,-1.759127498,0.5085809231,2.222637653,-2.339530945
ikflow,91,-2.552730799,-0.2630891502,0.07500564307,-1.719990134,0.8827785254,2.043159723,-2.533653498
ikflow,91,-1.118297696,-0.5946035981,-0.9182993174,-1.774839878,0.06463203579,2.300342321,-2.060079575
ikflow,91,-0.1645755917,-1.512613177,-0.6042875648,-1.684146643,-1.397443533,1.651893973,-1.377569079
ikflow,91,-1.663856983,-0.3490481079,-0.6098154187,-1.753197074,0.5597468019,2.205142975,-2.366643906
ikflow,91,-1.93580389,-0.2933339477,-0.4127102494,-1.737434149,0.6825352311,2.145742655,-2.433881521
ikflow,91,-1.009799719,0.8213739991,-2.25680542,-1.683490634,1.721255898,1.352535486,-2.693171978
ikflow,92,-1.98245132,-1.098362684,-2.820954084,-1.298279643,1.692974567,2.1419065,-2.137152433
ikflow,92,-2.20029068,-1.204766393,-2.470194817,-1.30121243,1.405601859,2.330554247,-2.12965703
ikflow,92,-1.268451095,-1.2388556,2.397791862,-1.362361789,2.491386175,1.63682878,-1.897923112
ikflow,92,-2.078957081,-1.133949041,-2.669239283,-1.298189521,1.576053739,2.22630167,-2.136862993
ikflow,92,-1.247945905,-1.255280375,2.368817568,-1.365924001,2.524965763,1.630320191,-1.882161498
ikflow,92,-2.339982271,-1.337190151,-2.217320204,-1.315931916,1.132778049,2.476180792,-2.081864119
ikflow,92,-1.116336465,-1.409726858,2.14531374,-1.383390903,2.764846802,1.537009239,-1.761602044
ikflow,92,0.6563482285,1.597386122,1.246457934,-1.36542654,0.6027303934,2.685231209,-1.87466228
ikflow,92,1.149918318,1.10184586,0.334171921,-1.299274325,1.702119112,2.142799377,-2.139647245
ikflow,92,-2.280608892,-1.277342439,-2.322838783,-1.303678274,1.2520504,2.41928196,-2.106631994
ikflow,92,-2.466301918,-1.549417496,-1.941900849,-1.358165979,0.7012951374,2.659943819,-1.92215085
ikflow,92,-2.474658489,-1.567845821,-1.926968813,-1.358997345,0.6677960157,2.655248642,-1.90249908
ikflow,92,-2.20980072,-1.210963011,-2.453166485,-1.302436471,1.39125526,2.347388029,-2.133812189
ikflow,92,-2.366920233,-1.374156237,-2.159870386,-1.320914268,1.055991173,2.514079332,-2.058717489
ikflow,92,-2.335007191,-1.33457911,-2.222192049,-1.31221199,1.158326983,2.476256371,-2.091775656
ikflow,92,-2.281733274,-1.276805282,-2.323822498,-1.305429935,1.248087287,2.417345762,-2.106127501
ikflow,92,-2.382089138,-1.400353074,-2.126174927,-1.321981549,1.024926901,2.535329819,-2.058950901
ikflow,92,0.6913685799,1.512818098,1.159309268,-1.351435304,0.775362134,2.631136417,-1.952076554
ikflow,92,-2.326017618,-1.323218346,-2.240381479,-1.314025998,1.159937143,2.468415022,-2.089975119
ikflow,92,-2.004694939,-1.107412219,-2.785151005,-1.295217991,1.664386511,2.163709164,-2.133342505
ikflow,92,1.130987644,1.105170846,0.3620711267,-1.300719857,1.676657677,2.156651497,-2.142590523
ikflow,92,-2.332883358,-1.330300927,-2.229988337,-1.314970374,1.156511784,2.47017622,-2.091691732
ikflow,92,1.193493366,1.091875792,0.2672588825,-1.296693206,1.75354588,2.106428623,-2.133924961
ikflow,92,1.695202231,1.130045295,-0.4752688706,-1.342076302,2.271552324,1.75059545,-1.997224569
ikflow,92,-1.556208134,-1.087826133,2.832856655,-1.331314087,2.150863886,1.840446234,-2.039049149
ikflow,92,0.6631273627,1.57817328,1.226217389,-1.361019969,0.6492997408,2.670143604,-1.894481182
ikflow,92,1.106973886,1.115719914,0.4000838697,-1.300168395,1.647773862,2.176743507,-2.143582582
ikflow,92,-2.283026695,-1.27900219,-2.320813179,-1.305539608,1.247280478,2.414715052,-2.109224081
ikflow,92,-2.185048819,-1.192689776,-2.494675398,-1.302902699,1.417284489,2.322306633,-2.132949591
ikflow,92,-2.216855049,-1.219032407,-2.438902617,-1.300583005,1.390124559,2.345561743,-2.136845589
ikflow,92,1.006700039,1.166778088,0.5624174476,-1.294382811,1.513208985,2.266659021,-2.146060467
ikflow,92,1.050843358,1.14272964,0.492321372,-1.293940663,1.571863174,2.227538586,-2.14044261
ikflow,92,-1.305034757,-1.210883141,2.454941273,-1.356558204,2.447606564,1.6625036,-1.92177701
ikflow,92,-1.287039876,-1.22520256,2.427257538,-1.361377239,2.474717617,1.650513887,-1.907382131
ikflow,92,-2.288197041,-1.285002828,-2.310438156,-1.303297639,1.249249458,2.424080133,-2.112653732
ikflow,92,-2.191089392,-1.2013098,-2.481042147,-1.296574831,1.418505788,2.327466726,-2.133708239
ikflow,92,-2.253448248,-1.252610922,-2.374439955,-1.30072391,1.313978791,2.382552624,-2.120141745
ikflow,92,-2.12892127,-1.157046437,-2.591601849,-1.301702857,1.51674819,2.263807535,-2.143475533
ikflow,92,0.6580973864,1.595191479,1.242105961,-1.363655329,0.6020242572,2.681298733,-1.869127274
ikflow,92,1.24701786,1.078594327,0.187988624,-1.300953031,1.801660776,2.072215557,-2.12971735
ikflow,92,-2.535723686,-1.752942562,-1.766684175,-1.396586299,0.2113046199,2.736326694,-1.652233601
ikflow,92,-1.162221432,-1.349192858,2.226951838,-1.376297235,2.679513931,1.569347024,-1.811251283
ikflow,92,-2.517751217,-1.689579368,-1.812493324,-1.382834554,0.4000577629,2.720790386,-1.775722742
ikflow,92,-1.12920332,-1.39304316,2.168419123,-1.380289793,2.746090174,1.542540073,-1.777112603
ikflow,92,-2.511240244,-1.655691862,-1.84169805,-1.382512927,0.4656225145,2.705657482,-1.806055188
ikflow,92,-1.238770843,-1.268094659,2.349731922,-1.363301277,2.5476408,1.618621945,-1.871668696
ikflow,92,-2.374531031,-1.380975842,-2.148476601,-1.324088812,1.050015211,2.522714853,-2.060363293
ikflow,92,-2.344362259,-1.341352224,-2.21030283,-1.318678617,1.12102282,2.484149218,-2.083249807
ikflow,92,-2.456470966,-1.529525638,-1.964420438,-1.350741029,0.7337962985,2.637712002,-1.939404011
ikflow,92,-2.473420382,-1.563971996,-1.927789927,-1.359717965,0.6620638371,2.657433271,-1.896412611
ikflow,93,2.51049161,1.004375219,-1.011922121,-0.8826825619,1.65774405,2.741122723,-1.769808412
ikflow,93,-0.9050379992,-0.8219377995,2.830433846,-0.9224864244,1.006821275,2.981591702,-1.672592044
ikflow,93,1.424436808,1.388512254,1.7329638,-0.9075942636,-2.015415668,2.583625793,-0.3872709274
ikflow,93,-0.5738162398,-1.115288019,1.884968758,-0.8876176476,1.838944674,2.67973423,-1.716883659
ikflow,93,2.130610943,0.8009340167,-0.112084426,-0.9530032873,0.7618631124,3.049799681,-1.560848832
ikflow,93,-1.721273661,-1.371969461,-1.434516668,-0.9103502035,-2.002165794,2.588087797,-0.3829418123
ikflow,93,-1.627137423,-1.025776982,-2.159058571,-0.8867154717,-1.328206062,2.895567417,-0.342230469
ikflow,93,2.047752619,0.7915150523,0.01763380319,-0.9828872681,0.5139349103,3.08765626,-1.409748077
ikflow,93,2.596205711,1.232916474,-1.499521613,-0.9027974606,2.078625441,2.558912754,-1.688362122
ikflow,93,2.565671206,1.108442307,-1.249362588,-0.8853049874,1.874307036,2.662679434,-1.751943231
ikflow,93,1.555917501,0.9760974646,0.8504378796,-0.9019065499,-1.143898368,2.948719263,-0.3864971995
ikflow,93,-1.501561403,-0.8940103054,-2.512777328,-0.9477576613,-0.8332973719,3.01957345,-0.5206914544
ikflow,93,2.330793381,0.8719272017,-0.523308754,-0.8855477571,1.216346383,2.925323725,-1.716342092
ikflow,93,-0.5352315307,-1.24411428,1.62336874,-0.9168705344,2.068950653,2.567895651,-1.666272521
ikflow,93,2.533303738,1.038943529,-1.096212387,-0.8824371099,1.730673194,2.72116828,-1.767569542
ikflow,93,2.007530451,0.783780992,0.08054694533,-1.001829267,0.4204099178,3.091234922,-1.356148362
ikflow,93,-1.562457323,-0.9404031634,-2.372425556,-0.9262794256,-1.03805697,2.96925807,-0.4394497871
ikflow,93,1.796213269,0.8196120858,0.3501805663,-1.005835891,-0.3163639605,3.104981184,-0.8194662333
ikflow,93,1.534602404,0.9975481629,0.9111982584,-0.8960710168,-1.209322929,2.91630888,-0.3742480278
ikflow,93,-1.723581195,-1.320778012,-1.526750326,-0.9027224183,-1.946698546,2.624135017,-0.346377939
ikflow,93,1.429145694,1.42756176,1.802493095,-0.9184324741,-2.069056511,2.556667566,-0.4033154249
ikflow,93,1.431647062,1.229909062,1.437357306,-0.8846667409,-1.737536788,2.712021351,-0.3495405614
ikflow,93,2.102896929,0.7926875353,-0.06704773009,-0.9647598863,0.7016919255,3.057427406,-1.528455019
ikflow,93,-1.718946576,-1.256284356,-1.647760391,-0.888749361,-1.840611935,2.685652018,-0.3258533776
ikflow,93,-1.713265896,-1.363087296,-1.453211188,-0.8953008056,-1.997580886,2.5943923,-0.3743388355
ikflow,93,-1.717469096,-1.392993569,-1.394745111,-0.9135317802,-2.052982569,2.565603018,-0.3704890907
ikflow,93,2.001820087,0.7885361314,0.08364289999,-0.9960012436,0.3930384219,3.088952065,-1.32598877
ikflow,93,-0.564452827,-1.118258595,1.865753055,-0.8971551657,1.876739979,2.667185545,-1.721392632
ikflow,93,2.138566017,0.8054791093,-0.1322907358,-0.946277082,0.7510056496,3.039063454,-1.539332628
ikflow,93,1.681101918,0.8698589206,0.5444536209,-0.967212081,-0.6990807652,3.052906513,-0.5831716061
ikflow,93,1.432176709,1.271487117,1.515486717,-0.8799858689,-1.800162435,2.675496817,-0.366582036
ikflow,93,-1.719943881,-1.32596755,-1.514161229,-0.8977962732,-1.965718389,2.618772745,-0.3442445993
ikflow,93,-1.723402262,-1.335633636,-1.502588153,-0.9042862058,-1.965036392,2.616738558,-0.3430355191
ikflow,93,2.011607885,0.7872198224,0.06684289128,-0.9989266396,0.4108989537,3.093619823,-1.333755374
ikflow,93,2.5729599,1.110018373,-1.258555055,-0.896587491,1.874881625,2.659457445,-1.740157127
ikflow,93,-1.716442943,-1.350847483,-1.468833804,-0.8975690603,-1.983256221,2.598382711,-0.3538298905
ikflow,93,2.162329674,0.8135146499,-0.1753117889,-0.9332584739,0.8213165402,3.03116703,-1.574351311
ikflow,93,1.426877737,1.34006691,1.64876163,-0.8906035423,-1.936031818,2.612007856,-0.3742128015
ikflow,93,1.439250708,1.454881072,1.850595117,-0.9178275466,-2.111945868,2.538002968,-0.4127674103
ikflow,93,-0.7466378212,-0.8957843184,2.480916977,-0.8884649873,1.387693048,2.887315035,-1.790616155
ikflow,93,2.043240309,0.789447546,0.01849848405,-0.9910188317,0.4853615165,3.091851711,-1.376173496
ikflow,93,2.026372671,0.7860255241,0.05232777074,-0.993915081,0.4643805623,3.084391832,-1.377219677
ikflow,93,2.604676008,1.220911622,-1.482318878,-0.9152799845,2.041586637,2.571899891,-1.697236419
ikflow,93,1.741107583,0.8439025879,0.4308498204,-0.9827979803,-0.5328780413,3.087047338,-0.6775836945
ikflow,93,-1.629083514,-1.014561534,-2.172699928,-0.8983124495,-1.315423489,2.899312019,-0.34022066
ikflow,93,2.592059612,1.402876019,-1.78977561,-0.9324150681,2.307607889,2.450213432,-1.585203052
ikflow,93,2.340500832,0.8773614168,-0.5447382927,-0.8831346035,1.236794472,2.915308952,-1.728663325
ikflow,93,-1.725875616,-1.286228061,-1.591282248,-0.8998919725,-1.884901524,2.663981199,-0.3347563148
ikflow,93,2.557392836,1.096794128,-1.224141359,-0.8837996125,1.836203098,2.668617964,-1.752454162
ikflow,93,1.761095047,0.8335407972,0.3990762532,-0.9941991568,-0.4573975205,3.095269442,-0.7188032269
ikflow,94,-1.958185434,-0.4730481803,0.5944051147,-0.6601982713,2.893295527,2.817812681,-0.7851772904
ikflow,94,-0.1855065376,0.3872153163,2.207137108,-0.2241958231,-1.222019196,3.113604069,-0.07980230451
ikflow,94,2.215859652,-0.3213860989,-0.5866379738,-0.562176764,0.5738409758,3.347262621,-1.435493946
ikflow,94,1.822761655,0.3107033074,-2.538169622,-0.6536423564,2.786728144,2.825368404,-1.278821349
ikflow,94,-1.091741323,0.3359932601,2.20394969,-0.6943471432,-0.2418353707,3.390826702,-0.1907384098
ikflow,94,2.206580162,-0.3165409863,-0.6161437631,-0.5677857399,0.534132719,3.355891943,-1.366138339
ikflow,94,2.14525342,0.1051624492,-2.287220478,-0.4251770377,2.342510462,3.006447792,-1.432233453
ikflow,94,-1.063818693,0.352411896,2.158764601,-0.6812970638,-0.4269323945,3.380784988,0.01761643961
ikflow,94,1.029122114,0.06859371066,-0.9980672002,-0.2827524543,1.997710347,3.05950141,-1.249584198
ikflow,94,2.05234313,-0.3457177281,-0.6625620723,-0.7006315589,0.2961220145,3.392546654,-0.9554422498
ikflow,94,2.720191717,-0.1593773365,-1.607781291,-0.278963834,0.715083003,3.198466301,-1.070822477
ikflow,94,-0.4161385894,0.07445850968,1.066649079,-0.2866281867,1.336529374,3.149292469,-1.229110241
ikflow,94,-1.225209475,-0.1114570498,1.028529882,-0.4052397907,2.311951876,3.012710094,-1.349430442
ikflow,94,-0.8608098626,-0.1594173908,0.6195724607,-0.5144139528,2.466990471,2.967113256,-1.459148169
ikflow,94,2.234401226,-0.3027686179,-0.6142165661,-0.5253315568,0.6096255779,3.332611561,-1.464053988
ikflow,94,-0.2489043176,0.2789240479,1.699331641,-0.2514765859,-0.2344743907,3.197107553,-0.4830290079
ikflow,94,1.983543396,0.09758438915,-2.122010708,-0.4007513225,2.279175043,3.0147717,-1.374317884
ikflow,94,1.982331038,-0.168096751,-0.8751838207,-0.4079928994,1.146426916,3.221198797,-1.510169983
ikflow,94,1.656481624,0.08157153428,-1.757013083,-0.3503616452,2.180576324,3.031493902,-1.316102386
ikflow,94,-0.2178319544,0.2945607603,1.761093259,-0.2393600941,-0.3645055592,3.190731764,-0.4452700615
ikflow,94,2.746501207,-0.4183891714,-0.9762129784,-0.318241179,-1.295160532,3.161673784,0.2450036705
ikflow,94,2.168311357,-0.2285991758,-0.7950122952,-0.4467920661,0.7988556623,3.274963617,-1.410537481
ikflow,94,1.444708586,0.09659822285,-1.61429584,-0.3309052289,2.203014612,3.027790308,-1.274436355
ikflow,94,2.442187786,-0.1066932157,-1.55012846,-0.3027460873,1.170955896,3.17957449,-1.302031994
ikflow,94,-0.6240217686,-0.07836805284,0.6449579,-0.4211693108,2.22081542,3.036378622,-1.485513806
ikflow,94,-0.5392299294,0.3837085962,1.969679236,-0.3606741726,-1.049309611,3.220480204,0.3178342283
ikflow,94,-0.6216619015,-0.01135779824,0.8714323044,-0.3481296301,1.912924767,3.082883358,-1.396150231
ikflow,94,-1.02835238,-0.1508052349,0.7528259158,-0.4790350497,2.445128918,2.972921848,-1.411030889
ikflow,94,2.132843256,-0.3632304966,-0.6328557134,-0.6884310842,0.2945609689,3.397732019,-1.049831867
ikflow,94,-0.6261894703,-0.01437859423,0.8628706336,-0.3476425111,1.951222062,3.081558704,-1.431597948
ikflow,94,9.063926882e-06,0.05524008349,0.4379975498,-0.2837489247,1.531113148,3.118273497,-1.19781661
ikflow,94,1.522857308,-0.04986770079,-1.020873547,-0.3460911214,1.807881236,3.102437735,-1.570134163
ikflow,94,2.038092375,-0.2282342911,-0.7168252468,-0.4714097977,0.9334523082,3.27910614,-1.509996057
ikflow,94,-0.9415461421,0.2953216136,2.478849173,-0.5454247594,0.5699020624,3.350775242,-1.352788448
ikflow,94,2.621976376,-0.4060450196,-1.076772451,-0.3550846577,-1.226766109,3.193410158,0.3805340827
ikflow,94,-0.2295675576,0.3784410655,2.10022831,-0.2367057651,-1.086033463,3.141927242,-0.05374087021
ikflow,94,-1.106298447,-0.167261079,0.7571177483,-0.487112999,2.518748522,2.961918116,-1.416189313
ikflow,94,-0.9291684628,0.1311083138,1.911245942,-0.3662984669,1.040547371,3.208785772,-1.261155844
ikflow,94,2.412112236,-0.3523778319,-1.215309858,-0.4614432454,-0.7996863723,3.28124404,0.27393502
ikflow,94,2.092112064,-0.08360429108,-1.332433581,-0.3380205929,1.3953439,3.16503334,-1.4102844
ikflow,94,-1.006219149,0.3331488967,2.050181627,-0.6173741817,-0.5138204098,3.353590965,0.151026383
ikflow,94,2.364646912,-0.1055249423,-1.50050962,-0.3155299723,1.190104008,3.164268494,-1.306932569
ikflow,94,2.861415386,-0.1938108355,-1.666930079,-0.2558966577,0.4443767071,3.198050499,-0.8914006352
ikflow,94,1.831202865,-0.1366683394,-0.8918036819,-0.3992499411,1.327188611,3.193950891,-1.519804358
ikflow,94,2.500095367,-0.397867173,-1.122423649,-0.4122472107,-1.121995449,3.235567331,0.4319552779
ikflow,94,-0.9812111259,-0.0654893443,0.9848405123,-0.3824782372,2.168526649,3.042213202,-1.405282974
ikflow,94,-1.128767848,0.3351815939,2.173040628,-0.6998012066,-0.3369638622,3.392349243,-0.02826136909
ikflow,94,-0.9253681302,-0.0266546309,1.107678294,-0.3522798121,1.982590675,3.078867674,-1.421340346
ikflow,94,-0.08321157843,0.04591527209,0.5200206637,-0.2796858549,1.642151952,3.112516165,-1.305264831
ikflow,94,-0.9679107666,0.2254607826,2.30941534,-0.4546738267,0.741566956,3.281573772,-1.338859081
ikflow,95,2.537007332,1.668930888,-1.321370006,-3.001551151,2.897300005,3.313246965,-1.379462123
ikflow,95,-0.5664598346,-1.629338622,1.933895707,-3.039332628,2.700270176,3.320687771,-0.9117233157
ikflow,95,2.526679516,1.654198527,-1.357278228,-2.991980314,2.897300005,3.314342022,-1.42304039
ikflow,95,-0.5947555304,-1.674779892,1.904764175,-3.023392677,2.772633314,3.286711216,-1.005708456
ikflow,95,-0.5775557756,-1.692181706,1.825357676,-3.00948596,2.892399073,3.284900665,-1.198701262
ikflow,95,2.496814489,1.592561722,-1.392650008,-2.980623007,2.897300005,3.33570838,-1.451439381
ikflow,95,-0.5188519955,-1.762799978,1.432701111,-3.042045832,-2.746625662,3.288269043,-2.136257648
ikflow,95,2.487617731,1.628326058,-1.380005121,-2.971336842,2.897300005,3.340879202,-1.452608347
ikflow,95,-0.577884078,-1.628432631,1.8432585,-3.017998219,2.771446228,3.319416285,-1.097627163
ikflow,95,2.546528816,1.662092209,-1.345304847,-3.004096508,2.897300005,3.273235559,-1.490053177
ikflow,95,-0.6062386036,-1.609924912,1.812805772,-3.014828682,2.829397917,3.34289217,-1.180314302
ikflow,95,2.480120182,1.495268106,-1.112343907,-3.06315732,2.428159237,3.404230595,-0.5937170982
ikflow,95,2.510745525,1.587299943,-1.372957349,-2.981727839,2.897300005,3.359428167,-1.467012405
ikflow,95,2.508643627,1.571941972,-1.151534438,-3.039245129,2.593352556,3.360928774,-0.793916285
ikflow,95,2.507579565,1.525919676,-1.05192256,-3.071799994,2.397417068,3.397250414,-0.5009437203
ikflow,95,2.531714439,1.653684855,-1.342323422,-2.986903906,2.897300005,3.3125,-1.426477432
ikflow,95,2.512117147,1.633454323,-1.394763589,-2.983182907,2.897300005,3.316283703,-1.605748415
ikflow,95,-0.5834810138,-1.636943579,1.961903811,-3.049768448,2.603883743,3.292179108,-0.8052076101
ikflow,95,-0.603511095,-1.646111131,1.76586163,-3.002681732,2.897300005,3.345021725,-1.352374792
ikflow,95,2.574747562,1.683702826,-1.274504066,-3.005819798,2.897300005,3.293942928,-1.327778339
ikflow,95,-0.5729045868,-1.677959561,1.884400606,-3.026326418,2.776890755,3.267128944,-1.03888154
ikflow,95,2.523549557,1.647802591,-1.358923912,-2.988290548,2.897300005,3.30062604,-1.504354596
ikflow,95,2.54383111,1.758641243,-1.565877438,-2.988715887,-2.897300005,3.313018799,-1.95368135
ikflow,95,-0.5770560503,-1.663774848,1.837238073,-3.020555735,2.814563274,3.306665659,-1.124648452
ikflow,95,2.518072844,1.526313543,-1.068299294,-3.071799994,2.396422625,3.366983414,-0.5589319468
ikflow,95,2.50843811,1.639277577,-1.365142941,-2.977917433,2.897300005,3.321045876,-1.433957577
ikflow,95,2.494518042,1.567971468,-1.135302901,-3.037593365,2.550722599,3.352621078,-0.7549533248
ikflow,95,-0.5717505813,-1.657704234,1.917355299,-3.039681196,2.696092606,3.289412737,-0.9125196338
ikflow,95,-0.5690828562,-1.606052279,1.956338048,-3.062634945,2.569272757,3.302007675,-0.7739658952
ikflow,95,2.530460358,1.596534491,-1.274469137,-3.003151655,2.798342466,3.344035149,-1.156471372
ikflow,95,2.504991531,1.531334043,-1.132935286,-3.040043592,2.526139498,3.388938427,-0.7541726828
ikflow,95,-0.5665290356,-1.673299909,1.816405535,-3.005528212,2.886075735,3.289282799,-1.219216347
ikflow,95,-0.57954216,-1.639512777,1.773595572,-3.014631033,2.868231297,3.325361967,-1.251863003
ikflow,95,-0.599966228,-1.66829443,1.823190808,-3.016923189,2.877792835,3.317389011,-1.213556886
ikflow,95,2.541911125,1.609192014,-1.198171735,-3.017374754,2.712641001,3.334746838,-1.011589289
ikflow,95,-0.5139858127,-1.762799978,1.407973528,-3.044429779,-2.722470999,3.292896509,-2.19541502
ikflow,95,-0.5319156647,-1.758306742,1.403956175,-3.042443037,-2.727310181,3.252901554,-2.210187912
ikflow,95,2.562414169,1.694830656,-1.328649879,-3.001319885,2.897300005,3.294970036,-1.463652968
ikflow,95,2.493615389,1.542313814,-1.088700771,-3.059999228,2.447520018,3.355720997,-0.6210449934
ikflow,95,2.496935368,1.603168488,-1.353163004,-2.977328777,2.897300005,3.354189396,-1.417918682
ikflow,95,2.536530495,1.623109341,-1.320510983,-3.002555609,2.897300005,3.314103842,-1.328775525
ikflow,95,2.514905453,1.574315667,-1.171852946,-3.023655891,2.644169807,3.365767241,-0.8888413906
ikflow,95,2.511332989,1.665069222,-1.359388947,-2.984622478,2.897300005,3.302423954,-1.465550423
ikflow,95,-0.519967854,-1.762799978,1.380595207,-3.056645155,-2.660816669,3.236816883,-2.288287163
ikflow,95,2.498537302,1.568155885,-1.162678123,-3.027512312,2.613973379,3.363352537,-0.8437463641
ikflow,95,2.490907907,1.568428993,-1.097774386,-3.048294544,2.512057781,3.358158588,-0.6768938899
ikflow,95,-0.5690433383,-1.683899641,1.839403629,-3.010441065,2.844505787,3.296630621,-1.152300239
ikflow,95,2.500942707,1.550627589,-1.176729918,-3.022612572,2.61155057,3.373054504,-0.8789983392
ikflow,95,2.527263165,1.563690782,-1.095527768,-3.054027557,2.484504223,3.33720994,-0.6878687143
ikflow,95,-0.5715168118,-1.636422515,1.873527527,-3.02401495,2.72957778,3.320159912,-1.018752217
ikflow,96,0.2683193982,-0.7363923788,-0.175125584,-2.575098753,2.597913265,3.531279087,0.6940433383
ikflow,96,2.640434027,1.107115746,-2.653799295,-2.966089725,1.1959337,2.649861336,2.405613184
ikflow,96,-0.6591349244,-1.185222745,0.5888266563,-2.948423386,1.319935322,2.493388891,2.332194328
ikflow,96,-0.4875202775,-0.6841632724,-0.008193791844,-2.632463217,-2.246515989,3.633937597,-0.9495815039
ikflow,96,-0.7649230361,-1.251491547,0.6528502107,-2.940926313,1.393048406,2.388042688,2.304763317
ikflow,96,2.398483038,1.23879528,-2.500030994,-2.942601204,1.387573957,2.410574675,2.305728912
ikflow,96,0.1227853969,-1.063323498,-0.4171818793,-3.036622286,-0.6311210394,2.895344019,-2.661043167
ikflow,96,-0.09552042931,-1.033419609,0.04067685828,-3.060929298,0.3855993748,2.95038867,2.897300005
ikflow,96,2.44924736,1.208377242,-2.527336597,-2.947298527,1.334985018,2.464219093,2.332369089
ikflow,96,0.524263978,-1.29471457,-0.7809085846,-2.951238155,-1.296498775,2.53047204,-2.242078543
ikflow,96,-0.9863764048,-1.437767029,0.755384028,-2.935618877,1.517671585,2.120701551,2.282237768
ikflow,96,0.7635292411,-1.544830203,-0.8843846321,-2.934849977,-1.495889544,2.207548618,-2.154694319
ikflow,96,0.5216429234,-0.7963202596,-0.2813338637,-2.633773327,2.246877432,3.628010511,1.067441344
ikflow,96,-0.2417429984,-0.6741370559,-0.1173934862,-2.566944361,-2.584611416,3.556655169,-0.5627152324
ikflow,96,-0.7868694663,-1.26850605,0.6733552814,-2.940318584,1.421951771,2.376376629,2.288820744
ikflow,96,-0.9484467506,-1.403624892,0.7416083217,-2.935720205,1.507390738,2.166599512,2.286987543
ikflow,96,-0.225547716,-0.6729357243,-0.1249154285,-2.56238246,-2.614712477,3.553759813,-0.5358361006
ikflow,96,-0.2855627537,-1.042666793,0.3031128347,-3.004082203,0.9359741211,2.819060564,2.569485426
ikflow,96,0.6653607488,-1.438624144,-0.8491453528,-2.940616131,-1.421671391,2.348540545,-2.185552835
ikflow,96,0.05378549546,-1.053466797,-0.2868238688,-3.06091857,-0.3237655163,2.935832739,-2.860085726
ikflow,96,0.6184333563,-0.8184424043,-0.3306357861,-2.650077105,2.144518614,3.686447144,1.159819126
ikflow,96,0.06172379851,-1.054955125,-0.3250931203,-3.056884527,-0.4361235499,2.9316504,-2.789381742
ikflow,96,-0.6389995217,-1.17203629,0.5799106956,-2.950970411,1.302653909,2.526636839,2.354578733
ikflow,96,-0.1612025201,-0.676025629,-0.1274019182,-2.54149127,-2.768951893,3.545203686,-0.360594362
ikflow,96,0.7063264847,-0.8435464501,-0.3636441231,-2.684446573,1.998703241,3.752138138,1.319750547
ikflow,96,2.191374779,1.402548194,-2.399587154,-2.93569684,1.495438814,2.164832592,2.279028893
ikflow,96,-2.755661726,1.19083643,2.445260763,-2.975473642,-1.144372702,2.695713758,-2.322771072
ikflow,96,2.537418127,1.156183839,-2.584883213,-2.953236818,1.275725245,2.551600695,2.361987352
ikflow,96,-2.79311347,1.167895317,2.48359251,-2.977144957,-1.124734282,2.707859993,-2.317838192
ikflow,96,0.1489184499,-1.069451928,-0.4570674002,-3.025155544,-0.7384852767,2.880062342,-2.585975885
ikflow,96,-2.445380211,1.471825123,2.277749777,-2.938103437,-1.432290196,2.312401056,-2.182580233
ikflow,96,0.147594288,-1.070005774,-0.4487406015,-3.028386116,-0.6947503686,2.880121231,-2.628494263
ikflow,96,-0.3241443336,-0.6763648391,-0.07599209994,-2.583752394,-2.496887922,3.572649956,-0.6752079725
ikflow,96,-0.7759891748,-1.264871597,0.6576353908,-2.942737103,1.403700948,2.374530077,2.311789989
ikflow,96,0.3528505564,-1.164927959,-0.6567699909,-2.976941109,-1.090964317,2.71014905,-2.356872797
ikflow,96,-0.6224913597,-1.163053632,0.5624815822,-2.952255726,1.283189535,2.529249668,2.359968185
ikflow,96,-0.2485066056,-0.6705679297,-0.1090831384,-2.563466311,-2.597581387,3.558112621,-0.5588033199
ikflow,96,2.490055799,1.18360424,-2.557671547,-2.951957464,1.286817789,2.503899574,2.375055075
ikflow,96,0.2032079101,-1.087271094,-0.5184116364,-3.007886887,-0.8607360721,2.832726717,-2.49230051
ikflow,96,-0.2872693837,-0.6771814227,-0.1059642136,-2.584375381,-2.504713297,3.569720745,-0.6555211544
ikflow,96,2.589925289,1.129450679,-2.615246534,-2.960802794,1.223707199,2.604588032,2.391356707
ikflow,96,0.4117622972,-0.7568777204,-0.2400155365,-2.59196496,2.435288668,3.594041586,0.8712989688
ikflow,96,-0.7558234334,-1.244505882,0.6493929029,-2.943021059,1.398526311,2.398218155,2.302662134
ikflow,96,-0.7566500306,-1.247814417,0.649315536,-2.943663359,1.396960735,2.391857147,2.308323383
ikflow,96,2.306942463,1.306764603,-2.451004505,-2.94000721,1.436625719,2.303304434,2.29275775
ikflow,96,0.2320339233,-0.719835341,-0.209453702,-2.540721655,2.795199633,3.541351557,0.4616801143
ikflow,96,0.1890436709,-1.08490479,-0.5050453544,-3.013322592,-0.8172952533,2.842271328,-2.548691034
ikflow,96,-0.4125731289,-1.073342681,0.4326775372,-2.979140043,1.136382818,2.748018265,2.444015503
ikflow,96,-0.4301553667,-0.6750150323,-0.02786195464,-2.605321646,-2.358710051,3.618895531,-0.8207986355
ikflow,96,-0.3434461653,-0.6768625379,-0.08508367836,-2.600016356,-2.402625084,3.582615614,-0.780025959
ikflow,97,-2.635387659,-0.6975818276,1.910039067,-2.514044046,-1.309486628,1.067246556,-0.3604314625
ikflow,97,0.6100330353,0.9547665119,-1.335256577,-2.527293205,-1.201192498,1.289662242,-0.4228216112
ikflow,97,-0.6792526841,0.2541632354,-0.03324390575,-2.488632679,-1.558239341,0.4939801097,-0.2643370926
ikflow,97,0.6074726582,0.9370653629,-1.331946373,-2.526448965,-1.205256462,1.27764976,-0.4212648869
ikflow,97,-1.482321024,0.3540595472,0.7755632401,-2.490019321,-1.689916134,0.2649011612,-0.2845870554
ikflow,97,0.6853373647,1.249270082,-1.401052356,-2.548047543,-1.058202624,1.540858388,-0.528693378
ikflow,97,-1.623739123,0.4140190482,0.9167544842,-2.497476816,-1.759299755,0.1895135045,-0.3200824857
ikflow,97,-0.9955531955,0.2673057318,0.2847828567,-2.486208916,-1.595304251,0.4196506143,-0.2585863173
ikflow,97,-0.2134798169,0.2912499011,-0.5046533942,-2.486774921,-1.496665955,0.6047726274,-0.2647383809
ikflow,97,0.688860774,1.263277888,-1.401004434,-2.551686287,-1.053805828,1.549410462,-0.528979063
ikflow,97,-0.7579292655,0.254702419,0.04603598267,-2.4888978,-1.570888042,0.4756537378,-0.267588973
ikflow,97,-0.5102609992,0.2624974251,-0.2055387497,-2.486187696,-1.536534905,0.5313168764,-0.2609357834
ikflow,97,-2.84337616,-0.4876513183,2.118227959,-2.495663643,-1.396071434,0.8289704919,-0.3053683341
ikflow,97,-2.334902287,1.231078625,1.154893398,-2.493826151,1.595463753,0.4558723569,-2.473289728
ikflow,97,0.5427182913,0.7737842798,-1.271413803,-2.513724089,-1.26475358,1.133491874,-0.3702000976
ikflow,97,-2.60908246,-0.7593494654,1.883556604,-2.516864538,-1.284729481,1.115476847,-0.380327642
ikflow,97,-0.1578654051,0.2968795598,-0.5591630936,-2.493246555,-1.49374187,0.6281009316,-0.2752328515
ikflow,97,-1.698776364,0.4530948102,0.990026474,-2.510359526,-1.835659862,0.146021083,-0.3667927384
ikflow,97,1.884168625,-0.3013872802,-2.592101812,-2.488821268,-1.639053941,0.3423119783,-0.2727362514
ikflow,97,-0.6316777468,0.2575359344,-0.08193428069,-2.489714861,-1.551550627,0.4981050789,-0.2595272064
ikflow,97,-1.590183258,0.3972087204,0.8822823763,-2.500062943,-1.761525869,0.2111224085,-0.3261382878
ikflow,97,-2.781496048,-0.5314174891,2.056404114,-2.504745483,-1.391040325,0.8802741766,-0.3161583245
ikflow,97,-0.987103045,0.264231652,0.278191328,-2.488316298,-1.597195864,0.4251115322,-0.2639905214
ikflow,97,0.4949903786,0.6776551008,-1.219132185,-2.51197958,-1.316872358,1.045836926,-0.3555756509
ikflow,97,0.6379129887,-1.688637137,-1.888193607,-2.495223284,1.373985887,0.8784365058,-2.424130201
ikflow,97,0.5647344589,0.8178040981,-1.291057587,-2.519098997,-1.248326182,1.175602436,-0.395904392
ikflow,97,-1.119006395,0.2738990784,0.4076820612,-2.492278099,-1.621692419,0.3955258429,-0.2756198645
ikflow,97,0.6677910089,1.150589943,-1.385200381,-2.543678045,-1.10792923,1.460961699,-0.487195909
ikflow,97,0.5613009334,0.8288221955,-1.289206743,-2.515812874,-1.248006701,1.180546403,-0.385697335
ikflow,97,0.5038150549,0.6982753277,-1.229626775,-2.510406017,-1.300788522,1.058991551,-0.3602529168
ikflow,97,-1.401481628,0.3282911479,0.6931480169,-2.490519762,-1.674169898,0.2976550758,-0.2812184691
ikflow,97,0.6846723557,1.251642823,-1.401936889,-2.54901576,-1.058846116,1.543869495,-0.5244464278
ikflow,97,-2.780825138,-0.5261259079,2.055641651,-2.497148752,-1.373713732,0.8921049237,-0.3174918592
ikflow,97,-1.687764883,0.4570005238,0.9777604342,-2.507734299,-1.839145303,0.1299326718,-0.3592941761
ikflow,97,0.7576875687,1.647268891,-1.423712611,-2.587506533,-0.8507385254,1.838288546,-0.7027167678
ikflow,97,0.662311554,-1.602876663,-1.901755214,-2.497177839,1.408778787,0.8030830026,-2.457376003
ikflow,97,0.6815594435,1.243561745,-1.399217486,-2.547634125,-1.063027501,1.531171918,-0.5131515861
ikflow,97,-1.366688967,0.3247788846,0.6580724716,-2.488217592,-1.671571255,0.3010947704,-0.2806791663
ikflow,97,0.664229691,1.136014581,-1.382346988,-2.541987896,-1.115080595,1.447274208,-0.4849873781
ikflow,97,2.67013216,-0.265004009,2.894860506,-2.488791704,-1.540410519,0.5317802429,-0.2832207382
ikflow,97,0.687466085,1.271797776,-1.403705478,-2.549387217,-1.050958395,1.556359053,-0.5329268575
ikflow,97,1.014578938,-0.8922234774,-2.127533674,-2.53516531,1.962762713,0.09017189592,-2.330073118
ikflow,97,0.5168404579,0.7177941203,-1.242749214,-2.515121937,-1.294397354,1.084492207,-0.3571534455
ikflow,97,0.6650698781,1.173338294,-1.386135697,-2.542382717,-1.098732829,1.473844767,-0.4946110249
ikflow,97,-2.357621431,-1.762799978,1.714346647,-2.605306387,-0.727324903,1.944731355,-0.8025180101
ikflow,97,-0.8926877975,0.2593433261,0.1835453808,-2.488900185,-1.586059928,0.4440717399,-0.2594669461
ikflow,97,-2.381900549,-1.695261717,1.720566273,-2.588526487,-0.8231849074,1.857712746,-0.7265704274
ikflow,97,-0.8045838475,0.2543322146,0.09482854605,-2.488924503,-1.573590755,0.4655081034,-0.2641772032
ikflow,97,-0.7434638143,0.2562752068,0.03193819895,-2.488679886,-1.567157507,0.4819349051,-0.263153404
ikflow,97,0.6043917537,0.929489851,-1.328915715,-2.529668093,-1.212649345,1.27142179,-0.4134660065
ikflow,98,-1.977362752,-1.061843038,-0.9191333055,-2.083672047,-1.338955998,0.3396908343,-0.03830064461
ikflow,98,0.7574852705,0.6937841177,2.297783613,-2.136404276,-1.187177539,0.7448524833,-0.2225433737
ikflow,98,1.725373268,-0.5946495533,0.7453289032,-2.24296546,-0.6387206912,1.54135108,-0.7475437522
ikflow,98,1.743742704,-0.5893616676,0.7325863242,-2.245958567,-0.6491361856,1.543716669,-0.7437422276
ikflow,98,1.711507082,-0.6037189364,0.7542058229,-2.245666504,-0.6320552826,1.554112673,-0.7561650276
ikflow,98,1.405315876,-0.8418467045,0.9256526232,-2.273895502,-0.4331027865,1.694472909,-0.9432463646
ikflow,98,0.9601973891,-1.448637486,1.009902835,-2.290133476,0.1633341312,1.779716969,-1.506957889
ikflow,98,1.648611903,-0.6404827833,0.7934933901,-2.24894762,-0.5998145342,1.576351404,-0.7835666537
ikflow,98,-1.84633863,0.9644430876,-2.172264099,-2.28335619,-0.3156624138,1.745405436,-1.055932522
ikflow,98,-2.862675428,-0.4749566913,-0.5612932444,-2.167831182,-1.047887087,1.015429378,-0.3434510827
ikflow,98,0.59334445,0.5937761068,2.377062798,-2.147649288,-1.132189751,0.856233418,-0.2717149258
ikflow,98,-1.085584998,0.469650805,-2.631105423,-2.225937128,-0.7692936063,1.42624557,-0.6252353787
ikflow,98,-1.979716897,1.14892745,-2.138979197,-2.296102285,-0.1326118559,1.793692231,-1.221733212
ikflow,98,0.8412028551,0.7539666891,2.265357494,-2.127000809,-1.218341827,0.6774717569,-0.1924433559
ikflow,98,-2.476987839,-0.632766068,-0.8023480773,-2.139747381,-1.148825407,0.8119959831,-0.2487311065
ikflow,98,-1.864401102,0.9823140502,-2.167295933,-2.281968117,-0.2935024202,1.747934103,-1.070253253
ikflow,98,0.8345764875,0.7546641827,2.26989007,-2.131097794,-1.214076519,0.6845704317,-0.1874905974
ikflow,98,-1.808645606,0.9166783094,-2.187388182,-2.279204845,-0.3549078703,1.727853417,-1.014719963
ikflow,98,0.1954060048,0.4557437599,2.639359236,-2.173282862,-1.028801322,1.051856995,-0.3692123294
ikflow,98,-1.752442718,-1.315522432,-0.8584442139,-2.04850769,-1.431890011,0.0694797039,0.08925335854
ikflow,98,-2.166836023,-0.8684416413,-0.9117866158,-2.106654644,-1.257052898,0.5552759767,-0.1213308647
ikflow,98,-1.035455465,0.4553434253,-2.667201519,-2.222109556,-0.7809446454,1.406149507,-0.6086598039
ikflow,98,-1.740146399,0.8428885937,-2.215718985,-2.273218632,-0.4231128693,1.694205523,-0.9459497333
ikflow,98,2.047902584,-0.4684500992,0.5163674355,-2.223341942,-0.7628227472,1.427528024,-0.6213867664
ikflow,98,0.6850456595,0.6446360946,2.329365969,-2.141690493,-1.164426565,0.8007244468,-0.2438191473
ikflow,98,-1.617984533,0.729634285,-2.274857998,-2.261105776,-0.5251806974,1.638753891,-0.8532543182
ikflow,98,2.023268938,-0.4750790298,0.5368041992,-2.224746704,-0.7573009729,1.433921456,-0.6285105348
ikflow,98,0.5697354078,0.5813834667,2.390605688,-2.15038681,-1.126689196,0.8755747676,-0.2777913809
ikflow,98,0.6912735105,0.6504101753,2.326955557,-2.142242193,-1.165690303,0.7993915081,-0.2452287972
ikflow,98,-2.870161533,-0.4729483426,-0.5579972863,-2.167005777,-1.044428825,1.025755405,-0.3558310568
ikflow,98,-1.393186212,0.5856065154,-2.410045147,-2.244757175,-0.6568707824,1.534298778,-0.7300974131
ikflow,98,0.7329440117,0.6758974791,2.308709621,-2.138117313,-1.180398703,0.76677531,-0.2259568274
ikflow,98,-1.5578053,0.6821417809,-2.305729151,-2.256055117,-0.5735380054,1.603820562,-0.8020807505
ikflow,98,0.07427982241,0.4316498041,2.729963541,-2.176839352,-1.004340887,1.094887972,-0.3914108872
ikflow,98,0.598354876,0.5980804563,2.376191378,-2.148124456,-1.135944366,0.8571737409,-0.2658781111
ikflow,98,1.910783291,-0.5137117505,0.6172528267,-2.232751369,-0.7212585211,1.478835821,-0.6751839519
ikflow,98,1.452143431,-0.7949283123,0.9035577774,-2.26797843,-0.4647215009,1.672454238,-0.9133133888
ikflow,98,-2.064507484,1.272019148,-2.125681877,-2.296729088,-0.01727912016,1.804673076,-1.324660182
ikflow,98,0.8531450629,-1.61381197,0.9848138094,-2.282710552,0.3301822245,1.74419713,-1.659333229
ikflow,98,-1.051915407,0.4624246955,-2.655285597,-2.225602865,-0.7770065665,1.419839263,-0.6148287654
ikflow,98,-1.724874854,0.8260350227,-2.222517252,-2.270342112,-0.4387710989,1.684050202,-0.9393283129
ikflow,98,-2.036241293,-1.00312376,-0.9194554687,-2.096972942,-1.329143405,0.4120050967,-0.07309793681
ikflow,98,0.9735741019,-1.430372715,1.008975029,-2.290545225,0.152503565,1.781765461,-1.491827488
ikflow,98,-1.655195594,0.7595629096,-2.254466295,-2.261670828,-0.4986182749,1.650608897,-0.8795775771
ikflow,98,1.037522435,0.9317185283,2.223065615,-2.100485325,-1.287072897,0.4892646074,-0.1080088839
ikflow,98,1.055260777,0.951066494,2.223634243,-2.101754189,-1.294255614,0.4658392072,-0.09840209782
ikflow,98,-2.113232851,1.351641536,-2.125137806,-2.297464848,0.06047939882,1.803368807,-1.396259665
ikflow,98,1.068678856,-1.287472844,1.012606621,-2.297013998,0.003230878618,1.803182125,-1.352971554
ikflow,98,-1.979872227,1.147271156,-2.138222456,-2.29563427,-0.1312938482,1.795833707,-1.222754478
ikflow,98,1.073780656,0.9705985188,2.223739147,-2.097475052,-1.304994464,0.4507168233,-0.09445238113
ikflow,99,-2.603395939,-1.190470934,2.657586813,-1.715863347,-0.9055455327,0.7412139177,0.2878936231
ikflow,99,-2.841795206,-1.099133134,2.897300005,-1.691764235,-0.9891995788,0.6050075889,0.4452226758
ikflow,99,-2.231919527,-1.501293063,2.271494627,-1.775021672,-0.691413939,1.000488758,-0.001200336381
ikflow,99,-2.503829956,-1.264264584,2.553023338,-1.720577359,-0.8715786338,0.76806885,0.2184409499
ikflow,99,-2.025770903,-1.762799978,2.060064554,-1.801852345,-0.411799252,1.180294037,-0.3117771745
ikflow,99,-2.534385681,-1.224758387,2.596796751,-1.740998983,-0.9039518237,0.782301724,0.1910127103
ikflow,99,-2.848845005,-1.129776001,2.897300005,-1.668475986,-1.012151599,0.547948122,0.4744037986
ikflow,99,-2.626286983,-1.181459785,2.686056376,-1.71293807,-0.913726747,0.7048666477,0.2992774844
ikflow,99,-2.177998781,-1.555986047,2.225247622,-1.78905189,-0.6357434988,1.048778772,-0.06589537859
ikflow,99,-2.577211857,-1.237207651,2.6248281,-1.710746408,-0.9211046696,0.7135383487,0.2464775145
ikflow,99,-2.555148125,-1.24083972,2.60718441,-1.717099309,-0.9018970728,0.7265641093,0.2465286404
ikflow,99,-2.599413157,-1.182335019,2.657150507,-1.721031904,-0.9197415709,0.7368192077,0.2752245069
ikflow,99,-2.805608988,-1.124832273,2.874290705,-1.684879899,-1.00590694,0.6025624275,0.4058283269
ikflow,99,-2.55072546,-1.217504621,2.601195574,-1.727316618,-0.8596745133,0.8015320897,0.237184301
ikflow,99,-2.787620783,-1.137962699,2.840245247,-1.673223615,-0.9794957638,0.6214270592,0.4056533575
ikflow,99,-2.820575714,-1.096286654,2.897300005,-1.703620672,-1.026574016,0.6272118688,0.3955179453
ikflow,99,-2.788790941,-1.114197135,2.866471529,-1.700314879,-1.005812407,0.6269999743,0.3905816972
ikflow,99,-2.814836979,-1.126697898,2.875724077,-1.682296634,-1.026631117,0.6063686609,0.3662995696
ikflow,99,-2.59604454,-1.208079219,2.656249523,-1.719560742,-0.9289398193,0.7362222672,0.2158685029
ikflow,99,-2.817591667,-1.13237679,2.88011694,-1.682621956,-1.044296145,0.5910341144,0.3666931391
ikflow,99,-2.578172922,-1.210629463,2.639068604,-1.729337931,-0.9131212831,0.7582478523,0.2599748969
ikflow,99,-2.686429262,-1.175945163,2.751461744,-1.695737958,-0.9862033725,0.6414306164,0.3246615827
ikflow,99,-2.798892975,-1.122927427,2.867691755,-1.692470193,-1.007091522,0.6375008821,0.3705555201
ikflow,99,-2.340323448,-1.369979262,2.395673752,-1.77684617,-0.7771731615,0.920851171,0.08268425614
ikflow,99,-2.805937767,-1.115338206,2.881412745,-1.689261556,-1.011332035,0.6024478674,0.4259522855
ikflow,99,-2.784083843,-1.114649296,2.861242533,-1.702031374,-1.007818937,0.6507743001,0.3810047209
ikflow,99,-2.428603888,-1.315873981,2.476418257,-1.742867827,-0.8186386228,0.8506601453,0.1517607123
ikflow,99,1.004394531,1.718863726,-1.031636357,-1.710833073,-0.4405454099,1.019072413,-0.1853257567
ikflow,99,-2.779804945,-1.123125315,2.849800348,-1.696356773,-1.031135559,0.6142433286,0.3697411418
ikflow,99,-2.711334467,-1.135060191,2.778831482,-1.701403022,-0.9165961146,0.7006465793,0.3785075843
ikflow,99,-2.830415249,-1.132411718,2.878925562,-1.672033906,-1.005653024,0.5907488465,0.4099886715
ikflow,99,-2.270858765,-1.455221057,2.323340416,-1.770702481,-0.7273040414,0.9699386358,-0.00210269657
ikflow,99,-2.707710981,-1.161531806,2.768269062,-1.695086479,-0.9529368281,0.6755753756,0.3137954175
ikflow,99,-2.633779526,-1.216145754,2.679084063,-1.690183043,-0.9218877554,0.6837699413,0.2950242162
ikflow,99,-2.32000351,-1.418370724,2.369008541,-1.751933575,-0.7550784945,0.8968727589,0.07451888919
ikflow,99,-2.308159351,-1.403866053,2.353985548,-1.775297165,-0.7253360152,0.9503932595,-0.01286556851
ikflow,99,-2.406972885,-1.328630567,2.457795382,-1.740794182,-0.7990881205,0.866994381,0.1299647689
ikflow,99,-2.760379791,-1.143127322,2.819313049,-1.697248101,-0.9852360487,0.654797554,0.3590020835
ikflow,99,1.034702897,1.762799978,-1.086178899,-1.719596267,-0.3643278778,1.058067799,-0.2330756932
ikflow,99,-2.659673929,-1.162375569,2.728305578,-1.715010285,-0.9202567935,0.7071768641,0.2881500125
ikflow,99,-2.769940376,-1.149521947,2.832606077,-1.670409322,-0.9748826027,0.6141870022,0.4098060429
ikflow,99,-2.775312901,-1.115771651,2.850612402,-1.695711493,-0.9645627737,0.6601463556,0.3841147423
ikflow,99,-2.647650003,-1.198200107,2.702973127,-1.702204466,-0.9382693172,0.6881819963,0.3314797282
ikflow,99,-2.835103989,-1.118090272,2.890807629,-1.692728043,-1.017161369,0.6183555722,0.3736777306
ikflow,99,-2.434923649,-1.323969603,2.483002663,-1.734050274,-0.832095921,0.8247705698,0.1540686488
ikflow,99,1.059125543,1.762799978,-1.08231926,-1.748980641,-0.4139220417,1.09866178,-0.2287475616
ikflow,99,-2.699082613,-1.163661361,2.751597166,-1.697731853,-0.9397212863,0.6987010837,0.3159121275
ikflow,99,-2.523902893,-1.235039592,2.590591908,-1.733292222,-0.8886682987,0.7728463411,0.2253796756
ikflow,99,-2.043226004,-1.762799978,2.092885733,-1.819519043,-0.5308201313,1.177441835,-0.2727587819
ikflow,99,-2.162875175,-1.579867959,2.213756084,-1.804474592,-0.6584640741,1.081128955,-0.09017881751
