=== [0] shared open-world targets (neutral Halton, panda_hand frame) ===
[gen_targets] /home/plancher/Desktop/HJCD-IK/docs/open-tasks/paper-2026-10-03/hjcd/csrc/urdf/panda.urdf -> 'panda_hand_joint': 7 actuated joints on chain [scramble=cranley-patterson, seed=0, skip=0]
[gen_targets] wrote 100 targets:
  /home/plancher/Desktop/HJCD-IK/docs/open-tasks/paper-2026-10-03/hjcd/benchmark/targets/panda_open.json
  /home/plancher/Desktop/HJCD-IK/docs/open-tasks/paper-2026-10-03/hjcd/benchmark/targets/panda_open.yml
=== [0b] EE-frame equivalence check (installed backends) ===
/home/plancher/Desktop/HJCD-IK/docs/open-tasks/paper-2026-10-03/hjcd/.venv/lib/python3.12/site-packages/jkinpylib/utils.py:4: UserWarning: pkg_resources is deprecated as an API. See https://setuptools.pypa.io/en/latest/pkg_resources.html. The pkg_resources package is slated for removal as early as 2025-11-30. Refrain from using this package or pin to Setuptools<81.
  import pkg_resources
WorldModel::LoadRobot: /tmp/panda_arm_hand_formatted_link_filepaths_absolute.urdf
joint mimic: no multiplier, using default value of 1 
joint mimic: no offset, using default value of 0 
URDFParser: Link size: 17
URDFParser: Joint size: 12
Geometry: AnyCollisionGeometry3D::Transform(): Collision data structure will need to be reset (performance warning)
URDFParser: Done loading robot file /tmp/panda_arm_hand_formatted_link_filepaths_absolute.urdf
[check_ee_frames] reference = numpy FK to 'panda_hand_joint' (7 DoF, 8 configs)
  pyroki   PASS  max pos    0.000 mm   max ori 3.77e-07 rad
  curobo   PASS  max pos    0.000 mm   max ori 2.83e-07 rad
  ikflow   PASS  max pos    0.000 mm   max ori 0.00e+00 rad
[check_ee_frames] done.
=== [Table I] open-world, Panda ===
--- regen HJCD-IK to panda_hand frame (matches shared open-world targets) ---
/home/plancher/Desktop/HJCD-IK/docs/open-tasks/paper-2026-10-03/hjcd/external/GRiD/external/URDFParser/URDFParser.py:103: UserWarning: Link [panda_link0] does not have inertial properties. Assuming this is the fixed world base frame. Else there is an error with your URDF file.
  warnings.warn(
------------------------------------------
Assumed Input Joint Configuration Ordering
------------------------------------------
panda_joint1
panda_joint2
panda_joint3
panda_joint4
panda_joint5
panda_joint6
panda_joint7
------------------------------------------
Total of n = 7 dof
Total of n = 7 joints
Total of n = 8 links
------------------------------------------
Fixed Joints Found (if any):
------------------------------------------
right_gripper (id: 7, parent: panda_joint7)
panda_finger_joint2 (id: 8, parent: panda_joint7)
panda_finger_joint1 (id: 9, parent: panda_joint7)
panda_grasptarget_hand (id: 10, parent: panda_joint7)
panda_hand_joint (id: 11, parent: panda_joint7)
panda_joint8 (id: 12, parent: panda_joint7)
------------------------------------------
[generate_grid] robot=panda dof=7 target=panda_hand_joint
[generate_grid] EE_FIXED_FRAME_IDX = 11  (target 'panda_hand_joint')
[generate_grid] wrote /home/plancher/Desktop/HJCD-IK/docs/open-tasks/paper-2026-10-03/hjcd/csrc/generated/grid.cuh
ninja: Entering directory `build'
[0/1] Re-running CMake...
-- HJCD-IK: g++-10 not found; using default CUDA host compiler
-- HJCD-IK: CUDA architectures = native
-- Found pybind11: /home/plancher/Desktop/HJCD-IK/docs/open-tasks/paper-2026-10-03/hjcd/.venv/lib/python3.12/site-packages/pybind11/include (found version "3.1.0")
-- HJCD-IK: using GRiD header /home/plancher/Desktop/HJCD-IK/docs/open-tasks/paper-2026-10-03/hjcd/csrc/generated/grid.cuh
-- Configuring done (0.1s)
-- Generating done (0.0s)
-- Build files have been written to: /home/plancher/Desktop/HJCD-IK/docs/open-tasks/paper-2026-10-03/hjcd/build
[1/5] Building CXX object CMakeFiles/_hjcdik.dir/csrc/bindings/pybind_module.cpp.o
[2/5] Building CUDA object CMakeFiles/hjcdik_core.dir/csrc/kernel/hjcd_kernel.cu.o
[3/5] Linking CXX executable hjcdik
[4/5] Linking CXX shared module _hjcdik.cpython-312-x86_64-linux-gnu.so
installed build/_hjcdik.cpython-312-x86_64-linux-gnu.so -> /home/plancher/Desktop/HJCD-IK/docs/open-tasks/paper-2026-10-03/hjcd/.venv/lib/python3.12/site-packages/hjcdik/_hjcdik.cpython-312-x86_64-linux-gnu.so
import OK: /home/plancher/Desktop/HJCD-IK/docs/open-tasks/paper-2026-10-03/hjcd/hjcdik/__init__.py
--- HJCD-IK ---
[GRiD] skipping URDF codegen...
[build info] {'num_joints': 7, 'ee_target': 'panda_hand_joint', 'collision_enabled': False, 'grid_header_sha256': 'f560ff4ee646f2935df4fa68c42b5b364b4e1d5d2500ebc7e92669e336abb3cd', 'cuda_compiler_version': '13.2.86'}
[info] robot with 7 joints
[info] loaded 100 shared targets from /home/plancher/Desktop/HJCD-IK/docs/open-tasks/paper-2026-10-03/hjcd/benchmark/targets/panda_open.json
[info] running 100 targets, batches=[1, 10, 100, 1000, 2000], num_solutions=1, collision_free=False
[info] processed 0/100 targets
[info] processed 50/100 targets

==== Batch Summary (averages) ====
Batch Size 1:
  Time (ms): 3.302328
  Position Error: 2.797373e+00
  Orientation Error: 9.059847e-03
Batch Size 10:
  Time (ms): 2.042857
  Position Error: 5.774081e-05
  Orientation Error: 3.249056e-07
Batch Size 100:
  Time (ms): 1.649018
  Position Error: 1.760779e-05
  Orientation Error: 6.798148e-09
Batch Size 1000:
  Time (ms): 1.620147
  Position Error: 4.171205e-05
  Orientation Error: 3.170970e-09
Batch Size 2000:
  Time (ms): 1.646207
  Position Error: 2.538962e-05
  Orientation Error: 3.123591e-09
[OK] wrote CSV summary /home/plancher/Desktop/HJCD-IK/docs/open-tasks/paper-2026-10-03/paper_results_20261007T155203Z/open_hjcdik.csv

[OK] wrote /home/plancher/Desktop/HJCD-IK/docs/open-tasks/paper-2026-10-03/hjcd/results.yml with 500 query entries (100 targets x 5 batches; up to 1 solutions per query).
--- PyRoki ---
2026-10-07 11:52:32.241 | INFO     | jaxls._problem:analyze:237 - Building optimization problem with 2 terms and 1 variables: 2 costs, 0 eq_zero, 0 leq_zero, 0 geq_zero
2026-10-07 11:52:32.293 | INFO     | jaxls._problem:analyze:364 - Vectorizing group with 1 costs, 1 variables each: _pose_cost_analytical_jac
2026-10-07 11:52:32.306 | INFO     | jaxls._problem:analyze:364 - Vectorizing group with 1 costs, 1 variables each: limit_residual
2026-10-07 11:52:32.314 | INFO     | jaxls._problem:analyze:451 - Variable elimination: variable IDs are traced; solves will not use elimination
2026-10-07 11:52:32.816 | INFO     | jaxls._problem:analyze:237 - Building optimization problem with 2 terms and 1 variables: 2 costs, 0 eq_zero, 0 leq_zero, 0 geq_zero
2026-10-07 11:52:32.825 | INFO     | jaxls._problem:analyze:364 - Vectorizing group with 1 costs, 1 variables each: _pose_cost_analytical_jac
2026-10-07 11:52:32.829 | INFO     | jaxls._problem:analyze:364 - Vectorizing group with 1 costs, 1 variables each: limit_residual
2026-10-07 11:52:32.831 | INFO     | jaxls._problem:analyze:451 - Variable elimination: variable IDs are traced; solves will not use elimination
2026-10-07 11:52:35.542 | INFO     | jaxls._problem:analyze:237 - Building optimization problem with 2 terms and 1 variables: 2 costs, 0 eq_zero, 0 leq_zero, 0 geq_zero
2026-10-07 11:52:35.549 | INFO     | jaxls._problem:analyze:364 - Vectorizing group with 1 costs, 1 variables each: limit_residual
2026-10-07 11:52:35.559 | INFO     | jaxls._problem:analyze:364 - Vectorizing group with 1 costs, 1 variables each: _pose_cost_analytical_jac
2026-10-07 11:52:35.563 | INFO     | jaxls._problem:analyze:451 - Variable elimination: variable IDs are traced; solves will not use elimination
2026-10-07 11:52:35.898 | INFO     | jaxls._problem:analyze:237 - Building optimization problem with 2 terms and 1 variables: 2 costs, 0 eq_zero, 0 leq_zero, 0 geq_zero
2026-10-07 11:52:35.907 | INFO     | jaxls._problem:analyze:364 - Vectorizing group with 1 costs, 1 variables each: _pose_cost_analytical_jac
2026-10-07 11:52:35.914 | INFO     | jaxls._problem:analyze:364 - Vectorizing group with 1 costs, 1 variables each: limit_residual
2026-10-07 11:52:35.918 | INFO     | jaxls._problem:analyze:451 - Variable elimination: variable IDs are traced; solves will not use elimination
2026-10-07 11:52:39.285 | INFO     | jaxls._problem:analyze:237 - Building optimization problem with 2 terms and 1 variables: 2 costs, 0 eq_zero, 0 leq_zero, 0 geq_zero
2026-10-07 11:52:39.291 | INFO     | jaxls._problem:analyze:364 - Vectorizing group with 1 costs, 1 variables each: limit_residual
2026-10-07 11:52:39.302 | INFO     | jaxls._problem:analyze:364 - Vectorizing group with 1 costs, 1 variables each: _pose_cost_analytical_jac
2026-10-07 11:52:39.306 | INFO     | jaxls._problem:analyze:451 - Variable elimination: variable IDs are traced; solves will not use elimination
2026-10-07 11:52:39.638 | INFO     | jaxls._problem:analyze:237 - Building optimization problem with 2 terms and 1 variables: 2 costs, 0 eq_zero, 0 leq_zero, 0 geq_zero
2026-10-07 11:52:39.644 | INFO     | jaxls._problem:analyze:364 - Vectorizing group with 1 costs, 1 variables each: limit_residual
2026-10-07 11:52:39.652 | INFO     | jaxls._problem:analyze:364 - Vectorizing group with 1 costs, 1 variables each: _pose_cost_analytical_jac
2026-10-07 11:52:39.654 | INFO     | jaxls._problem:analyze:451 - Variable elimination: variable IDs are traced; solves will not use elimination
2026-10-07 11:52:43.054 | INFO     | jaxls._problem:analyze:237 - Building optimization problem with 2 terms and 1 variables: 2 costs, 0 eq_zero, 0 leq_zero, 0 geq_zero
2026-10-07 11:52:43.061 | INFO     | jaxls._problem:analyze:364 - Vectorizing group with 1 costs, 1 variables each: limit_residual
2026-10-07 11:52:43.072 | INFO     | jaxls._problem:analyze:364 - Vectorizing group with 1 costs, 1 variables each: _pose_cost_analytical_jac
2026-10-07 11:52:43.076 | INFO     | jaxls._problem:analyze:451 - Variable elimination: variable IDs are traced; solves will not use elimination
2026-10-07 11:52:43.410 | INFO     | jaxls._problem:analyze:237 - Building optimization problem with 2 terms and 1 variables: 2 costs, 0 eq_zero, 0 leq_zero, 0 geq_zero
2026-10-07 11:52:43.415 | INFO     | jaxls._problem:analyze:364 - Vectorizing group with 1 costs, 1 variables each: limit_residual
2026-10-07 11:52:43.424 | INFO     | jaxls._problem:analyze:364 - Vectorizing group with 1 costs, 1 variables each: _pose_cost_analytical_jac
2026-10-07 11:52:43.426 | INFO     | jaxls._problem:analyze:451 - Variable elimination: variable IDs are traced; solves will not use elimination
2026-10-07 11:52:47.007 | INFO     | jaxls._problem:analyze:237 - Building optimization problem with 2 terms and 1 variables: 2 costs, 0 eq_zero, 0 leq_zero, 0 geq_zero
2026-10-07 11:52:47.014 | INFO     | jaxls._problem:analyze:364 - Vectorizing group with 1 costs, 1 variables each: limit_residual
2026-10-07 11:52:47.025 | INFO     | jaxls._problem:analyze:364 - Vectorizing group with 1 costs, 1 variables each: _pose_cost_analytical_jac
2026-10-07 11:52:47.029 | INFO     | jaxls._problem:analyze:451 - Variable elimination: variable IDs are traced; solves will not use elimination
2026-10-07 11:52:47.366 | INFO     | jaxls._problem:analyze:237 - Building optimization problem with 2 terms and 1 variables: 2 costs, 0 eq_zero, 0 leq_zero, 0 geq_zero
2026-10-07 11:52:47.372 | INFO     | jaxls._problem:analyze:364 - Vectorizing group with 1 costs, 1 variables each: limit_residual
2026-10-07 11:52:47.380 | INFO     | jaxls._problem:analyze:364 - Vectorizing group with 1 costs, 1 variables each: _pose_cost_analytical_jac
2026-10-07 11:52:47.382 | INFO     | jaxls._problem:analyze:451 - Variable elimination: variable IDs are traced; solves will not use elimination
running...
  loading goals from /home/plancher/Desktop/HJCD-IK/docs/open-tasks/paper-2026-10-03/hjcd/benchmark/targets/panda_open.yml
  100 goals loaded
  pyroki num_seeds_init: 1
  pyroki num_seeds_init: 10
  pyroki num_seeds_init: 100
  pyroki num_seeds_init: 1000
  pyroki num_seeds_init: 2000
+----+---------------+--------------+----------+-----------+---------------+-----------------+-------------+-------------------+-----------------------+------------------+----------------+
|    |   problem_idx |   Batch-Size | solver   |   succ(%) |   IK-time(ms) |   Pos-Error(mm) |   Ori-Error |   pyroki-time(ms) |   pyroki-ori-err(rad) | collision_free   | success_both   |
+====+===============+==============+==========+===========+===============+=================+=============+===================+=======================+==================+================+
|  0 |             0 |            1 | pyroki   |         0 |       3.57151 |     256.186     | 0.134719    |           3.57151 |           0.134719    |                  |                |
+----+---------------+--------------+----------+-----------+---------------+-----------------+-------------+-------------------+-----------------------+------------------+----------------+
|  1 |             1 |            1 | pyroki   |         0 |       4.96101 |     340.507     | 0.374127    |           4.96101 |           0.374127    |                  |                |
+----+---------------+--------------+----------+-----------+---------------+-----------------+-------------+-------------------+-----------------------+------------------+----------------+
|  2 |             2 |            1 | pyroki   |         0 |       3.40223 |     305.063     | 0.464206    |           3.40223 |           0.464206    |                  |                |
+----+---------------+--------------+----------+-----------+---------------+-----------------+-------------+-------------------+-----------------------+------------------+----------------+
|  3 |             3 |            1 | pyroki   |         0 |       3.30257 |     292.4       | 0.27794     |           3.30257 |           0.27794     |                  |                |
+----+---------------+--------------+----------+-----------+---------------+-----------------+-------------+-------------------+-----------------------+------------------+----------------+
|  4 |             4 |            1 | pyroki   |         0 |       3.22533 |     247.714     | 0.759564    |           3.22533 |           0.759564    |                  |                |
+----+---------------+--------------+----------+-----------+---------------+-----------------+-------------+-------------------+-----------------------+------------------+----------------+
|  5 |             5 |            1 | pyroki   |         0 |       3.25084 |     155.947     | 0.0931228   |           3.25084 |           0.0931228   |                  |                |
+----+---------------+--------------+----------+-----------+---------------+-----------------+-------------+-------------------+-----------------------+------------------+----------------+
|  6 |             6 |            1 | pyroki   |         0 |       3.25298 |     439.228     | 0.288094    |           3.25298 |           0.288094    |                  |                |
+----+---------------+--------------+----------+-----------+---------------+-----------------+-------------+-------------------+-----------------------+------------------+----------------+
|  7 |             7 |            1 | pyroki   |         0 |       3.2289  |     439.693     | 0.0761209   |           3.2289  |           0.0761209   |                  |                |
+----+---------------+--------------+----------+-----------+---------------+-----------------+-------------+-------------------+-----------------------+------------------+----------------+
|  8 |             8 |            1 | pyroki   |       100 |       3.27802 |       0.785525  | 0.00274943  |           3.27802 |           0.00274943  |                  |                |
+----+---------------+--------------+----------+-----------+---------------+-----------------+-------------+-------------------+-----------------------+------------------+----------------+
|  9 |             9 |            1 | pyroki   |         0 |       3.24249 |      37.8301    | 0.180659    |           3.24249 |           0.180659    |                  |                |
+----+---------------+--------------+----------+-----------+---------------+-----------------+-------------+-------------------+-----------------------+------------------+----------------+
| 10 |            10 |            1 | pyroki   |         0 |       3.27706 |     865.44      | 0.363659    |           3.27706 |           0.363659    |                  |                |
+----+---------------+--------------+----------+-----------+---------------+-----------------+-------------+-------------------+-----------------------+------------------+----------------+
| 11 |            11 |            1 | pyroki   |         0 |       3.25751 |     269.78      | 0.366191    |           3.25751 |           0.366191    |                  |                |
+----+---------------+--------------+----------+-----------+---------------+-----------------+-------------+-------------------+-----------------------+------------------+----------------+
| 12 |            12 |            1 | pyroki   |         0 |       3.22866 |     369.692     | 0.896279    |           3.22866 |           0.896279    |                  |                |
+----+---------------+--------------+----------+-----------+---------------+-----------------+-------------+-------------------+-----------------------+------------------+----------------+
| 13 |            13 |            1 | pyroki   |         0 |       3.27015 |     400.663     | 0.229939    |           3.27015 |           0.229939    |                  |                |
+----+---------------+--------------+----------+-----------+---------------+-----------------+-------------+-------------------+-----------------------+------------------+----------------+
| 14 |            14 |            1 | pyroki   |         0 |       3.27539 |     434.222     | 0.454507    |           3.27539 |           0.454507    |                  |                |
+----+---------------+--------------+----------+-----------+---------------+-----------------+-------------+-------------------+-----------------------+------------------+----------------+
| 15 |            15 |            1 | pyroki   |         0 |       3.25203 |     484.977     | 0.595526    |           3.25203 |           0.595526    |                  |                |
+----+---------------+--------------+----------+-----------+---------------+-----------------+-------------+-------------------+-----------------------+------------------+----------------+
| 16 |            16 |            1 | pyroki   |         0 |       3.25441 |     662.945     | 0.35536     |           3.25441 |           0.35536     |                  |                |
+----+---------------+--------------+----------+-----------+---------------+-----------------+-------------+-------------------+-----------------------+------------------+----------------+
| 17 |            17 |            1 | pyroki   |         0 |       3.23176 |      95.9257    | 0.0975662   |           3.23176 |           0.0975662   |                  |                |
+----+---------------+--------------+----------+-----------+---------------+-----------------+-------------+-------------------+-----------------------+------------------+----------------+
| 18 |            18 |            1 | pyroki   |         0 |       3.26061 |     693.621     | 0.348651    |           3.26061 |           0.348651    |                  |                |
+----+---------------+--------------+----------+-----------+---------------+-----------------+-------------+-------------------+-----------------------+------------------+----------------+
| 19 |            19 |            1 | pyroki   |         0 |       3.25561 |     295.037     | 0.118756    |           3.25561 |           0.118756    |                  |                |
+----+---------------+--------------+----------+-----------+---------------+-----------------+-------------+-------------------+-----------------------+------------------+----------------+
| 20 |            20 |            1 | pyroki   |         0 |       3.30353 |     609.966     | 0.218474    |           3.30353 |           0.218474    |                  |                |
+----+---------------+--------------+----------+-----------+---------------+-----------------+-------------+-------------------+-----------------------+------------------+----------------+
| 21 |            21 |            1 | pyroki   |         0 |       3.26705 |     125.24      | 0.0846341   |           3.26705 |           0.0846341   |                  |                |
+----+---------------+--------------+----------+-----------+---------------+-----------------+-------------+-------------------+-----------------------+------------------+----------------+
| 22 |            22 |            1 | pyroki   |         0 |       3.24559 |      95.2633    | 0.0952788   |           3.24559 |           0.0952788   |                  |                |
+----+---------------+--------------+----------+-----------+---------------+-----------------+-------------+-------------------+-----------------------+------------------+----------------+
| 23 |            23 |            1 | pyroki   |         0 |       3.31068 |     332.9       | 0.0949641   |           3.31068 |           0.0949641   |                  |                |
+----+---------------+--------------+----------+-----------+---------------+-----------------+-------------+-------------------+-----------------------+------------------+----------------+
| 24 |            24 |            1 | pyroki   |       100 |       3.2537  |       0.0106207 | 6.40077e-06 |           3.2537  |           6.40077e-06 |                  |                |
+----+---------------+--------------+----------+-----------+---------------+-----------------+-------------+-------------------+-----------------------+------------------+----------------+
| 25 |            25 |            1 | pyroki   |         0 |       3.2773  |     502.347     | 0.452063    |           3.2773  |           0.452063    |                  |                |
+----+---------------+--------------+----------+-----------+---------------+-----------------+-------------+-------------------+-----------------------+------------------+----------------+
| 26 |            26 |            1 | pyroki   |         0 |       3.29041 |     319.435     | 0.173718    |           3.29041 |           0.173718    |                  |                |
+----+---------------+--------------+----------+-----------+---------------+-----------------+-------------+-------------------+-----------------------+------------------+----------------+
| 27 |            27 |            1 | pyroki   |         0 |       3.24202 |     668.68      | 0.344845    |           3.24202 |           0.344845    |                  |                |
+----+---------------+--------------+----------+-----------+---------------+-----------------+-------------+-------------------+-----------------------+------------------+----------------+
| 28 |            28 |            1 | pyroki   |         0 |       3.24917 |     122.038     | 0.175058    |           3.24917 |           0.175058    |                  |                |
+----+---------------+--------------+----------+-----------+---------------+-----------------+-------------+-------------------+-----------------------+------------------+----------------+
| 29 |            29 |            1 | pyroki   |         0 |       3.30544 |     634.898     | 0.33438     |           3.30544 |           0.33438     |                  |                |
+----+---------------+--------------+----------+-----------+---------------+-----------------+-------------+-------------------+-----------------------+------------------+----------------+
| 30 |            30 |            1 | pyroki   |         0 |       3.25966 |     715.34      | 0.389997    |           3.25966 |           0.389997    |                  |                |
+----+---------------+--------------+----------+-----------+---------------+-----------------+-------------+-------------------+-----------------------+------------------+----------------+
| 31 |            31 |            1 | pyroki   |         0 |       3.26347 |     667.607     | 0.887862    |           3.26347 |           0.887862    |                  |                |
+----+---------------+--------------+----------+-----------+---------------+-----------------+-------------+-------------------+-----------------------+------------------+----------------+
| 32 |            32 |            1 | pyroki   |         0 |       3.25489 |     203.925     | 0.453448    |           3.25489 |           0.453448    |                  |                |
+----+---------------+--------------+----------+-----------+---------------+-----------------+-------------+-------------------+-----------------------+------------------+----------------+
| 33 |            33 |            1 | pyroki   |         0 |       3.28493 |     205.643     | 0.043021    |           3.28493 |           0.043021    |                  |                |
+----+---------------+--------------+----------+-----------+---------------+-----------------+-------------+-------------------+-----------------------+------------------+----------------+
| 34 |            34 |            1 | pyroki   |       100 |       3.29256 |       0.81196   | 0.00223908  |           3.29256 |           0.00223908  |                  |                |
+----+---------------+--------------+----------+-----------+---------------+-----------------+-------------+-------------------+-----------------------+------------------+----------------+
| 35 |            35 |            1 | pyroki   |         0 |       3.28159 |     397.773     | 0.351509    |           3.28159 |           0.351509    |                  |                |
+----+---------------+--------------+----------+-----------+---------------+-----------------+-------------+-------------------+-----------------------+------------------+----------------+
| 36 |            36 |            1 | pyroki   |         0 |       3.25346 |     237.842     | 0.305313    |           3.25346 |           0.305313    |                  |                |
+----+---------------+--------------+----------+-----------+---------------+-----------------+-------------+-------------------+-----------------------+------------------+----------------+
| 37 |            37 |            1 | pyroki   |         0 |       3.27682 |     230.084     | 0.199251    |           3.27682 |           0.199251    |                  |                |
+----+---------------+--------------+----------+-----------+---------------+-----------------+-------------+-------------------+-----------------------+------------------+----------------+
| 38 |            38 |            1 | pyroki   |         0 |       3.28708 |     270.298     | 0.366454    |           3.28708 |           0.366454    |                  |                |
+----+---------------+--------------+----------+-----------+---------------+-----------------+-------------+-------------------+-----------------------+------------------+----------------+
| 39 |            39 |            1 | pyroki   |         0 |       3.23963 |     605.987     | 0.709799    |           3.23963 |           0.709799    |                  |                |
+----+---------------+--------------+----------+-----------+---------------+-----------------+-------------+-------------------+-----------------------+------------------+----------------+
| 40 |            40 |            1 | pyroki   |         0 |       3.2413  |     341.202     | 0.618406    |           3.2413  |           0.618406    |                  |                |
+----+---------------+--------------+----------+-----------+---------------+-----------------+-------------+-------------------+-----------------------+------------------+----------------+
| 41 |            41 |            1 | pyroki   |         0 |       3.27277 |     246.664     | 0.29013     |           3.27277 |           0.29013     |                  |                |
+----+---------------+--------------+----------+-----------+---------------+-----------------+-------------+-------------------+-----------------------+------------------+----------------+
| 42 |            42 |            1 | pyroki   |       100 |       3.2959  |       1.1742    | 0.00241856  |           3.2959  |           0.00241856  |                  |                |
+----+---------------+--------------+----------+-----------+---------------+-----------------+-------------+-------------------+-----------------------+------------------+----------------+
| 43 |            43 |            1 | pyroki   |         0 |       3.27682 |     800.794     | 0.403235    |           3.27682 |           0.403235    |                  |                |
+----+---------------+--------------+----------+-----------+---------------+-----------------+-------------+-------------------+-----------------------+------------------+----------------+
| 44 |            44 |            1 | pyroki   |         0 |       3.28398 |     157.991     | 0.38235     |           3.28398 |           0.38235     |                  |                |
+----+---------------+--------------+----------+-----------+---------------+-----------------+-------------+-------------------+-----------------------+------------------+----------------+
| 45 |            45 |            1 | pyroki   |       100 |       3.24941 |       2.47714   | 0.00109037  |           3.24941 |           0.00109037  |                  |                |
+----+---------------+--------------+----------+-----------+---------------+-----------------+-------------+-------------------+-----------------------+------------------+----------------+
| 46 |            46 |            1 | pyroki   |         0 |       3.24869 |     233.928     | 0.271011    |           3.24869 |           0.271011    |                  |                |
+----+---------------+--------------+----------+-----------+---------------+-----------------+-------------+-------------------+-----------------------+------------------+----------------+
| 47 |            47 |            1 | pyroki   |         0 |       3.28088 |      41.7947    | 0.0289889   |           3.28088 |           0.0289889   |                  |                |
+----+---------------+--------------+----------+-----------+---------------+-----------------+-------------+-------------------+-----------------------+------------------+----------------+
| 48 |            48 |            1 | pyroki   |         0 |       3.27873 |     220.707     | 0.238741    |           3.27873 |           0.238741    |                  |                |
+----+---------------+--------------+----------+-----------+---------------+-----------------+-------------+-------------------+-----------------------+------------------+----------------+
| 49 |            49 |            1 | pyroki   |         0 |       3.39723 |     397.595     | 0.381438    |           3.39723 |           0.381438    |                  |                |
+----+---------------+--------------+----------+-----------+---------------+-----------------+-------------+-------------------+-----------------------+------------------+----------------+
... (500 rows total)

============================================================
Averages by Batch Size
============================================================
+------------------+---------------+-----------------+-------------+-----------+---------------------+-------------------+
|                  |   IK-time(ms) |   Pos-Error(mm) |   Ori-Error |   succ(%) |   collision_free(%) |   success_both(%) |
+==================+===============+=================+=============+===========+=====================+===================+
| (1, 'pyroki')    |       3.29645 |   370.674       | 0.298023    |        10 |                 nan |               nan |
+------------------+---------------+-----------------+-------------+-----------+---------------------+-------------------+
| (10, 'pyroki')   |       5.6226  |     5.21645     | 0.0043343   |        95 |                 nan |               nan |
+------------------+---------------+-----------------+-------------+-----------+---------------------+-------------------+
| (100, 'pyroki')  |       6.01474 |     0.390315    | 0.000245139 |        99 |                 nan |               nan |
+------------------+---------------+-----------------+-------------+-----------+---------------------+-------------------+
| (1000, 'pyroki') |       7.04068 |     0.000108286 | 2.17142e-07 |       100 |                 nan |               nan |
+------------------+---------------+-----------------+-------------+-----------+---------------------+-------------------+
| (2000, 'pyroki') |       7.18934 |     0.000123971 | 2.37221e-07 |       100 |                 nan |               nan |
+------------------+---------------+-----------------+-------------+-----------+---------------------+-------------------+
============================================================

--- cuRobo ---
running...
  loading goals from /home/plancher/Desktop/HJCD-IK/docs/open-tasks/paper-2026-10-03/hjcd/benchmark/targets/panda_open.yml
  100 goals loaded
  curobo num_seeds: 1
  curobo num_seeds: 10
  curobo num_seeds: 100
  curobo num_seeds: 1000
  curobo num_seeds: 2000
+----+---------------+--------------+----------+-----------+---------------+-----------------+-------------+-------------------+-----------------------+------------------+----------------+
|    |   problem_idx |   Batch-Size | solver   |   succ(%) |   IK-time(ms) |   Pos-Error(mm) |   Ori-Error |   curobo-time(ms) |   curobo-ori-err(rad) | collision_free   | success_both   |
+====+===============+==============+==========+===========+===============+=================+=============+===================+=======================+==================+================+
|  0 |             0 |            1 | curobo   |       100 |       2.11596 |     3.332e-05   | 3.48184e-08 |           2.11596 |           3.48184e-08 |                  |                |
+----+---------------+--------------+----------+-----------+---------------+-----------------+-------------+-------------------+-----------------------+------------------+----------------+
|  1 |             1 |            1 | curobo   |       100 |       2.14243 |     3.72529e-05 | 5.78892e-08 |           2.14243 |           5.78892e-08 |                  |                |
+----+---------------+--------------+----------+-----------+---------------+-----------------+-------------+-------------------+-----------------------+------------------+----------------+
|  2 |             2 |            1 | curobo   |       100 |       2.14624 |     8.56007e-05 | 2.65314e-08 |           2.14624 |           2.65314e-08 |                  |                |
+----+---------------+--------------+----------+-----------+---------------+-----------------+-------------+-------------------+-----------------------+------------------+----------------+
|  3 |             3 |            1 | curobo   |       100 |       2.11668 |     8.46223e-05 | 7.71094e-08 |           2.11668 |           7.71094e-08 |                  |                |
+----+---------------+--------------+----------+-----------+---------------+-----------------+-------------+-------------------+-----------------------+------------------+----------------+
|  4 |             4 |            1 | curobo   |       100 |       2.13456 |     0.0872811   | 5.06062e-05 |           2.13456 |           5.06062e-05 |                  |                |
+----+---------------+--------------+----------+-----------+---------------+-----------------+-------------+-------------------+-----------------------+------------------+----------------+
|  5 |             5 |            1 | curobo   |         0 |     589.452   |     6.67441e-05 | 9.0707e-08  |         589.452   |           9.0707e-08  |                  |                |
+----+---------------+--------------+----------+-----------+---------------+-----------------+-------------+-------------------+-----------------------+------------------+----------------+
|  6 |             6 |            1 | curobo   |       100 |       2.27547 |     1.49012e-05 | 2.77038e-08 |           2.27547 |           2.77038e-08 |                  |                |
+----+---------------+--------------+----------+-----------+---------------+-----------------+-------------+-------------------+-----------------------+------------------+----------------+
|  7 |             7 |            1 | curobo   |       100 |       2.14815 |     7.26252e-05 | 5.76978e-08 |           2.14815 |           5.76978e-08 |                  |                |
+----+---------------+--------------+----------+-----------+---------------+-----------------+-------------+-------------------+-----------------------+------------------+----------------+
|  8 |             8 |            1 | curobo   |       100 |       2.12193 |     0.000107454 | 6.71748e-08 |           2.12193 |           6.71748e-08 |                  |                |
+----+---------------+--------------+----------+-----------+---------------+-----------------+-------------+-------------------+-----------------------+------------------+----------------+
|  9 |             9 |            1 | curobo   |       100 |       2.09546 |     8.33e-05    | 1.07496e-07 |           2.09546 |           1.07496e-07 |                  |                |
+----+---------------+--------------+----------+-----------+---------------+-----------------+-------------+-------------------+-----------------------+------------------+----------------+
| 10 |            10 |            1 | curobo   |       100 |       2.11859 |     4.21468e-05 | 1.05341e-07 |           2.11859 |           1.05341e-07 |                  |                |
+----+---------------+--------------+----------+-----------+---------------+-----------------+-------------+-------------------+-----------------------+------------------+----------------+
| 11 |            11 |            1 | curobo   |       100 |       2.10023 |     0.000171201 | 1.09902e-07 |           2.10023 |           1.09902e-07 |                  |                |
+----+---------------+--------------+----------+-----------+---------------+-----------------+-------------+-------------------+-----------------------+------------------+----------------+
| 12 |            12 |            1 | curobo   |       100 |       2.09117 |     2.98023e-05 | 3.17774e-08 |           2.09117 |           3.17774e-08 |                  |                |
+----+---------------+--------------+----------+-----------+---------------+-----------------+-------------+-------------------+-----------------------+------------------+----------------+
| 13 |            13 |            1 | curobo   |       100 |       2.13194 |     2.98023e-05 | 1.0496e-07  |           2.13194 |           1.0496e-07  |                  |                |
+----+---------------+--------------+----------+-----------+---------------+-----------------+-------------+-------------------+-----------------------+------------------+----------------+
| 14 |            14 |            1 | curobo   |       100 |       2.09212 |     8.46223e-05 | 6.32049e-08 |           2.09212 |           6.32049e-08 |                  |                |
+----+---------------+--------------+----------+-----------+---------------+-----------------+-------------+-------------------+-----------------------+------------------+----------------+
| 15 |            15 |            1 | curobo   |       100 |       2.09141 |     2.98023e-05 | 1.11816e-07 |           2.09141 |           1.11816e-07 |                  |                |
+----+---------------+--------------+----------+-----------+---------------+-----------------+-------------+-------------------+-----------------------+------------------+----------------+
| 16 |            16 |            1 | curobo   |       100 |       2.11406 |     8.42937e-05 | 1.53356e-07 |           2.11406 |           1.53356e-07 |                  |                |
+----+---------------+--------------+----------+-----------+---------------+-----------------+-------------+-------------------+-----------------------+------------------+----------------+
| 17 |            17 |            1 | curobo   |       100 |       2.10118 |     3.72529e-05 | 1.86874e-07 |           2.10118 |           1.86874e-07 |                  |                |
+----+---------------+--------------+----------+-----------+---------------+-----------------+-------------+-------------------+-----------------------+------------------+----------------+
| 18 |            18 |            1 | curobo   |       100 |       2.09498 |     0           | 1.27152e-07 |           2.09498 |           1.27152e-07 |                  |                |
+----+---------------+--------------+----------+-----------+---------------+-----------------+-------------+-------------------+-----------------------+------------------+----------------+
| 19 |            19 |            1 | curobo   |         0 |       7.5891  |     1.72267     | 0.00585381  |           7.5891  |           0.00585381  |                  |                |
+----+---------------+--------------+----------+-----------+---------------+-----------------+-------------+-------------------+-----------------------+------------------+----------------+
| 20 |            20 |            1 | curobo   |       100 |       2.11024 |     2.98023e-05 | 4.51511e-08 |           2.11024 |           4.51511e-08 |                  |                |
+----+---------------+--------------+----------+-----------+---------------+-----------------+-------------+-------------------+-----------------------+------------------+----------------+
| 21 |            21 |            1 | curobo   |       100 |       2.10595 |     1.666e-05   | 9.69614e-08 |           2.10595 |           9.69614e-08 |                  |                |
+----+---------------+--------------+----------+-----------+---------------+-----------------+-------------+-------------------+-----------------------+------------------+----------------+
| 22 |            22 |            1 | curobo   |       100 |       2.11596 |     0           | 8.57069e-08 |           2.11596 |           8.57069e-08 |                  |                |
+----+---------------+--------------+----------+-----------+---------------+-----------------+-------------+-------------------+-----------------------+------------------+----------------+
| 23 |            23 |            1 | curobo   |       100 |       2.10142 |     4.21468e-05 | 8.85503e-08 |           2.10142 |           8.85503e-08 |                  |                |
+----+---------------+--------------+----------+-----------+---------------+-----------------+-------------+-------------------+-----------------------+------------------+----------------+
| 24 |            24 |            1 | curobo   |       100 |       2.09785 |     0.000655651 | 2.03202e-07 |           2.09785 |           2.03202e-07 |                  |                |
+----+---------------+--------------+----------+-----------+---------------+-----------------+-------------+-------------------+-----------------------+------------------+----------------+
| 25 |            25 |            1 | curobo   |       100 |       2.09332 |     0.000136571 | 1.04792e-07 |           2.09332 |           1.04792e-07 |                  |                |
+----+---------------+--------------+----------+-----------+---------------+-----------------+-------------+-------------------+-----------------------+------------------+----------------+
| 26 |            26 |            1 | curobo   |         0 |       7.56001 |     1.666e-05   | 4.96579e-08 |           7.56001 |           4.96579e-08 |                  |                |
+----+---------------+--------------+----------+-----------+---------------+-----------------+-------------+-------------------+-----------------------+------------------+----------------+
| 27 |            27 |            1 | curobo   |       100 |       2.11096 |     2.81354e-05 | 7.03433e-08 |           2.11096 |           7.03433e-08 |                  |                |
+----+---------------+--------------+----------+-----------+---------------+-----------------+-------------+-------------------+-----------------------+------------------+----------------+
| 28 |            28 |            1 | curobo   |       100 |       2.12121 |     7.30005e-05 | 4.71782e-08 |           2.12121 |           4.71782e-08 |                  |                |
+----+---------------+--------------+----------+-----------+---------------+-----------------+-------------+-------------------+-----------------------+------------------+----------------+
| 29 |            29 |            1 | curobo   |       100 |       2.09165 |     7.45058e-05 | 1.10626e-07 |           2.09165 |           1.10626e-07 |                  |                |
+----+---------------+--------------+----------+-----------+---------------+-----------------+-------------+-------------------+-----------------------+------------------+----------------+
| 30 |            30 |            1 | curobo   |       100 |       2.10118 |     6.82857e-05 | 1.00108e-07 |           2.10118 |           1.00108e-07 |                  |                |
+----+---------------+--------------+----------+-----------+---------------+-----------------+-------------+-------------------+-----------------------+------------------+----------------+
| 31 |            31 |            1 | curobo   |       100 |       2.08545 |     8.97169e-05 | 9.41446e-08 |           2.08545 |           9.41446e-08 |                  |                |
+----+---------------+--------------+----------+-----------+---------------+-----------------+-------------+-------------------+-----------------------+------------------+----------------+
| 32 |            32 |            1 | curobo   |       100 |       2.12908 |     9.42432e-05 | 6.2443e-08  |           2.12908 |           6.2443e-08  |                  |                |
+----+---------------+--------------+----------+-----------+---------------+-----------------+-------------+-------------------+-----------------------+------------------+----------------+
| 33 |            33 |            1 | curobo   |         0 |       7.54285 |     1.666e-05   | 6.52052e-08 |           7.54285 |           6.52052e-08 |                  |                |
+----+---------------+--------------+----------+-----------+---------------+-----------------+-------------+-------------------+-----------------------+------------------+----------------+
| 34 |            34 |            1 | curobo   |       100 |       2.09713 |     3.332e-05   | 1.41299e-07 |           2.09713 |           1.41299e-07 |                  |                |
+----+---------------+--------------+----------+-----------+---------------+-----------------+-------------+-------------------+-----------------------+------------------+----------------+
| 35 |            35 |            1 | curobo   |       100 |       2.12932 |     0.000103238 | 4.8269e-08  |           2.12932 |           4.8269e-08  |                  |                |
+----+---------------+--------------+----------+-----------+---------------+-----------------+-------------+-------------------+-----------------------+------------------+----------------+
| 36 |            36 |            1 | curobo   |       100 |       2.11477 |     0           | 7.91717e-08 |           2.11477 |           7.91717e-08 |                  |                |
+----+---------------+--------------+----------+-----------+---------------+-----------------+-------------+-------------------+-----------------------+------------------+----------------+
| 37 |            37 |            1 | curobo   |       100 |       2.10309 |     8.56007e-05 | 1.66004e-07 |           2.10309 |           1.66004e-07 |                  |                |
+----+---------------+--------------+----------+-----------+---------------+-----------------+-------------+-------------------+-----------------------+------------------+----------------+
| 38 |            38 |            1 | curobo   |       100 |       2.10667 |     0.000178814 | 1.6319e-07  |           2.10667 |           1.6319e-07  |                  |                |
+----+---------------+--------------+----------+-----------+---------------+-----------------+-------------+-------------------+-----------------------+------------------+----------------+
| 39 |            39 |            1 | curobo   |       100 |       2.08735 |     1.49012e-05 | 7.98644e-08 |           2.08735 |           7.98644e-08 |                  |                |
+----+---------------+--------------+----------+-----------+---------------+-----------------+-------------+-------------------+-----------------------+------------------+----------------+
| 40 |            40 |            1 | curobo   |       100 |       2.11024 |     3.41555e-05 | 5.1946e-08  |           2.11024 |           5.1946e-08  |                  |                |
+----+---------------+--------------+----------+-----------+---------------+-----------------+-------------+-------------------+-----------------------+------------------+----------------+
| 41 |            41 |            1 | curobo   |         0 |       7.5264  |     3.1665e-05  | 1.0859e-07  |           7.5264  |           1.0859e-07  |                  |                |
+----+---------------+--------------+----------+-----------+---------------+-----------------+-------------+-------------------+-----------------------+------------------+----------------+
| 42 |            42 |            1 | curobo   |       100 |       2.1019  |     1.49012e-05 | 3.93159e-08 |           2.1019  |           3.93159e-08 |                  |                |
+----+---------------+--------------+----------+-----------+---------------+-----------------+-------------+-------------------+-----------------------+------------------+----------------+
| 43 |            43 |            1 | curobo   |       100 |       2.105   |     0           | 9.58274e-08 |           2.105   |           9.58274e-08 |                  |                |
+----+---------------+--------------+----------+-----------+---------------+-----------------+-------------+-------------------+-----------------------+------------------+----------------+
| 44 |            44 |            1 | curobo   |       100 |       2.10619 |     7.45058e-06 | 1.48808e-07 |           2.10619 |           1.48808e-07 |                  |                |
+----+---------------+--------------+----------+-----------+---------------+-----------------+-------------+-------------------+-----------------------+------------------+----------------+
| 45 |            45 |            1 | curobo   |       100 |       2.10547 |     6.82857e-05 | 1.09278e-07 |           2.10547 |           1.09278e-07 |                  |                |
+----+---------------+--------------+----------+-----------+---------------+-----------------+-------------+-------------------+-----------------------+------------------+----------------+
| 46 |            46 |            1 | curobo   |         0 |       7.42269 |     7.45058e-06 | 2.46723e-08 |           7.42269 |           2.46723e-08 |                  |                |
+----+---------------+--------------+----------+-----------+---------------+-----------------+-------------+-------------------+-----------------------+------------------+----------------+
| 47 |            47 |            1 | curobo   |         0 |       7.3154  |     3.07195e-05 | 1.42362e-08 |           7.3154  |           1.42362e-08 |                  |                |
+----+---------------+--------------+----------+-----------+---------------+-----------------+-------------+-------------------+-----------------------+------------------+----------------+
| 48 |            48 |            1 | curobo   |         0 |       7.44915 |     2.10734e-05 | 6.24001e-08 |           7.44915 |           6.24001e-08 |                  |                |
+----+---------------+--------------+----------+-----------+---------------+-----------------+-------------+-------------------+-----------------------+------------------+----------------+
| 49 |            49 |            1 | curobo   |       100 |       2.09761 |     7.30005e-05 | 3.61807e-08 |           2.09761 |           3.61807e-08 |                  |                |
+----+---------------+--------------+----------+-----------+---------------+-----------------+-------------+-------------------+-----------------------+------------------+----------------+
... (500 rows total)

============================================================
Averages by Batch Size
============================================================
+------------------+---------------+-----------------+-------------+-----------+---------------------+-------------------+
|                  |   IK-time(ms) |   Pos-Error(mm) |   Ori-Error |   succ(%) |   collision_free(%) |   success_both(%) |
+==================+===============+=================+=============+===========+=====================+===================+
| (1, 'curobo')    |       8.51873 |       0.0182269 | 5.91367e-05 |        89 |                 nan |               nan |
+------------------+---------------+-----------------+-------------+-----------+---------------------+-------------------+
| (10, 'curobo')   |       5.90345 |       0.0172882 | 6.22713e-05 |        93 |                 nan |               nan |
+------------------+---------------+-----------------+-------------+-----------+---------------------+-------------------+
| (100, 'curobo')  |       5.92897 |       0.0178341 | 5.54055e-05 |        93 |                 nan |               nan |
+------------------+---------------+-----------------+-------------+-----------+---------------------+-------------------+
| (1000, 'curobo') |       6.13954 |       0.020896  | 0.000124251 |        93 |                 nan |               nan |
+------------------+---------------+-----------------+-------------+-----------+---------------------+-------------------+
| (2000, 'curobo') |       6.35348 |       0.0208883 | 0.00012425  |        93 |                 nan |               nan |
+------------------+---------------+-----------------+-------------+-----------+---------------------+-------------------+
============================================================

--- IKFlow ---
/home/plancher/Desktop/HJCD-IK/docs/open-tasks/paper-2026-10-03/hjcd/.venv/lib/python3.12/site-packages/jkinpylib/utils.py:4: UserWarning: pkg_resources is deprecated as an API. See https://setuptools.pypa.io/en/latest/pkg_resources.html. The pkg_resources package is slated for removal as early as 2025-11-30. Refrain from using this package or pin to Setuptools<81.
  import pkg_resources
WorldModel::LoadRobot: /tmp/panda_arm_hand_formatted_link_filepaths_absolute.urdf
joint mimic: no multiplier, using default value of 1 
joint mimic: no offset, using default value of 0 
URDFParser: Link size: 17
URDFParser: Joint size: 12
Geometry: AnyCollisionGeometry3D::Transform(): Collision data structure will need to be reset (performance warning)
URDFParser: Done loading robot file /tmp/panda_arm_hand_formatted_link_filepaths_absolute.urdf
  ikflow n=1
  ikflow n=10
  ikflow n=100
  ikflow n=1000
  ikflow n=2000
[OK] wrote /home/plancher/Desktop/HJCD-IK/docs/open-tasks/paper-2026-10-03/paper_results_20261007T155203Z/open_ikflow.csv (500 rows)
=== [Table I] open-world, Fetch (EE = ee_link, zero offset) ===
[gen_targets] csrc/urdf/fetch.urdf -> 'ee_fixed': 7 actuated joints on chain [scramble=digit-permutation, seed=0, skip=0]
[gen_targets] wrote 100 targets:
  /home/plancher/Desktop/HJCD-IK/docs/open-tasks/paper-2026-10-03/hjcd/benchmark/targets/fetch_open.json
  /home/plancher/Desktop/HJCD-IK/docs/open-tasks/paper-2026-10-03/hjcd/benchmark/targets/fetch_open.yml
------------------------------------------
Assumed Input Joint Configuration Ordering
------------------------------------------
shoulder_pan_joint
shoulder_lift_joint
upperarm_roll_joint
elbow_flex_joint
forearm_roll_joint
wrist_flex_joint
wrist_roll_joint
------------------------------------------
Total of n = 7 dof
Total of n = 7 joints
Total of n = 8 links
------------------------------------------
Fixed Joints Found (if any):
------------------------------------------
ee_fixed (id: 7, parent: wrist_roll_joint)
------------------------------------------
[generate_grid] robot=fetch_arm_no_helpers dof=7 target=ee_fixed
[generate_grid] EE_FIXED_FRAME_IDX = 7  (target 'ee_fixed')
[generate_grid] wrote /home/plancher/Desktop/HJCD-IK/docs/open-tasks/paper-2026-10-03/hjcd/csrc/generated/grid.cuh
ninja: Entering directory `build'
[0/1] Re-running CMake...
-- HJCD-IK: g++-10 not found; using default CUDA host compiler
-- HJCD-IK: CUDA architectures = native
-- Found pybind11: /home/plancher/Desktop/HJCD-IK/docs/open-tasks/paper-2026-10-03/hjcd/.venv/lib/python3.12/site-packages/pybind11/include (found version "3.1.0")
-- HJCD-IK: using GRiD header /home/plancher/Desktop/HJCD-IK/docs/open-tasks/paper-2026-10-03/hjcd/csrc/generated/grid.cuh
-- Configuring done (0.1s)
-- Generating done (0.0s)
-- Build files have been written to: /home/plancher/Desktop/HJCD-IK/docs/open-tasks/paper-2026-10-03/hjcd/build
[1/5] Building CXX object CMakeFiles/_hjcdik.dir/csrc/bindings/pybind_module.cpp.o
[2/5] Building CUDA object CMakeFiles/hjcdik_core.dir/csrc/kernel/hjcd_kernel.cu.o
[3/5] Linking CXX executable hjcdik
[4/5] Linking CXX shared module _hjcdik.cpython-312-x86_64-linux-gnu.so
installed build/_hjcdik.cpython-312-x86_64-linux-gnu.so -> /home/plancher/Desktop/HJCD-IK/docs/open-tasks/paper-2026-10-03/hjcd/.venv/lib/python3.12/site-packages/hjcdik/_hjcdik.cpython-312-x86_64-linux-gnu.so
import OK: /home/plancher/Desktop/HJCD-IK/docs/open-tasks/paper-2026-10-03/hjcd/hjcdik/__init__.py
[GRiD] skipping URDF codegen...
[build info] {'num_joints': 7, 'ee_target': 'ee_fixed', 'collision_enabled': False, 'grid_header_sha256': '72d0a97486e31d37cc73d9f66b3d7b9367be5f86cf67345378d47cd712f564d6', 'cuda_compiler_version': '13.2.86'}
[info] robot with 7 joints
[info] loaded 100 shared targets from /home/plancher/Desktop/HJCD-IK/docs/open-tasks/paper-2026-10-03/hjcd/benchmark/targets/fetch_open.json
[info] running 100 targets, batches=[1, 10, 100, 1000, 2000], num_solutions=1, collision_free=False
[info] processed 0/100 targets
[info] processed 50/100 targets

==== Batch Summary (averages) ====
Batch Size 1:
  Time (ms): 1.097243
  Position Error: 5.295737e-03
  Orientation Error: 1.154801e-05
Batch Size 10:
  Time (ms): 0.941713
  Position Error: 1.256351e-06
  Orientation Error: 1.880764e-09
Batch Size 100:
  Time (ms): 0.833903
  Position Error: 7.695292e-07
  Orientation Error: 1.168180e-09
Batch Size 1000:
  Time (ms): 0.814863
  Position Error: 9.569272e-07
  Orientation Error: 1.471329e-09
Batch Size 2000:
  Time (ms): 0.843375
  Position Error: 1.038949e-06
  Orientation Error: 1.253956e-09
[OK] wrote CSV summary /home/plancher/Desktop/HJCD-IK/docs/open-tasks/paper-2026-10-03/paper_results_20261007T155203Z/fetch_open_hjcdik.csv

[OK] wrote /home/plancher/Desktop/HJCD-IK/docs/open-tasks/paper-2026-10-03/hjcd/results.yml with 500 query entries (100 targets x 5 batches; up to 1 solutions per query).
2026-10-07 11:53:31.575 | INFO     | jaxls._problem:analyze:237 - Building optimization problem with 2 terms and 1 variables: 2 costs, 0 eq_zero, 0 leq_zero, 0 geq_zero
2026-10-07 11:53:31.629 | INFO     | jaxls._problem:analyze:364 - Vectorizing group with 1 costs, 1 variables each: _pose_cost_analytical_jac
2026-10-07 11:53:31.643 | INFO     | jaxls._problem:analyze:364 - Vectorizing group with 1 costs, 1 variables each: limit_residual
2026-10-07 11:53:31.651 | INFO     | jaxls._problem:analyze:451 - Variable elimination: variable IDs are traced; solves will not use elimination
2026-10-07 11:53:32.162 | INFO     | jaxls._problem:analyze:237 - Building optimization problem with 2 terms and 1 variables: 2 costs, 0 eq_zero, 0 leq_zero, 0 geq_zero
2026-10-07 11:53:32.171 | INFO     | jaxls._problem:analyze:364 - Vectorizing group with 1 costs, 1 variables each: _pose_cost_analytical_jac
2026-10-07 11:53:32.176 | INFO     | jaxls._problem:analyze:364 - Vectorizing group with 1 costs, 1 variables each: limit_residual
2026-10-07 11:53:32.178 | INFO     | jaxls._problem:analyze:451 - Variable elimination: variable IDs are traced; solves will not use elimination
2026-10-07 11:53:34.841 | INFO     | jaxls._problem:analyze:237 - Building optimization problem with 2 terms and 1 variables: 2 costs, 0 eq_zero, 0 leq_zero, 0 geq_zero
2026-10-07 11:53:34.848 | INFO     | jaxls._problem:analyze:364 - Vectorizing group with 1 costs, 1 variables each: limit_residual
2026-10-07 11:53:34.859 | INFO     | jaxls._problem:analyze:364 - Vectorizing group with 1 costs, 1 variables each: _pose_cost_analytical_jac
2026-10-07 11:53:34.862 | INFO     | jaxls._problem:analyze:451 - Variable elimination: variable IDs are traced; solves will not use elimination
2026-10-07 11:53:35.197 | INFO     | jaxls._problem:analyze:237 - Building optimization problem with 2 terms and 1 variables: 2 costs, 0 eq_zero, 0 leq_zero, 0 geq_zero
2026-10-07 11:53:35.206 | INFO     | jaxls._problem:analyze:364 - Vectorizing group with 1 costs, 1 variables each: _pose_cost_analytical_jac
2026-10-07 11:53:35.213 | INFO     | jaxls._problem:analyze:364 - Vectorizing group with 1 costs, 1 variables each: limit_residual
2026-10-07 11:53:35.217 | INFO     | jaxls._problem:analyze:451 - Variable elimination: variable IDs are traced; solves will not use elimination
2026-10-07 11:53:38.142 | INFO     | jaxls._problem:analyze:237 - Building optimization problem with 2 terms and 1 variables: 2 costs, 0 eq_zero, 0 leq_zero, 0 geq_zero
2026-10-07 11:53:38.149 | INFO     | jaxls._problem:analyze:364 - Vectorizing group with 1 costs, 1 variables each: limit_residual
2026-10-07 11:53:38.159 | INFO     | jaxls._problem:analyze:364 - Vectorizing group with 1 costs, 1 variables each: _pose_cost_analytical_jac
2026-10-07 11:53:38.163 | INFO     | jaxls._problem:analyze:451 - Variable elimination: variable IDs are traced; solves will not use elimination
2026-10-07 11:53:38.494 | INFO     | jaxls._problem:analyze:237 - Building optimization problem with 2 terms and 1 variables: 2 costs, 0 eq_zero, 0 leq_zero, 0 geq_zero
2026-10-07 11:53:38.503 | INFO     | jaxls._problem:analyze:364 - Vectorizing group with 1 costs, 1 variables each: _pose_cost_analytical_jac
2026-10-07 11:53:38.508 | INFO     | jaxls._problem:analyze:364 - Vectorizing group with 1 costs, 1 variables each: limit_residual
2026-10-07 11:53:38.510 | INFO     | jaxls._problem:analyze:451 - Variable elimination: variable IDs are traced; solves will not use elimination
2026-10-07 11:53:41.522 | INFO     | jaxls._problem:analyze:237 - Building optimization problem with 2 terms and 1 variables: 2 costs, 0 eq_zero, 0 leq_zero, 0 geq_zero
2026-10-07 11:53:41.533 | INFO     | jaxls._problem:analyze:364 - Vectorizing group with 1 costs, 1 variables each: _pose_cost_analytical_jac
2026-10-07 11:53:41.540 | INFO     | jaxls._problem:analyze:364 - Vectorizing group with 1 costs, 1 variables each: limit_residual
2026-10-07 11:53:41.544 | INFO     | jaxls._problem:analyze:451 - Variable elimination: variable IDs are traced; solves will not use elimination
2026-10-07 11:53:41.878 | INFO     | jaxls._problem:analyze:237 - Building optimization problem with 2 terms and 1 variables: 2 costs, 0 eq_zero, 0 leq_zero, 0 geq_zero
2026-10-07 11:53:41.883 | INFO     | jaxls._problem:analyze:364 - Vectorizing group with 1 costs, 1 variables each: limit_residual
2026-10-07 11:53:41.892 | INFO     | jaxls._problem:analyze:364 - Vectorizing group with 1 costs, 1 variables each: _pose_cost_analytical_jac
2026-10-07 11:53:41.894 | INFO     | jaxls._problem:analyze:451 - Variable elimination: variable IDs are traced; solves will not use elimination
2026-10-07 11:53:45.126 | INFO     | jaxls._problem:analyze:237 - Building optimization problem with 2 terms and 1 variables: 2 costs, 0 eq_zero, 0 leq_zero, 0 geq_zero
2026-10-07 11:53:45.136 | INFO     | jaxls._problem:analyze:364 - Vectorizing group with 1 costs, 1 variables each: _pose_cost_analytical_jac
2026-10-07 11:53:45.143 | INFO     | jaxls._problem:analyze:364 - Vectorizing group with 1 costs, 1 variables each: limit_residual
2026-10-07 11:53:45.147 | INFO     | jaxls._problem:analyze:451 - Variable elimination: variable IDs are traced; solves will not use elimination
2026-10-07 11:53:45.485 | INFO     | jaxls._problem:analyze:237 - Building optimization problem with 2 terms and 1 variables: 2 costs, 0 eq_zero, 0 leq_zero, 0 geq_zero
2026-10-07 11:53:45.491 | INFO     | jaxls._problem:analyze:364 - Vectorizing group with 1 costs, 1 variables each: limit_residual
2026-10-07 11:53:45.499 | INFO     | jaxls._problem:analyze:364 - Vectorizing group with 1 costs, 1 variables each: _pose_cost_analytical_jac
2026-10-07 11:53:45.501 | INFO     | jaxls._problem:analyze:451 - Variable elimination: variable IDs are traced; solves will not use elimination
running...
  loading goals from /home/plancher/Desktop/HJCD-IK/docs/open-tasks/paper-2026-10-03/hjcd/benchmark/targets/fetch_open.yml
  100 goals loaded
  pyroki num_seeds_init: 1
  pyroki num_seeds_init: 10
  pyroki num_seeds_init: 100
  pyroki num_seeds_init: 1000
  pyroki num_seeds_init: 2000
+----+---------------+--------------+----------+-----------+---------------+-----------------+-------------+-------------------+-----------------------+------------------+----------------+
|    |   problem_idx |   Batch-Size | solver   |   succ(%) |   IK-time(ms) |   Pos-Error(mm) |   Ori-Error |   pyroki-time(ms) |   pyroki-ori-err(rad) | collision_free   | success_both   |
+====+===============+==============+==========+===========+===============+=================+=============+===================+=======================+==================+================+
|  0 |             0 |            1 | pyroki   |         0 |       3.28898 |   502.494       | 0.436541    |           3.28898 |           0.436541    |                  |                |
+----+---------------+--------------+----------+-----------+---------------+-----------------+-------------+-------------------+-----------------------+------------------+----------------+
|  1 |             1 |            1 | pyroki   |         0 |       4.53782 |   345.947       | 0.840614    |           4.53782 |           0.840614    |                  |                |
+----+---------------+--------------+----------+-----------+---------------+-----------------+-------------+-------------------+-----------------------+------------------+----------------+
|  2 |             2 |            1 | pyroki   |         0 |       2.86293 |  1081.45        | 1.5699      |           2.86293 |           1.5699      |                  |                |
+----+---------------+--------------+----------+-----------+---------------+-----------------+-------------+-------------------+-----------------------+------------------+----------------+
|  3 |             3 |            1 | pyroki   |         0 |       2.83527 |   102.582       | 0.021915    |           2.83527 |           0.021915    |                  |                |
+----+---------------+--------------+----------+-----------+---------------+-----------------+-------------+-------------------+-----------------------+------------------+----------------+
|  4 |             4 |            1 | pyroki   |         0 |       2.79117 |   356.306       | 0.31445     |           2.79117 |           0.31445     |                  |                |
+----+---------------+--------------+----------+-----------+---------------+-----------------+-------------+-------------------+-----------------------+------------------+----------------+
|  5 |             5 |            1 | pyroki   |       100 |       2.82693 |     4.19095e-05 | 0           |           2.82693 |           0           |                  |                |
+----+---------------+--------------+----------+-----------+---------------+-----------------+-------------+-------------------+-----------------------+------------------+----------------+
|  6 |             6 |            1 | pyroki   |         0 |       2.80905 |   375.099       | 0.280816    |           2.80905 |           0.280816    |                  |                |
+----+---------------+--------------+----------+-----------+---------------+-----------------+-------------+-------------------+-----------------------+------------------+----------------+
|  7 |             7 |            1 | pyroki   |         0 |       2.77233 |   256.863       | 1.42966     |           2.77233 |           1.42966     |                  |                |
+----+---------------+--------------+----------+-----------+---------------+-----------------+-------------+-------------------+-----------------------+------------------+----------------+
|  8 |             8 |            1 | pyroki   |         0 |       2.79117 |   463.229       | 0.2434      |           2.79117 |           0.2434      |                  |                |
+----+---------------+--------------+----------+-----------+---------------+-----------------+-------------+-------------------+-----------------------+------------------+----------------+
|  9 |             9 |            1 | pyroki   |         0 |       2.79808 |   155.821       | 0.126231    |           2.79808 |           0.126231    |                  |                |
+----+---------------+--------------+----------+-----------+---------------+-----------------+-------------+-------------------+-----------------------+------------------+----------------+
| 10 |            10 |            1 | pyroki   |         0 |       2.78139 |   657.784       | 2.37357     |           2.78139 |           2.37357     |                  |                |
+----+---------------+--------------+----------+-----------+---------------+-----------------+-------------+-------------------+-----------------------+------------------+----------------+
| 11 |            11 |            1 | pyroki   |         0 |       2.88916 |   382.55        | 0.109438    |           2.88916 |           0.109438    |                  |                |
+----+---------------+--------------+----------+-----------+---------------+-----------------+-------------+-------------------+-----------------------+------------------+----------------+
| 12 |            12 |            1 | pyroki   |         0 |       2.77233 |   200.199       | 0.21003     |           2.77233 |           0.21003     |                  |                |
+----+---------------+--------------+----------+-----------+---------------+-----------------+-------------+-------------------+-----------------------+------------------+----------------+
| 13 |            13 |            1 | pyroki   |         0 |       2.77996 |   231.536       | 0.0532247   |           2.77996 |           0.0532247   |                  |                |
+----+---------------+--------------+----------+-----------+---------------+-----------------+-------------+-------------------+-----------------------+------------------+----------------+
| 14 |            14 |            1 | pyroki   |         0 |       2.76327 |   449.6         | 0.267021    |           2.76327 |           0.267021    |                  |                |
+----+---------------+--------------+----------+-----------+---------------+-----------------+-------------+-------------------+-----------------------+------------------+----------------+
| 15 |            15 |            1 | pyroki   |         0 |       2.78401 |   298.556       | 0.348186    |           2.78401 |           0.348186    |                  |                |
+----+---------------+--------------+----------+-----------+---------------+-----------------+-------------+-------------------+-----------------------+------------------+----------------+
| 16 |            16 |            1 | pyroki   |         0 |       2.79474 |   129.945       | 0.00688644  |           2.79474 |           0.00688644  |                  |                |
+----+---------------+--------------+----------+-----------+---------------+-----------------+-------------+-------------------+-----------------------+------------------+----------------+
| 17 |            17 |            1 | pyroki   |         0 |       2.79236 |   450.287       | 1.00157     |           2.79236 |           1.00157     |                  |                |
+----+---------------+--------------+----------+-----------+---------------+-----------------+-------------+-------------------+-----------------------+------------------+----------------+
| 18 |            18 |            1 | pyroki   |         0 |       2.81024 |   192.816       | 0.106872    |           2.81024 |           0.106872    |                  |                |
+----+---------------+--------------+----------+-----------+---------------+-----------------+-------------+-------------------+-----------------------+------------------+----------------+
| 19 |            19 |            1 | pyroki   |         0 |       2.77352 |   233.684       | 0.301971    |           2.77352 |           0.301971    |                  |                |
+----+---------------+--------------+----------+-----------+---------------+-----------------+-------------+-------------------+-----------------------+------------------+----------------+
| 20 |            20 |            1 | pyroki   |       100 |       2.82335 |     1.666e-05   | 5.96047e-08 |           2.82335 |           5.96047e-08 |                  |                |
+----+---------------+--------------+----------+-----------+---------------+-----------------+-------------+-------------------+-----------------------+------------------+----------------+
| 21 |            21 |            1 | pyroki   |         0 |       2.94352 |   410.873       | 0.0632531   |           2.94352 |           0.0632531   |                  |                |
+----+---------------+--------------+----------+-----------+---------------+-----------------+-------------+-------------------+-----------------------+------------------+----------------+
| 22 |            22 |            1 | pyroki   |         0 |       2.90155 |   851.61        | 0.807523    |           2.90155 |           0.807523    |                  |                |
+----+---------------+--------------+----------+-----------+---------------+-----------------+-------------+-------------------+-----------------------+------------------+----------------+
| 23 |            23 |            1 | pyroki   |         0 |       2.7585  |   121.971       | 0.398394    |           2.7585  |           0.398394    |                  |                |
+----+---------------+--------------+----------+-----------+---------------+-----------------+-------------+-------------------+-----------------------+------------------+----------------+
| 24 |            24 |            1 | pyroki   |         0 |       2.77042 |   447.975       | 0.281977    |           2.77042 |           0.281977    |                  |                |
+----+---------------+--------------+----------+-----------+---------------+-----------------+-------------+-------------------+-----------------------+------------------+----------------+
| 25 |            25 |            1 | pyroki   |         0 |       2.77925 |   409.633       | 2.0298      |           2.77925 |           2.0298      |                  |                |
+----+---------------+--------------+----------+-----------+---------------+-----------------+-------------+-------------------+-----------------------+------------------+----------------+
| 26 |            26 |            1 | pyroki   |         0 |       2.8162  |   463.677       | 2.05151     |           2.8162  |           2.05151     |                  |                |
+----+---------------+--------------+----------+-----------+---------------+-----------------+-------------+-------------------+-----------------------+------------------+----------------+
| 27 |            27 |            1 | pyroki   |         0 |       2.78759 |   361.727       | 0.357752    |           2.78759 |           0.357752    |                  |                |
+----+---------------+--------------+----------+-----------+---------------+-----------------+-------------+-------------------+-----------------------+------------------+----------------+
| 28 |            28 |            1 | pyroki   |         0 |       2.77591 |    97.1498      | 0.0308904   |           2.77591 |           0.0308904   |                  |                |
+----+---------------+--------------+----------+-----------+---------------+-----------------+-------------+-------------------+-----------------------+------------------+----------------+
| 29 |            29 |            1 | pyroki   |         0 |       2.7616  |   851.894       | 1.05502     |           2.7616  |           1.05502     |                  |                |
+----+---------------+--------------+----------+-----------+---------------+-----------------+-------------+-------------------+-----------------------+------------------+----------------+
| 30 |            30 |            1 | pyroki   |         0 |       2.76279 |   646.173       | 2.49821     |           2.76279 |           2.49821     |                  |                |
+----+---------------+--------------+----------+-----------+---------------+-----------------+-------------+-------------------+-----------------------+------------------+----------------+
| 31 |            31 |            1 | pyroki   |         0 |       2.73299 |   452.825       | 0.121384    |           2.73299 |           0.121384    |                  |                |
+----+---------------+--------------+----------+-----------+---------------+-----------------+-------------+-------------------+-----------------------+------------------+----------------+
| 32 |            32 |            1 | pyroki   |         0 |       2.77591 |   363.961       | 0.459036    |           2.77591 |           0.459036    |                  |                |
+----+---------------+--------------+----------+-----------+---------------+-----------------+-------------+-------------------+-----------------------+------------------+----------------+
| 33 |            33 |            1 | pyroki   |         0 |       2.7709  |    55.2677      | 0.0201573   |           2.7709  |           0.0201573   |                  |                |
+----+---------------+--------------+----------+-----------+---------------+-----------------+-------------+-------------------+-----------------------+------------------+----------------+
| 34 |            34 |            1 | pyroki   |         0 |       2.90298 |   847.157       | 1.7762      |           2.90298 |           1.7762      |                  |                |
+----+---------------+--------------+----------+-----------+---------------+-----------------+-------------+-------------------+-----------------------+------------------+----------------+
| 35 |            35 |            1 | pyroki   |         0 |       2.79427 |   652.873       | 1.1901      |           2.79427 |           1.1901      |                  |                |
+----+---------------+--------------+----------+-----------+---------------+-----------------+-------------+-------------------+-----------------------+------------------+----------------+
| 36 |            36 |            1 | pyroki   |         0 |       2.74396 |   879.523       | 1.81366     |           2.74396 |           1.81366     |                  |                |
+----+---------------+--------------+----------+-----------+---------------+-----------------+-------------+-------------------+-----------------------+------------------+----------------+
| 37 |            37 |            1 | pyroki   |         0 |       2.7709  |   868.699       | 1.1534      |           2.7709  |           1.1534      |                  |                |
+----+---------------+--------------+----------+-----------+---------------+-----------------+-------------+-------------------+-----------------------+------------------+----------------+
| 38 |            38 |            1 | pyroki   |       100 |       2.76232 |     1.33122     | 0.000639498 |           2.76232 |           0.000639498 |                  |                |
+----+---------------+--------------+----------+-----------+---------------+-----------------+-------------+-------------------+-----------------------+------------------+----------------+
| 39 |            39 |            1 | pyroki   |         0 |       2.75207 |   285.776       | 2.32461     |           2.75207 |           2.32461     |                  |                |
+----+---------------+--------------+----------+-----------+---------------+-----------------+-------------+-------------------+-----------------------+------------------+----------------+
| 40 |            40 |            1 | pyroki   |         0 |       2.75826 |   458.672       | 0.499716    |           2.75826 |           0.499716    |                  |                |
+----+---------------+--------------+----------+-----------+---------------+-----------------+-------------+-------------------+-----------------------+------------------+----------------+
| 41 |            41 |            1 | pyroki   |         0 |       2.78211 |   523.771       | 0.469518    |           2.78211 |           0.469518    |                  |                |
+----+---------------+--------------+----------+-----------+---------------+-----------------+-------------+-------------------+-----------------------+------------------+----------------+
| 42 |            42 |            1 | pyroki   |         0 |       2.74944 |   170.299       | 0.0167989   |           2.74944 |           0.0167989   |                  |                |
+----+---------------+--------------+----------+-----------+---------------+-----------------+-------------+-------------------+-----------------------+------------------+----------------+
| 43 |            43 |            1 | pyroki   |         0 |       2.77042 |   174.052       | 0.0533616   |           2.77042 |           0.0533616   |                  |                |
+----+---------------+--------------+----------+-----------+---------------+-----------------+-------------+-------------------+-----------------------+------------------+----------------+
| 44 |            44 |            1 | pyroki   |         0 |       2.79021 |   497.203       | 0.269858    |           2.79021 |           0.269858    |                  |                |
+----+---------------+--------------+----------+-----------+---------------+-----------------+-------------+-------------------+-----------------------+------------------+----------------+
| 45 |            45 |            1 | pyroki   |         0 |       2.8007  |   219.677       | 0.0259943   |           2.8007  |           0.0259943   |                  |                |
+----+---------------+--------------+----------+-----------+---------------+-----------------+-------------+-------------------+-----------------------+------------------+----------------+
| 46 |            46 |            1 | pyroki   |         0 |       2.77781 |   801.136       | 2.52003     |           2.77781 |           2.52003     |                  |                |
+----+---------------+--------------+----------+-----------+---------------+-----------------+-------------+-------------------+-----------------------+------------------+----------------+
| 47 |            47 |            1 | pyroki   |         0 |       2.78473 |   140.371       | 0.0304298   |           2.78473 |           0.0304298   |                  |                |
+----+---------------+--------------+----------+-----------+---------------+-----------------+-------------+-------------------+-----------------------+------------------+----------------+
| 48 |            48 |            1 | pyroki   |         0 |       2.76852 |   298.962       | 0.26973     |           2.76852 |           0.26973     |                  |                |
+----+---------------+--------------+----------+-----------+---------------+-----------------+-------------+-------------------+-----------------------+------------------+----------------+
| 49 |            49 |            1 | pyroki   |         0 |       2.77472 |   226.594       | 0.0594025   |           2.77472 |           0.0594025   |                  |                |
+----+---------------+--------------+----------+-----------+---------------+-----------------+-------------+-------------------+-----------------------+------------------+----------------+
... (500 rows total)

============================================================
Averages by Batch Size
============================================================
+------------------+---------------+-----------------+-------------+-----------+---------------------+-------------------+
|                  |   IK-time(ms) |   Pos-Error(mm) |   Ori-Error |   succ(%) |   collision_free(%) |   success_both(%) |
+==================+===============+=================+=============+===========+=====================+===================+
| (1, 'pyroki')    |       2.80778 |   409.953       | 0.761781    |         5 |                 nan |               nan |
+------------------+---------------+-----------------+-------------+-----------+---------------------+-------------------+
| (10, 'pyroki')   |       4.86484 |     3.27054e-05 | 2.85637e-08 |       100 |                 nan |               nan |
+------------------+---------------+-----------------+-------------+-----------+---------------------+-------------------+
| (100, 'pyroki')  |       5.12918 |     2.8189e-05  | 2.85543e-08 |       100 |                 nan |               nan |
+------------------+---------------+-----------------+-------------+-----------+---------------------+-------------------+
| (1000, 'pyroki') |       5.96806 |     2.994e-05   | 2.8545e-08  |       100 |                 nan |               nan |
+------------------+---------------+-----------------+-------------+-----------+---------------------+-------------------+
| (2000, 'pyroki') |       6.04053 |     2.92039e-05 | 2.89548e-08 |       100 |                 nan |               nan |
+------------------+---------------+-----------------+-------------+-----------+---------------------+-------------------+
============================================================

running...
  loading goals from /home/plancher/Desktop/HJCD-IK/docs/open-tasks/paper-2026-10-03/hjcd/benchmark/targets/fetch_open.yml
  100 goals loaded
  curobo num_seeds: 1
  curobo num_seeds: 10
  curobo num_seeds: 100
  curobo num_seeds: 1000
  curobo num_seeds: 2000
+----+---------------+--------------+----------+-----------+---------------+-----------------+-------------+-------------------+-----------------------+------------------+----------------+
|    |   problem_idx |   Batch-Size | solver   |   succ(%) |   IK-time(ms) |   Pos-Error(mm) |   Ori-Error |   curobo-time(ms) |   curobo-ori-err(rad) | collision_free   | success_both   |
+====+===============+==============+==========+===========+===============+=================+=============+===================+=======================+==================+================+
|  0 |             0 |            1 | curobo   |       100 |       1.83415 |     2.98023e-05 | 2.088e-08   |           1.83415 |           2.088e-08   |                  |                |
+----+---------------+--------------+----------+-----------+---------------+-----------------+-------------+-------------------+-----------------------+------------------+----------------+
|  1 |             1 |            1 | curobo   |       100 |       1.83368 |     0           | 4.67275e-08 |           1.83368 |           4.67275e-08 |                  |                |
+----+---------------+--------------+----------+-----------+---------------+-----------------+-------------+-------------------+-----------------------+------------------+----------------+
|  2 |             2 |            1 | curobo   |       100 |       1.81365 |     0           | 3.93242e-08 |           1.81365 |           3.93242e-08 |                  |                |
+----+---------------+--------------+----------+-----------+---------------+-----------------+-------------+-------------------+-----------------------+------------------+----------------+
|  3 |             3 |            1 | curobo   |       100 |       1.82343 |     3.00343e-05 | 8.13452e-09 |           1.82343 |           8.13452e-09 |                  |                |
+----+---------------+--------------+----------+-----------+---------------+-----------------+-------------+-------------------+-----------------------+------------------+----------------+
|  4 |             4 |            1 | curobo   |       100 |       1.80674 |     1.86265e-05 | 1.16094e-09 |           1.80674 |           1.16094e-09 |                  |                |
+----+---------------+--------------+----------+-----------+---------------+-----------------+-------------+-------------------+-----------------------+------------------+----------------+
|  5 |             5 |            1 | curobo   |       100 |       1.82295 |     2.45876e-05 | 2.61603e-08 |           1.82295 |           2.61603e-08 |                  |                |
+----+---------------+--------------+----------+-----------+---------------+-----------------+-------------+-------------------+-----------------------+------------------+----------------+
|  6 |             6 |            1 | curobo   |       100 |       1.81985 |     5.63739e-05 | 3.36054e-09 |           1.81985 |           3.36054e-09 |                  |                |
+----+---------------+--------------+----------+-----------+---------------+-----------------+-------------+-------------------+-----------------------+------------------+----------------+
|  7 |             7 |            1 | curobo   |       100 |       1.81866 |     4.47035e-05 | 3.96369e-08 |           1.81866 |           3.96369e-08 |                  |                |
+----+---------------+--------------+----------+-----------+---------------+-----------------+-------------+-------------------+-----------------------+------------------+----------------+
|  8 |             8 |            1 | curobo   |       100 |       1.82915 |     1.49012e-05 | 2.51108e-08 |           1.82915 |           2.51108e-08 |                  |                |
+----+---------------+--------------+----------+-----------+---------------+-----------------+-------------+-------------------+-----------------------+------------------+----------------+
|  9 |             9 |            1 | curobo   |       100 |       1.80483 |     2.32831e-05 | 9.10113e-09 |           1.80483 |           9.10113e-09 |                  |                |
+----+---------------+--------------+----------+-----------+---------------+-----------------+-------------+-------------------+-----------------------+------------------+----------------+
| 10 |            10 |            1 | curobo   |       100 |       1.82724 |     4.21468e-05 | 1.17387e-09 |           1.82724 |           1.17387e-09 |                  |                |
+----+---------------+--------------+----------+-----------+---------------+-----------------+-------------+-------------------+-----------------------+------------------+----------------+
| 11 |            11 |            1 | curobo   |       100 |       1.80984 |     2.98023e-05 | 2.15821e-08 |           1.80984 |           2.15821e-08 |                  |                |
+----+---------------+--------------+----------+-----------+---------------+-----------------+-------------+-------------------+-----------------------+------------------+----------------+
| 12 |            12 |            1 | curobo   |       100 |       1.83654 |     4.71216e-05 | 5.67934e-09 |           1.83654 |           5.67934e-09 |                  |                |
+----+---------------+--------------+----------+-----------+---------------+-----------------+-------------+-------------------+-----------------------+------------------+----------------+
| 13 |            13 |            1 | curobo   |       100 |       1.8301  |     4.21468e-05 | 2.01137e-08 |           1.8301  |           2.01137e-08 |                  |                |
+----+---------------+--------------+----------+-----------+---------------+-----------------+-------------+-------------------+-----------------------+------------------+----------------+
| 14 |            14 |            1 | curobo   |       100 |       1.81723 |     3.332e-05   | 3.2209e-08  |           1.81723 |           3.2209e-08  |                  |                |
+----+---------------+--------------+----------+-----------+---------------+-----------------+-------------+-------------------+-----------------------+------------------+----------------+
| 15 |            15 |            1 | curobo   |       100 |       1.81913 |     0           | 1.00412e-08 |           1.81913 |           1.00412e-08 |                  |                |
+----+---------------+--------------+----------+-----------+---------------+-----------------+-------------+-------------------+-----------------------+------------------+----------------+
| 16 |            16 |            1 | curobo   |       100 |       1.79291 |     2.98023e-05 | 1.21856e-08 |           1.79291 |           1.21856e-08 |                  |                |
+----+---------------+--------------+----------+-----------+---------------+-----------------+-------------+-------------------+-----------------------+------------------+----------------+
| 17 |            17 |            1 | curobo   |       100 |       1.80769 |     0           | 5.25589e-08 |           1.80769 |           5.25589e-08 |                  |                |
+----+---------------+--------------+----------+-----------+---------------+-----------------+-------------+-------------------+-----------------------+------------------+----------------+
| 18 |            18 |            1 | curobo   |       100 |       1.80674 |     3.00343e-05 | 8.02837e-09 |           1.80674 |           8.02837e-09 |                  |                |
+----+---------------+--------------+----------+-----------+---------------+-----------------+-------------+-------------------+-----------------------+------------------+----------------+
| 19 |            19 |            1 | curobo   |       100 |       1.80173 |     0           | 2.47552e-08 |           1.80173 |           2.47552e-08 |                  |                |
+----+---------------+--------------+----------+-----------+---------------+-----------------+-------------+-------------------+-----------------------+------------------+----------------+
| 20 |            20 |            1 | curobo   |       100 |       1.81174 |     5.26836e-05 | 7.62094e-09 |           1.81174 |           7.62094e-09 |                  |                |
+----+---------------+--------------+----------+-----------+---------------+-----------------+-------------+-------------------+-----------------------+------------------+----------------+
| 21 |            21 |            1 | curobo   |       100 |       1.82223 |     2.98023e-05 | 1.20573e-08 |           1.82223 |           1.20573e-08 |                  |                |
+----+---------------+--------------+----------+-----------+---------------+-----------------+-------------+-------------------+-----------------------+------------------+----------------+
| 22 |            22 |            1 | curobo   |       100 |       1.791   |     1.49012e-05 | 6.33227e-09 |           1.791   |           6.33227e-09 |                  |                |
+----+---------------+--------------+----------+-----------+---------------+-----------------+-------------+-------------------+-----------------------+------------------+----------------+
| 23 |            23 |            1 | curobo   |       100 |       1.827   |     9.31323e-06 | 1.27393e-08 |           1.827   |           1.27393e-08 |                  |                |
+----+---------------+--------------+----------+-----------+---------------+-----------------+-------------+-------------------+-----------------------+------------------+----------------+
| 24 |            24 |            1 | curobo   |       100 |       1.82152 |     5.96046e-05 | 2.62756e-09 |           1.82152 |           2.62756e-09 |                  |                |
+----+---------------+--------------+----------+-----------+---------------+-----------------+-------------+-------------------+-----------------------+------------------+----------------+
| 25 |            25 |            1 | curobo   |       100 |       1.78671 |     5.58794e-06 | 1.27727e-08 |           1.78671 |           1.27727e-08 |                  |                |
+----+---------------+--------------+----------+-----------+---------------+-----------------+-------------+-------------------+-----------------------+------------------+----------------+
| 26 |            26 |            1 | curobo   |       100 |       1.80268 |     3.72529e-05 | 6.28712e-08 |           1.80268 |           6.28712e-08 |                  |                |
+----+---------------+--------------+----------+-----------+---------------+-----------------+-------------+-------------------+-----------------------+------------------+----------------+
| 27 |            27 |            1 | curobo   |       100 |       1.81007 |     0           | 2.83157e-09 |           1.81007 |           2.83157e-09 |                  |                |
+----+---------------+--------------+----------+-----------+---------------+-----------------+-------------+-------------------+-----------------------+------------------+----------------+
| 28 |            28 |            1 | curobo   |       100 |       1.79744 |     0           | 7.04826e-09 |           1.79744 |           7.04826e-09 |                  |                |
+----+---------------+--------------+----------+-----------+---------------+-----------------+-------------+-------------------+-----------------------+------------------+----------------+
| 29 |            29 |            1 | curobo   |       100 |       1.78909 |     2.98023e-05 | 2.06362e-08 |           1.78909 |           2.06362e-08 |                  |                |
+----+---------------+--------------+----------+-----------+---------------+-----------------+-------------+-------------------+-----------------------+------------------+----------------+
| 30 |            30 |            1 | curobo   |       100 |       1.8003  |     0           | 3.5022e-08  |           1.8003  |           3.5022e-08  |                  |                |
+----+---------------+--------------+----------+-----------+---------------+-----------------+-------------+-------------------+-----------------------+------------------+----------------+
| 31 |            31 |            1 | curobo   |       100 |       1.79744 |     5.96046e-05 | 1.04146e-08 |           1.79744 |           1.04146e-08 |                  |                |
+----+---------------+--------------+----------+-----------+---------------+-----------------+-------------+-------------------+-----------------------+------------------+----------------+
| 32 |            32 |            1 | curobo   |       100 |       1.79482 |     1.49012e-05 | 4.50147e-08 |           1.79482 |           4.50147e-08 |                  |                |
+----+---------------+--------------+----------+-----------+---------------+-----------------+-------------+-------------------+-----------------------+------------------+----------------+
| 33 |            33 |            1 | curobo   |       100 |       1.81103 |     5.50348e-05 | 5.77557e-08 |           1.81103 |           5.77557e-08 |                  |                |
+----+---------------+--------------+----------+-----------+---------------+-----------------+-------------+-------------------+-----------------------+------------------+----------------+
| 34 |            34 |            1 | curobo   |       100 |       1.80626 |     2.98023e-05 | 1.25203e-08 |           1.80626 |           1.25203e-08 |                  |                |
+----+---------------+--------------+----------+-----------+---------------+-----------------+-------------+-------------------+-----------------------+------------------+----------------+
| 35 |            35 |            1 | curobo   |       100 |       1.8065  |     4.7707e-05  | 2.56024e-08 |           1.8065  |           2.56024e-08 |                  |                |
+----+---------------+--------------+----------+-----------+---------------+-----------------+-------------+-------------------+-----------------------+------------------+----------------+
| 36 |            36 |            1 | curobo   |       100 |       1.81484 |     0           | 1.95533e-09 |           1.81484 |           1.95533e-09 |                  |                |
+----+---------------+--------------+----------+-----------+---------------+-----------------+-------------+-------------------+-----------------------+------------------+----------------+
| 37 |            37 |            1 | curobo   |       100 |       1.80387 |     1.49012e-05 | 3.76298e-08 |           1.80387 |           3.76298e-08 |                  |                |
+----+---------------+--------------+----------+-----------+---------------+-----------------+-------------+-------------------+-----------------------+------------------+----------------+
| 38 |            38 |            1 | curobo   |       100 |       1.80221 |     1.11759e-05 | 5.70589e-09 |           1.80221 |           5.70589e-09 |                  |                |
+----+---------------+--------------+----------+-----------+---------------+-----------------+-------------+-------------------+-----------------------+------------------+----------------+
| 39 |            39 |            1 | curobo   |       100 |       1.81532 |     3.332e-05   | 9.44616e-08 |           1.81532 |           9.44616e-08 |                  |                |
+----+---------------+--------------+----------+-----------+---------------+-----------------+-------------+-------------------+-----------------------+------------------+----------------+
| 40 |            40 |            1 | curobo   |       100 |       1.81103 |     1.666e-05   | 2.30838e-08 |           1.81103 |           2.30838e-08 |                  |                |
+----+---------------+--------------+----------+-----------+---------------+-----------------+-------------+-------------------+-----------------------+------------------+----------------+
| 41 |            41 |            1 | curobo   |       100 |       1.81079 |     7.45058e-06 | 1.89796e-08 |           1.81079 |           1.89796e-08 |                  |                |
+----+---------------+--------------+----------+-----------+---------------+-----------------+-------------+-------------------+-----------------------+------------------+----------------+
| 42 |            42 |            1 | curobo   |       100 |       1.80578 |     3.332e-05   | 5.1368e-08  |           1.80578 |           5.1368e-08  |                  |                |
+----+---------------+--------------+----------+-----------+---------------+-----------------+-------------+-------------------+-----------------------+------------------+----------------+
| 43 |            43 |            1 | curobo   |       100 |       1.81293 |     2.98023e-05 | 2.29938e-08 |           1.81293 |           2.29938e-08 |                  |                |
+----+---------------+--------------+----------+-----------+---------------+-----------------+-------------+-------------------+-----------------------+------------------+----------------+
| 44 |            44 |            1 | curobo   |       100 |       1.80721 |     0           | 2.71875e-08 |           1.80721 |           2.71875e-08 |                  |                |
+----+---------------+--------------+----------+-----------+---------------+-----------------+-------------+-------------------+-----------------------+------------------+----------------+
| 45 |            45 |            1 | curobo   |       100 |       1.79529 |     0           | 2.97068e-08 |           1.79529 |           2.97068e-08 |                  |                |
+----+---------------+--------------+----------+-----------+---------------+-----------------+-------------+-------------------+-----------------------+------------------+----------------+
| 46 |            46 |            1 | curobo   |       100 |       1.79911 |     3.332e-05   | 3.48939e-09 |           1.79911 |           3.48939e-09 |                  |                |
+----+---------------+--------------+----------+-----------+---------------+-----------------+-------------+-------------------+-----------------------+------------------+----------------+
| 47 |            47 |            1 | curobo   |       100 |       1.80316 |     3.332e-05   | 9.11587e-09 |           1.80316 |           9.11587e-09 |                  |                |
+----+---------------+--------------+----------+-----------+---------------+-----------------+-------------+-------------------+-----------------------+------------------+----------------+
| 48 |            48 |            1 | curobo   |       100 |       1.79672 |     0           | 1.06916e-08 |           1.79672 |           1.06916e-08 |                  |                |
+----+---------------+--------------+----------+-----------+---------------+-----------------+-------------+-------------------+-----------------------+------------------+----------------+
| 49 |            49 |            1 | curobo   |       100 |       1.79076 |     4.21468e-05 | 1.05566e-08 |           1.79076 |           1.05566e-08 |                  |                |
+----+---------------+--------------+----------+-----------+---------------+-----------------+-------------+-------------------+-----------------------+------------------+----------------+
... (500 rows total)

============================================================
Averages by Batch Size
============================================================
+------------------+---------------+-----------------+-------------+-----------+---------------------+-------------------+
|                  |   IK-time(ms) |   Pos-Error(mm) |   Ori-Error |   succ(%) |   collision_free(%) |   success_both(%) |
+==================+===============+=================+=============+===========+=====================+===================+
| (1, 'curobo')    |       1.80927 |     2.57095e-05 | 2.02795e-08 |       100 |                 nan |               nan |
+------------------+---------------+-----------------+-------------+-----------+---------------------+-------------------+
| (10, 'curobo')   |       1.81534 |     2.57095e-05 | 2.02795e-08 |       100 |                 nan |               nan |
+------------------+---------------+-----------------+-------------+-----------+---------------------+-------------------+
| (100, 'curobo')  |       1.89993 |     9.54232e-06 | 1.34782e-08 |       100 |                 nan |               nan |
+------------------+---------------+-----------------+-------------+-----------+---------------------+-------------------+
| (1000, 'curobo') |       2.02324 |     1.68222e-06 | 1.0946e-08  |       100 |                 nan |               nan |
+------------------+---------------+-----------------+-------------+-----------+---------------------+-------------------+
| (2000, 'curobo') |       2.10308 |     1.60772e-06 | 1.04245e-08 |       100 |                 nan |               nan |
+------------------+---------------+-----------------+-------------+-----------+---------------------+-------------------+
============================================================

/home/plancher/Desktop/HJCD-IK/docs/open-tasks/paper-2026-10-03/hjcd/.venv/lib/python3.12/site-packages/jkinpylib/utils.py:4: UserWarning: pkg_resources is deprecated as an API. See https://setuptools.pypa.io/en/latest/pkg_resources.html. The pkg_resources package is slated for removal as early as 2025-11-30. Refrain from using this package or pin to Setuptools<81.
  import pkg_resources
WorldModel::LoadRobot: /tmp/fetch_formatted_link_filepaths_absolute.urdf
joint limit: no lower, defaults to 0
joint limit: no upper, defaults to 0
joint limit: no lower, defaults to 0
joint limit: no upper, defaults to 0
URDFParser: joint dynamics: no friction, defaults to 0
URDFParser: joint dynamics: no friction, defaults to 0
URDFParser: joint dynamics: no friction, defaults to 0
joint limit: no lower, defaults to 0
joint limit: no upper, defaults to 0
URDFParser: joint dynamics: no friction, defaults to 0
URDFParser: joint dynamics: no friction, defaults to 0
joint limit: no lower, defaults to 0
joint limit: no upper, defaults to 0
URDFParser: joint dynamics: no friction, defaults to 0
URDFParser: joint dynamics: no friction, defaults to 0
joint limit: no lower, defaults to 0
joint limit: no upper, defaults to 0
URDFParser: joint dynamics: no friction, defaults to 0
URDFParser: joint dynamics: no friction, defaults to 0
URDFParser: joint dynamics: no friction, defaults to 0
URDFParser: Link size: 30
URDFParser: Joint size: 25
URDFParser: Done loading robot file /tmp/fetch_formatted_link_filepaths_absolute.urdf
Heads up: Setting joint limits to [-pi, pi] for continuous joint 'r_wheel_joint'
Heads up: Setting joint limits to [-pi, pi] for continuous joint 'l_wheel_joint'
Heads up: Setting joint limits to [-pi, pi] for continuous joint 'upperarm_roll_joint'
Heads up: Setting joint limits to [-pi, pi] for continuous joint 'forearm_roll_joint'
Heads up: Setting joint limits to [-pi, pi] for continuous joint 'wrist_roll_joint'
  ikflow n=1
  ikflow n=10
  ikflow n=100
  ikflow n=1000
  ikflow n=2000
[OK] wrote /home/plancher/Desktop/HJCD-IK/docs/open-tasks/paper-2026-10-03/paper_results_20261007T155203Z/fetch_open_ikflow.csv (500 rows)

[OK] wrote /home/plancher/Desktop/HJCD-IK/docs/open-tasks/paper-2026-10-03/paper_results_20261007T155203Z/table_fetch.md
## Fetch open-world (Table I)

| Batch | curobo Time(ms) | curobo Pos(mm) | curobo Ori(rad) | hjcdik Time(ms) | hjcdik Pos(mm) | hjcdik Ori(rad) | ikflow Time(ms) | ikflow Pos(mm) | ikflow Ori(rad) | pyroki Time(ms) | pyroki Pos(mm) | pyroki Ori(rad) |
| --- | --- | --- | --- | --- | --- | --- | --- | --- | --- | --- | --- | --- |
| 1 | 1.809 | 2.571e-05 | 2.028e-08 | 1.097 | 0.005296 | 1.155e-05 | 2.617 | 159.8 | 0.5165 | 2.808 | 410 | 0.7618 |
| 10 | 1.815 | 2.571e-05 | 2.028e-08 | 0.9417 | 1.256e-06 | 1.881e-09 | 2.496 | 63.62 | 0.2792 | 4.865 | 3.271e-05 | 2.856e-08 |
| 100 | 1.9 | 9.542e-06 | 1.348e-08 | 0.8339 | 7.695e-07 | 1.168e-09 | 2.741 | 46.13 | 0.314 | 5.129 | 2.819e-05 | 2.855e-08 |
| 1000 | 2.023 | 1.682e-06 | 1.095e-08 | 0.8149 | 9.569e-07 | 1.471e-09 | 5.103 | 30.26 | 0.3506 | 5.968 | 2.994e-05 | 2.855e-08 |
| 2000 | 2.103 | 1.608e-06 | 1.042e-08 | 0.8434 | 1.039e-06 | 1.254e-09 | 6.163 | 31.85 | 0.3876 | 6.041 | 2.920e-05 | 2.895e-08 |

_solvers: curobo: n=100/batch, hjcdik: n=1/batch, ikflow: n=100/batch, pyroki: n=100/batch_
[OK] wrote /home/plancher/Desktop/HJCD-IK/docs/open-tasks/paper-2026-10-03/paper_results_20261007T155203Z/pareto_fetch.png
=== [Table II-paper] collision-free, Panda, box_panda — paper protocol ===
--- regen HJCD-IK to panda_grasptarget_hand + collision (paper-protocol TCP frame) ---
/home/plancher/Desktop/HJCD-IK/docs/open-tasks/paper-2026-10-03/hjcd/external/GRiD/external/URDFParser/URDFParser.py:103: UserWarning: Link [panda_link0] does not have inertial properties. Assuming this is the fixed world base frame. Else there is an error with your URDF file.
  warnings.warn(
------------------------------------------
Assumed Input Joint Configuration Ordering
------------------------------------------
panda_joint1
panda_joint2
panda_joint3
panda_joint4
panda_joint5
panda_joint6
panda_joint7
------------------------------------------
Total of n = 7 dof
Total of n = 7 joints
Total of n = 8 links
------------------------------------------
Fixed Joints Found (if any):
------------------------------------------
right_gripper (id: 7, parent: panda_joint7)
panda_finger_joint2 (id: 8, parent: panda_joint7)
panda_finger_joint1 (id: 9, parent: panda_joint7)
panda_grasptarget_hand (id: 10, parent: panda_joint7)
panda_hand_joint (id: 11, parent: panda_joint7)
panda_joint8 (id: 12, parent: panda_joint7)
------------------------------------------
[generate_grid] robot=panda dof=7 target=panda_grasptarget_hand
[generate_grid] collision ON from spherized URDF(s)=['/home/plancher/Desktop/HJCD-IK/docs/open-tasks/paper-2026-10-03/hjcd/external/foam/assets/panda/smaller_panda_spherized.urdf']
[generate_grid] collision sentinel: #define HJCD_HAS_COLLISION 1
[generate_grid] EE_FIXED_FRAME_IDX = 10  (target 'panda_grasptarget_hand')
[generate_grid] wrote /home/plancher/Desktop/HJCD-IK/docs/open-tasks/paper-2026-10-03/hjcd/csrc/generated/grid.cuh
ninja: Entering directory `build'
[0/1] Re-running CMake...
-- HJCD-IK: g++-10 not found; using default CUDA host compiler
-- HJCD-IK: CUDA architectures = native
-- Found pybind11: /home/plancher/Desktop/HJCD-IK/docs/open-tasks/paper-2026-10-03/hjcd/.venv/lib/python3.12/site-packages/pybind11/include (found version "3.1.0")
-- HJCD-IK: using GRiD header /home/plancher/Desktop/HJCD-IK/docs/open-tasks/paper-2026-10-03/hjcd/csrc/generated/grid.cuh
-- Configuring done (0.0s)
-- Generating done (0.0s)
-- Build files have been written to: /home/plancher/Desktop/HJCD-IK/docs/open-tasks/paper-2026-10-03/hjcd/build
[1/5] Building CXX object CMakeFiles/_hjcdik.dir/csrc/bindings/pybind_module.cpp.o
[2/5] Building CUDA object CMakeFiles/hjcdik_core.dir/csrc/kernel/hjcd_kernel.cu.o
[3/5] Linking CXX executable hjcdik
[4/5] Linking CXX shared module _hjcdik.cpython-312-x86_64-linux-gnu.so
installed build/_hjcdik.cpython-312-x86_64-linux-gnu.so -> /home/plancher/Desktop/HJCD-IK/docs/open-tasks/paper-2026-10-03/hjcd/.venv/lib/python3.12/site-packages/hjcdik/_hjcdik.cpython-312-x86_64-linux-gnu.so
import OK: /home/plancher/Desktop/HJCD-IK/docs/open-tasks/paper-2026-10-03/hjcd/hjcdik/__init__.py
--- HJCD-IK ---
[GRiD] skipping URDF codegen...
[build info] {'num_joints': 7, 'ee_target': 'panda_grasptarget_hand', 'collision_enabled': True, 'grid_header_sha256': 'b2707112dc193982e6182327bf6ba71807c325290f725c0bfa9fc7c9e84bbff5', 'cuda_compiler_version': '13.2.86'}
[collision validation] {'model': 'hjcd', 'scope': 'environment-only; non-base spheres', 'finger_joint_origin_y_m': [0.04, -0.04], 'source_sha256': {'csrc/urdf/panda.urdf': '90bb0a412eb12a3af0abb9d5d0f06be3dbbe1a72806b0416dd9769992cb35079', 'external/foam/assets/panda/smaller_panda_spherized.urdf': 'f90e26dcce184014335ce013f62a563425d8b82ba5fecf8a71480a5e0722853e'}}
[info] running 100 targets, batches=[1, 10, 100, 1000, 2000], num_solutions=1, collision_free=True
[info] processed 0/100 targets
[info] processed 50/100 targets

==== Batch Summary (averages) ====
Batch Size 1:
  Time (ms): 5.267059
  Position Error: 1.459215e+01
  Orientation Error: 2.032287e-02
  Collision-Free: 100.0% (100 queries)
Batch Size 10:
  Time (ms): 1.970798
  Position Error: 3.910570e-06
  Orientation Error: 1.964615e-09
  Collision-Free: 100.0% (100 queries)
Batch Size 100:
  Time (ms): 1.726130
  Position Error: 3.027749e-06
  Orientation Error: 1.640592e-09
  Collision-Free: 100.0% (100 queries)
Batch Size 1000:
  Time (ms): 1.765914
  Position Error: 3.190393e-06
  Orientation Error: 1.671867e-09
  Collision-Free: 100.0% (100 queries)
Batch Size 2000:
  Time (ms): 1.824203
  Position Error: 3.305514e-06
  Orientation Error: 1.741198e-09
  Collision-Free: 100.0% (100 queries)
[OK] wrote CSV summary /home/plancher/Desktop/HJCD-IK/docs/open-tasks/paper-2026-10-03/paper_results_20261007T155203Z/collfree_paper_hjcdik.csv

[OK] wrote /home/plancher/Desktop/HJCD-IK/docs/open-tasks/paper-2026-10-03/hjcd/results.yml with 500 query entries (100 targets x 5 batches; up to 1 solutions per query).
--- PyRoki ---
2026-10-07 11:54:34.010 | INFO     | pyroki.collision._robot_collision:from_sphere_decomposition:187 - Created RobotCollision (sphere mode) with 13 links, 59 total spheres, and 1230 active pairs.
2026-10-07 11:54:34.167 | INFO     | jaxls._problem:analyze:237 - Building optimization problem with 5 terms and 1 variables: 5 costs, 0 eq_zero, 0 leq_zero, 0 geq_zero
2026-10-07 11:54:34.224 | INFO     | jaxls._problem:analyze:364 - Vectorizing group with 1 costs, 1 variables each: _pose_cost_analytical_jac
2026-10-07 11:54:34.237 | INFO     | jaxls._problem:analyze:364 - Vectorizing group with 1 costs, 1 variables each: limit_residual
2026-10-07 11:54:34.271 | INFO     | jaxls._problem:analyze:364 - Vectorizing group with 1 costs, 1 variables each: world_collision_residual
2026-10-07 11:54:34.297 | INFO     | jaxls._problem:analyze:364 - Vectorizing group with 1 costs, 1 variables each: world_collision_residual
2026-10-07 11:54:34.310 | INFO     | jaxls._problem:analyze:364 - Vectorizing group with 1 costs, 1 variables each: self_collision_residual
2026-10-07 11:54:34.318 | INFO     | jaxls._problem:analyze:451 - Variable elimination: variable IDs are traced; solves will not use elimination
2026-10-07 11:54:35.672 | INFO     | jaxls._problem:analyze:237 - Building optimization problem with 5 terms and 1 variables: 5 costs, 0 eq_zero, 0 leq_zero, 0 geq_zero
2026-10-07 11:54:35.683 | INFO     | jaxls._problem:analyze:364 - Vectorizing group with 1 costs, 1 variables each: world_collision_residual
2026-10-07 11:54:35.692 | INFO     | jaxls._problem:analyze:364 - Vectorizing group with 1 costs, 1 variables each: world_collision_residual
2026-10-07 11:54:35.699 | INFO     | jaxls._problem:analyze:364 - Vectorizing group with 1 costs, 1 variables each: self_collision_residual
2026-10-07 11:54:35.708 | INFO     | jaxls._problem:analyze:364 - Vectorizing group with 1 costs, 1 variables each: _pose_cost_analytical_jac
2026-10-07 11:54:35.713 | INFO     | jaxls._problem:analyze:364 - Vectorizing group with 1 costs, 1 variables each: limit_residual
2026-10-07 11:54:35.715 | INFO     | jaxls._problem:analyze:451 - Variable elimination: variable IDs are traced; solves will not use elimination
2026-10-07 11:54:43.140 | INFO     | jaxls._problem:analyze:237 - Building optimization problem with 5 terms and 1 variables: 5 costs, 0 eq_zero, 0 leq_zero, 0 geq_zero
2026-10-07 11:54:43.151 | INFO     | jaxls._problem:analyze:364 - Vectorizing group with 1 costs, 1 variables each: world_collision_residual
2026-10-07 11:54:43.162 | INFO     | jaxls._problem:analyze:364 - Vectorizing group with 1 costs, 1 variables each: world_collision_residual
2026-10-07 11:54:43.170 | INFO     | jaxls._problem:analyze:364 - Vectorizing group with 1 costs, 1 variables each: self_collision_residual
2026-10-07 11:54:43.175 | INFO     | jaxls._problem:analyze:364 - Vectorizing group with 1 costs, 1 variables each: limit_residual
2026-10-07 11:54:43.184 | INFO     | jaxls._problem:analyze:364 - Vectorizing group with 1 costs, 1 variables each: _pose_cost_analytical_jac
2026-10-07 11:54:43.187 | INFO     | jaxls._problem:analyze:451 - Variable elimination: variable IDs are traced; solves will not use elimination
2026-10-07 11:54:44.236 | INFO     | jaxls._problem:analyze:237 - Building optimization problem with 5 terms and 1 variables: 5 costs, 0 eq_zero, 0 leq_zero, 0 geq_zero
2026-10-07 11:54:44.248 | INFO     | jaxls._problem:analyze:364 - Vectorizing group with 1 costs, 1 variables each: self_collision_residual
2026-10-07 11:54:44.258 | INFO     | jaxls._problem:analyze:364 - Vectorizing group with 1 costs, 1 variables each: world_collision_residual
2026-10-07 11:54:44.267 | INFO     | jaxls._problem:analyze:364 - Vectorizing group with 1 costs, 1 variables each: world_collision_residual
2026-10-07 11:54:44.272 | INFO     | jaxls._problem:analyze:364 - Vectorizing group with 1 costs, 1 variables each: limit_residual
2026-10-07 11:54:44.283 | INFO     | jaxls._problem:analyze:364 - Vectorizing group with 1 costs, 1 variables each: _pose_cost_analytical_jac
2026-10-07 11:54:44.288 | INFO     | jaxls._problem:analyze:451 - Variable elimination: variable IDs are traced; solves will not use elimination
2026-10-07 11:54:53.766 | INFO     | jaxls._problem:analyze:237 - Building optimization problem with 5 terms and 1 variables: 5 costs, 0 eq_zero, 0 leq_zero, 0 geq_zero
2026-10-07 11:54:53.777 | INFO     | jaxls._problem:analyze:364 - Vectorizing group with 1 costs, 1 variables each: limit_residual
2026-10-07 11:54:53.789 | INFO     | jaxls._problem:analyze:364 - Vectorizing group with 1 costs, 1 variables each: _pose_cost_analytical_jac
2026-10-07 11:54:53.797 | INFO     | jaxls._problem:analyze:364 - Vectorizing group with 1 costs, 1 variables each: world_collision_residual
2026-10-07 11:54:53.806 | INFO     | jaxls._problem:analyze:364 - Vectorizing group with 1 costs, 1 variables each: world_collision_residual
2026-10-07 11:54:53.813 | INFO     | jaxls._problem:analyze:364 - Vectorizing group with 1 costs, 1 variables each: self_collision_residual
2026-10-07 11:54:53.818 | INFO     | jaxls._problem:analyze:451 - Variable elimination: variable IDs are traced; solves will not use elimination
2026-10-07 11:54:54.946 | INFO     | jaxls._problem:analyze:237 - Building optimization problem with 5 terms and 1 variables: 5 costs, 0 eq_zero, 0 leq_zero, 0 geq_zero
2026-10-07 11:54:54.960 | INFO     | jaxls._problem:analyze:364 - Vectorizing group with 1 costs, 1 variables each: _pose_cost_analytical_jac
2026-10-07 11:54:54.964 | INFO     | jaxls._problem:analyze:364 - Vectorizing group with 1 costs, 1 variables each: limit_residual
2026-10-07 11:54:54.972 | INFO     | jaxls._problem:analyze:364 - Vectorizing group with 1 costs, 1 variables each: world_collision_residual
2026-10-07 11:54:54.980 | INFO     | jaxls._problem:analyze:364 - Vectorizing group with 1 costs, 1 variables each: world_collision_residual
2026-10-07 11:54:54.987 | INFO     | jaxls._problem:analyze:364 - Vectorizing group with 1 costs, 1 variables each: self_collision_residual
2026-10-07 11:54:54.989 | INFO     | jaxls._problem:analyze:451 - Variable elimination: variable IDs are traced; solves will not use elimination
2026-10-07 11:55:04.513 | INFO     | jaxls._problem:analyze:237 - Building optimization problem with 5 terms and 1 variables: 5 costs, 0 eq_zero, 0 leq_zero, 0 geq_zero
2026-10-07 11:55:04.523 | INFO     | jaxls._problem:analyze:364 - Vectorizing group with 1 costs, 1 variables each: limit_residual
2026-10-07 11:55:04.533 | INFO     | jaxls._problem:analyze:364 - Vectorizing group with 1 costs, 1 variables each: self_collision_residual
2026-10-07 11:55:04.540 | INFO     | jaxls._problem:analyze:364 - Vectorizing group with 1 costs, 1 variables each: world_collision_residual
2026-10-07 11:55:04.548 | INFO     | jaxls._problem:analyze:364 - Vectorizing group with 1 costs, 1 variables each: world_collision_residual
2026-10-07 11:55:04.557 | INFO     | jaxls._problem:analyze:364 - Vectorizing group with 1 costs, 1 variables each: _pose_cost_analytical_jac
2026-10-07 11:55:04.561 | INFO     | jaxls._problem:analyze:451 - Variable elimination: variable IDs are traced; solves will not use elimination
2026-10-07 11:55:05.750 | INFO     | jaxls._problem:analyze:237 - Building optimization problem with 5 terms and 1 variables: 5 costs, 0 eq_zero, 0 leq_zero, 0 geq_zero
2026-10-07 11:55:05.761 | INFO     | jaxls._problem:analyze:364 - Vectorizing group with 1 costs, 1 variables each: world_collision_residual
2026-10-07 11:55:05.770 | INFO     | jaxls._problem:analyze:364 - Vectorizing group with 1 costs, 1 variables each: world_collision_residual
2026-10-07 11:55:05.779 | INFO     | jaxls._problem:analyze:364 - Vectorizing group with 1 costs, 1 variables each: _pose_cost_analytical_jac
2026-10-07 11:55:05.787 | INFO     | jaxls._problem:analyze:364 - Vectorizing group with 1 costs, 1 variables each: self_collision_residual
2026-10-07 11:55:05.791 | INFO     | jaxls._problem:analyze:364 - Vectorizing group with 1 costs, 1 variables each: limit_residual
2026-10-07 11:55:05.793 | INFO     | jaxls._problem:analyze:451 - Variable elimination: variable IDs are traced; solves will not use elimination
2026-10-07 11:55:17.139 | INFO     | jaxls._problem:analyze:237 - Building optimization problem with 5 terms and 1 variables: 5 costs, 0 eq_zero, 0 leq_zero, 0 geq_zero
2026-10-07 11:55:17.151 | INFO     | jaxls._problem:analyze:364 - Vectorizing group with 1 costs, 1 variables each: world_collision_residual
2026-10-07 11:55:17.162 | INFO     | jaxls._problem:analyze:364 - Vectorizing group with 1 costs, 1 variables each: world_collision_residual
2026-10-07 11:55:17.169 | INFO     | jaxls._problem:analyze:364 - Vectorizing group with 1 costs, 1 variables each: self_collision_residual
2026-10-07 11:55:17.175 | INFO     | jaxls._problem:analyze:364 - Vectorizing group with 1 costs, 1 variables each: limit_residual
2026-10-07 11:55:17.184 | INFO     | jaxls._problem:analyze:364 - Vectorizing group with 1 costs, 1 variables each: _pose_cost_analytical_jac
2026-10-07 11:55:17.188 | INFO     | jaxls._problem:analyze:451 - Variable elimination: variable IDs are traced; solves will not use elimination
2026-10-07 11:55:18.419 | INFO     | jaxls._problem:analyze:237 - Building optimization problem with 5 terms and 1 variables: 5 costs, 0 eq_zero, 0 leq_zero, 0 geq_zero
2026-10-07 11:55:18.433 | INFO     | jaxls._problem:analyze:364 - Vectorizing group with 1 costs, 1 variables each: _pose_cost_analytical_jac
2026-10-07 11:55:18.438 | INFO     | jaxls._problem:analyze:364 - Vectorizing group with 1 costs, 1 variables each: limit_residual
2026-10-07 11:55:18.445 | INFO     | jaxls._problem:analyze:364 - Vectorizing group with 1 costs, 1 variables each: world_collision_residual
2026-10-07 11:55:18.453 | INFO     | jaxls._problem:analyze:364 - Vectorizing group with 1 costs, 1 variables each: world_collision_residual
2026-10-07 11:55:18.461 | INFO     | jaxls._problem:analyze:364 - Vectorizing group with 1 costs, 1 variables each: self_collision_residual
2026-10-07 11:55:18.463 | INFO     | jaxls._problem:analyze:451 - Variable elimination: variable IDs are traced; solves will not use elimination
[baseline_bench] collision-free: validating returned q with the shared Panda sphere model (benchmark/panda_collision.py); the 'collision_free' column is populated cuRobo-free.
running...
  pyroki collision model: 59 foam spheres on 11 links, 1230 self pairs, world margin 0.01 m
  pyroki collision-free EE frame: panda_hand_tcp; collision costs: on (foam spheres)
  pyroki num_seeds_init: 1
  pyroki num_seeds_init: 10
  pyroki num_seeds_init: 100
  pyroki num_seeds_init: 1000
  pyroki num_seeds_init: 2000
+----+---------------+--------------+----------+-----------+---------------+-----------------+-------------+-------------------+-----------------------+------------------+----------------+
|    |   problem_idx |   Batch-Size | solver   |   succ(%) |   IK-time(ms) |   Pos-Error(mm) |   Ori-Error |   pyroki-time(ms) |   pyroki-ori-err(rad) | collision_free   | success_both   |
+====+===============+==============+==========+===========+===============+=================+=============+===================+=======================+==================+================+
|  0 |             0 |            1 | pyroki   |         0 |       9.48524 |         445.367 |   0.28109   |           9.48524 |             0.28109   | False            | False          |
+----+---------------+--------------+----------+-----------+---------------+-----------------+-------------+-------------------+-----------------------+------------------+----------------+
|  1 |             1 |            1 | pyroki   |         0 |       7.55191 |         463.358 |   0.133397  |           7.55191 |             0.133397  | False            | False          |
+----+---------------+--------------+----------+-----------+---------------+-----------------+-------------+-------------------+-----------------------+------------------+----------------+
|  2 |             2 |            1 | pyroki   |         0 |       7.39121 |         430.795 |   0.287531  |           7.39121 |             0.287531  | False            | False          |
+----+---------------+--------------+----------+-----------+---------------+-----------------+-------------+-------------------+-----------------------+------------------+----------------+
|  3 |             3 |            1 | pyroki   |         0 |       7.40409 |         407.724 |   0.247686  |           7.40409 |             0.247686  | False            | False          |
+----+---------------+--------------+----------+-----------+---------------+-----------------+-------------+-------------------+-----------------------+------------------+----------------+
|  4 |             4 |            1 | pyroki   |         0 |       7.48038 |         426.121 |   0.237452  |           7.48038 |             0.237452  | False            | False          |
+----+---------------+--------------+----------+-----------+---------------+-----------------+-------------+-------------------+-----------------------+------------------+----------------+
|  5 |             5 |            1 | pyroki   |         0 |       7.23076 |         418.621 |   0.232798  |           7.23076 |             0.232798  | False            | False          |
+----+---------------+--------------+----------+-----------+---------------+-----------------+-------------+-------------------+-----------------------+------------------+----------------+
|  6 |             6 |            1 | pyroki   |         0 |       7.32493 |         430.005 |   0.123316  |           7.32493 |             0.123316  | False            | False          |
+----+---------------+--------------+----------+-----------+---------------+-----------------+-------------+-------------------+-----------------------+------------------+----------------+
|  7 |             7 |            1 | pyroki   |         0 |       7.23457 |         427.59  |   0.281752  |           7.23457 |             0.281752  | False            | False          |
+----+---------------+--------------+----------+-----------+---------------+-----------------+-------------+-------------------+-----------------------+------------------+----------------+
|  8 |             8 |            1 | pyroki   |         0 |       7.22814 |         402.965 |   0.212006  |           7.22814 |             0.212006  | False            | False          |
+----+---------------+--------------+----------+-----------+---------------+-----------------+-------------+-------------------+-----------------------+------------------+----------------+
|  9 |             9 |            1 | pyroki   |         0 |       7.21121 |         444.829 |   0.268604  |           7.21121 |             0.268604  | False            | False          |
+----+---------------+--------------+----------+-----------+---------------+-----------------+-------------+-------------------+-----------------------+------------------+----------------+
| 10 |            10 |            1 | pyroki   |         0 |       7.24864 |         398.056 |   0.0992942 |           7.24864 |             0.0992942 | False            | False          |
+----+---------------+--------------+----------+-----------+---------------+-----------------+-------------+-------------------+-----------------------+------------------+----------------+
| 11 |            11 |            1 | pyroki   |         0 |       7.34854 |         423.198 |   0.242435  |           7.34854 |             0.242435  | False            | False          |
+----+---------------+--------------+----------+-----------+---------------+-----------------+-------------+-------------------+-----------------------+------------------+----------------+
| 12 |            12 |            1 | pyroki   |         0 |       7.40838 |         406.514 |   0.183497  |           7.40838 |             0.183497  | False            | False          |
+----+---------------+--------------+----------+-----------+---------------+-----------------+-------------+-------------------+-----------------------+------------------+----------------+
| 13 |            13 |            1 | pyroki   |         0 |       7.29585 |         417.963 |   0.273975  |           7.29585 |             0.273975  | False            | False          |
+----+---------------+--------------+----------+-----------+---------------+-----------------+-------------+-------------------+-----------------------+------------------+----------------+
| 14 |            14 |            1 | pyroki   |         0 |       7.2639  |         449.675 |   0.376928  |           7.2639  |             0.376928  | False            | False          |
+----+---------------+--------------+----------+-----------+---------------+-----------------+-------------+-------------------+-----------------------+------------------+----------------+
| 15 |            15 |            1 | pyroki   |         0 |       7.49922 |         414.688 |   0.299794  |           7.49922 |             0.299794  | False            | False          |
+----+---------------+--------------+----------+-----------+---------------+-----------------+-------------+-------------------+-----------------------+------------------+----------------+
| 16 |            16 |            1 | pyroki   |         0 |       7.45153 |         483.339 |   0.0849437 |           7.45153 |             0.0849437 | False            | False          |
+----+---------------+--------------+----------+-----------+---------------+-----------------+-------------+-------------------+-----------------------+------------------+----------------+
| 17 |            17 |            1 | pyroki   |         0 |       7.65014 |         419.568 |   0.226045  |           7.65014 |             0.226045  | False            | False          |
+----+---------------+--------------+----------+-----------+---------------+-----------------+-------------+-------------------+-----------------------+------------------+----------------+
| 18 |            18 |            1 | pyroki   |         0 |       7.5326  |         445.684 |   0.238947  |           7.5326  |             0.238947  | False            | False          |
+----+---------------+--------------+----------+-----------+---------------+-----------------+-------------+-------------------+-----------------------+------------------+----------------+
| 19 |            19 |            1 | pyroki   |         0 |       8.26454 |         390.41  |   0.126525  |           8.26454 |             0.126525  | False            | False          |
+----+---------------+--------------+----------+-----------+---------------+-----------------+-------------+-------------------+-----------------------+------------------+----------------+
| 20 |            20 |            1 | pyroki   |         0 |       7.97248 |         428.536 |   0.249202  |           7.97248 |             0.249202  | False            | False          |
+----+---------------+--------------+----------+-----------+---------------+-----------------+-------------+-------------------+-----------------------+------------------+----------------+
| 21 |            21 |            1 | pyroki   |         0 |       7.49564 |         420.975 |   0.302005  |           7.49564 |             0.302005  | False            | False          |
+----+---------------+--------------+----------+-----------+---------------+-----------------+-------------+-------------------+-----------------------+------------------+----------------+
| 22 |            22 |            1 | pyroki   |         0 |       7.49087 |         431.722 |   0.247408  |           7.49087 |             0.247408  | False            | False          |
+----+---------------+--------------+----------+-----------+---------------+-----------------+-------------+-------------------+-----------------------+------------------+----------------+
| 23 |            23 |            1 | pyroki   |         0 |       7.47776 |         446.85  |   0.0794722 |           7.47776 |             0.0794722 | False            | False          |
+----+---------------+--------------+----------+-----------+---------------+-----------------+-------------+-------------------+-----------------------+------------------+----------------+
| 24 |            24 |            1 | pyroki   |         0 |       7.8063  |         419.095 |   0.259938  |           7.8063  |             0.259938  | False            | False          |
+----+---------------+--------------+----------+-----------+---------------+-----------------+-------------+-------------------+-----------------------+------------------+----------------+
| 25 |            25 |            1 | pyroki   |         0 |       7.53164 |         404.516 |   0.312464  |           7.53164 |             0.312464  | False            | False          |
+----+---------------+--------------+----------+-----------+---------------+-----------------+-------------+-------------------+-----------------------+------------------+----------------+
| 26 |            26 |            1 | pyroki   |         0 |       7.52211 |         421.408 |   0.323083  |           7.52211 |             0.323083  | False            | False          |
+----+---------------+--------------+----------+-----------+---------------+-----------------+-------------+-------------------+-----------------------+------------------+----------------+
| 27 |            27 |            1 | pyroki   |         0 |       8.51488 |         409.633 |   0.329514  |           8.51488 |             0.329514  | False            | False          |
+----+---------------+--------------+----------+-----------+---------------+-----------------+-------------+-------------------+-----------------------+------------------+----------------+
| 28 |            28 |            1 | pyroki   |         0 |       8.23832 |         424.319 |   0.280291  |           8.23832 |             0.280291  | False            | False          |
+----+---------------+--------------+----------+-----------+---------------+-----------------+-------------+-------------------+-----------------------+------------------+----------------+
| 29 |            29 |            1 | pyroki   |         0 |       7.51758 |         429.141 |   0.467773  |           7.51758 |             0.467773  | False            | False          |
+----+---------------+--------------+----------+-----------+---------------+-----------------+-------------+-------------------+-----------------------+------------------+----------------+
| 30 |            30 |            1 | pyroki   |         0 |       7.42006 |         412.093 |   0.181464  |           7.42006 |             0.181464  | False            | False          |
+----+---------------+--------------+----------+-----------+---------------+-----------------+-------------+-------------------+-----------------------+------------------+----------------+
| 31 |            31 |            1 | pyroki   |         0 |       7.91097 |         426.594 |   0.315002  |           7.91097 |             0.315002  | False            | False          |
+----+---------------+--------------+----------+-----------+---------------+-----------------+-------------+-------------------+-----------------------+------------------+----------------+
| 32 |            32 |            1 | pyroki   |         0 |       7.81536 |         404.53  |   0.0611101 |           7.81536 |             0.0611101 | False            | False          |
+----+---------------+--------------+----------+-----------+---------------+-----------------+-------------+-------------------+-----------------------+------------------+----------------+
| 33 |            33 |            1 | pyroki   |         0 |       7.34138 |         441.865 |   0.199606  |           7.34138 |             0.199606  | False            | False          |
+----+---------------+--------------+----------+-----------+---------------+-----------------+-------------+-------------------+-----------------------+------------------+----------------+
| 34 |            34 |            1 | pyroki   |         0 |       7.44343 |         429.764 |   0.307778  |           7.44343 |             0.307778  | False            | False          |
+----+---------------+--------------+----------+-----------+---------------+-----------------+-------------+-------------------+-----------------------+------------------+----------------+
| 35 |            35 |            1 | pyroki   |         0 |       7.60388 |         410.887 |   0.216805  |           7.60388 |             0.216805  | False            | False          |
+----+---------------+--------------+----------+-----------+---------------+-----------------+-------------+-------------------+-----------------------+------------------+----------------+
| 36 |            36 |            1 | pyroki   |         0 |       8.11052 |         394.37  |   0.223211  |           8.11052 |             0.223211  | False            | False          |
+----+---------------+--------------+----------+-----------+---------------+-----------------+-------------+-------------------+-----------------------+------------------+----------------+
| 37 |            37 |            1 | pyroki   |         0 |       8.02493 |         450.36  |   0.235408  |           8.02493 |             0.235408  | False            | False          |
+----+---------------+--------------+----------+-----------+---------------+-----------------+-------------+-------------------+-----------------------+------------------+----------------+
| 38 |            38 |            1 | pyroki   |         0 |       8.12531 |         433.97  |   0.347569  |           8.12531 |             0.347569  | False            | False          |
+----+---------------+--------------+----------+-----------+---------------+-----------------+-------------+-------------------+-----------------------+------------------+----------------+
| 39 |            39 |            1 | pyroki   |         0 |       7.47061 |         429.18  |   0.236478  |           7.47061 |             0.236478  | False            | False          |
+----+---------------+--------------+----------+-----------+---------------+-----------------+-------------+-------------------+-----------------------+------------------+----------------+
| 40 |            40 |            1 | pyroki   |         0 |       8.56042 |         420.531 |   0.324927  |           8.56042 |             0.324927  | False            | False          |
+----+---------------+--------------+----------+-----------+---------------+-----------------+-------------+-------------------+-----------------------+------------------+----------------+
| 41 |            41 |            1 | pyroki   |         0 |       8.13413 |         430.631 |   0.12913   |           8.13413 |             0.12913   | False            | False          |
+----+---------------+--------------+----------+-----------+---------------+-----------------+-------------+-------------------+-----------------------+------------------+----------------+
| 42 |            42 |            1 | pyroki   |         0 |       8.39162 |         404.075 |   0.251507  |           8.39162 |             0.251507  | False            | False          |
+----+---------------+--------------+----------+-----------+---------------+-----------------+-------------+-------------------+-----------------------+------------------+----------------+
| 43 |            43 |            1 | pyroki   |         0 |       8.08883 |         413.019 |   0.232458  |           8.08883 |             0.232458  | False            | False          |
+----+---------------+--------------+----------+-----------+---------------+-----------------+-------------+-------------------+-----------------------+------------------+----------------+
| 44 |            44 |            1 | pyroki   |         0 |       7.51638 |         460.126 |   0.179238  |           7.51638 |             0.179238  | False            | False          |
+----+---------------+--------------+----------+-----------+---------------+-----------------+-------------+-------------------+-----------------------+------------------+----------------+
| 45 |            45 |            1 | pyroki   |         0 |       7.44057 |         423.658 |   0.242029  |           7.44057 |             0.242029  | False            | False          |
+----+---------------+--------------+----------+-----------+---------------+-----------------+-------------+-------------------+-----------------------+------------------+----------------+
| 46 |            46 |            1 | pyroki   |         0 |       7.63369 |         369.872 |   0.123888  |           7.63369 |             0.123888  | False            | False          |
+----+---------------+--------------+----------+-----------+---------------+-----------------+-------------+-------------------+-----------------------+------------------+----------------+
| 47 |            47 |            1 | pyroki   |         0 |       8.20112 |         439.808 |   0.293332  |           8.20112 |             0.293332  | False            | False          |
+----+---------------+--------------+----------+-----------+---------------+-----------------+-------------+-------------------+-----------------------+------------------+----------------+
| 48 |            48 |            1 | pyroki   |         0 |       7.80511 |         446.63  |   0.266205  |           7.80511 |             0.266205  | False            | False          |
+----+---------------+--------------+----------+-----------+---------------+-----------------+-------------+-------------------+-----------------------+------------------+----------------+
| 49 |            49 |            1 | pyroki   |         0 |       8.13413 |         395.458 |   0.213009  |           8.13413 |             0.213009  | False            | False          |
+----+---------------+--------------+----------+-----------+---------------+-----------------+-------------+-------------------+-----------------------+------------------+----------------+
... (500 rows total)

============================================================
Averages by Batch Size
============================================================
+------------------+---------------+-----------------+-------------+-----------+---------------------+-------------------+
|                  |   IK-time(ms) |   Pos-Error(mm) |   Ori-Error |   succ(%) |   collision_free(%) |   success_both(%) |
+==================+===============+=================+=============+===========+=====================+===================+
| (1, 'pyroki')    |       7.58109 |    423.495      | 0.241351    |         0 |                   0 |                 0 |
+------------------+---------------+-----------------+-------------+-----------+---------------------+-------------------+
| (10, 'pyroki')   |      12.1396  |      0.00697354 | 7.93454e-06 |       100 |                 100 |               100 |
+------------------+---------------+-----------------+-------------+-----------+---------------------+-------------------+
| (100, 'pyroki')  |      13.4734  |      0.00741874 | 8.33334e-06 |       100 |                 100 |               100 |
+------------------+---------------+-----------------+-------------+-----------+---------------------+-------------------+
| (1000, 'pyroki') |      20.7322  |      0.0100793  | 1.09607e-05 |       100 |                 100 |               100 |
+------------------+---------------+-----------------+-------------+-----------+---------------------+-------------------+
| (2000, 'pyroki') |      29.0789  |      0.00997662 | 1.03695e-05 |       100 |                 100 |               100 |
+------------------+---------------+-----------------+-------------+-----------+---------------------+-------------------+
============================================================

--- cuRobo ---
[baseline_bench] collision-free: validating returned q with the shared Panda sphere model (benchmark/panda_collision.py); the 'collision_free' column is populated cuRobo-free.
running...
  curobo num_seeds: 1
  curobo num_seeds: 10
  curobo num_seeds: 100
  curobo num_seeds: 1000
  curobo num_seeds: 2000
+----+---------------+--------------+----------+-----------+---------------+-----------------+-------------+-------------------+-----------------------+------------------+----------------+
|    |   problem_idx |   Batch-Size | solver   |   succ(%) |   IK-time(ms) |   Pos-Error(mm) |   Ori-Error |   curobo-time(ms) |   curobo-ori-err(rad) | collision_free   | success_both   |
+====+===============+==============+==========+===========+===============+=================+=============+===================+=======================+==================+================+
|  0 |             0 |            1 | curobo   |       100 |       2.1143  |     2.98023e-05 | 5.88054e-08 |           2.1143  |           5.88054e-08 | True             | True           |
+----+---------------+--------------+----------+-----------+---------------+-----------------+-------------+-------------------+-----------------------+------------------+----------------+
|  1 |             1 |            1 | curobo   |       100 |       2.12407 |     8.02452e-05 | 1.17035e-07 |           2.12407 |           1.17035e-07 | False            | False          |
+----+---------------+--------------+----------+-----------+---------------+-----------------+-------------+-------------------+-----------------------+------------------+----------------+
|  2 |             2 |            1 | curobo   |       100 |       2.1069  |     6.70552e-05 | 5.21435e-08 |           2.1069  |           5.21435e-08 | True             | True           |
+----+---------------+--------------+----------+-----------+---------------+-----------------+-------------+-------------------+-----------------------+------------------+----------------+
|  3 |             3 |            1 | curobo   |       100 |       2.11048 |     5.96046e-05 | 5.42376e-08 |           2.11048 |           5.42376e-08 | True             | True           |
+----+---------------+--------------+----------+-----------+---------------+-----------------+-------------+-------------------+-----------------------+------------------+----------------+
|  4 |             4 |            1 | curobo   |       100 |       2.13289 |     4.21468e-05 | 8.11017e-08 |           2.13289 |           8.11017e-08 | True             | True           |
+----+---------------+--------------+----------+-----------+---------------+-----------------+-------------+-------------------+-----------------------+------------------+----------------+
|  5 |             5 |            1 | curobo   |       100 |       2.12646 |     3.09586e-05 | 4.18915e-08 |           2.12646 |           4.18915e-08 | True             | True           |
+----+---------------+--------------+----------+-----------+---------------+-----------------+-------------+-------------------+-----------------------+------------------+----------------+
|  6 |             6 |            1 | curobo   |       100 |       2.10905 |     6.14391e-05 | 3.28589e-08 |           2.10905 |           3.28589e-08 | True             | True           |
+----+---------------+--------------+----------+-----------+---------------+-----------------+-------------+-------------------+-----------------------+------------------+----------------+
|  7 |             7 |            1 | curobo   |       100 |       2.1162  |     2.98023e-05 | 7.53968e-08 |           2.1162  |           7.53968e-08 | True             | True           |
+----+---------------+--------------+----------+-----------+---------------+-----------------+-------------+-------------------+-----------------------+------------------+----------------+
|  8 |             8 |            1 | curobo   |       100 |       2.10738 |     6.664e-05   | 1.06911e-07 |           2.10738 |           1.06911e-07 | True             | True           |
+----+---------------+--------------+----------+-----------+---------------+-----------------+-------------+-------------------+-----------------------+------------------+----------------+
|  9 |             9 |            1 | curobo   |       100 |       2.11048 |     6.82857e-05 | 3.37245e-08 |           2.11048 |           3.37245e-08 | True             | True           |
+----+---------------+--------------+----------+-----------+---------------+-----------------+-------------+-------------------+-----------------------+------------------+----------------+
| 10 |            10 |            1 | curobo   |       100 |       2.10571 |     5.37269e-05 | 9.07607e-08 |           2.10571 |           9.07607e-08 | True             | True           |
+----+---------------+--------------+----------+-----------+---------------+-----------------+-------------+-------------------+-----------------------+------------------+----------------+
| 11 |            11 |            1 | curobo   |       100 |       2.1193  |     4.71216e-05 | 1.15435e-07 |           2.1193  |           1.15435e-07 | True             | True           |
+----+---------------+--------------+----------+-----------+---------------+-----------------+-------------+-------------------+-----------------------+------------------+----------------+
| 12 |            12 |            1 | curobo   |       100 |       2.09236 |     6.664e-05   | 2.50507e-08 |           2.09236 |           2.50507e-08 | True             | True           |
+----+---------------+--------------+----------+-----------+---------------+-----------------+-------------+-------------------+-----------------------+------------------+----------------+
| 13 |            13 |            1 | curobo   |       100 |     642.434   |     1.49012e-05 | 6.9759e-08  |         642.434   |           6.9759e-08  | True             | True           |
+----+---------------+--------------+----------+-----------+---------------+-----------------+-------------+-------------------+-----------------------+------------------+----------------+
| 14 |            14 |            1 | curobo   |       100 |       2.29073 |     2.10734e-05 | 6.4306e-08  |           2.29073 |           6.4306e-08  | True             | True           |
+----+---------------+--------------+----------+-----------+---------------+-----------------+-------------+-------------------+-----------------------+------------------+----------------+
| 15 |            15 |            1 | curobo   |       100 |       2.10762 |     6.82857e-05 | 6.96184e-08 |           2.10762 |           6.96184e-08 | True             | True           |
+----+---------------+--------------+----------+-----------+---------------+-----------------+-------------+-------------------+-----------------------+------------------+----------------+
| 16 |            16 |            1 | curobo   |       100 |       2.12264 |     8.02452e-05 | 8.47321e-08 |           2.12264 |           8.47321e-08 | True             | True           |
+----+---------------+--------------+----------+-----------+---------------+-----------------+-------------+-------------------+-----------------------+------------------+----------------+
| 17 |            17 |            1 | curobo   |       100 |       2.10738 |     7.30005e-05 | 6.05003e-08 |           2.10738 |           6.05003e-08 | True             | True           |
+----+---------------+--------------+----------+-----------+---------------+-----------------+-------------+-------------------+-----------------------+------------------+----------------+
| 18 |            18 |            1 | curobo   |       100 |       2.09737 |     6.82857e-05 | 1.33911e-07 |           2.09737 |           1.33911e-07 | True             | True           |
+----+---------------+--------------+----------+-----------+---------------+-----------------+-------------+-------------------+-----------------------+------------------+----------------+
| 19 |            19 |            1 | curobo   |       100 |       2.10977 |     6.664e-05   | 1.69048e-07 |           2.10977 |           1.69048e-07 | True             | True           |
+----+---------------+--------------+----------+-----------+---------------+-----------------+-------------+-------------------+-----------------------+------------------+----------------+
| 20 |            20 |            1 | curobo   |       100 |       2.11143 |     2.98023e-05 | 7.46967e-08 |           2.11143 |           7.46967e-08 | True             | True           |
+----+---------------+--------------+----------+-----------+---------------+-----------------+-------------+-------------------+-----------------------+------------------+----------------+
| 21 |            21 |            1 | curobo   |       100 |       2.09808 |     3.332e-05   | 8.38506e-08 |           2.09808 |           8.38506e-08 | True             | True           |
+----+---------------+--------------+----------+-----------+---------------+-----------------+-------------+-------------------+-----------------------+------------------+----------------+
| 22 |            22 |            1 | curobo   |       100 |       2.11167 |     5.16191e-05 | 9.44343e-08 |           2.11167 |           9.44343e-08 | True             | True           |
+----+---------------+--------------+----------+-----------+---------------+-----------------+-------------+-------------------+-----------------------+------------------+----------------+
| 23 |            23 |            1 | curobo   |       100 |       2.11    |     8.9407e-05  | 3.49711e-08 |           2.11    |           3.49711e-08 | True             | True           |
+----+---------------+--------------+----------+-----------+---------------+-----------------+-------------+-------------------+-----------------------+------------------+----------------+
| 24 |            24 |            1 | curobo   |       100 |       2.12502 |     6.14391e-05 | 4.71374e-08 |           2.12502 |           4.71374e-08 | True             | True           |
+----+---------------+--------------+----------+-----------+---------------+-----------------+-------------+-------------------+-----------------------+------------------+----------------+
| 25 |            25 |            1 | curobo   |       100 |       2.09904 |     3.332e-05   | 9.17941e-08 |           2.09904 |           9.17941e-08 | False            | False          |
+----+---------------+--------------+----------+-----------+---------------+-----------------+-------------+-------------------+-----------------------+------------------+----------------+
| 26 |            26 |            1 | curobo   |       100 |       2.10261 |     7.59813e-05 | 2.834e-08   |           2.10261 |           2.834e-08   | True             | True           |
+----+---------------+--------------+----------+-----------+---------------+-----------------+-------------+-------------------+-----------------------+------------------+----------------+
| 27 |            27 |            1 | curobo   |       100 |       2.10667 |     1.49012e-05 | 4.87898e-08 |           2.10667 |           4.87898e-08 | True             | True           |
+----+---------------+--------------+----------+-----------+---------------+-----------------+-------------+-------------------+-----------------------+------------------+----------------+
| 28 |            28 |            1 | curobo   |       100 |       2.12383 |     6.664e-05   | 1.88453e-08 |           2.12383 |           1.88453e-08 | True             | True           |
+----+---------------+--------------+----------+-----------+---------------+-----------------+-------------+-------------------+-----------------------+------------------+----------------+
| 29 |            29 |            1 | curobo   |       100 |       2.10404 |     1.49012e-05 | 4.78809e-08 |           2.10404 |           4.78809e-08 | True             | True           |
+----+---------------+--------------+----------+-----------+---------------+-----------------+-------------+-------------------+-----------------------+------------------+----------------+
| 30 |            30 |            1 | curobo   |       100 |       2.11072 |     5.96046e-05 | 3.57951e-08 |           2.11072 |           3.57951e-08 | True             | True           |
+----+---------------+--------------+----------+-----------+---------------+-----------------+-------------+-------------------+-----------------------+------------------+----------------+
| 31 |            31 |            1 | curobo   |       100 |       9.01628 |     0           | 1.42158e-07 |           9.01628 |           1.42158e-07 | True             | True           |
+----+---------------+--------------+----------+-----------+---------------+-----------------+-------------+-------------------+-----------------------+------------------+----------------+
| 32 |            32 |            1 | curobo   |       100 |       2.09355 |     5.16191e-05 | 8.79912e-08 |           2.09355 |           8.79912e-08 | True             | True           |
+----+---------------+--------------+----------+-----------+---------------+-----------------+-------------+-------------------+-----------------------+------------------+----------------+
| 33 |            33 |            1 | curobo   |       100 |       2.10953 |     4.21468e-05 | 6.3469e-08  |           2.10953 |           6.3469e-08  | True             | True           |
+----+---------------+--------------+----------+-----------+---------------+-----------------+-------------+-------------------+-----------------------+------------------+----------------+
| 34 |            34 |            1 | curobo   |       100 |       2.1069  |     6.82857e-05 | 9.08665e-08 |           2.1069  |           9.08665e-08 | True             | True           |
+----+---------------+--------------+----------+-----------+---------------+-----------------+-------------+-------------------+-----------------------+------------------+----------------+
| 35 |            35 |            1 | curobo   |       100 |       2.12312 |     0           | 8.84915e-08 |           2.12312 |           8.84915e-08 | True             | True           |
+----+---------------+--------------+----------+-----------+---------------+-----------------+-------------+-------------------+-----------------------+------------------+----------------+
| 36 |            36 |            1 | curobo   |       100 |       2.11334 |     1.49012e-05 | 5.71677e-08 |           2.11334 |           5.71677e-08 | True             | True           |
+----+---------------+--------------+----------+-----------+---------------+-----------------+-------------+-------------------+-----------------------+------------------+----------------+
| 37 |            37 |            1 | curobo   |       100 |       2.10023 |     5.9866e-05  | 4.60667e-08 |           2.10023 |           4.60667e-08 | True             | True           |
+----+---------------+--------------+----------+-----------+---------------+-----------------+-------------+-------------------+-----------------------+------------------+----------------+
| 38 |            38 |            1 | curobo   |       100 |       2.10118 |     8.42937e-05 | 2.99719e-08 |           2.10118 |           2.99719e-08 | True             | True           |
+----+---------------+--------------+----------+-----------+---------------+-----------------+-------------+-------------------+-----------------------+------------------+----------------+
| 39 |            39 |            1 | curobo   |       100 |       2.09808 |     6.664e-05   | 3.57037e-08 |           2.09808 |           3.57037e-08 | True             | True           |
+----+---------------+--------------+----------+-----------+---------------+-----------------+-------------+-------------------+-----------------------+------------------+----------------+
| 40 |            40 |            1 | curobo   |       100 |       2.11239 |     6.664e-05   | 1.96713e-08 |           2.11239 |           1.96713e-08 | True             | True           |
+----+---------------+--------------+----------+-----------+---------------+-----------------+-------------+-------------------+-----------------------+------------------+----------------+
| 41 |            41 |            1 | curobo   |       100 |       2.10094 |     6.664e-05   | 6.35856e-08 |           2.10094 |           6.35856e-08 | True             | True           |
+----+---------------+--------------+----------+-----------+---------------+-----------------+-------------+-------------------+-----------------------+------------------+----------------+
| 42 |            42 |            1 | curobo   |       100 |       2.11    |     6.82857e-05 | 1.05522e-07 |           2.11    |           1.05522e-07 | True             | True           |
+----+---------------+--------------+----------+-----------+---------------+-----------------+-------------+-------------------+-----------------------+------------------+----------------+
| 43 |            43 |            1 | curobo   |       100 |       2.08378 |     8.97169e-05 | 4.83966e-08 |           2.08378 |           4.83966e-08 | True             | True           |
+----+---------------+--------------+----------+-----------+---------------+-----------------+-------------+-------------------+-----------------------+------------------+----------------+
| 44 |            44 |            1 | curobo   |       100 |       2.10118 |     0.000193141 | 5.1937e-08  |           2.10118 |           5.1937e-08  | True             | True           |
+----+---------------+--------------+----------+-----------+---------------+-----------------+-------------+-------------------+-----------------------+------------------+----------------+
| 45 |            45 |            1 | curobo   |       100 |       2.11477 |     6.82857e-05 | 7.34199e-08 |           2.11477 |           7.34199e-08 | True             | True           |
+----+---------------+--------------+----------+-----------+---------------+-----------------+-------------+-------------------+-----------------------+------------------+----------------+
| 46 |            46 |            1 | curobo   |       100 |       2.11644 |     3.332e-05   | 4.63411e-08 |           2.11644 |           4.63411e-08 | True             | True           |
+----+---------------+--------------+----------+-----------+---------------+-----------------+-------------+-------------------+-----------------------+------------------+----------------+
| 47 |            47 |            1 | curobo   |       100 |       8.7769  |     7.30005e-05 | 3.06949e-07 |           8.7769  |           3.06949e-07 | True             | True           |
+----+---------------+--------------+----------+-----------+---------------+-----------------+-------------+-------------------+-----------------------+------------------+----------------+
| 48 |            48 |            1 | curobo   |       100 |       2.09618 |     2.98251e-05 | 1.41337e-08 |           2.09618 |           1.41337e-08 | True             | True           |
+----+---------------+--------------+----------+-----------+---------------+-----------------+-------------+-------------------+-----------------------+------------------+----------------+
| 49 |            49 |            1 | curobo   |       100 |       2.09808 |     4.47132e-05 | 8.09497e-08 |           2.09808 |           8.09497e-08 | True             | True           |
+----+---------------+--------------+----------+-----------+---------------+-----------------+-------------+-------------------+-----------------------+------------------+----------------+
... (500 rows total)

============================================================
Averages by Batch Size
============================================================
+------------------+---------------+-----------------+-------------+-----------+---------------------+-------------------+
|                  |   IK-time(ms) |   Pos-Error(mm) |   Ori-Error |   succ(%) |   collision_free(%) |   success_both(%) |
+==================+===============+=================+=============+===========+=====================+===================+
| (1, 'curobo')    |       9.04516 |     0.323804    | 0.00122624  |        98 |                  98 |                96 |
+------------------+---------------+-----------------+-------------+-----------+---------------------+-------------------+
| (10, 'curobo')   |       2.12556 |     5.93425e-05 | 6.58204e-08 |       100 |                  98 |                98 |
+------------------+---------------+-----------------+-------------+-----------+---------------------+-------------------+
| (100, 'curobo')  |       2.12276 |     3.79015e-05 | 4.55536e-08 |       100 |                 100 |               100 |
+------------------+---------------+-----------------+-------------+-----------+---------------------+-------------------+
| (1000, 'curobo') |       2.32357 |     1.74157e-05 | 3.4262e-08  |       100 |                  99 |                99 |
+------------------+---------------+-----------------+-------------+-----------+---------------------+-------------------+
| (2000, 'curobo') |       2.45243 |     1.61547e-05 | 3.29271e-08 |       100 |                  99 |                99 |
+------------------+---------------+-----------------+-------------+-----------+---------------------+-------------------+
============================================================

=== [Table II-dataset] collision-free, Panda, panda_hand frame, goal_pose as posed: bookshelf_small_panda bookshelf_tall_panda bookshelf_thin_panda box_panda box_panda_flipped cage_panda table_pick_panda table_under_pick_panda kitchen_panda table_bars_panda  ===
--- regen HJCD-IK to panda_hand_joint + collision (dataset frame) ---
/home/plancher/Desktop/HJCD-IK/docs/open-tasks/paper-2026-10-03/hjcd/external/GRiD/external/URDFParser/URDFParser.py:103: UserWarning: Link [panda_link0] does not have inertial properties. Assuming this is the fixed world base frame. Else there is an error with your URDF file.
  warnings.warn(
------------------------------------------
Assumed Input Joint Configuration Ordering
------------------------------------------
panda_joint1
panda_joint2
panda_joint3
panda_joint4
panda_joint5
panda_joint6
panda_joint7
------------------------------------------
Total of n = 7 dof
Total of n = 7 joints
Total of n = 8 links
------------------------------------------
Fixed Joints Found (if any):
------------------------------------------
right_gripper (id: 7, parent: panda_joint7)
panda_finger_joint2 (id: 8, parent: panda_joint7)
panda_finger_joint1 (id: 9, parent: panda_joint7)
panda_grasptarget_hand (id: 10, parent: panda_joint7)
panda_hand_joint (id: 11, parent: panda_joint7)
panda_joint8 (id: 12, parent: panda_joint7)
------------------------------------------
[generate_grid] robot=panda dof=7 target=panda_hand_joint
[generate_grid] collision ON from spherized URDF(s)=['/home/plancher/Desktop/HJCD-IK/docs/open-tasks/paper-2026-10-03/hjcd/external/foam/assets/panda/smaller_panda_spherized.urdf']
[generate_grid] collision sentinel: #define HJCD_HAS_COLLISION 1
[generate_grid] EE_FIXED_FRAME_IDX = 11  (target 'panda_hand_joint')
[generate_grid] wrote /home/plancher/Desktop/HJCD-IK/docs/open-tasks/paper-2026-10-03/hjcd/csrc/generated/grid.cuh
ninja: Entering directory `build'
[0/1] Re-running CMake...
-- HJCD-IK: g++-10 not found; using default CUDA host compiler
-- HJCD-IK: CUDA architectures = native
-- Found pybind11: /home/plancher/Desktop/HJCD-IK/docs/open-tasks/paper-2026-10-03/hjcd/.venv/lib/python3.12/site-packages/pybind11/include (found version "3.1.0")
-- HJCD-IK: using GRiD header /home/plancher/Desktop/HJCD-IK/docs/open-tasks/paper-2026-10-03/hjcd/csrc/generated/grid.cuh
-- Configuring done (0.1s)
-- Generating done (0.0s)
-- Build files have been written to: /home/plancher/Desktop/HJCD-IK/docs/open-tasks/paper-2026-10-03/hjcd/build
[1/5] Building CXX object CMakeFiles/_hjcdik.dir/csrc/bindings/pybind_module.cpp.o
[2/5] Building CUDA object CMakeFiles/hjcdik_core.dir/csrc/kernel/hjcd_kernel.cu.o
[3/5] Linking CXX executable hjcdik
[4/5] Linking CXX shared module _hjcdik.cpython-312-x86_64-linux-gnu.so
installed build/_hjcdik.cpython-312-x86_64-linux-gnu.so -> /home/plancher/Desktop/HJCD-IK/docs/open-tasks/paper-2026-10-03/hjcd/.venv/lib/python3.12/site-packages/hjcdik/_hjcdik.cpython-312-x86_64-linux-gnu.so
import OK: /home/plancher/Desktop/HJCD-IK/docs/open-tasks/paper-2026-10-03/hjcd/hjcdik/__init__.py
--- set bookshelf_small_panda (mb_problems.json) ---
[GRiD] skipping URDF codegen...
[build info] {'num_joints': 7, 'ee_target': 'panda_hand_joint', 'collision_enabled': True, 'grid_header_sha256': '602db0639bc408c26f4d57ebf4623fea868b3c45236a3a3e654defcb3d0f0720', 'cuda_compiler_version': '13.2.86'}
[collision validation] {'model': 'hjcd', 'scope': 'environment-only; non-base spheres', 'finger_joint_origin_y_m': [0.04, -0.04], 'source_sha256': {'csrc/urdf/panda.urdf': '90bb0a412eb12a3af0abb9d5d0f06be3dbbe1a72806b0416dd9769992cb35079', 'external/foam/assets/panda/smaller_panda_spherized.urdf': 'f90e26dcce184014335ce013f62a563425d8b82ba5fecf8a71480a5e0722853e'}}
[info] running 100 targets, batches=[1, 10, 100, 1000, 2000], num_solutions=1, collision_free=True
[info] processed 0/100 targets
[info] processed 50/100 targets

==== Batch Summary (averages) ====
Batch Size 1:
  Time (ms): 4.172387
  Position Error:          inf
  Orientation Error:          inf
  Collision-Free: 99.0% (100 queries)
Batch Size 10:
  Time (ms): 2.369898
  Position Error: 2.972362e-03
  Orientation Error: 3.415801e-05
  Collision-Free: 100.0% (100 queries)
Batch Size 100:
  Time (ms): 2.385209
  Position Error: 3.789965e+00
  Orientation Error: 2.973663e-03
  Collision-Free: 100.0% (100 queries)
Batch Size 1000:
  Time (ms): 2.193761
  Position Error: 3.500590e-02
  Orientation Error: 8.368064e-05
  Collision-Free: 100.0% (100 queries)
Batch Size 2000:
  Time (ms): 2.098707
  Position Error: 7.005224e-04
  Orientation Error: 7.461513e-07
  Collision-Free: 100.0% (100 queries)
[OK] wrote CSV summary /home/plancher/Desktop/HJCD-IK/docs/open-tasks/paper-2026-10-03/paper_results_20261007T155203Z/collfree_hand_bookshelf_small_panda_hjcdik.csv

[OK] wrote /home/plancher/Desktop/HJCD-IK/docs/open-tasks/paper-2026-10-03/hjcd/results.yml with 500 query entries (100 targets x 5 batches; up to 1 solutions per query).
2026-10-07 11:56:13.830 | INFO     | pyroki.collision._robot_collision:from_sphere_decomposition:187 - Created RobotCollision (sphere mode) with 13 links, 59 total spheres, and 1230 active pairs.
2026-10-07 11:56:13.984 | INFO     | jaxls._problem:analyze:237 - Building optimization problem with 5 terms and 1 variables: 5 costs, 0 eq_zero, 0 leq_zero, 0 geq_zero
2026-10-07 11:56:14.040 | INFO     | jaxls._problem:analyze:364 - Vectorizing group with 1 costs, 1 variables each: _pose_cost_analytical_jac
2026-10-07 11:56:14.054 | INFO     | jaxls._problem:analyze:364 - Vectorizing group with 1 costs, 1 variables each: limit_residual
2026-10-07 11:56:14.088 | INFO     | jaxls._problem:analyze:364 - Vectorizing group with 1 costs, 1 variables each: world_collision_residual
2026-10-07 11:56:14.113 | INFO     | jaxls._problem:analyze:364 - Vectorizing group with 1 costs, 1 variables each: world_collision_residual
2026-10-07 11:56:14.127 | INFO     | jaxls._problem:analyze:364 - Vectorizing group with 1 costs, 1 variables each: self_collision_residual
2026-10-07 11:56:14.134 | INFO     | jaxls._problem:analyze:451 - Variable elimination: variable IDs are traced; solves will not use elimination
2026-10-07 11:56:15.489 | INFO     | jaxls._problem:analyze:237 - Building optimization problem with 5 terms and 1 variables: 5 costs, 0 eq_zero, 0 leq_zero, 0 geq_zero
2026-10-07 11:56:15.500 | INFO     | jaxls._problem:analyze:364 - Vectorizing group with 1 costs, 1 variables each: world_collision_residual
2026-10-07 11:56:15.509 | INFO     | jaxls._problem:analyze:364 - Vectorizing group with 1 costs, 1 variables each: world_collision_residual
2026-10-07 11:56:15.516 | INFO     | jaxls._problem:analyze:364 - Vectorizing group with 1 costs, 1 variables each: self_collision_residual
2026-10-07 11:56:15.525 | INFO     | jaxls._problem:analyze:364 - Vectorizing group with 1 costs, 1 variables each: _pose_cost_analytical_jac
2026-10-07 11:56:15.530 | INFO     | jaxls._problem:analyze:364 - Vectorizing group with 1 costs, 1 variables each: limit_residual
2026-10-07 11:56:15.532 | INFO     | jaxls._problem:analyze:451 - Variable elimination: variable IDs are traced; solves will not use elimination
2026-10-07 11:56:23.407 | INFO     | jaxls._problem:analyze:237 - Building optimization problem with 5 terms and 1 variables: 5 costs, 0 eq_zero, 0 leq_zero, 0 geq_zero
2026-10-07 11:56:23.417 | INFO     | jaxls._problem:analyze:364 - Vectorizing group with 1 costs, 1 variables each: limit_residual
2026-10-07 11:56:23.427 | INFO     | jaxls._problem:analyze:364 - Vectorizing group with 1 costs, 1 variables each: self_collision_residual
2026-10-07 11:56:23.434 | INFO     | jaxls._problem:analyze:364 - Vectorizing group with 1 costs, 1 variables each: world_collision_residual
2026-10-07 11:56:23.442 | INFO     | jaxls._problem:analyze:364 - Vectorizing group with 1 costs, 1 variables each: world_collision_residual
2026-10-07 11:56:23.451 | INFO     | jaxls._problem:analyze:364 - Vectorizing group with 1 costs, 1 variables each: _pose_cost_analytical_jac
2026-10-07 11:56:23.455 | INFO     | jaxls._problem:analyze:451 - Variable elimination: variable IDs are traced; solves will not use elimination
2026-10-07 11:56:24.505 | INFO     | jaxls._problem:analyze:237 - Building optimization problem with 5 terms and 1 variables: 5 costs, 0 eq_zero, 0 leq_zero, 0 geq_zero
2026-10-07 11:56:24.517 | INFO     | jaxls._problem:analyze:364 - Vectorizing group with 1 costs, 1 variables each: self_collision_residual
2026-10-07 11:56:24.530 | INFO     | jaxls._problem:analyze:364 - Vectorizing group with 1 costs, 1 variables each: _pose_cost_analytical_jac
2026-10-07 11:56:24.537 | INFO     | jaxls._problem:analyze:364 - Vectorizing group with 1 costs, 1 variables each: world_collision_residual
2026-10-07 11:56:24.545 | INFO     | jaxls._problem:analyze:364 - Vectorizing group with 1 costs, 1 variables each: world_collision_residual
2026-10-07 11:56:24.552 | INFO     | jaxls._problem:analyze:364 - Vectorizing group with 1 costs, 1 variables each: limit_residual
2026-10-07 11:56:24.556 | INFO     | jaxls._problem:analyze:451 - Variable elimination: variable IDs are traced; solves will not use elimination
2026-10-07 11:56:34.094 | INFO     | jaxls._problem:analyze:237 - Building optimization problem with 5 terms and 1 variables: 5 costs, 0 eq_zero, 0 leq_zero, 0 geq_zero
2026-10-07 11:56:34.109 | INFO     | jaxls._problem:analyze:364 - Vectorizing group with 1 costs, 1 variables each: _pose_cost_analytical_jac
2026-10-07 11:56:34.119 | INFO     | jaxls._problem:analyze:364 - Vectorizing group with 1 costs, 1 variables each: self_collision_residual
2026-10-07 11:56:34.125 | INFO     | jaxls._problem:analyze:364 - Vectorizing group with 1 costs, 1 variables each: limit_residual
2026-10-07 11:56:34.132 | INFO     | jaxls._problem:analyze:364 - Vectorizing group with 1 costs, 1 variables each: world_collision_residual
2026-10-07 11:56:34.141 | INFO     | jaxls._problem:analyze:364 - Vectorizing group with 1 costs, 1 variables each: world_collision_residual
2026-10-07 11:56:34.145 | INFO     | jaxls._problem:analyze:451 - Variable elimination: variable IDs are traced; solves will not use elimination
2026-10-07 11:56:35.271 | INFO     | jaxls._problem:analyze:237 - Building optimization problem with 5 terms and 1 variables: 5 costs, 0 eq_zero, 0 leq_zero, 0 geq_zero
2026-10-07 11:56:35.285 | INFO     | jaxls._problem:analyze:364 - Vectorizing group with 1 costs, 1 variables each: _pose_cost_analytical_jac
2026-10-07 11:56:35.306 | INFO     | jaxls._problem:analyze:364 - Vectorizing group with 1 costs, 1 variables each: limit_residual
2026-10-07 11:56:35.313 | INFO     | jaxls._problem:analyze:364 - Vectorizing group with 1 costs, 1 variables each: world_collision_residual
2026-10-07 11:56:35.321 | INFO     | jaxls._problem:analyze:364 - Vectorizing group with 1 costs, 1 variables each: world_collision_residual
2026-10-07 11:56:35.328 | INFO     | jaxls._problem:analyze:364 - Vectorizing group with 1 costs, 1 variables each: self_collision_residual
2026-10-07 11:56:35.330 | INFO     | jaxls._problem:analyze:451 - Variable elimination: variable IDs are traced; solves will not use elimination
2026-10-07 11:56:44.992 | INFO     | jaxls._problem:analyze:237 - Building optimization problem with 5 terms and 1 variables: 5 costs, 0 eq_zero, 0 leq_zero, 0 geq_zero
2026-10-07 11:56:45.002 | INFO     | jaxls._problem:analyze:364 - Vectorizing group with 1 costs, 1 variables each: limit_residual
2026-10-07 11:56:45.012 | INFO     | jaxls._problem:analyze:364 - Vectorizing group with 1 costs, 1 variables each: world_collision_residual
2026-10-07 11:56:45.020 | INFO     | jaxls._problem:analyze:364 - Vectorizing group with 1 costs, 1 variables each: world_collision_residual
2026-10-07 11:56:45.027 | INFO     | jaxls._problem:analyze:364 - Vectorizing group with 1 costs, 1 variables each: self_collision_residual
2026-10-07 11:56:45.036 | INFO     | jaxls._problem:analyze:364 - Vectorizing group with 1 costs, 1 variables each: _pose_cost_analytical_jac
2026-10-07 11:56:45.040 | INFO     | jaxls._problem:analyze:451 - Variable elimination: variable IDs are traced; solves will not use elimination
2026-10-07 11:56:46.236 | INFO     | jaxls._problem:analyze:237 - Building optimization problem with 5 terms and 1 variables: 5 costs, 0 eq_zero, 0 leq_zero, 0 geq_zero
2026-10-07 11:56:46.250 | INFO     | jaxls._problem:analyze:364 - Vectorizing group with 1 costs, 1 variables each: _pose_cost_analytical_jac
2026-10-07 11:56:46.255 | INFO     | jaxls._problem:analyze:364 - Vectorizing group with 1 costs, 1 variables each: limit_residual
2026-10-07 11:56:46.262 | INFO     | jaxls._problem:analyze:364 - Vectorizing group with 1 costs, 1 variables each: world_collision_residual
2026-10-07 11:56:46.270 | INFO     | jaxls._problem:analyze:364 - Vectorizing group with 1 costs, 1 variables each: world_collision_residual
2026-10-07 11:56:46.277 | INFO     | jaxls._problem:analyze:364 - Vectorizing group with 1 costs, 1 variables each: self_collision_residual
2026-10-07 11:56:46.279 | INFO     | jaxls._problem:analyze:451 - Variable elimination: variable IDs are traced; solves will not use elimination
2026-10-07 11:56:57.918 | INFO     | jaxls._problem:analyze:237 - Building optimization problem with 5 terms and 1 variables: 5 costs, 0 eq_zero, 0 leq_zero, 0 geq_zero
2026-10-07 11:56:57.929 | INFO     | jaxls._problem:analyze:364 - Vectorizing group with 1 costs, 1 variables each: world_collision_residual
2026-10-07 11:56:57.941 | INFO     | jaxls._problem:analyze:364 - Vectorizing group with 1 costs, 1 variables each: world_collision_residual
2026-10-07 11:56:57.946 | INFO     | jaxls._problem:analyze:364 - Vectorizing group with 1 costs, 1 variables each: limit_residual
2026-10-07 11:56:57.953 | INFO     | jaxls._problem:analyze:364 - Vectorizing group with 1 costs, 1 variables each: self_collision_residual
2026-10-07 11:56:57.962 | INFO     | jaxls._problem:analyze:364 - Vectorizing group with 1 costs, 1 variables each: _pose_cost_analytical_jac
2026-10-07 11:56:57.966 | INFO     | jaxls._problem:analyze:451 - Variable elimination: variable IDs are traced; solves will not use elimination
2026-10-07 11:56:59.198 | INFO     | jaxls._problem:analyze:237 - Building optimization problem with 5 terms and 1 variables: 5 costs, 0 eq_zero, 0 leq_zero, 0 geq_zero
2026-10-07 11:56:59.210 | INFO     | jaxls._problem:analyze:364 - Vectorizing group with 1 costs, 1 variables each: self_collision_residual
2026-10-07 11:56:59.217 | INFO     | jaxls._problem:analyze:364 - Vectorizing group with 1 costs, 1 variables each: world_collision_residual
2026-10-07 11:56:59.225 | INFO     | jaxls._problem:analyze:364 - Vectorizing group with 1 costs, 1 variables each: world_collision_residual
2026-10-07 11:56:59.235 | INFO     | jaxls._problem:analyze:364 - Vectorizing group with 1 costs, 1 variables each: _pose_cost_analytical_jac
2026-10-07 11:56:59.240 | INFO     | jaxls._problem:analyze:364 - Vectorizing group with 1 costs, 1 variables each: limit_residual
2026-10-07 11:56:59.242 | INFO     | jaxls._problem:analyze:451 - Variable elimination: variable IDs are traced; solves will not use elimination
[baseline_bench] collision-free: validating returned q with the shared Panda sphere model (benchmark/panda_collision.py); the 'collision_free' column is populated cuRobo-free.
running...
  pyroki collision model: 59 foam spheres on 11 links, 1230 self pairs, world margin 0.01 m
  pyroki collision-free EE frame: panda_hand; collision costs: on (foam spheres)
  pyroki num_seeds_init: 1
  pyroki num_seeds_init: 10
  pyroki num_seeds_init: 100
  pyroki num_seeds_init: 1000
  pyroki num_seeds_init: 2000
+----+---------------+--------------+----------+-----------+---------------+-----------------+-------------+-------------------+-----------------------+------------------+----------------+
|    |   problem_idx |   Batch-Size | solver   |   succ(%) |   IK-time(ms) |   Pos-Error(mm) |   Ori-Error |   pyroki-time(ms) |   pyroki-ori-err(rad) | collision_free   | success_both   |
+====+===============+==============+==========+===========+===============+=================+=============+===================+=======================+==================+================+
|  0 |             0 |            1 | pyroki   |         0 |       8.63719 |        518.065  |   0.841025  |           8.63719 |             0.841025  | True             | False          |
+----+---------------+--------------+----------+-----------+---------------+-----------------+-------------+-------------------+-----------------------+------------------+----------------+
|  1 |             1 |            1 | pyroki   |         0 |       9.09591 |        725.89   |   0.318156  |           9.09591 |             0.318156  | True             | False          |
+----+---------------+--------------+----------+-----------+---------------+-----------------+-------------+-------------------+-----------------------+------------------+----------------+
|  2 |             2 |            1 | pyroki   |         0 |       8.20065 |        542.878  |   0.451392  |           8.20065 |             0.451392  | True             | False          |
+----+---------------+--------------+----------+-----------+---------------+-----------------+-------------+-------------------+-----------------------+------------------+----------------+
|  3 |             3 |            1 | pyroki   |         0 |       8.54325 |        490.392  |   0.302051  |           8.54325 |             0.302051  | True             | False          |
+----+---------------+--------------+----------+-----------+---------------+-----------------+-------------+-------------------+-----------------------+------------------+----------------+
|  4 |             4 |            1 | pyroki   |         0 |       8.83389 |        748.074  |   0.20991   |           8.83389 |             0.20991   | True             | False          |
+----+---------------+--------------+----------+-----------+---------------+-----------------+-------------+-------------------+-----------------------+------------------+----------------+
|  5 |             5 |            1 | pyroki   |         0 |       8.79622 |        793.313  |   0.544299  |           8.79622 |             0.544299  | True             | False          |
+----+---------------+--------------+----------+-----------+---------------+-----------------+-------------+-------------------+-----------------------+------------------+----------------+
|  6 |             6 |            1 | pyroki   |         0 |       8.49223 |        597.937  |   0.231939  |           8.49223 |             0.231939  | True             | False          |
+----+---------------+--------------+----------+-----------+---------------+-----------------+-------------+-------------------+-----------------------+------------------+----------------+
|  7 |             7 |            1 | pyroki   |         0 |       8.90708 |        577.658  |   0.252843  |           8.90708 |             0.252843  | True             | False          |
+----+---------------+--------------+----------+-----------+---------------+-----------------+-------------+-------------------+-----------------------+------------------+----------------+
|  8 |             8 |            1 | pyroki   |         0 |       9.08923 |        761.641  |   0.26573   |           9.08923 |             0.26573   | True             | False          |
+----+---------------+--------------+----------+-----------+---------------+-----------------+-------------+-------------------+-----------------------+------------------+----------------+
|  9 |             9 |            1 | pyroki   |         0 |       8.32319 |        814.548  |   0.225783  |           8.32319 |             0.225783  | True             | False          |
+----+---------------+--------------+----------+-----------+---------------+-----------------+-------------+-------------------+-----------------------+------------------+----------------+
| 10 |            10 |            1 | pyroki   |         0 |       8.48293 |        483.263  |   0.251229  |           8.48293 |             0.251229  | True             | False          |
+----+---------------+--------------+----------+-----------+---------------+-----------------+-------------+-------------------+-----------------------+------------------+----------------+
| 11 |            11 |            1 | pyroki   |         0 |       9.02224 |        683.828  |   0.72021   |           9.02224 |             0.72021   | True             | False          |
+----+---------------+--------------+----------+-----------+---------------+-----------------+-------------+-------------------+-----------------------+------------------+----------------+
| 12 |            12 |            1 | pyroki   |         0 |       9.16791 |        477.71   |   0.180169  |           9.16791 |             0.180169  | True             | False          |
+----+---------------+--------------+----------+-----------+---------------+-----------------+-------------+-------------------+-----------------------+------------------+----------------+
| 13 |            13 |            1 | pyroki   |         0 |       8.96001 |        587.304  |   0.344196  |           8.96001 |             0.344196  | True             | False          |
+----+---------------+--------------+----------+-----------+---------------+-----------------+-------------+-------------------+-----------------------+------------------+----------------+
| 14 |            14 |            1 | pyroki   |         0 |       9.16672 |        693.157  |   0.234954  |           9.16672 |             0.234954  | True             | False          |
+----+---------------+--------------+----------+-----------+---------------+-----------------+-------------+-------------------+-----------------------+------------------+----------------+
| 15 |            15 |            1 | pyroki   |         0 |       8.16393 |        675.813  |   0.950225  |           8.16393 |             0.950225  | True             | False          |
+----+---------------+--------------+----------+-----------+---------------+-----------------+-------------+-------------------+-----------------------+------------------+----------------+
| 16 |            16 |            1 | pyroki   |         0 |       8.01158 |        400.202  |   0.216477  |           8.01158 |             0.216477  | True             | False          |
+----+---------------+--------------+----------+-----------+---------------+-----------------+-------------+-------------------+-----------------------+------------------+----------------+
| 17 |            17 |            1 | pyroki   |         0 |       7.99441 |        447.687  |   0.514784  |           7.99441 |             0.514784  | True             | False          |
+----+---------------+--------------+----------+-----------+---------------+-----------------+-------------+-------------------+-----------------------+------------------+----------------+
| 18 |            18 |            1 | pyroki   |         0 |       9.094   |        792.818  |   0.563368  |           9.094   |             0.563368  | True             | False          |
+----+---------------+--------------+----------+-----------+---------------+-----------------+-------------+-------------------+-----------------------+------------------+----------------+
| 19 |            19 |            1 | pyroki   |         0 |       8.77094 |        278.965  |   0.363025  |           8.77094 |             0.363025  | True             | False          |
+----+---------------+--------------+----------+-----------+---------------+-----------------+-------------+-------------------+-----------------------+------------------+----------------+
| 20 |            20 |            1 | pyroki   |         0 |       8.57902 |        469.914  |   0.310136  |           8.57902 |             0.310136  | True             | False          |
+----+---------------+--------------+----------+-----------+---------------+-----------------+-------------+-------------------+-----------------------+------------------+----------------+
| 21 |            21 |            1 | pyroki   |         0 |       8.21304 |        716.95   |   0.239698  |           8.21304 |             0.239698  | True             | False          |
+----+---------------+--------------+----------+-----------+---------------+-----------------+-------------+-------------------+-----------------------+------------------+----------------+
| 22 |            22 |            1 | pyroki   |         0 |       8.22401 |        376.009  |   0.338918  |           8.22401 |             0.338918  | True             | False          |
+----+---------------+--------------+----------+-----------+---------------+-----------------+-------------+-------------------+-----------------------+------------------+----------------+
| 23 |            23 |            1 | pyroki   |         0 |       8.80218 |        595.567  |   0.218974  |           8.80218 |             0.218974  | True             | False          |
+----+---------------+--------------+----------+-----------+---------------+-----------------+-------------+-------------------+-----------------------+------------------+----------------+
| 24 |            24 |            1 | pyroki   |         0 |       8.18014 |        643.211  |   0.703013  |           8.18014 |             0.703013  | True             | False          |
+----+---------------+--------------+----------+-----------+---------------+-----------------+-------------+-------------------+-----------------------+------------------+----------------+
| 25 |            25 |            1 | pyroki   |         0 |       8.18849 |        521.463  |   0.179171  |           8.18849 |             0.179171  | True             | False          |
+----+---------------+--------------+----------+-----------+---------------+-----------------+-------------+-------------------+-----------------------+------------------+----------------+
| 26 |            26 |            1 | pyroki   |         0 |       8.71491 |        601.568  |   0.228262  |           8.71491 |             0.228262  | True             | False          |
+----+---------------+--------------+----------+-----------+---------------+-----------------+-------------+-------------------+-----------------------+------------------+----------------+
| 27 |            27 |            1 | pyroki   |         0 |       8.17442 |        636.523  |   0.321582  |           8.17442 |             0.321582  | True             | False          |
+----+---------------+--------------+----------+-----------+---------------+-----------------+-------------+-------------------+-----------------------+------------------+----------------+
| 28 |            28 |            1 | pyroki   |         0 |       9.09567 |        757.276  |   0.310032  |           9.09567 |             0.310032  | True             | False          |
+----+---------------+--------------+----------+-----------+---------------+-----------------+-------------+-------------------+-----------------------+------------------+----------------+
| 29 |            29 |            1 | pyroki   |         0 |       8.14843 |        831.412  |   0.56782   |           8.14843 |             0.56782   | True             | False          |
+----+---------------+--------------+----------+-----------+---------------+-----------------+-------------+-------------------+-----------------------+------------------+----------------+
| 30 |            30 |            1 | pyroki   |         0 |       8.62575 |        483.394  |   0.278729  |           8.62575 |             0.278729  | True             | False          |
+----+---------------+--------------+----------+-----------+---------------+-----------------+-------------+-------------------+-----------------------+------------------+----------------+
| 31 |            31 |            1 | pyroki   |         0 |       8.84056 |        620.983  |   0.249879  |           8.84056 |             0.249879  | True             | False          |
+----+---------------+--------------+----------+-----------+---------------+-----------------+-------------+-------------------+-----------------------+------------------+----------------+
| 32 |            32 |            1 | pyroki   |         0 |       8.17251 |        573.017  |   0.625827  |           8.17251 |             0.625827  | True             | False          |
+----+---------------+--------------+----------+-----------+---------------+-----------------+-------------+-------------------+-----------------------+------------------+----------------+
| 33 |            33 |            1 | pyroki   |         0 |       8.92663 |        735.894  |   0.71943   |           8.92663 |             0.71943   | True             | False          |
+----+---------------+--------------+----------+-----------+---------------+-----------------+-------------+-------------------+-----------------------+------------------+----------------+
| 34 |            34 |            1 | pyroki   |         0 |       7.80344 |        296.883  |   0.140921  |           7.80344 |             0.140921  | True             | False          |
+----+---------------+--------------+----------+-----------+---------------+-----------------+-------------+-------------------+-----------------------+------------------+----------------+
| 35 |            35 |            1 | pyroki   |         0 |       9.0282  |        795.194  |   0.482808  |           9.0282  |             0.482808  | True             | False          |
+----+---------------+--------------+----------+-----------+---------------+-----------------+-------------+-------------------+-----------------------+------------------+----------------+
| 36 |            36 |            1 | pyroki   |         0 |       8.7955  |        721.551  |   0.917984  |           8.7955  |             0.917984  | True             | False          |
+----+---------------+--------------+----------+-----------+---------------+-----------------+-------------+-------------------+-----------------------+------------------+----------------+
| 37 |            37 |            1 | pyroki   |         0 |       8.05998 |        472.894  |   0.31157   |           8.05998 |             0.31157   | True             | False          |
+----+---------------+--------------+----------+-----------+---------------+-----------------+-------------+-------------------+-----------------------+------------------+----------------+
| 38 |            38 |            1 | pyroki   |         0 |       8.18896 |        305.662  |   0.361105  |           8.18896 |             0.361105  | True             | False          |
+----+---------------+--------------+----------+-----------+---------------+-----------------+-------------+-------------------+-----------------------+------------------+----------------+
| 39 |            39 |            1 | pyroki   |         0 |       9.12833 |        752.033  |   0.295749  |           9.12833 |             0.295749  | True             | False          |
+----+---------------+--------------+----------+-----------+---------------+-----------------+-------------+-------------------+-----------------------+------------------+----------------+
| 40 |            40 |            1 | pyroki   |         0 |       8.90923 |        608.024  |   0.566966  |           8.90923 |             0.566966  | True             | False          |
+----+---------------+--------------+----------+-----------+---------------+-----------------+-------------+-------------------+-----------------------+------------------+----------------+
| 41 |            41 |            1 | pyroki   |         0 |       8.41022 |        803.902  |   0.240001  |           8.41022 |             0.240001  | True             | False          |
+----+---------------+--------------+----------+-----------+---------------+-----------------+-------------+-------------------+-----------------------+------------------+----------------+
| 42 |            42 |            1 | pyroki   |         0 |       8.0564  |        532.191  |   0.310776  |           8.0564  |             0.310776  | True             | False          |
+----+---------------+--------------+----------+-----------+---------------+-----------------+-------------+-------------------+-----------------------+------------------+----------------+
| 43 |            43 |            1 | pyroki   |         0 |       8.32152 |        810.811  |   0.790741  |           8.32152 |             0.790741  | True             | False          |
+----+---------------+--------------+----------+-----------+---------------+-----------------+-------------+-------------------+-----------------------+------------------+----------------+
| 44 |            44 |            1 | pyroki   |         0 |       8.54874 |        648.255  |   0.218406  |           8.54874 |             0.218406  | True             | False          |
+----+---------------+--------------+----------+-----------+---------------+-----------------+-------------+-------------------+-----------------------+------------------+----------------+
| 45 |            45 |            1 | pyroki   |         0 |       9.27877 |        697.271  |   0.450469  |           9.27877 |             0.450469  | True             | False          |
+----+---------------+--------------+----------+-----------+---------------+-----------------+-------------+-------------------+-----------------------+------------------+----------------+
| 46 |            46 |            1 | pyroki   |         0 |       8.10647 |        407.495  |   0.359256  |           8.10647 |             0.359256  | True             | False          |
+----+---------------+--------------+----------+-----------+---------------+-----------------+-------------+-------------------+-----------------------+------------------+----------------+
| 47 |            47 |            1 | pyroki   |         0 |       8.35633 |        502.637  |   0.206394  |           8.35633 |             0.206394  | True             | False          |
+----+---------------+--------------+----------+-----------+---------------+-----------------+-------------+-------------------+-----------------------+------------------+----------------+
| 48 |            48 |            1 | pyroki   |         0 |       8.59904 |         55.4196 |   0.0530572 |           8.59904 |             0.0530572 | True             | False          |
+----+---------------+--------------+----------+-----------+---------------+-----------------+-------------+-------------------+-----------------------+------------------+----------------+
| 49 |            49 |            1 | pyroki   |         0 |       9.06157 |        417.479  |   0.251568  |           9.06157 |             0.251568  | True             | False          |
+----+---------------+--------------+----------+-----------+---------------+-----------------+-------------+-------------------+-----------------------+------------------+----------------+
... (500 rows total)

============================================================
Averages by Batch Size
============================================================
+------------------+---------------+-----------------+-------------+-----------+---------------------+-------------------+
|                  |   IK-time(ms) |   Pos-Error(mm) |   Ori-Error |   succ(%) |   collision_free(%) |   success_both(%) |
+==================+===============+=================+=============+===========+=====================+===================+
| (1, 'pyroki')    |       8.30157 |     595.014     | 0.43029     |         1 |                  99 |                 1 |
+------------------+---------------+-----------------+-------------+-----------+---------------------+-------------------+
| (10, 'pyroki')   |      12.0765  |      13.751     | 0.0211636   |        77 |                  93 |                77 |
+------------------+---------------+-----------------+-------------+-----------+---------------------+-------------------+
| (100, 'pyroki')  |      13.0314  |       0.16785   | 0.000113152 |        99 |                 100 |                99 |
+------------------+---------------+-----------------+-------------+-----------+---------------------+-------------------+
| (1000, 'pyroki') |      20.4372  |       0.0173408 | 1.11935e-05 |       100 |                 100 |               100 |
+------------------+---------------+-----------------+-------------+-----------+---------------------+-------------------+
| (2000, 'pyroki') |      29.0945  |       0.0139945 | 9.5211e-06  |       100 |                 100 |               100 |
+------------------+---------------+-----------------+-------------+-----------+---------------------+-------------------+
============================================================

[baseline_bench] collision-free: validating returned q with the shared Panda sphere model (benchmark/panda_collision.py); the 'collision_free' column is populated cuRobo-free.
running...
  curobo num_seeds: 1
  curobo num_seeds: 10
  curobo num_seeds: 100
  curobo num_seeds: 1000
  curobo num_seeds: 2000
+----+---------------+--------------+----------+-----------+---------------+-----------------+-------------+-------------------+-----------------------+------------------+----------------+
|    |   problem_idx |   Batch-Size | solver   |   succ(%) |   IK-time(ms) |   Pos-Error(mm) |   Ori-Error |   curobo-time(ms) |   curobo-ori-err(rad) | collision_free   | success_both   |
+====+===============+==============+==========+===========+===============+=================+=============+===================+=======================+==================+================+
|  0 |             0 |            1 | curobo   |       100 |       2.15268 |     7.45058e-05 | 1.33798e-07 |           2.15268 |           1.33798e-07 | True             | True           |
+----+---------------+--------------+----------+-----------+---------------+-----------------+-------------+-------------------+-----------------------+------------------+----------------+
|  1 |             1 |            1 | curobo   |       100 |       2.17247 |     8.42937e-05 | 6.46498e-08 |           2.17247 |           6.46498e-08 | True             | True           |
+----+---------------+--------------+----------+-----------+---------------+-----------------+-------------+-------------------+-----------------------+------------------+----------------+
|  2 |             2 |            1 | curobo   |       100 |       2.1832  |     6.664e-05   | 1.25061e-07 |           2.1832  |           1.25061e-07 | True             | True           |
+----+---------------+--------------+----------+-----------+---------------+-----------------+-------------+-------------------+-----------------------+------------------+----------------+
|  3 |             3 |            1 | curobo   |       100 |       2.1503  |     2.499e-05   | 6.76638e-08 |           2.1503  |           6.76638e-08 | True             | True           |
+----+---------------+--------------+----------+-----------+---------------+-----------------+-------------+-------------------+-----------------------+------------------+----------------+
|  4 |             4 |            1 | curobo   |         0 |     640.262   |   230.753       | 0.546059    |         640.262   |           0.546059    | True             | False          |
+----+---------------+--------------+----------+-----------+---------------+-----------------+-------------+-------------------+-----------------------+------------------+----------------+
|  5 |             5 |            1 | curobo   |         0 |       9.22751 |    35.0526      | 0.124869    |           9.22751 |           0.124869    | True             | False          |
+----+---------------+--------------+----------+-----------+---------------+-----------------+-------------+-------------------+-----------------------+------------------+----------------+
|  6 |             6 |            1 | curobo   |       100 |       2.17628 |     0.000123778 | 1.46095e-07 |           2.17628 |           1.46095e-07 | True             | True           |
+----+---------------+--------------+----------+-----------+---------------+-----------------+-------------+-------------------+-----------------------+------------------+----------------+
|  7 |             7 |            1 | curobo   |       100 |       2.15435 |     4.21468e-05 | 3.42346e-08 |           2.15435 |           3.42346e-08 | True             | True           |
+----+---------------+--------------+----------+-----------+---------------+-----------------+-------------+-------------------+-----------------------+------------------+----------------+
|  8 |             8 |            1 | curobo   |       100 |       2.17867 |     8.42937e-05 | 1.15374e-07 |           2.17867 |           1.15374e-07 | True             | True           |
+----+---------------+--------------+----------+-----------+---------------+-----------------+-------------+-------------------+-----------------------+------------------+----------------+
|  9 |             9 |            1 | curobo   |       100 |       2.15006 |     5.96046e-05 | 1.55793e-07 |           2.15006 |           1.55793e-07 | True             | True           |
+----+---------------+--------------+----------+-----------+---------------+-----------------+-------------+-------------------+-----------------------+------------------+----------------+
| 10 |            10 |            1 | curobo   |       100 |       2.15387 |     6.00685e-05 | 5.64104e-08 |           2.15387 |           5.64104e-08 | True             | True           |
+----+---------------+--------------+----------+-----------+---------------+-----------------+-------------+-------------------+-----------------------+------------------+----------------+
| 11 |            11 |            1 | curobo   |       100 |       2.16126 |     1.21782     | 0.000821313 |           2.16126 |           0.000821313 | True             | True           |
+----+---------------+--------------+----------+-----------+---------------+-----------------+-------------+-------------------+-----------------------+------------------+----------------+
| 12 |            12 |            1 | curobo   |       100 |       2.16532 |     4.21468e-05 | 1.01618e-07 |           2.16532 |           1.01618e-07 | True             | True           |
+----+---------------+--------------+----------+-----------+---------------+-----------------+-------------+-------------------+-----------------------+------------------+----------------+
| 13 |            13 |            1 | curobo   |       100 |       2.14696 |     5.08403e-05 | 9.04232e-08 |           2.14696 |           9.04232e-08 | True             | True           |
+----+---------------+--------------+----------+-----------+---------------+-----------------+-------------+-------------------+-----------------------+------------------+----------------+
| 14 |            14 |            1 | curobo   |         0 |       8.8644  |    31.5978      | 0.0738956   |           8.8644  |           0.0738956   | True             | False          |
+----+---------------+--------------+----------+-----------+---------------+-----------------+-------------+-------------------+-----------------------+------------------+----------------+
| 15 |            15 |            1 | curobo   |       100 |       2.14028 |     2.98023e-05 | 9.2938e-08  |           2.14028 |           9.2938e-08  | True             | True           |
+----+---------------+--------------+----------+-----------+---------------+-----------------+-------------+-------------------+-----------------------+------------------+----------------+
| 16 |            16 |            1 | curobo   |       100 |       2.14648 |     6.664e-05   | 9.727e-08   |           2.14648 |           9.727e-08   | True             | True           |
+----+---------------+--------------+----------+-----------+---------------+-----------------+-------------+-------------------+-----------------------+------------------+----------------+
| 17 |            17 |            1 | curobo   |       100 |       2.15459 |     3.332e-05   | 1.00138e-07 |           2.15459 |           1.00138e-07 | True             | True           |
+----+---------------+--------------+----------+-----------+---------------+-----------------+-------------+-------------------+-----------------------+------------------+----------------+
| 18 |            18 |            1 | curobo   |         0 |       8.98886 |   198.517       | 0.0596354   |           8.98886 |           0.0596354   | True             | False          |
+----+---------------+--------------+----------+-----------+---------------+-----------------+-------------+-------------------+-----------------------+------------------+----------------+
| 19 |            19 |            1 | curobo   |       100 |       2.16436 |     2.98023e-05 | 1.46721e-07 |           2.16436 |           1.46721e-07 | True             | True           |
+----+---------------+--------------+----------+-----------+---------------+-----------------+-------------+-------------------+-----------------------+------------------+----------------+
| 20 |            20 |            1 | curobo   |       100 |       2.14434 |     5.37269e-05 | 1.19162e-07 |           2.14434 |           1.19162e-07 | True             | True           |
+----+---------------+--------------+----------+-----------+---------------+-----------------+-------------+-------------------+-----------------------+------------------+----------------+
| 21 |            21 |            1 | curobo   |       100 |       2.15578 |     3.332e-05   | 1.09234e-07 |           2.15578 |           1.09234e-07 | True             | True           |
+----+---------------+--------------+----------+-----------+---------------+-----------------+-------------+-------------------+-----------------------+------------------+----------------+
| 22 |            22 |            1 | curobo   |       100 |       2.14481 |     0.000146001 | 6.27082e-08 |           2.14481 |           6.27082e-08 | True             | True           |
+----+---------------+--------------+----------+-----------+---------------+-----------------+-------------+-------------------+-----------------------+------------------+----------------+
| 23 |            23 |            1 | curobo   |       100 |       2.15316 |     6.664e-05   | 1.19515e-07 |           2.15316 |           1.19515e-07 | True             | True           |
+----+---------------+--------------+----------+-----------+---------------+-----------------+-------------+-------------------+-----------------------+------------------+----------------+
| 24 |            24 |            1 | curobo   |       100 |       2.13289 |     8.42937e-05 | 1.03585e-07 |           2.13289 |           1.03585e-07 | True             | True           |
+----+---------------+--------------+----------+-----------+---------------+-----------------+-------------+-------------------+-----------------------+------------------+----------------+
| 25 |            25 |            1 | curobo   |         0 |       8.89349 |    59.6773      | 0.163049    |           8.89349 |           0.163049    | True             | False          |
+----+---------------+--------------+----------+-----------+---------------+-----------------+-------------+-------------------+-----------------------+------------------+----------------+
| 26 |            26 |            1 | curobo   |       100 |       2.14648 |     8.9407e-05  | 4.72056e-08 |           2.14648 |           4.72056e-08 | True             | True           |
+----+---------------+--------------+----------+-----------+---------------+-----------------+-------------+-------------------+-----------------------+------------------+----------------+
| 27 |            27 |            1 | curobo   |       100 |       2.15697 |     6.664e-05   | 1.42814e-07 |           2.15697 |           1.42814e-07 | True             | True           |
+----+---------------+--------------+----------+-----------+---------------+-----------------+-------------+-------------------+-----------------------+------------------+----------------+
| 28 |            28 |            1 | curobo   |         0 |       8.87156 |    26.9843      | 0.0597323   |           8.87156 |           0.0597323   | True             | False          |
+----+---------------+--------------+----------+-----------+---------------+-----------------+-------------+-------------------+-----------------------+------------------+----------------+
| 29 |            29 |            1 | curobo   |         0 |       8.76403 |    33.0543      | 0.0772609   |           8.76403 |           0.0772609   | True             | False          |
+----+---------------+--------------+----------+-----------+---------------+-----------------+-------------+-------------------+-----------------------+------------------+----------------+
| 30 |            30 |            1 | curobo   |       100 |       2.15101 |     3.332e-05   | 9.51801e-08 |           2.15101 |           9.51801e-08 | True             | True           |
+----+---------------+--------------+----------+-----------+---------------+-----------------+-------------+-------------------+-----------------------+------------------+----------------+
| 31 |            31 |            1 | curobo   |       100 |       2.15364 |     0.0443122   | 9.05454e-06 |           2.15364 |           9.05454e-06 | True             | True           |
+----+---------------+--------------+----------+-----------+---------------+-----------------+-------------+-------------------+-----------------------+------------------+----------------+
| 32 |            32 |            1 | curobo   |       100 |       2.16198 |     0           | 9.5307e-08  |           2.16198 |           9.5307e-08  | True             | True           |
+----+---------------+--------------+----------+-----------+---------------+-----------------+-------------+-------------------+-----------------------+------------------+----------------+
| 33 |            33 |            1 | curobo   |       100 |       2.16031 |     8.9407e-05  | 4.30475e-08 |           2.16031 |           4.30475e-08 | True             | True           |
+----+---------------+--------------+----------+-----------+---------------+-----------------+-------------+-------------------+-----------------------+------------------+----------------+
| 34 |            34 |            1 | curobo   |       100 |       2.69055 |     6.14391e-05 | 7.07884e-08 |           2.69055 |           7.07884e-08 | True             | True           |
+----+---------------+--------------+----------+-----------+---------------+-----------------+-------------+-------------------+-----------------------+------------------+----------------+
| 35 |            35 |            1 | curobo   |       100 |       2.16508 |     2.68635e-05 | 8.43785e-08 |           2.16508 |           8.43785e-08 | True             | True           |
+----+---------------+--------------+----------+-----------+---------------+-----------------+-------------+-------------------+-----------------------+------------------+----------------+
| 36 |            36 |            1 | curobo   |       100 |       2.18272 |     8.42937e-05 | 9.17132e-08 |           2.18272 |           9.17132e-08 | True             | True           |
+----+---------------+--------------+----------+-----------+---------------+-----------------+-------------+-------------------+-----------------------+------------------+----------------+
| 37 |            37 |            1 | curobo   |       100 |       2.15411 |     2.10734e-05 | 1.10569e-07 |           2.15411 |           1.10569e-07 | True             | True           |
+----+---------------+--------------+----------+-----------+---------------+-----------------+-------------+-------------------+-----------------------+------------------+----------------+
| 38 |            38 |            1 | curobo   |       100 |       2.13718 |     0.000122878 | 1.01861e-07 |           2.13718 |           1.01861e-07 | True             | True           |
+----+---------------+--------------+----------+-----------+---------------+-----------------+-------------+-------------------+-----------------------+------------------+----------------+
| 39 |            39 |            1 | curobo   |       100 |       2.23637 |     6.664e-05   | 3.90089e-08 |           2.23637 |           3.90089e-08 | True             | True           |
+----+---------------+--------------+----------+-----------+---------------+-----------------+-------------+-------------------+-----------------------+------------------+----------------+
| 40 |            40 |            1 | curobo   |       100 |       2.16818 |     2.98023e-05 | 9.77955e-08 |           2.16818 |           9.77955e-08 | True             | True           |
+----+---------------+--------------+----------+-----------+---------------+-----------------+-------------+-------------------+-----------------------+------------------+----------------+
| 41 |            41 |            1 | curobo   |       100 |       2.18177 |     0.000107454 | 1.58898e-07 |           2.18177 |           1.58898e-07 | True             | True           |
+----+---------------+--------------+----------+-----------+---------------+-----------------+-------------+-------------------+-----------------------+------------------+----------------+
| 42 |            42 |            1 | curobo   |       100 |       2.1503  |     5.16191e-05 | 1.78069e-07 |           2.1503  |           1.78069e-07 | True             | True           |
+----+---------------+--------------+----------+-----------+---------------+-----------------+-------------+-------------------+-----------------------+------------------+----------------+
| 43 |            43 |            1 | curobo   |       100 |       2.14887 |     0.0845095   | 2.42971e-05 |           2.14887 |           2.42971e-05 | True             | True           |
+----+---------------+--------------+----------+-----------+---------------+-----------------+-------------+-------------------+-----------------------+------------------+----------------+
| 44 |            44 |            1 | curobo   |       100 |       2.16174 |     0           | 1.7178e-07  |           2.16174 |           1.7178e-07  | True             | True           |
+----+---------------+--------------+----------+-----------+---------------+-----------------+-------------+-------------------+-----------------------+------------------+----------------+
| 45 |            45 |            1 | curobo   |       100 |       2.15387 |     9.37264e-05 | 1.14911e-07 |           2.15387 |           1.14911e-07 | True             | True           |
+----+---------------+--------------+----------+-----------+---------------+-----------------+-------------+-------------------+-----------------------+------------------+----------------+
| 46 |            46 |            1 | curobo   |       100 |       2.16198 |     8.02452e-05 | 9.1204e-08  |           2.16198 |           9.1204e-08  | True             | True           |
+----+---------------+--------------+----------+-----------+---------------+-----------------+-------------+-------------------+-----------------------+------------------+----------------+
| 47 |            47 |            1 | curobo   |       100 |       2.16675 |     8.9407e-05  | 2.95834e-08 |           2.16675 |           2.95834e-08 | True             | True           |
+----+---------------+--------------+----------+-----------+---------------+-----------------+-------------+-------------------+-----------------------+------------------+----------------+
| 48 |            48 |            1 | curobo   |       100 |       2.14696 |     0           | 5.77166e-08 |           2.14696 |           5.77166e-08 | True             | True           |
+----+---------------+--------------+----------+-----------+---------------+-----------------+-------------+-------------------+-----------------------+------------------+----------------+
| 49 |            49 |            1 | curobo   |       100 |       2.15483 |     9.42432e-05 | 2.59326e-08 |           2.15483 |           2.59326e-08 | True             | True           |
+----+---------------+--------------+----------+-----------+---------------+-----------------+-------------+-------------------+-----------------------+------------------+----------------+
... (500 rows total)

============================================================
Averages by Batch Size
============================================================
+------------------+---------------+-----------------+-------------+-----------+---------------------+-------------------+
|                  |   IK-time(ms) |   Pos-Error(mm) |   Ori-Error |   succ(%) |   collision_free(%) |   success_both(%) |
+==================+===============+=================+=============+===========+=====================+===================+
| (1, 'curobo')    |       9.55699 |      11.7552    | 0.0171219   |        86 |                  97 |                85 |
+------------------+---------------+-----------------+-------------+-----------+---------------------+-------------------+
| (10, 'curobo')   |       6.17347 |       0.038304  | 4.49032e-05 |       100 |                  99 |                99 |
+------------------+---------------+-----------------+-------------+-----------+---------------------+-------------------+
| (100, 'curobo')  |       2.17037 |       0.0126964 | 8.35587e-06 |       100 |                  96 |                96 |
+------------------+---------------+-----------------+-------------+-----------+---------------------+-------------------+
| (1000, 'curobo') |       2.39366 |       0.012344  | 8.27477e-06 |       100 |                  94 |                94 |
+------------------+---------------+-----------------+-------------+-----------+---------------------+-------------------+
| (2000, 'curobo') |       2.49182 |       0.0123427 | 8.26967e-06 |       100 |                  96 |                96 |
+------------------+---------------+-----------------+-------------+-----------+---------------------+-------------------+
============================================================


[OK] wrote /home/plancher/Desktop/HJCD-IK/docs/open-tasks/paper-2026-10-03/paper_results_20261007T155203Z/table_collfree_hand_bookshelf_small_panda.md
## Panda collision-free, bookshelf_small_panda (dataset protocol: panda_hand, goal_pose)

| Batch | curobo Time(ms) | curobo Pos(mm) | curobo Ori(rad) | hjcdik Time(ms) | hjcdik Pos(mm) | hjcdik Ori(rad) | pyroki Time(ms) | pyroki Pos(mm) | pyroki Ori(rad) |
| --- | --- | --- | --- | --- | --- | --- | --- | --- | --- |
| 1 | 9.557 | 11.76 | 0.01712 | 4.172 | inf | inf | 8.302 | 595 | 0.4303 |
| 10 | 6.173 | 0.0383 | 4.490e-05 | 2.37 | 0.002972 | 3.416e-05 | 12.08 | 13.75 | 0.02116 |
| 100 | 2.17 | 0.0127 | 8.356e-06 | 2.385 | 3.79 | 0.002974 | 13.03 | 0.1679 | 1.132e-04 |
| 1000 | 2.394 | 0.01234 | 8.275e-06 | 2.194 | 0.03501 | 8.368e-05 | 20.44 | 0.01734 | 1.119e-05 |
| 2000 | 2.492 | 0.01234 | 8.270e-06 | 2.099 | 7.005e-04 | 7.462e-07 | 29.09 | 0.01399 | 9.521e-06 |

_solvers: curobo: n=100/batch, hjcdik: n=1/batch, pyroki: n=100/batch_
--- set bookshelf_tall_panda (mb_problems.json) ---
[GRiD] skipping URDF codegen...
[build info] {'num_joints': 7, 'ee_target': 'panda_hand_joint', 'collision_enabled': True, 'grid_header_sha256': '602db0639bc408c26f4d57ebf4623fea868b3c45236a3a3e654defcb3d0f0720', 'cuda_compiler_version': '13.2.86'}
[collision validation] {'model': 'hjcd', 'scope': 'environment-only; non-base spheres', 'finger_joint_origin_y_m': [0.04, -0.04], 'source_sha256': {'csrc/urdf/panda.urdf': '90bb0a412eb12a3af0abb9d5d0f06be3dbbe1a72806b0416dd9769992cb35079', 'external/foam/assets/panda/smaller_panda_spherized.urdf': 'f90e26dcce184014335ce013f62a563425d8b82ba5fecf8a71480a5e0722853e'}}
[info] running 100 targets, batches=[1, 10, 100, 1000, 2000], num_solutions=1, collision_free=True
[info] processed 0/100 targets
[info] processed 50/100 targets

==== Batch Summary (averages) ====
Batch Size 1:
  Time (ms): 3.725885
  Position Error: 3.312461e+00
  Orientation Error: 1.356781e-02
  Collision-Free: 100.0% (100 queries)
Batch Size 10:
  Time (ms): 2.294876
  Position Error: 2.526976e-05
  Orientation Error: 5.540680e-09
  Collision-Free: 100.0% (100 queries)
Batch Size 100:
  Time (ms): 1.972459
  Position Error: 5.402485e-05
  Orientation Error: 6.235266e-08
  Collision-Free: 100.0% (100 queries)
Batch Size 1000:
  Time (ms): 2.088033
  Position Error: 2.103234e-05
  Orientation Error: 3.742647e-09
  Collision-Free: 100.0% (100 queries)
Batch Size 2000:
  Time (ms): 2.067364
  Position Error: 2.091613e-05
  Orientation Error: 3.937144e-09
  Collision-Free: 100.0% (100 queries)
[OK] wrote CSV summary /home/plancher/Desktop/HJCD-IK/docs/open-tasks/paper-2026-10-03/paper_results_20261007T155203Z/collfree_hand_bookshelf_tall_panda_hjcdik.csv

[OK] wrote /home/plancher/Desktop/HJCD-IK/docs/open-tasks/paper-2026-10-03/hjcd/results.yml with 500 query entries (100 targets x 5 batches; up to 1 solutions per query).
2026-10-07 11:57:36.124 | INFO     | pyroki.collision._robot_collision:from_sphere_decomposition:187 - Created RobotCollision (sphere mode) with 13 links, 59 total spheres, and 1230 active pairs.
2026-10-07 11:57:36.285 | INFO     | jaxls._problem:analyze:237 - Building optimization problem with 5 terms and 1 variables: 5 costs, 0 eq_zero, 0 leq_zero, 0 geq_zero
2026-10-07 11:57:36.339 | INFO     | jaxls._problem:analyze:364 - Vectorizing group with 1 costs, 1 variables each: _pose_cost_analytical_jac
2026-10-07 11:57:36.352 | INFO     | jaxls._problem:analyze:364 - Vectorizing group with 1 costs, 1 variables each: limit_residual
2026-10-07 11:57:36.385 | INFO     | jaxls._problem:analyze:364 - Vectorizing group with 1 costs, 1 variables each: world_collision_residual
2026-10-07 11:57:36.410 | INFO     | jaxls._problem:analyze:364 - Vectorizing group with 1 costs, 1 variables each: world_collision_residual
2026-10-07 11:57:36.423 | INFO     | jaxls._problem:analyze:364 - Vectorizing group with 1 costs, 1 variables each: self_collision_residual
2026-10-07 11:57:36.430 | INFO     | jaxls._problem:analyze:451 - Variable elimination: variable IDs are traced; solves will not use elimination
2026-10-07 11:57:37.746 | INFO     | jaxls._problem:analyze:237 - Building optimization problem with 5 terms and 1 variables: 5 costs, 0 eq_zero, 0 leq_zero, 0 geq_zero
2026-10-07 11:57:37.757 | INFO     | jaxls._problem:analyze:364 - Vectorizing group with 1 costs, 1 variables each: self_collision_residual
2026-10-07 11:57:37.763 | INFO     | jaxls._problem:analyze:364 - Vectorizing group with 1 costs, 1 variables each: world_collision_residual
2026-10-07 11:57:37.772 | INFO     | jaxls._problem:analyze:364 - Vectorizing group with 1 costs, 1 variables each: world_collision_residual
2026-10-07 11:57:37.781 | INFO     | jaxls._problem:analyze:364 - Vectorizing group with 1 costs, 1 variables each: _pose_cost_analytical_jac
2026-10-07 11:57:37.785 | INFO     | jaxls._problem:analyze:364 - Vectorizing group with 1 costs, 1 variables each: limit_residual
2026-10-07 11:57:37.788 | INFO     | jaxls._problem:analyze:451 - Variable elimination: variable IDs are traced; solves will not use elimination
2026-10-07 11:57:46.030 | INFO     | jaxls._problem:analyze:237 - Building optimization problem with 5 terms and 1 variables: 5 costs, 0 eq_zero, 0 leq_zero, 0 geq_zero
2026-10-07 11:57:46.042 | INFO     | jaxls._problem:analyze:364 - Vectorizing group with 1 costs, 1 variables each: self_collision_residual
2026-10-07 11:57:46.052 | INFO     | jaxls._problem:analyze:364 - Vectorizing group with 1 costs, 1 variables each: world_collision_residual
2026-10-07 11:57:46.060 | INFO     | jaxls._problem:analyze:364 - Vectorizing group with 1 costs, 1 variables each: world_collision_residual
2026-10-07 11:57:46.066 | INFO     | jaxls._problem:analyze:364 - Vectorizing group with 1 costs, 1 variables each: limit_residual
2026-10-07 11:57:46.075 | INFO     | jaxls._problem:analyze:364 - Vectorizing group with 1 costs, 1 variables each: _pose_cost_analytical_jac
2026-10-07 11:57:46.079 | INFO     | jaxls._problem:analyze:451 - Variable elimination: variable IDs are traced; solves will not use elimination
2026-10-07 11:57:47.129 | INFO     | jaxls._problem:analyze:237 - Building optimization problem with 5 terms and 1 variables: 5 costs, 0 eq_zero, 0 leq_zero, 0 geq_zero
2026-10-07 11:57:47.143 | INFO     | jaxls._problem:analyze:364 - Vectorizing group with 1 costs, 1 variables each: _pose_cost_analytical_jac
2026-10-07 11:57:47.151 | INFO     | jaxls._problem:analyze:364 - Vectorizing group with 1 costs, 1 variables each: limit_residual
2026-10-07 11:57:47.159 | INFO     | jaxls._problem:analyze:364 - Vectorizing group with 1 costs, 1 variables each: self_collision_residual
2026-10-07 11:57:47.166 | INFO     | jaxls._problem:analyze:364 - Vectorizing group with 1 costs, 1 variables each: world_collision_residual
2026-10-07 11:57:47.177 | INFO     | jaxls._problem:analyze:364 - Vectorizing group with 1 costs, 1 variables each: world_collision_residual
2026-10-07 11:57:47.181 | INFO     | jaxls._problem:analyze:451 - Variable elimination: variable IDs are traced; solves will not use elimination
2026-10-07 11:57:57.285 | INFO     | jaxls._problem:analyze:237 - Building optimization problem with 5 terms and 1 variables: 5 costs, 0 eq_zero, 0 leq_zero, 0 geq_zero
2026-10-07 11:57:57.300 | INFO     | jaxls._problem:analyze:364 - Vectorizing group with 1 costs, 1 variables each: _pose_cost_analytical_jac
2026-10-07 11:57:57.310 | INFO     | jaxls._problem:analyze:364 - Vectorizing group with 1 costs, 1 variables each: self_collision_residual
2026-10-07 11:57:57.315 | INFO     | jaxls._problem:analyze:364 - Vectorizing group with 1 costs, 1 variables each: limit_residual
2026-10-07 11:57:57.323 | INFO     | jaxls._problem:analyze:364 - Vectorizing group with 1 costs, 1 variables each: world_collision_residual
2026-10-07 11:57:57.332 | INFO     | jaxls._problem:analyze:364 - Vectorizing group with 1 costs, 1 variables each: world_collision_residual
2026-10-07 11:57:57.336 | INFO     | jaxls._problem:analyze:451 - Variable elimination: variable IDs are traced; solves will not use elimination
2026-10-07 11:57:58.474 | INFO     | jaxls._problem:analyze:237 - Building optimization problem with 5 terms and 1 variables: 5 costs, 0 eq_zero, 0 leq_zero, 0 geq_zero
2026-10-07 11:57:58.486 | INFO     | jaxls._problem:analyze:364 - Vectorizing group with 1 costs, 1 variables each: self_collision_residual
2026-10-07 11:57:58.491 | INFO     | jaxls._problem:analyze:364 - Vectorizing group with 1 costs, 1 variables each: limit_residual
2026-10-07 11:57:58.498 | INFO     | jaxls._problem:analyze:364 - Vectorizing group with 1 costs, 1 variables each: world_collision_residual
2026-10-07 11:57:58.506 | INFO     | jaxls._problem:analyze:364 - Vectorizing group with 1 costs, 1 variables each: world_collision_residual
2026-10-07 11:57:58.516 | INFO     | jaxls._problem:analyze:364 - Vectorizing group with 1 costs, 1 variables each: _pose_cost_analytical_jac
2026-10-07 11:57:58.518 | INFO     | jaxls._problem:analyze:451 - Variable elimination: variable IDs are traced; solves will not use elimination
2026-10-07 11:58:08.814 | INFO     | jaxls._problem:analyze:237 - Building optimization problem with 5 terms and 1 variables: 5 costs, 0 eq_zero, 0 leq_zero, 0 geq_zero
2026-10-07 11:58:08.824 | INFO     | jaxls._problem:analyze:364 - Vectorizing group with 1 costs, 1 variables each: limit_residual
2026-10-07 11:58:08.834 | INFO     | jaxls._problem:analyze:364 - Vectorizing group with 1 costs, 1 variables each: self_collision_residual
2026-10-07 11:58:08.841 | INFO     | jaxls._problem:analyze:364 - Vectorizing group with 1 costs, 1 variables each: world_collision_residual
2026-10-07 11:58:08.849 | INFO     | jaxls._problem:analyze:364 - Vectorizing group with 1 costs, 1 variables each: world_collision_residual
2026-10-07 11:58:08.858 | INFO     | jaxls._problem:analyze:364 - Vectorizing group with 1 costs, 1 variables each: _pose_cost_analytical_jac
2026-10-07 11:58:08.863 | INFO     | jaxls._problem:analyze:451 - Variable elimination: variable IDs are traced; solves will not use elimination
2026-10-07 11:58:10.051 | INFO     | jaxls._problem:analyze:237 - Building optimization problem with 5 terms and 1 variables: 5 costs, 0 eq_zero, 0 leq_zero, 0 geq_zero
2026-10-07 11:58:10.062 | INFO     | jaxls._problem:analyze:364 - Vectorizing group with 1 costs, 1 variables each: world_collision_residual
2026-10-07 11:58:10.071 | INFO     | jaxls._problem:analyze:364 - Vectorizing group with 1 costs, 1 variables each: world_collision_residual
2026-10-07 11:58:10.078 | INFO     | jaxls._problem:analyze:364 - Vectorizing group with 1 costs, 1 variables each: self_collision_residual
2026-10-07 11:58:10.087 | INFO     | jaxls._problem:analyze:364 - Vectorizing group with 1 costs, 1 variables each: _pose_cost_analytical_jac
2026-10-07 11:58:10.092 | INFO     | jaxls._problem:analyze:364 - Vectorizing group with 1 costs, 1 variables each: limit_residual
2026-10-07 11:58:10.094 | INFO     | jaxls._problem:analyze:451 - Variable elimination: variable IDs are traced; solves will not use elimination
2026-10-07 11:58:22.324 | INFO     | jaxls._problem:analyze:237 - Building optimization problem with 5 terms and 1 variables: 5 costs, 0 eq_zero, 0 leq_zero, 0 geq_zero
2026-10-07 11:58:22.336 | INFO     | jaxls._problem:analyze:364 - Vectorizing group with 1 costs, 1 variables each: self_collision_residual
2026-10-07 11:58:22.346 | INFO     | jaxls._problem:analyze:364 - Vectorizing group with 1 costs, 1 variables each: world_collision_residual
2026-10-07 11:58:22.354 | INFO     | jaxls._problem:analyze:364 - Vectorizing group with 1 costs, 1 variables each: world_collision_residual
2026-10-07 11:58:22.359 | INFO     | jaxls._problem:analyze:364 - Vectorizing group with 1 costs, 1 variables each: limit_residual
2026-10-07 11:58:22.369 | INFO     | jaxls._problem:analyze:364 - Vectorizing group with 1 costs, 1 variables each: _pose_cost_analytical_jac
2026-10-07 11:58:22.373 | INFO     | jaxls._problem:analyze:451 - Variable elimination: variable IDs are traced; solves will not use elimination
2026-10-07 11:58:23.612 | INFO     | jaxls._problem:analyze:237 - Building optimization problem with 5 terms and 1 variables: 5 costs, 0 eq_zero, 0 leq_zero, 0 geq_zero
2026-10-07 11:58:23.621 | INFO     | jaxls._problem:analyze:364 - Vectorizing group with 1 costs, 1 variables each: limit_residual
2026-10-07 11:58:23.628 | INFO     | jaxls._problem:analyze:364 - Vectorizing group with 1 costs, 1 variables each: world_collision_residual
2026-10-07 11:58:23.637 | INFO     | jaxls._problem:analyze:364 - Vectorizing group with 1 costs, 1 variables each: world_collision_residual
2026-10-07 11:58:23.644 | INFO     | jaxls._problem:analyze:364 - Vectorizing group with 1 costs, 1 variables each: self_collision_residual
2026-10-07 11:58:23.653 | INFO     | jaxls._problem:analyze:364 - Vectorizing group with 1 costs, 1 variables each: _pose_cost_analytical_jac
2026-10-07 11:58:23.655 | INFO     | jaxls._problem:analyze:451 - Variable elimination: variable IDs are traced; solves will not use elimination
[baseline_bench] collision-free: validating returned q with the shared Panda sphere model (benchmark/panda_collision.py); the 'collision_free' column is populated cuRobo-free.
running...
  pyroki collision model: 59 foam spheres on 11 links, 1230 self pairs, world margin 0.01 m
  pyroki collision-free EE frame: panda_hand; collision costs: on (foam spheres)
  pyroki num_seeds_init: 1
  pyroki num_seeds_init: 10
  pyroki num_seeds_init: 100
  pyroki num_seeds_init: 1000
  pyroki num_seeds_init: 2000
+----+---------------+--------------+----------+-----------+---------------+-----------------+-------------+-------------------+-----------------------+------------------+----------------+
|    |   problem_idx |   Batch-Size | solver   |   succ(%) |   IK-time(ms) |   Pos-Error(mm) |   Ori-Error |   pyroki-time(ms) |   pyroki-ori-err(rad) | collision_free   | success_both   |
+====+===============+==============+==========+===========+===============+=================+=============+===================+=======================+==================+================+
|  0 |             0 |            1 | pyroki   |         0 |       8.04448 |        524.793  |    0.316591 |           8.04448 |              0.316591 | True             | False          |
+----+---------------+--------------+----------+-----------+---------------+-----------------+-------------+-------------------+-----------------------+------------------+----------------+
|  1 |             1 |            1 | pyroki   |         0 |       8.33702 |        748.457  |    0.30471  |           8.33702 |              0.30471  | True             | False          |
+----+---------------+--------------+----------+-----------+---------------+-----------------+-------------+-------------------+-----------------------+------------------+----------------+
|  2 |             2 |            1 | pyroki   |         0 |       8.65126 |        721.27   |    0.308436 |           8.65126 |              0.308436 | True             | False          |
+----+---------------+--------------+----------+-----------+---------------+-----------------+-------------+-------------------+-----------------------+------------------+----------------+
|  3 |             3 |            1 | pyroki   |         0 |       7.76577 |        573.345  |    0.464398 |           7.76577 |              0.464398 | True             | False          |
+----+---------------+--------------+----------+-----------+---------------+-----------------+-------------+-------------------+-----------------------+------------------+----------------+
|  4 |             4 |            1 | pyroki   |         0 |       7.77555 |        795.229  |    0.824932 |           7.77555 |              0.824932 | True             | False          |
+----+---------------+--------------+----------+-----------+---------------+-----------------+-------------+-------------------+-----------------------+------------------+----------------+
|  5 |             5 |            1 | pyroki   |         0 |       8.27718 |        626.86   |    0.627445 |           8.27718 |              0.627445 | True             | False          |
+----+---------------+--------------+----------+-----------+---------------+-----------------+-------------+-------------------+-----------------------+------------------+----------------+
|  6 |             6 |            1 | pyroki   |         0 |       7.71856 |        575.174  |    0.329864 |           7.71856 |              0.329864 | True             | False          |
+----+---------------+--------------+----------+-----------+---------------+-----------------+-------------+-------------------+-----------------------+------------------+----------------+
|  7 |             7 |            1 | pyroki   |         0 |       8.40735 |        716.352  |    0.344885 |           8.40735 |              0.344885 | True             | False          |
+----+---------------+--------------+----------+-----------+---------------+-----------------+-------------+-------------------+-----------------------+------------------+----------------+
|  8 |             8 |            1 | pyroki   |         0 |       8.75664 |        459.486  |    0.397789 |           8.75664 |              0.397789 | True             | False          |
+----+---------------+--------------+----------+-----------+---------------+-----------------+-------------+-------------------+-----------------------+------------------+----------------+
|  9 |             9 |            1 | pyroki   |         0 |       7.99465 |        699.659  |    0.333372 |           7.99465 |              0.333372 | True             | False          |
+----+---------------+--------------+----------+-----------+---------------+-----------------+-------------+-------------------+-----------------------+------------------+----------------+
| 10 |            10 |            1 | pyroki   |         0 |       7.60388 |        596.384  |    0.730761 |           7.60388 |              0.730761 | True             | False          |
+----+---------------+--------------+----------+-----------+---------------+-----------------+-------------+-------------------+-----------------------+------------------+----------------+
| 11 |            11 |            1 | pyroki   |         0 |       7.55382 |        438.702  |    0.44621  |           7.55382 |              0.44621  | True             | False          |
+----+---------------+--------------+----------+-----------+---------------+-----------------+-------------+-------------------+-----------------------+------------------+----------------+
| 12 |            12 |            1 | pyroki   |         0 |       8.46028 |        854.916  |    0.883278 |           8.46028 |              0.883278 | True             | False          |
+----+---------------+--------------+----------+-----------+---------------+-----------------+-------------+-------------------+-----------------------+------------------+----------------+
| 13 |            13 |            1 | pyroki   |         0 |       8.78143 |        563.491  |    0.854394 |           8.78143 |              0.854394 | True             | False          |
+----+---------------+--------------+----------+-----------+---------------+-----------------+-------------+-------------------+-----------------------+------------------+----------------+
| 14 |            14 |            1 | pyroki   |         0 |       7.64632 |        664.605  |    0.196333 |           7.64632 |              0.196333 | True             | False          |
+----+---------------+--------------+----------+-----------+---------------+-----------------+-------------+-------------------+-----------------------+------------------+----------------+
| 15 |            15 |            1 | pyroki   |         0 |       8.1389  |        497.731  |    0.340094 |           8.1389  |              0.340094 | True             | False          |
+----+---------------+--------------+----------+-----------+---------------+-----------------+-------------+-------------------+-----------------------+------------------+----------------+
| 16 |            16 |            1 | pyroki   |         0 |       8.07953 |        493.819  |    0.554854 |           8.07953 |              0.554854 | True             | False          |
+----+---------------+--------------+----------+-----------+---------------+-----------------+-------------+-------------------+-----------------------+------------------+----------------+
| 17 |            17 |            1 | pyroki   |         0 |       8.10599 |        716.638  |    0.453651 |           8.10599 |              0.453651 | True             | False          |
+----+---------------+--------------+----------+-----------+---------------+-----------------+-------------+-------------------+-----------------------+------------------+----------------+
| 18 |            18 |            1 | pyroki   |         0 |       8.64935 |        581.99   |    0.346517 |           8.64935 |              0.346517 | True             | False          |
+----+---------------+--------------+----------+-----------+---------------+-----------------+-------------+-------------------+-----------------------+------------------+----------------+
| 19 |            19 |            1 | pyroki   |         0 |       8.39972 |        683.349  |    0.197931 |           8.39972 |              0.197931 | True             | False          |
+----+---------------+--------------+----------+-----------+---------------+-----------------+-------------+-------------------+-----------------------+------------------+----------------+
| 20 |            20 |            1 | pyroki   |         0 |       8.42738 |        888.626  |    0.724166 |           8.42738 |              0.724166 | True             | False          |
+----+---------------+--------------+----------+-----------+---------------+-----------------+-------------+-------------------+-----------------------+------------------+----------------+
| 21 |            21 |            1 | pyroki   |         0 |       7.66277 |        649.901  |    0.371208 |           7.66277 |              0.371208 | True             | False          |
+----+---------------+--------------+----------+-----------+---------------+-----------------+-------------+-------------------+-----------------------+------------------+----------------+
| 22 |            22 |            1 | pyroki   |         0 |       7.60794 |        555.925  |    0.560736 |           7.60794 |              0.560736 | True             | False          |
+----+---------------+--------------+----------+-----------+---------------+-----------------+-------------+-------------------+-----------------------+------------------+----------------+
| 23 |            23 |            1 | pyroki   |         0 |       8.75306 |        586.348  |    0.812192 |           8.75306 |              0.812192 | True             | False          |
+----+---------------+--------------+----------+-----------+---------------+-----------------+-------------+-------------------+-----------------------+------------------+----------------+
| 24 |            24 |            1 | pyroki   |         0 |       8.00753 |        612.526  |    0.339409 |           8.00753 |              0.339409 | True             | False          |
+----+---------------+--------------+----------+-----------+---------------+-----------------+-------------+-------------------+-----------------------+------------------+----------------+
| 25 |            25 |            1 | pyroki   |         0 |       7.68542 |        755.235  |    0.829889 |           7.68542 |              0.829889 | True             | False          |
+----+---------------+--------------+----------+-----------+---------------+-----------------+-------------+-------------------+-----------------------+------------------+----------------+
| 26 |            26 |            1 | pyroki   |         0 |       7.9751  |        686.304  |    0.369366 |           7.9751  |              0.369366 | True             | False          |
+----+---------------+--------------+----------+-----------+---------------+-----------------+-------------+-------------------+-----------------------+------------------+----------------+
| 27 |            27 |            1 | pyroki   |         0 |       7.69186 |        881.287  |    0.356641 |           7.69186 |              0.356641 | True             | False          |
+----+---------------+--------------+----------+-----------+---------------+-----------------+-------------+-------------------+-----------------------+------------------+----------------+
| 28 |            28 |            1 | pyroki   |         0 |       7.97558 |        592.972  |    0.154372 |           7.97558 |              0.154372 | True             | False          |
+----+---------------+--------------+----------+-----------+---------------+-----------------+-------------+-------------------+-----------------------+------------------+----------------+
| 29 |            29 |            1 | pyroki   |         0 |       7.6406  |        791.248  |    0.390527 |           7.6406  |              0.390527 | True             | False          |
+----+---------------+--------------+----------+-----------+---------------+-----------------+-------------+-------------------+-----------------------+------------------+----------------+
| 30 |            30 |            1 | pyroki   |         0 |       7.4811  |        611.242  |    0.30131  |           7.4811  |              0.30131  | True             | False          |
+----+---------------+--------------+----------+-----------+---------------+-----------------+-------------+-------------------+-----------------------+------------------+----------------+
| 31 |            31 |            1 | pyroki   |         0 |       7.49302 |        709.802  |    0.250818 |           7.49302 |              0.250818 | True             | False          |
+----+---------------+--------------+----------+-----------+---------------+-----------------+-------------+-------------------+-----------------------+------------------+----------------+
| 32 |            32 |            1 | pyroki   |         0 |       7.57313 |        359.546  |    0.419915 |           7.57313 |              0.419915 | True             | False          |
+----+---------------+--------------+----------+-----------+---------------+-----------------+-------------+-------------------+-----------------------+------------------+----------------+
| 33 |            33 |            1 | pyroki   |         0 |       7.45058 |        720.213  |    0.596052 |           7.45058 |              0.596052 | True             | False          |
+----+---------------+--------------+----------+-----------+---------------+-----------------+-------------+-------------------+-----------------------+------------------+----------------+
| 34 |            34 |            1 | pyroki   |         0 |       8.26454 |         54.3554 |    0.119417 |           8.26454 |              0.119417 | True             | False          |
+----+---------------+--------------+----------+-----------+---------------+-----------------+-------------+-------------------+-----------------------+------------------+----------------+
| 35 |            35 |            1 | pyroki   |         0 |       7.67112 |        760.515  |    0.51492  |           7.67112 |              0.51492  | True             | False          |
+----+---------------+--------------+----------+-----------+---------------+-----------------+-------------+-------------------+-----------------------+------------------+----------------+
| 36 |            36 |            1 | pyroki   |         0 |       8.11362 |        539.833  |    0.276537 |           8.11362 |              0.276537 | True             | False          |
+----+---------------+--------------+----------+-----------+---------------+-----------------+-------------+-------------------+-----------------------+------------------+----------------+
| 37 |            37 |            1 | pyroki   |         0 |       7.82847 |        777.313  |    0.812735 |           7.82847 |              0.812735 | True             | False          |
+----+---------------+--------------+----------+-----------+---------------+-----------------+-------------+-------------------+-----------------------+------------------+----------------+
| 38 |            38 |            1 | pyroki   |         0 |       8.60906 |        854.057  |    0.893758 |           8.60906 |              0.893758 | True             | False          |
+----+---------------+--------------+----------+-----------+---------------+-----------------+-------------+-------------------+-----------------------+------------------+----------------+
| 39 |            39 |            1 | pyroki   |         0 |       7.39121 |        530.308  |    0.356715 |           7.39121 |              0.356715 | True             | False          |
+----+---------------+--------------+----------+-----------+---------------+-----------------+-------------+-------------------+-----------------------+------------------+----------------+
| 40 |            40 |            1 | pyroki   |         0 |       7.42054 |        693.14   |    0.362343 |           7.42054 |              0.362343 | True             | False          |
+----+---------------+--------------+----------+-----------+---------------+-----------------+-------------+-------------------+-----------------------+------------------+----------------+
| 41 |            41 |            1 | pyroki   |         0 |       7.47967 |        808.011  |    0.227121 |           7.47967 |              0.227121 | True             | False          |
+----+---------------+--------------+----------+-----------+---------------+-----------------+-------------+-------------------+-----------------------+------------------+----------------+
| 42 |            42 |            1 | pyroki   |         0 |       7.33972 |        651.755  |    0.586618 |           7.33972 |              0.586618 | True             | False          |
+----+---------------+--------------+----------+-----------+---------------+-----------------+-------------+-------------------+-----------------------+------------------+----------------+
| 43 |            43 |            1 | pyroki   |         0 |       7.37143 |        762.369  |    0.367349 |           7.37143 |              0.367349 | True             | False          |
+----+---------------+--------------+----------+-----------+---------------+-----------------+-------------+-------------------+-----------------------+------------------+----------------+
| 44 |            44 |            1 | pyroki   |         0 |       7.54118 |        486.763  |    0.628485 |           7.54118 |              0.628485 | True             | False          |
+----+---------------+--------------+----------+-----------+---------------+-----------------+-------------+-------------------+-----------------------+------------------+----------------+
| 45 |            45 |            1 | pyroki   |         0 |       8.30889 |        744.085  |    0.381215 |           8.30889 |              0.381215 | True             | False          |
+----+---------------+--------------+----------+-----------+---------------+-----------------+-------------+-------------------+-----------------------+------------------+----------------+
| 46 |            46 |            1 | pyroki   |         0 |       7.87187 |        622.613  |    0.267512 |           7.87187 |              0.267512 | True             | False          |
+----+---------------+--------------+----------+-----------+---------------+-----------------+-------------+-------------------+-----------------------+------------------+----------------+
| 47 |            47 |            1 | pyroki   |         0 |       7.62129 |        714.236  |    0.668901 |           7.62129 |              0.668901 | True             | False          |
+----+---------------+--------------+----------+-----------+---------------+-----------------+-------------+-------------------+-----------------------+------------------+----------------+
| 48 |            48 |            1 | pyroki   |         0 |       7.84612 |        242.564  |    0.260994 |           7.84612 |              0.260994 | True             | False          |
+----+---------------+--------------+----------+-----------+---------------+-----------------+-------------+-------------------+-----------------------+------------------+----------------+
| 49 |            49 |            1 | pyroki   |         0 |       7.97296 |        424.028  |    0.210158 |           7.97296 |              0.210158 | True             | False          |
+----+---------------+--------------+----------+-----------+---------------+-----------------+-------------+-------------------+-----------------------+------------------+----------------+
... (500 rows total)

============================================================
Averages by Batch Size
============================================================
+------------------+---------------+-----------------+-------------+-----------+---------------------+-------------------+
|                  |   IK-time(ms) |   Pos-Error(mm) |   Ori-Error |   succ(%) |   collision_free(%) |   success_both(%) |
+==================+===============+=================+=============+===========+=====================+===================+
| (1, 'pyroki')    |       8.52872 |     623.283     | 0.432157    |         0 |                 100 |                 0 |
+------------------+---------------+-----------------+-------------+-----------+---------------------+-------------------+
| (10, 'pyroki')   |      12.4236  |       4.95669   | 0.0091422   |        87 |                 100 |                87 |
+------------------+---------------+-----------------+-------------+-----------+---------------------+-------------------+
| (100, 'pyroki')  |      14.0998  |       0.0133185 | 9.00878e-06 |       100 |                 100 |               100 |
+------------------+---------------+-----------------+-------------+-----------+---------------------+-------------------+
| (1000, 'pyroki') |      21.4727  |       0.0193375 | 1.13267e-05 |       100 |                 100 |               100 |
+------------------+---------------+-----------------+-------------+-----------+---------------------+-------------------+
| (2000, 'pyroki') |      30.6091  |       0.0155441 | 1.02861e-05 |       100 |                 100 |               100 |
+------------------+---------------+-----------------+-------------+-----------+---------------------+-------------------+
============================================================

[baseline_bench] collision-free: validating returned q with the shared Panda sphere model (benchmark/panda_collision.py); the 'collision_free' column is populated cuRobo-free.
running...
  curobo num_seeds: 1
  curobo num_seeds: 10
  curobo num_seeds: 100
  curobo num_seeds: 1000
  curobo num_seeds: 2000
+----+---------------+--------------+----------+-----------+---------------+-----------------+-------------+-------------------+-----------------------+------------------+----------------+
|    |   problem_idx |   Batch-Size | solver   |   succ(%) |   IK-time(ms) |   Pos-Error(mm) |   Ori-Error |   curobo-time(ms) |   curobo-ori-err(rad) | collision_free   | success_both   |
+====+===============+==============+==========+===========+===============+=================+=============+===================+=======================+==================+================+
|  0 |             0 |            1 | curobo   |       100 |       2.10261 |     9.42432e-05 | 6.70207e-08 |           2.10261 |           6.70207e-08 | True             | True           |
+----+---------------+--------------+----------+-----------+---------------+-----------------+-------------+-------------------+-----------------------+------------------+----------------+
|  1 |             1 |            1 | curobo   |         0 |     641.171   |     9.50003     | 0.0349273   |         641.171   |           0.0349273   | True             | False          |
+----+---------------+--------------+----------+-----------+---------------+-----------------+-------------+-------------------+-----------------------+------------------+----------------+
|  2 |             2 |            1 | curobo   |       100 |       2.30789 |     4.21468e-05 | 1.4814e-07  |           2.30789 |           1.4814e-07  | True             | True           |
+----+---------------+--------------+----------+-----------+---------------+-----------------+-------------+-------------------+-----------------------+------------------+----------------+
|  3 |             3 |            1 | curobo   |       100 |       2.14601 |     9.5414e-05  | 1.32052e-07 |           2.14601 |           1.32052e-07 | True             | True           |
+----+---------------+--------------+----------+-----------+---------------+-----------------+-------------+-------------------+-----------------------+------------------+----------------+
|  4 |             4 |            1 | curobo   |       100 |       2.13981 |     7.45058e-06 | 9.94534e-08 |           2.13981 |           9.94534e-08 | True             | True           |
+----+---------------+--------------+----------+-----------+---------------+-----------------+-------------+-------------------+-----------------------+------------------+----------------+
|  5 |             5 |            1 | curobo   |       100 |       2.12455 |     8.9407e-05  | 1.22702e-07 |           2.12455 |           1.22702e-07 | True             | True           |
+----+---------------+--------------+----------+-----------+---------------+-----------------+-------------+-------------------+-----------------------+------------------+----------------+
|  6 |             6 |            1 | curobo   |       100 |       2.1441  |     7.59813e-05 | 8.24143e-08 |           2.1441  |           8.24143e-08 | True             | True           |
+----+---------------+--------------+----------+-----------+---------------+-----------------+-------------+-------------------+-----------------------+------------------+----------------+
|  7 |             7 |            1 | curobo   |       100 |       2.1565  |     6.664e-05   | 5.51591e-08 |           2.1565  |           5.51591e-08 | True             | True           |
+----+---------------+--------------+----------+-----------+---------------+-----------------+-------------+-------------------+-----------------------+------------------+----------------+
|  8 |             8 |            1 | curobo   |       100 |       2.12264 |     0.000149755 | 7.44203e-08 |           2.12264 |           7.44203e-08 | True             | True           |
+----+---------------+--------------+----------+-----------+---------------+-----------------+-------------+-------------------+-----------------------+------------------+----------------+
|  9 |             9 |            1 | curobo   |       100 |       2.14458 |     6.664e-05   | 3.09705e-08 |           2.14458 |           3.09705e-08 | True             | True           |
+----+---------------+--------------+----------+-----------+---------------+-----------------+-------------+-------------------+-----------------------+------------------+----------------+
| 10 |            10 |            1 | curobo   |       100 |       2.12145 |     8.56007e-05 | 8.07925e-08 |           2.12145 |           8.07925e-08 | True             | True           |
+----+---------------+--------------+----------+-----------+---------------+-----------------+-------------+-------------------+-----------------------+------------------+----------------+
| 11 |            11 |            1 | curobo   |       100 |       2.12288 |     8.42937e-05 | 1.27868e-07 |           2.12288 |           1.27868e-07 | True             | True           |
+----+---------------+--------------+----------+-----------+---------------+-----------------+-------------+-------------------+-----------------------+------------------+----------------+
| 12 |            12 |            1 | curobo   |       100 |       2.19965 |     8.42937e-05 | 7.8049e-08  |           2.19965 |           7.8049e-08  | True             | True           |
+----+---------------+--------------+----------+-----------+---------------+-----------------+-------------+-------------------+-----------------------+------------------+----------------+
| 13 |            13 |            1 | curobo   |       100 |       2.12955 |     7.02886e-05 | 1.45338e-07 |           2.12955 |           1.45338e-07 | True             | True           |
+----+---------------+--------------+----------+-----------+---------------+-----------------+-------------+-------------------+-----------------------+------------------+----------------+
| 14 |            14 |            1 | curobo   |       100 |       2.13051 |     6.24472e-05 | 6.24946e-08 |           2.13051 |           6.24946e-08 | True             | True           |
+----+---------------+--------------+----------+-----------+---------------+-----------------+-------------+-------------------+-----------------------+------------------+----------------+
| 15 |            15 |            1 | curobo   |       100 |       2.1286  |     6.14391e-05 | 1.16779e-07 |           2.1286  |           1.16779e-07 | True             | True           |
+----+---------------+--------------+----------+-----------+---------------+-----------------+-------------+-------------------+-----------------------+------------------+----------------+
| 16 |            16 |            1 | curobo   |       100 |       2.13289 |     8.42937e-05 | 1.48555e-08 |           2.13289 |           1.48555e-08 | True             | True           |
+----+---------------+--------------+----------+-----------+---------------+-----------------+-------------+-------------------+-----------------------+------------------+----------------+
| 17 |            17 |            1 | curobo   |       100 |       2.1348  |     0.000136571 | 1.44455e-07 |           2.1348  |           1.44455e-07 | True             | True           |
+----+---------------+--------------+----------+-----------+---------------+-----------------+-------------+-------------------+-----------------------+------------------+----------------+
| 18 |            18 |            1 | curobo   |       100 |       2.13885 |     7.45058e-05 | 1.07534e-07 |           2.13885 |           1.07534e-07 | True             | True           |
+----+---------------+--------------+----------+-----------+---------------+-----------------+-------------+-------------------+-----------------------+------------------+----------------+
| 19 |            19 |            1 | curobo   |       100 |       2.13146 |     7.45058e-06 | 1.43349e-07 |           2.13146 |           1.43349e-07 | True             | True           |
+----+---------------+--------------+----------+-----------+---------------+-----------------+-------------+-------------------+-----------------------+------------------+----------------+
| 20 |            20 |            1 | curobo   |       100 |       2.13146 |     0.000523029 | 1.96936e-07 |           2.13146 |           1.96936e-07 | True             | True           |
+----+---------------+--------------+----------+-----------+---------------+-----------------+-------------+-------------------+-----------------------+------------------+----------------+
| 21 |            21 |            1 | curobo   |       100 |       2.11549 |     0.000155573 | 3.4482e-08  |           2.11549 |           3.4482e-08  | True             | True           |
+----+---------------+--------------+----------+-----------+---------------+-----------------+-------------+-------------------+-----------------------+------------------+----------------+
| 22 |            22 |            1 | curobo   |       100 |       2.14005 |     6.14391e-05 | 9.83993e-08 |           2.14005 |           9.83993e-08 | True             | True           |
+----+---------------+--------------+----------+-----------+---------------+-----------------+-------------+-------------------+-----------------------+------------------+----------------+
| 23 |            23 |            1 | curobo   |       100 |       2.12932 |     0.000126441 | 9.23448e-08 |           2.12932 |           9.23448e-08 | True             | True           |
+----+---------------+--------------+----------+-----------+---------------+-----------------+-------------+-------------------+-----------------------+------------------+----------------+
| 24 |            24 |            1 | curobo   |       100 |       2.13742 |     2.98023e-05 | 1.22625e-07 |           2.13742 |           1.22625e-07 | True             | True           |
+----+---------------+--------------+----------+-----------+---------------+-----------------+-------------+-------------------+-----------------------+------------------+----------------+
| 25 |            25 |            1 | curobo   |       100 |       2.14052 |     5.96046e-05 | 1.71884e-07 |           2.14052 |           1.71884e-07 | True             | True           |
+----+---------------+--------------+----------+-----------+---------------+-----------------+-------------+-------------------+-----------------------+------------------+----------------+
| 26 |            26 |            1 | curobo   |       100 |       2.12455 |     5.96046e-05 | 1.2155e-07  |           2.12455 |           1.2155e-07  | True             | True           |
+----+---------------+--------------+----------+-----------+---------------+-----------------+-------------+-------------------+-----------------------+------------------+----------------+
| 27 |            27 |            1 | curobo   |       100 |       2.13218 |     6.664e-05   | 8.65015e-08 |           2.13218 |           8.65015e-08 | True             | True           |
+----+---------------+--------------+----------+-----------+---------------+-----------------+-------------+-------------------+-----------------------+------------------+----------------+
| 28 |            28 |            1 | curobo   |       100 |       2.12359 |     2.98023e-05 | 2.92109e-08 |           2.12359 |           2.92109e-08 | True             | True           |
+----+---------------+--------------+----------+-----------+---------------+-----------------+-------------+-------------------+-----------------------+------------------+----------------+
| 29 |            29 |            1 | curobo   |       100 |       2.13337 |     6.664e-05   | 4.60332e-08 |           2.13337 |           4.60332e-08 | True             | True           |
+----+---------------+--------------+----------+-----------+---------------+-----------------+-------------+-------------------+-----------------------+------------------+----------------+
| 30 |            30 |            1 | curobo   |       100 |       2.13385 |     0.00840902  | 1.60447e-06 |           2.13385 |           1.60447e-06 | True             | True           |
+----+---------------+--------------+----------+-----------+---------------+-----------------+-------------+-------------------+-----------------------+------------------+----------------+
| 31 |            31 |            1 | curobo   |       100 |       2.11549 |     0.00011151  | 7.96132e-08 |           2.11549 |           7.96132e-08 | True             | True           |
+----+---------------+--------------+----------+-----------+---------------+-----------------+-------------+-------------------+-----------------------+------------------+----------------+
| 32 |            32 |            1 | curobo   |       100 |       2.13456 |     5.96046e-05 | 1.22321e-07 |           2.13456 |           1.22321e-07 | True             | True           |
+----+---------------+--------------+----------+-----------+---------------+-----------------+-------------+-------------------+-----------------------+------------------+----------------+
| 33 |            33 |            1 | curobo   |       100 |       2.11835 |     7.92008e-05 | 6.49636e-08 |           2.11835 |           6.49636e-08 | True             | True           |
+----+---------------+--------------+----------+-----------+---------------+-----------------+-------------+-------------------+-----------------------+------------------+----------------+
| 34 |            34 |            1 | curobo   |       100 |       2.12455 |     0.000120137 | 3.92424e-08 |           2.12455 |           3.92424e-08 | True             | True           |
+----+---------------+--------------+----------+-----------+---------------+-----------------+-------------+-------------------+-----------------------+------------------+----------------+
| 35 |            35 |            1 | curobo   |       100 |       2.12526 |     6.664e-05   | 3.24407e-08 |           2.12526 |           3.24407e-08 | True             | True           |
+----+---------------+--------------+----------+-----------+---------------+-----------------+-------------+-------------------+-----------------------+------------------+----------------+
| 36 |            36 |            1 | curobo   |       100 |       2.13337 |     5.84586e-05 | 5.41843e-08 |           2.13337 |           5.41843e-08 | True             | True           |
+----+---------------+--------------+----------+-----------+---------------+-----------------+-------------+-------------------+-----------------------+------------------+----------------+
| 37 |            37 |            1 | curobo   |       100 |       2.13218 |     0.000146001 | 1.42536e-07 |           2.13218 |           1.42536e-07 | True             | True           |
+----+---------------+--------------+----------+-----------+---------------+-----------------+-------------+-------------------+-----------------------+------------------+----------------+
| 38 |            38 |            1 | curobo   |       100 |       2.16079 |     6.664e-05   | 8.11882e-08 |           2.16079 |           8.11882e-08 | True             | True           |
+----+---------------+--------------+----------+-----------+---------------+-----------------+-------------+-------------------+-----------------------+------------------+----------------+
| 39 |            39 |            1 | curobo   |       100 |       2.1286  |     3.332e-05   | 1.18132e-07 |           2.1286  |           1.18132e-07 | True             | True           |
+----+---------------+--------------+----------+-----------+---------------+-----------------+-------------+-------------------+-----------------------+------------------+----------------+
| 40 |            40 |            1 | curobo   |       100 |       2.13647 |     7.30005e-05 | 1.14737e-07 |           2.13647 |           1.14737e-07 | True             | True           |
+----+---------------+--------------+----------+-----------+---------------+-----------------+-------------+-------------------+-----------------------+------------------+----------------+
| 41 |            41 |            1 | curobo   |       100 |       2.13361 |     0.000138388 | 8.9507e-08  |           2.13361 |           8.9507e-08  | True             | True           |
+----+---------------+--------------+----------+-----------+---------------+-----------------+-------------+-------------------+-----------------------+------------------+----------------+
| 42 |            42 |            1 | curobo   |       100 |       2.12169 |     8.9407e-05  | 8.74945e-08 |           2.12169 |           8.74945e-08 | True             | True           |
+----+---------------+--------------+----------+-----------+---------------+-----------------+-------------+-------------------+-----------------------+------------------+----------------+
| 43 |            43 |            1 | curobo   |         0 |       9.14621 |   222.442       | 0.227043    |           9.14621 |           0.227043    | True             | False          |
+----+---------------+--------------+----------+-----------+---------------+-----------------+-------------+-------------------+-----------------------+------------------+----------------+
| 44 |            44 |            1 | curobo   |       100 |       2.11692 |     0.000116382 | 1.115e-07   |           2.11692 |           1.115e-07   | True             | True           |
+----+---------------+--------------+----------+-----------+---------------+-----------------+-------------+-------------------+-----------------------+------------------+----------------+
| 45 |            45 |            1 | curobo   |         0 |       8.5268  |   231.701       | 0.151648    |           8.5268  |           0.151648    | False            | False          |
+----+---------------+--------------+----------+-----------+---------------+-----------------+-------------+-------------------+-----------------------+------------------+----------------+
| 46 |            46 |            1 | curobo   |       100 |       2.08044 |     7.45058e-05 | 5.13561e-08 |           2.08044 |           5.13561e-08 | True             | True           |
+----+---------------+--------------+----------+-----------+---------------+-----------------+-------------+-------------------+-----------------------+------------------+----------------+
| 47 |            47 |            1 | curobo   |       100 |       2.05326 |     8.46223e-05 | 1.42037e-07 |           2.05326 |           1.42037e-07 | True             | True           |
+----+---------------+--------------+----------+-----------+---------------+-----------------+-------------+-------------------+-----------------------+------------------+----------------+
| 48 |            48 |            1 | curobo   |       100 |       2.05708 |     0.000121058 | 8.95125e-08 |           2.05708 |           8.95125e-08 | True             | True           |
+----+---------------+--------------+----------+-----------+---------------+-----------------+-------------+-------------------+-----------------------+------------------+----------------+
| 49 |            49 |            1 | curobo   |       100 |       2.05994 |     3.72529e-05 | 1.56269e-07 |           2.05994 |           1.56269e-07 | True             | True           |
+----+---------------+--------------+----------+-----------+---------------+-----------------+-------------+-------------------+-----------------------+------------------+----------------+
... (500 rows total)

============================================================
Averages by Batch Size
============================================================
+------------------+---------------+-----------------+-------------+-----------+---------------------+-------------------+
|                  |   IK-time(ms) |   Pos-Error(mm) |   Ori-Error |   succ(%) |   collision_free(%) |   success_both(%) |
+==================+===============+=================+=============+===========+=====================+===================+
| (1, 'curobo')    |       8.62505 |     4.63661     | 0.00413629  |        97 |                  99 |                97 |
+------------------+---------------+-----------------+-------------+-----------+---------------------+-------------------+
| (10, 'curobo')   |       6.08924 |     0.00387217  | 6.59937e-07 |       100 |                 100 |               100 |
+------------------+---------------+-----------------+-------------+-----------+---------------------+-------------------+
| (100, 'curobo')  |       2.14469 |     5.40515e-05 | 6.15338e-08 |       100 |                  99 |                99 |
+------------------+---------------+-----------------+-------------+-----------+---------------------+-------------------+
| (1000, 'curobo') |       2.33596 |     3.12214e-05 | 4.40596e-08 |       100 |                  98 |                98 |
+------------------+---------------+-----------------+-------------+-----------+---------------------+-------------------+
| (2000, 'curobo') |       2.45939 |     2.6224e-05  | 4.27431e-08 |       100 |                  99 |                99 |
+------------------+---------------+-----------------+-------------+-----------+---------------------+-------------------+
============================================================


[OK] wrote /home/plancher/Desktop/HJCD-IK/docs/open-tasks/paper-2026-10-03/paper_results_20261007T155203Z/table_collfree_hand_bookshelf_tall_panda.md
## Panda collision-free, bookshelf_tall_panda (dataset protocol: panda_hand, goal_pose)

| Batch | curobo Time(ms) | curobo Pos(mm) | curobo Ori(rad) | hjcdik Time(ms) | hjcdik Pos(mm) | hjcdik Ori(rad) | pyroki Time(ms) | pyroki Pos(mm) | pyroki Ori(rad) |
| --- | --- | --- | --- | --- | --- | --- | --- | --- | --- |
| 1 | 8.625 | 4.637 | 0.004136 | 3.726 | 3.312 | 0.01357 | 8.529 | 623.3 | 0.4322 |
| 10 | 6.089 | 0.003872 | 6.599e-07 | 2.295 | 2.527e-05 | 5.541e-09 | 12.42 | 4.957 | 0.009142 |
| 100 | 2.145 | 5.405e-05 | 6.153e-08 | 1.972 | 5.402e-05 | 6.235e-08 | 14.1 | 0.01332 | 9.009e-06 |
| 1000 | 2.336 | 3.122e-05 | 4.406e-08 | 2.088 | 2.103e-05 | 3.743e-09 | 21.47 | 0.01934 | 1.133e-05 |
| 2000 | 2.459 | 2.622e-05 | 4.274e-08 | 2.067 | 2.092e-05 | 3.937e-09 | 30.61 | 0.01554 | 1.029e-05 |

_solvers: curobo: n=100/batch, hjcdik: n=1/batch, pyroki: n=100/batch_
--- set bookshelf_thin_panda (mb_problems.json) ---
[GRiD] skipping URDF codegen...
[build info] {'num_joints': 7, 'ee_target': 'panda_hand_joint', 'collision_enabled': True, 'grid_header_sha256': '602db0639bc408c26f4d57ebf4623fea868b3c45236a3a3e654defcb3d0f0720', 'cuda_compiler_version': '13.2.86'}
[collision validation] {'model': 'hjcd', 'scope': 'environment-only; non-base spheres', 'finger_joint_origin_y_m': [0.04, -0.04], 'source_sha256': {'csrc/urdf/panda.urdf': '90bb0a412eb12a3af0abb9d5d0f06be3dbbe1a72806b0416dd9769992cb35079', 'external/foam/assets/panda/smaller_panda_spherized.urdf': 'f90e26dcce184014335ce013f62a563425d8b82ba5fecf8a71480a5e0722853e'}}
[info] running 100 targets, batches=[1, 10, 100, 1000, 2000], num_solutions=1, collision_free=True
[info] processed 0/100 targets
[info] processed 50/100 targets

==== Batch Summary (averages) ====
Batch Size 1:
  Time (ms): 3.510395
  Position Error: 3.426404e+00
  Orientation Error: 7.178939e-03
  Collision-Free: 100.0% (100 queries)
Batch Size 10:
  Time (ms): 2.066618
  Position Error: 1.897962e-05
  Orientation Error: 2.423120e-07
  Collision-Free: 100.0% (100 queries)
Batch Size 100:
  Time (ms): 1.767807
  Position Error: 2.381461e-06
  Orientation Error: 1.347838e-09
  Collision-Free: 100.0% (100 queries)
Batch Size 1000:
  Time (ms): 1.780851
  Position Error: 2.569082e-06
  Orientation Error: 1.381807e-09
  Collision-Free: 100.0% (100 queries)
Batch Size 2000:
  Time (ms): 1.819218
  Position Error: 2.424450e-06
  Orientation Error: 1.477915e-09
  Collision-Free: 100.0% (100 queries)
[OK] wrote CSV summary /home/plancher/Desktop/HJCD-IK/docs/open-tasks/paper-2026-10-03/paper_results_20261007T155203Z/collfree_hand_bookshelf_thin_panda_hjcdik.csv

[OK] wrote /home/plancher/Desktop/HJCD-IK/docs/open-tasks/paper-2026-10-03/hjcd/results.yml with 500 query entries (100 targets x 5 batches; up to 1 solutions per query).
2026-10-07 11:59:02.919 | INFO     | pyroki.collision._robot_collision:from_sphere_decomposition:187 - Created RobotCollision (sphere mode) with 13 links, 59 total spheres, and 1230 active pairs.
2026-10-07 11:59:03.099 | INFO     | jaxls._problem:analyze:237 - Building optimization problem with 5 terms and 1 variables: 5 costs, 0 eq_zero, 0 leq_zero, 0 geq_zero
2026-10-07 11:59:03.154 | INFO     | jaxls._problem:analyze:364 - Vectorizing group with 1 costs, 1 variables each: _pose_cost_analytical_jac
2026-10-07 11:59:03.167 | INFO     | jaxls._problem:analyze:364 - Vectorizing group with 1 costs, 1 variables each: limit_residual
2026-10-07 11:59:03.195 | INFO     | jaxls._problem:analyze:364 - Vectorizing group with 1 costs, 1 variables each: world_collision_residual
2026-10-07 11:59:03.221 | INFO     | jaxls._problem:analyze:364 - Vectorizing group with 1 costs, 1 variables each: world_collision_residual
2026-10-07 11:59:03.234 | INFO     | jaxls._problem:analyze:364 - Vectorizing group with 1 costs, 1 variables each: self_collision_residual
2026-10-07 11:59:03.241 | INFO     | jaxls._problem:analyze:451 - Variable elimination: variable IDs are traced; solves will not use elimination
2026-10-07 11:59:04.561 | INFO     | jaxls._problem:analyze:237 - Building optimization problem with 5 terms and 1 variables: 5 costs, 0 eq_zero, 0 leq_zero, 0 geq_zero
2026-10-07 11:59:04.572 | INFO     | jaxls._problem:analyze:364 - Vectorizing group with 1 costs, 1 variables each: self_collision_residual
2026-10-07 11:59:04.579 | INFO     | jaxls._problem:analyze:364 - Vectorizing group with 1 costs, 1 variables each: world_collision_residual
2026-10-07 11:59:04.587 | INFO     | jaxls._problem:analyze:364 - Vectorizing group with 1 costs, 1 variables each: world_collision_residual
2026-10-07 11:59:04.596 | INFO     | jaxls._problem:analyze:364 - Vectorizing group with 1 costs, 1 variables each: _pose_cost_analytical_jac
2026-10-07 11:59:04.601 | INFO     | jaxls._problem:analyze:364 - Vectorizing group with 1 costs, 1 variables each: limit_residual
2026-10-07 11:59:04.603 | INFO     | jaxls._problem:analyze:451 - Variable elimination: variable IDs are traced; solves will not use elimination
2026-10-07 11:59:12.829 | INFO     | jaxls._problem:analyze:237 - Building optimization problem with 5 terms and 1 variables: 5 costs, 0 eq_zero, 0 leq_zero, 0 geq_zero
2026-10-07 11:59:12.840 | INFO     | jaxls._problem:analyze:364 - Vectorizing group with 1 costs, 1 variables each: world_collision_residual
2026-10-07 11:59:12.851 | INFO     | jaxls._problem:analyze:364 - Vectorizing group with 1 costs, 1 variables each: world_collision_residual
2026-10-07 11:59:12.856 | INFO     | jaxls._problem:analyze:364 - Vectorizing group with 1 costs, 1 variables each: limit_residual
2026-10-07 11:59:12.863 | INFO     | jaxls._problem:analyze:364 - Vectorizing group with 1 costs, 1 variables each: self_collision_residual
2026-10-07 11:59:12.872 | INFO     | jaxls._problem:analyze:364 - Vectorizing group with 1 costs, 1 variables each: _pose_cost_analytical_jac
2026-10-07 11:59:12.876 | INFO     | jaxls._problem:analyze:451 - Variable elimination: variable IDs are traced; solves will not use elimination
2026-10-07 11:59:13.923 | INFO     | jaxls._problem:analyze:237 - Building optimization problem with 5 terms and 1 variables: 5 costs, 0 eq_zero, 0 leq_zero, 0 geq_zero
2026-10-07 11:59:13.936 | INFO     | jaxls._problem:analyze:364 - Vectorizing group with 1 costs, 1 variables each: self_collision_residual
2026-10-07 11:59:13.944 | INFO     | jaxls._problem:analyze:364 - Vectorizing group with 1 costs, 1 variables each: limit_residual
2026-10-07 11:59:13.953 | INFO     | jaxls._problem:analyze:364 - Vectorizing group with 1 costs, 1 variables each: _pose_cost_analytical_jac
2026-10-07 11:59:13.960 | INFO     | jaxls._problem:analyze:364 - Vectorizing group with 1 costs, 1 variables each: world_collision_residual
2026-10-07 11:59:13.971 | INFO     | jaxls._problem:analyze:364 - Vectorizing group with 1 costs, 1 variables each: world_collision_residual
2026-10-07 11:59:13.975 | INFO     | jaxls._problem:analyze:451 - Variable elimination: variable IDs are traced; solves will not use elimination
2026-10-07 11:59:24.128 | INFO     | jaxls._problem:analyze:237 - Building optimization problem with 5 terms and 1 variables: 5 costs, 0 eq_zero, 0 leq_zero, 0 geq_zero
2026-10-07 11:59:24.140 | INFO     | jaxls._problem:analyze:364 - Vectorizing group with 1 costs, 1 variables each: world_collision_residual
2026-10-07 11:59:24.152 | INFO     | jaxls._problem:analyze:364 - Vectorizing group with 1 costs, 1 variables each: world_collision_residual
2026-10-07 11:59:24.157 | INFO     | jaxls._problem:analyze:364 - Vectorizing group with 1 costs, 1 variables each: limit_residual
2026-10-07 11:59:24.165 | INFO     | jaxls._problem:analyze:364 - Vectorizing group with 1 costs, 1 variables each: self_collision_residual
2026-10-07 11:59:24.175 | INFO     | jaxls._problem:analyze:364 - Vectorizing group with 1 costs, 1 variables each: _pose_cost_analytical_jac
2026-10-07 11:59:24.179 | INFO     | jaxls._problem:analyze:451 - Variable elimination: variable IDs are traced; solves will not use elimination
2026-10-07 11:59:25.302 | INFO     | jaxls._problem:analyze:237 - Building optimization problem with 5 terms and 1 variables: 5 costs, 0 eq_zero, 0 leq_zero, 0 geq_zero
2026-10-07 11:59:25.316 | INFO     | jaxls._problem:analyze:364 - Vectorizing group with 1 costs, 1 variables each: _pose_cost_analytical_jac
2026-10-07 11:59:25.323 | INFO     | jaxls._problem:analyze:364 - Vectorizing group with 1 costs, 1 variables each: self_collision_residual
2026-10-07 11:59:25.330 | INFO     | jaxls._problem:analyze:364 - Vectorizing group with 1 costs, 1 variables each: world_collision_residual
2026-10-07 11:59:25.338 | INFO     | jaxls._problem:analyze:364 - Vectorizing group with 1 costs, 1 variables each: world_collision_residual
2026-10-07 11:59:25.343 | INFO     | jaxls._problem:analyze:364 - Vectorizing group with 1 costs, 1 variables each: limit_residual
2026-10-07 11:59:25.345 | INFO     | jaxls._problem:analyze:451 - Variable elimination: variable IDs are traced; solves will not use elimination
2026-10-07 11:59:35.165 | INFO     | jaxls._problem:analyze:237 - Building optimization problem with 5 terms and 1 variables: 5 costs, 0 eq_zero, 0 leq_zero, 0 geq_zero
2026-10-07 11:59:35.177 | INFO     | jaxls._problem:analyze:364 - Vectorizing group with 1 costs, 1 variables each: world_collision_residual
2026-10-07 11:59:35.188 | INFO     | jaxls._problem:analyze:364 - Vectorizing group with 1 costs, 1 variables each: world_collision_residual
2026-10-07 11:59:35.193 | INFO     | jaxls._problem:analyze:364 - Vectorizing group with 1 costs, 1 variables each: limit_residual
2026-10-07 11:59:35.200 | INFO     | jaxls._problem:analyze:364 - Vectorizing group with 1 costs, 1 variables each: self_collision_residual
2026-10-07 11:59:35.209 | INFO     | jaxls._problem:analyze:364 - Vectorizing group with 1 costs, 1 variables each: _pose_cost_analytical_jac
2026-10-07 11:59:35.213 | INFO     | jaxls._problem:analyze:451 - Variable elimination: variable IDs are traced; solves will not use elimination
2026-10-07 11:59:36.398 | INFO     | jaxls._problem:analyze:237 - Building optimization problem with 5 terms and 1 variables: 5 costs, 0 eq_zero, 0 leq_zero, 0 geq_zero
2026-10-07 11:59:36.410 | INFO     | jaxls._problem:analyze:364 - Vectorizing group with 1 costs, 1 variables each: self_collision_residual
2026-10-07 11:59:36.417 | INFO     | jaxls._problem:analyze:364 - Vectorizing group with 1 costs, 1 variables each: world_collision_residual
2026-10-07 11:59:36.425 | INFO     | jaxls._problem:analyze:364 - Vectorizing group with 1 costs, 1 variables each: world_collision_residual
2026-10-07 11:59:36.430 | INFO     | jaxls._problem:analyze:364 - Vectorizing group with 1 costs, 1 variables each: limit_residual
2026-10-07 11:59:36.439 | INFO     | jaxls._problem:analyze:364 - Vectorizing group with 1 costs, 1 variables each: _pose_cost_analytical_jac
2026-10-07 11:59:36.442 | INFO     | jaxls._problem:analyze:451 - Variable elimination: variable IDs are traced; solves will not use elimination
2026-10-07 11:59:49.174 | INFO     | jaxls._problem:analyze:237 - Building optimization problem with 5 terms and 1 variables: 5 costs, 0 eq_zero, 0 leq_zero, 0 geq_zero
2026-10-07 11:59:49.183 | INFO     | jaxls._problem:analyze:364 - Vectorizing group with 1 costs, 1 variables each: limit_residual
2026-10-07 11:59:49.193 | INFO     | jaxls._problem:analyze:364 - Vectorizing group with 1 costs, 1 variables each: self_collision_residual
2026-10-07 11:59:49.200 | INFO     | jaxls._problem:analyze:364 - Vectorizing group with 1 costs, 1 variables each: world_collision_residual
2026-10-07 11:59:49.209 | INFO     | jaxls._problem:analyze:364 - Vectorizing group with 1 costs, 1 variables each: world_collision_residual
2026-10-07 11:59:49.218 | INFO     | jaxls._problem:analyze:364 - Vectorizing group with 1 costs, 1 variables each: _pose_cost_analytical_jac
2026-10-07 11:59:49.222 | INFO     | jaxls._problem:analyze:451 - Variable elimination: variable IDs are traced; solves will not use elimination
2026-10-07 11:59:50.453 | INFO     | jaxls._problem:analyze:237 - Building optimization problem with 5 terms and 1 variables: 5 costs, 0 eq_zero, 0 leq_zero, 0 geq_zero
2026-10-07 11:59:50.464 | INFO     | jaxls._problem:analyze:364 - Vectorizing group with 1 costs, 1 variables each: world_collision_residual
2026-10-07 11:59:50.492 | INFO     | jaxls._problem:analyze:364 - Vectorizing group with 1 costs, 1 variables each: world_collision_residual
2026-10-07 11:59:50.499 | INFO     | jaxls._problem:analyze:364 - Vectorizing group with 1 costs, 1 variables each: self_collision_residual
2026-10-07 11:59:50.508 | INFO     | jaxls._problem:analyze:364 - Vectorizing group with 1 costs, 1 variables each: _pose_cost_analytical_jac
2026-10-07 11:59:50.513 | INFO     | jaxls._problem:analyze:364 - Vectorizing group with 1 costs, 1 variables each: limit_residual
2026-10-07 11:59:50.515 | INFO     | jaxls._problem:analyze:451 - Variable elimination: variable IDs are traced; solves will not use elimination
[baseline_bench] collision-free: validating returned q with the shared Panda sphere model (benchmark/panda_collision.py); the 'collision_free' column is populated cuRobo-free.
running...
  pyroki collision model: 59 foam spheres on 11 links, 1230 self pairs, world margin 0.01 m
  pyroki collision-free EE frame: panda_hand; collision costs: on (foam spheres)
  pyroki num_seeds_init: 1
  pyroki num_seeds_init: 10
  pyroki num_seeds_init: 100
  pyroki num_seeds_init: 1000
  pyroki num_seeds_init: 2000
+----+---------------+--------------+----------+-----------+---------------+-----------------+-------------+-------------------+-----------------------+------------------+----------------+
|    |   problem_idx |   Batch-Size | solver   |   succ(%) |   IK-time(ms) |   Pos-Error(mm) |   Ori-Error |   pyroki-time(ms) |   pyroki-ori-err(rad) | collision_free   | success_both   |
+====+===============+==============+==========+===========+===============+=================+=============+===================+=======================+==================+================+
|  0 |             0 |            1 | pyroki   |         0 |       9.61328 |         488.759 |    0.301211 |           9.61328 |              0.301211 | True             | False          |
+----+---------------+--------------+----------+-----------+---------------+-----------------+-------------+-------------------+-----------------------+------------------+----------------+
|  1 |             1 |            1 | pyroki   |         0 |       9.05585 |         696.008 |    0.393529 |           9.05585 |              0.393529 | True             | False          |
+----+---------------+--------------+----------+-----------+---------------+-----------------+-------------+-------------------+-----------------------+------------------+----------------+
|  2 |             2 |            1 | pyroki   |         0 |       9.0723  |         583.269 |    0.419956 |           9.0723  |              0.419956 | False            | False          |
+----+---------------+--------------+----------+-----------+---------------+-----------------+-------------+-------------------+-----------------------+------------------+----------------+
|  3 |             3 |            1 | pyroki   |         0 |       8.65006 |         682.209 |    0.84581  |           8.65006 |              0.84581  | True             | False          |
+----+---------------+--------------+----------+-----------+---------------+-----------------+-------------+-------------------+-----------------------+------------------+----------------+
|  4 |             4 |            1 | pyroki   |         0 |       9.03511 |         482.438 |    0.272891 |           9.03511 |              0.272891 | True             | False          |
+----+---------------+--------------+----------+-----------+---------------+-----------------+-------------+-------------------+-----------------------+------------------+----------------+
|  5 |             5 |            1 | pyroki   |         0 |       8.13437 |         615.916 |    0.290532 |           8.13437 |              0.290532 | True             | False          |
+----+---------------+--------------+----------+-----------+---------------+-----------------+-------------+-------------------+-----------------------+------------------+----------------+
|  6 |             6 |            1 | pyroki   |         0 |       8.811   |         599.791 |    0.456422 |           8.811   |              0.456422 | False            | False          |
+----+---------------+--------------+----------+-----------+---------------+-----------------+-------------+-------------------+-----------------------+------------------+----------------+
|  7 |             7 |            1 | pyroki   |         0 |       7.97367 |         572.244 |    0.194929 |           7.97367 |              0.194929 | True             | False          |
+----+---------------+--------------+----------+-----------+---------------+-----------------+-------------+-------------------+-----------------------+------------------+----------------+
|  8 |             8 |            1 | pyroki   |         0 |       8.65483 |         623.009 |    0.235903 |           8.65483 |              0.235903 | True             | False          |
+----+---------------+--------------+----------+-----------+---------------+-----------------+-------------+-------------------+-----------------------+------------------+----------------+
|  9 |             9 |            1 | pyroki   |         0 |       8.3003  |         585.87  |    0.72525  |           8.3003  |              0.72525  | True             | False          |
+----+---------------+--------------+----------+-----------+---------------+-----------------+-------------+-------------------+-----------------------+------------------+----------------+
| 10 |            10 |            1 | pyroki   |         0 |       8.65173 |         763.176 |    0.744818 |           8.65173 |              0.744818 | True             | False          |
+----+---------------+--------------+----------+-----------+---------------+-----------------+-------------+-------------------+-----------------------+------------------+----------------+
| 11 |            11 |            1 | pyroki   |         0 |       8.57687 |         540.728 |    0.210614 |           8.57687 |              0.210614 | True             | False          |
+----+---------------+--------------+----------+-----------+---------------+-----------------+-------------+-------------------+-----------------------+------------------+----------------+
| 12 |            12 |            1 | pyroki   |         0 |       8.80575 |         714.789 |    0.284445 |           8.80575 |              0.284445 | True             | False          |
+----+---------------+--------------+----------+-----------+---------------+-----------------+-------------+-------------------+-----------------------+------------------+----------------+
| 13 |            13 |            1 | pyroki   |         0 |       8.74114 |         646.296 |    0.408139 |           8.74114 |              0.408139 | False            | False          |
+----+---------------+--------------+----------+-----------+---------------+-----------------+-------------+-------------------+-----------------------+------------------+----------------+
| 14 |            14 |            1 | pyroki   |         0 |       8.69751 |         732.915 |    0.371617 |           8.69751 |              0.371617 | True             | False          |
+----+---------------+--------------+----------+-----------+---------------+-----------------+-------------+-------------------+-----------------------+------------------+----------------+
| 15 |            15 |            1 | pyroki   |         0 |       8.9705  |         580.013 |    0.342108 |           8.9705  |              0.342108 | True             | False          |
+----+---------------+--------------+----------+-----------+---------------+-----------------+-------------+-------------------+-----------------------+------------------+----------------+
| 16 |            16 |            1 | pyroki   |         0 |       8.44407 |         673.234 |    0.611567 |           8.44407 |              0.611567 | True             | False          |
+----+---------------+--------------+----------+-----------+---------------+-----------------+-------------+-------------------+-----------------------+------------------+----------------+
| 17 |            17 |            1 | pyroki   |         0 |       9.40061 |         585.301 |    0.507347 |           9.40061 |              0.507347 | True             | False          |
+----+---------------+--------------+----------+-----------+---------------+-----------------+-------------+-------------------+-----------------------+------------------+----------------+
| 18 |            18 |            1 | pyroki   |         0 |       9.4502  |         681.914 |    0.455872 |           9.4502  |              0.455872 | True             | False          |
+----+---------------+--------------+----------+-----------+---------------+-----------------+-------------+-------------------+-----------------------+------------------+----------------+
| 19 |            19 |            1 | pyroki   |         0 |       7.97176 |         560.834 |    0.229205 |           7.97176 |              0.229205 | True             | False          |
+----+---------------+--------------+----------+-----------+---------------+-----------------+-------------+-------------------+-----------------------+------------------+----------------+
| 20 |            20 |            1 | pyroki   |         0 |       8.14581 |         380.173 |    0.345508 |           8.14581 |              0.345508 | True             | False          |
+----+---------------+--------------+----------+-----------+---------------+-----------------+-------------+-------------------+-----------------------+------------------+----------------+
| 21 |            21 |            1 | pyroki   |         0 |       8.87632 |         631.509 |    0.194496 |           8.87632 |              0.194496 | True             | False          |
+----+---------------+--------------+----------+-----------+---------------+-----------------+-------------+-------------------+-----------------------+------------------+----------------+
| 22 |            22 |            1 | pyroki   |         0 |       8.27718 |         677.238 |    0.238498 |           8.27718 |              0.238498 | True             | False          |
+----+---------------+--------------+----------+-----------+---------------+-----------------+-------------+-------------------+-----------------------+------------------+----------------+
| 23 |            23 |            1 | pyroki   |         0 |       8.497   |         694.87  |    0.207605 |           8.497   |              0.207605 | True             | False          |
+----+---------------+--------------+----------+-----------+---------------+-----------------+-------------+-------------------+-----------------------+------------------+----------------+
| 24 |            24 |            1 | pyroki   |         0 |       8.21042 |         608.609 |    0.351628 |           8.21042 |              0.351628 | True             | False          |
+----+---------------+--------------+----------+-----------+---------------+-----------------+-------------+-------------------+-----------------------+------------------+----------------+
| 25 |            25 |            1 | pyroki   |         0 |       8.86536 |         456.243 |    0.234125 |           8.86536 |              0.234125 | True             | False          |
+----+---------------+--------------+----------+-----------+---------------+-----------------+-------------+-------------------+-----------------------+------------------+----------------+
| 26 |            26 |            1 | pyroki   |         0 |       8.88062 |         297.538 |    0.210864 |           8.88062 |              0.210864 | True             | False          |
+----+---------------+--------------+----------+-----------+---------------+-----------------+-------------+-------------------+-----------------------+------------------+----------------+
| 27 |            27 |            1 | pyroki   |         0 |       8.69918 |         715.781 |    0.292326 |           8.69918 |              0.292326 | True             | False          |
+----+---------------+--------------+----------+-----------+---------------+-----------------+-------------+-------------------+-----------------------+------------------+----------------+
| 28 |            28 |            1 | pyroki   |         0 |       8.59141 |         652.373 |    0.799118 |           8.59141 |              0.799118 | True             | False          |
+----+---------------+--------------+----------+-----------+---------------+-----------------+-------------+-------------------+-----------------------+------------------+----------------+
| 29 |            29 |            1 | pyroki   |         0 |       7.96413 |         549.943 |    0.834757 |           7.96413 |              0.834757 | True             | False          |
+----+---------------+--------------+----------+-----------+---------------+-----------------+-------------+-------------------+-----------------------+------------------+----------------+
| 30 |            30 |            1 | pyroki   |         0 |       8.60786 |         600.317 |    0.210833 |           8.60786 |              0.210833 | True             | False          |
+----+---------------+--------------+----------+-----------+---------------+-----------------+-------------+-------------------+-----------------------+------------------+----------------+
| 31 |            31 |            1 | pyroki   |         0 |       8.72612 |         608.327 |    0.512319 |           8.72612 |              0.512319 | True             | False          |
+----+---------------+--------------+----------+-----------+---------------+-----------------+-------------+-------------------+-----------------------+------------------+----------------+
| 32 |            32 |            1 | pyroki   |         0 |       7.70068 |         626.131 |    0.223766 |           7.70068 |              0.223766 | True             | False          |
+----+---------------+--------------+----------+-----------+---------------+-----------------+-------------+-------------------+-----------------------+------------------+----------------+
| 33 |            33 |            1 | pyroki   |         0 |       8.44646 |         463.876 |    0.329084 |           8.44646 |              0.329084 | True             | False          |
+----+---------------+--------------+----------+-----------+---------------+-----------------+-------------+-------------------+-----------------------+------------------+----------------+
| 34 |            34 |            1 | pyroki   |         0 |       8.0061  |         555.534 |    0.37033  |           8.0061  |              0.37033  | False            | False          |
+----+---------------+--------------+----------+-----------+---------------+-----------------+-------------+-------------------+-----------------------+------------------+----------------+
| 35 |            35 |            1 | pyroki   |         0 |       8.48484 |         507.195 |    0.298139 |           8.48484 |              0.298139 | True             | False          |
+----+---------------+--------------+----------+-----------+---------------+-----------------+-------------+-------------------+-----------------------+------------------+----------------+
| 36 |            36 |            1 | pyroki   |         0 |       8.46362 |         638.467 |    0.203605 |           8.46362 |              0.203605 | True             | False          |
+----+---------------+--------------+----------+-----------+---------------+-----------------+-------------+-------------------+-----------------------+------------------+----------------+
| 37 |            37 |            1 | pyroki   |         0 |       8.28862 |         621.213 |    0.908565 |           8.28862 |              0.908565 | True             | False          |
+----+---------------+--------------+----------+-----------+---------------+-----------------+-------------+-------------------+-----------------------+------------------+----------------+
| 38 |            38 |            1 | pyroki   |         0 |       9.12261 |         398.32  |    0.361925 |           9.12261 |              0.361925 | True             | False          |
+----+---------------+--------------+----------+-----------+---------------+-----------------+-------------+-------------------+-----------------------+------------------+----------------+
| 39 |            39 |            1 | pyroki   |         0 |       8.79765 |         599.264 |    0.194776 |           8.79765 |              0.194776 | True             | False          |
+----+---------------+--------------+----------+-----------+---------------+-----------------+-------------+-------------------+-----------------------+------------------+----------------+
| 40 |            40 |            1 | pyroki   |         0 |       8.81743 |         682.492 |    0.442261 |           8.81743 |              0.442261 | True             | False          |
+----+---------------+--------------+----------+-----------+---------------+-----------------+-------------+-------------------+-----------------------+------------------+----------------+
| 41 |            41 |            1 | pyroki   |         0 |       7.74002 |         542.83  |    0.462077 |           7.74002 |              0.462077 | True             | False          |
+----+---------------+--------------+----------+-----------+---------------+-----------------+-------------+-------------------+-----------------------+------------------+----------------+
| 42 |            42 |            1 | pyroki   |         0 |       7.81322 |         532.514 |    0.641611 |           7.81322 |              0.641611 | True             | False          |
+----+---------------+--------------+----------+-----------+---------------+-----------------+-------------+-------------------+-----------------------+------------------+----------------+
| 43 |            43 |            1 | pyroki   |         0 |       7.44963 |         718.711 |    0.586887 |           7.44963 |              0.586887 | True             | False          |
+----+---------------+--------------+----------+-----------+---------------+-----------------+-------------+-------------------+-----------------------+------------------+----------------+
| 44 |            44 |            1 | pyroki   |         0 |       7.4079  |         553.657 |    0.367361 |           7.4079  |              0.367361 | True             | False          |
+----+---------------+--------------+----------+-----------+---------------+-----------------+-------------+-------------------+-----------------------+------------------+----------------+
| 45 |            45 |            1 | pyroki   |         0 |       7.4749  |         591.28  |    0.378287 |           7.4749  |              0.378287 | False            | False          |
+----+---------------+--------------+----------+-----------+---------------+-----------------+-------------+-------------------+-----------------------+------------------+----------------+
| 46 |            46 |            1 | pyroki   |         0 |       8.09765 |         530.522 |    0.383833 |           8.09765 |              0.383833 | True             | False          |
+----+---------------+--------------+----------+-----------+---------------+-----------------+-------------+-------------------+-----------------------+------------------+----------------+
| 47 |            47 |            1 | pyroki   |         0 |       8.41713 |         603.031 |    0.386017 |           8.41713 |              0.386017 | True             | False          |
+----+---------------+--------------+----------+-----------+---------------+-----------------+-------------+-------------------+-----------------------+------------------+----------------+
| 48 |            48 |            1 | pyroki   |         0 |       8.4672  |         574.152 |    0.699134 |           8.4672  |              0.699134 | True             | False          |
+----+---------------+--------------+----------+-----------+---------------+-----------------+-------------+-------------------+-----------------------+------------------+----------------+
| 49 |            49 |            1 | pyroki   |         0 |       8.40807 |         378.603 |    0.272615 |           8.40807 |              0.272615 | True             | False          |
+----+---------------+--------------+----------+-----------+---------------+-----------------+-------------+-------------------+-----------------------+------------------+----------------+
... (500 rows total)

============================================================
Averages by Batch Size
============================================================
+------------------+---------------+-----------------+-------------+-----------+---------------------+-------------------+
|                  |   IK-time(ms) |   Pos-Error(mm) |   Ori-Error |   succ(%) |   collision_free(%) |   success_both(%) |
+==================+===============+=================+=============+===========+=====================+===================+
| (1, 'pyroki')    |       8.03252 |     585.724     | 0.409081    |         0 |                  90 |                 0 |
+------------------+---------------+-----------------+-------------+-----------+---------------------+-------------------+
| (10, 'pyroki')   |      11.7912  |       6.10081   | 0.00536634  |        85 |                  98 |                85 |
+------------------+---------------+-----------------+-------------+-----------+---------------------+-------------------+
| (100, 'pyroki')  |      12.4084  |       0.0785199 | 3.20598e-05 |       100 |                 100 |               100 |
+------------------+---------------+-----------------+-------------+-----------+---------------------+-------------------+
| (1000, 'pyroki') |      23.5751  |       0.0151918 | 7.18843e-06 |       100 |                 100 |               100 |
+------------------+---------------+-----------------+-------------+-----------+---------------------+-------------------+
| (2000, 'pyroki') |      32.9215  |       0.0163544 | 7.16918e-06 |       100 |                 100 |               100 |
+------------------+---------------+-----------------+-------------+-----------+---------------------+-------------------+
============================================================

[baseline_bench] collision-free: validating returned q with the shared Panda sphere model (benchmark/panda_collision.py); the 'collision_free' column is populated cuRobo-free.
running...
  curobo num_seeds: 1
  curobo num_seeds: 10
  curobo num_seeds: 100
  curobo num_seeds: 1000
  curobo num_seeds: 2000
+----+---------------+--------------+----------+-----------+---------------+-----------------+-------------+-------------------+-----------------------+------------------+----------------+
|    |   problem_idx |   Batch-Size | solver   |   succ(%) |   IK-time(ms) |   Pos-Error(mm) |   Ori-Error |   curobo-time(ms) |   curobo-ori-err(rad) | collision_free   | success_both   |
+====+===============+==============+==========+===========+===============+=================+=============+===================+=======================+==================+================+
|  0 |             0 |            1 | curobo   |       100 |       2.11668 |     6.03279e-05 | 7.90593e-08 |           2.11668 |           7.90593e-08 | True             | True           |
+----+---------------+--------------+----------+-----------+---------------+-----------------+-------------+-------------------+-----------------------+------------------+----------------+
|  1 |             1 |            1 | curobo   |       100 |       2.12312 |     3.18289e-05 | 1.44917e-07 |           2.12312 |           1.44917e-07 | True             | True           |
+----+---------------+--------------+----------+-----------+---------------+-----------------+-------------+-------------------+-----------------------+------------------+----------------+
|  2 |             2 |            1 | curobo   |       100 |       2.12193 |     0.000242115 | 1.32107e-07 |           2.12193 |           1.32107e-07 | True             | True           |
+----+---------------+--------------+----------+-----------+---------------+-----------------+-------------+-------------------+-----------------------+------------------+----------------+
|  3 |             3 |            1 | curobo   |       100 |       2.12455 |     5.96046e-05 | 1.06578e-07 |           2.12455 |           1.06578e-07 | True             | True           |
+----+---------------+--------------+----------+-----------+---------------+-----------------+-------------+-------------------+-----------------------+------------------+----------------+
|  4 |             4 |            1 | curobo   |       100 |       2.09546 |     6.664e-05   | 1.41505e-07 |           2.09546 |           1.41505e-07 | True             | True           |
+----+---------------+--------------+----------+-----------+---------------+-----------------+-------------+-------------------+-----------------------+------------------+----------------+
|  5 |             5 |            1 | curobo   |       100 |       2.09141 |     3.18289e-05 | 9.26896e-08 |           2.09141 |           9.26896e-08 | True             | True           |
+----+---------------+--------------+----------+-----------+---------------+-----------------+-------------+-------------------+-----------------------+------------------+----------------+
|  6 |             6 |            1 | curobo   |       100 |       2.11668 |     8.02452e-05 | 8.20265e-08 |           2.11668 |           8.20265e-08 | True             | True           |
+----+---------------+--------------+----------+-----------+---------------+-----------------+-------------+-------------------+-----------------------+------------------+----------------+
|  7 |             7 |            1 | curobo   |       100 |       2.12312 |     5.96046e-05 | 2.91192e-08 |           2.12312 |           2.91192e-08 | True             | True           |
+----+---------------+--------------+----------+-----------+---------------+-----------------+-------------+-------------------+-----------------------+------------------+----------------+
|  8 |             8 |            1 | curobo   |       100 |       2.11072 |     0.000103238 | 8.17063e-08 |           2.11072 |           8.17063e-08 | True             | True           |
+----+---------------+--------------+----------+-----------+---------------+-----------------+-------------+-------------------+-----------------------+------------------+----------------+
|  9 |             9 |            1 | curobo   |       100 |       2.11692 |     6.664e-05   | 1.42764e-07 |           2.11692 |           1.42764e-07 | True             | True           |
+----+---------------+--------------+----------+-----------+---------------+-----------------+-------------+-------------------+-----------------------+------------------+----------------+
| 10 |            10 |            1 | curobo   |       100 |       2.11143 |     7.59813e-05 | 5.38618e-08 |           2.11143 |           5.38618e-08 | True             | True           |
+----+---------------+--------------+----------+-----------+---------------+-----------------+-------------+-------------------+-----------------------+------------------+----------------+
| 11 |            11 |            1 | curobo   |       100 |       2.10118 |     4.21468e-05 | 1.3726e-07  |           2.10118 |           1.3726e-07  | True             | True           |
+----+---------------+--------------+----------+-----------+---------------+-----------------+-------------+-------------------+-----------------------+------------------+----------------+
| 12 |            12 |            1 | curobo   |       100 |       2.1143  |     6.70552e-05 | 1.68069e-08 |           2.1143  |           1.68069e-08 | True             | True           |
+----+---------------+--------------+----------+-----------+---------------+-----------------+-------------+-------------------+-----------------------+------------------+----------------+
| 13 |            13 |            1 | curobo   |       100 |       2.11358 |     0.00227383  | 1.90627e-07 |           2.11358 |           1.90627e-07 | True             | True           |
+----+---------------+--------------+----------+-----------+---------------+-----------------+-------------+-------------------+-----------------------+------------------+----------------+
| 14 |            14 |            1 | curobo   |       100 |       2.11453 |     6.664e-05   | 5.239e-08   |           2.11453 |           5.239e-08   | True             | True           |
+----+---------------+--------------+----------+-----------+---------------+-----------------+-------------+-------------------+-----------------------+------------------+----------------+
| 15 |            15 |            1 | curobo   |       100 |       2.11096 |     8.50313e-05 | 5.60962e-08 |           2.11096 |           5.60962e-08 | True             | True           |
+----+---------------+--------------+----------+-----------+---------------+-----------------+-------------+-------------------+-----------------------+------------------+----------------+
| 16 |            16 |            1 | curobo   |       100 |       2.11954 |     2.98023e-05 | 1.33332e-07 |           2.11954 |           1.33332e-07 | True             | True           |
+----+---------------+--------------+----------+-----------+---------------+-----------------+-------------+-------------------+-----------------------+------------------+----------------+
| 17 |            17 |            1 | curobo   |       100 |       2.10738 |     6.75706e-05 | 1.06916e-07 |           2.10738 |           1.06916e-07 | True             | True           |
+----+---------------+--------------+----------+-----------+---------------+-----------------+-------------+-------------------+-----------------------+------------------+----------------+
| 18 |            18 |            1 | curobo   |       100 |       2.105   |     0           | 1.7474e-07  |           2.105   |           1.7474e-07  | True             | True           |
+----+---------------+--------------+----------+-----------+---------------+-----------------+-------------+-------------------+-----------------------+------------------+----------------+
| 19 |            19 |            1 | curobo   |       100 |       2.09737 |     6.72877e-05 | 1.81913e-07 |           2.09737 |           1.81913e-07 | True             | True           |
+----+---------------+--------------+----------+-----------+---------------+-----------------+-------------+-------------------+-----------------------+------------------+----------------+
| 20 |            20 |            1 | curobo   |       100 |       2.10977 |     6.664e-05   | 6.58483e-08 |           2.10977 |           6.58483e-08 | True             | True           |
+----+---------------+--------------+----------+-----------+---------------+-----------------+-------------+-------------------+-----------------------+------------------+----------------+
| 21 |            21 |            1 | curobo   |       100 |       2.11954 |     5.96046e-05 | 9.47735e-08 |           2.11954 |           9.47735e-08 | True             | True           |
+----+---------------+--------------+----------+-----------+---------------+-----------------+-------------+-------------------+-----------------------+------------------+----------------+
| 22 |            22 |            1 | curobo   |       100 |       2.10118 |     8.9407e-05  | 1.50645e-07 |           2.10118 |           1.50645e-07 | True             | True           |
+----+---------------+--------------+----------+-----------+---------------+-----------------+-------------+-------------------+-----------------------+------------------+----------------+
| 23 |            23 |            1 | curobo   |       100 |       2.11763 |     4.21468e-05 | 5.44044e-08 |           2.11763 |           5.44044e-08 | True             | True           |
+----+---------------+--------------+----------+-----------+---------------+-----------------+-------------+-------------------+-----------------------+------------------+----------------+
| 24 |            24 |            1 | curobo   |       100 |       2.09403 |     6.67441e-05 | 2.78887e-08 |           2.09403 |           2.78887e-08 | True             | True           |
+----+---------------+--------------+----------+-----------+---------------+-----------------+-------------+-------------------+-----------------------+------------------+----------------+
| 25 |            25 |            1 | curobo   |       100 |       2.10667 |     0.00011151  | 9.15039e-08 |           2.10667 |           9.15039e-08 | True             | True           |
+----+---------------+--------------+----------+-----------+---------------+-----------------+-------------+-------------------+-----------------------+------------------+----------------+
| 26 |            26 |            1 | curobo   |       100 |       2.09808 |     6.70552e-05 | 1.65787e-07 |           2.09808 |           1.65787e-07 | True             | True           |
+----+---------------+--------------+----------+-----------+---------------+-----------------+-------------+-------------------+-----------------------+------------------+----------------+
| 27 |            27 |            1 | curobo   |       100 |       2.10285 |     0.000122935 | 1.11592e-07 |           2.10285 |           1.11592e-07 | True             | True           |
+----+---------------+--------------+----------+-----------+---------------+-----------------+-------------+-------------------+-----------------------+------------------+----------------+
| 28 |            28 |            1 | curobo   |       100 |       2.12264 |     0           | 1.06505e-07 |           2.12264 |           1.06505e-07 | True             | True           |
+----+---------------+--------------+----------+-----------+---------------+-----------------+-------------+-------------------+-----------------------+------------------+----------------+
| 29 |            29 |            1 | curobo   |       100 |       2.10547 |     0           | 9.7237e-08  |           2.10547 |           9.7237e-08  | True             | True           |
+----+---------------+--------------+----------+-----------+---------------+-----------------+-------------+-------------------+-----------------------+------------------+----------------+
| 30 |            30 |            1 | curobo   |       100 |       2.10309 |     7.30005e-05 | 5.90052e-08 |           2.10309 |           5.90052e-08 | True             | True           |
+----+---------------+--------------+----------+-----------+---------------+-----------------+-------------+-------------------+-----------------------+------------------+----------------+
| 31 |            31 |            1 | curobo   |       100 |       2.10786 |     3.51443e-05 | 3.47582e-08 |           2.10786 |           3.47582e-08 | True             | True           |
+----+---------------+--------------+----------+-----------+---------------+-----------------+-------------+-------------------+-----------------------+------------------+----------------+
| 32 |            32 |            1 | curobo   |       100 |       2.10905 |     5.96046e-05 | 9.08631e-08 |           2.10905 |           9.08631e-08 | True             | True           |
+----+---------------+--------------+----------+-----------+---------------+-----------------+-------------+-------------------+-----------------------+------------------+----------------+
| 33 |            33 |            1 | curobo   |       100 |       2.11406 |     8.42937e-05 | 9.49041e-08 |           2.11406 |           9.49041e-08 | True             | True           |
+----+---------------+--------------+----------+-----------+---------------+-----------------+-------------+-------------------+-----------------------+------------------+----------------+
| 34 |            34 |            1 | curobo   |       100 |       2.10953 |     6.18892e-05 | 5.34678e-08 |           2.10953 |           5.34678e-08 | True             | True           |
+----+---------------+--------------+----------+-----------+---------------+-----------------+-------------+-------------------+-----------------------+------------------+----------------+
| 35 |            35 |            1 | curobo   |       100 |       2.09761 |     8.82351e-05 | 1.38121e-07 |           2.09761 |           1.38121e-07 | True             | True           |
+----+---------------+--------------+----------+-----------+---------------+-----------------+-------------+-------------------+-----------------------+------------------+----------------+
| 36 |            36 |            1 | curobo   |       100 |       2.11    |     6.664e-05   | 8.7195e-08  |           2.11    |           8.7195e-08  | True             | True           |
+----+---------------+--------------+----------+-----------+---------------+-----------------+-------------+-------------------+-----------------------+------------------+----------------+
| 37 |            37 |            1 | curobo   |       100 |       2.09212 |     5.96046e-05 | 8.7769e-08  |           2.09212 |           8.7769e-08  | True             | True           |
+----+---------------+--------------+----------+-----------+---------------+-----------------+-------------+-------------------+-----------------------+------------------+----------------+
| 38 |            38 |            1 | curobo   |       100 |       2.14624 |     8.82351e-05 | 1.04578e-07 |           2.14624 |           1.04578e-07 | True             | True           |
+----+---------------+--------------+----------+-----------+---------------+-----------------+-------------+-------------------+-----------------------+------------------+----------------+
| 39 |            39 |            1 | curobo   |       100 |       2.11096 |     5.96046e-05 | 8.44103e-08 |           2.11096 |           8.44103e-08 | True             | True           |
+----+---------------+--------------+----------+-----------+---------------+-----------------+-------------+-------------------+-----------------------+------------------+----------------+
| 40 |            40 |            1 | curobo   |       100 |       2.10667 |     7.23321e-05 | 2.86654e-08 |           2.10667 |           2.86654e-08 | True             | True           |
+----+---------------+--------------+----------+-----------+---------------+-----------------+-------------+-------------------+-----------------------+------------------+----------------+
| 41 |            41 |            1 | curobo   |       100 |       2.105   |     0.000107518 | 7.79578e-08 |           2.105   |           7.79578e-08 | True             | True           |
+----+---------------+--------------+----------+-----------+---------------+-----------------+-------------+-------------------+-----------------------+------------------+----------------+
| 42 |            42 |            1 | curobo   |       100 |       2.12693 |     6.82857e-05 | 3.04496e-08 |           2.12693 |           3.04496e-08 | True             | True           |
+----+---------------+--------------+----------+-----------+---------------+-----------------+-------------+-------------------+-----------------------+------------------+----------------+
| 43 |            43 |            1 | curobo   |       100 |       2.09451 |     0.000121301 | 4.26888e-08 |           2.09451 |           4.26888e-08 | True             | True           |
+----+---------------+--------------+----------+-----------+---------------+-----------------+-------------+-------------------+-----------------------+------------------+----------------+
| 44 |            44 |            1 | curobo   |       100 |       2.10381 |     4.21468e-05 | 9.89497e-08 |           2.10381 |           9.89497e-08 | True             | True           |
+----+---------------+--------------+----------+-----------+---------------+-----------------+-------------+-------------------+-----------------------+------------------+----------------+
| 45 |            45 |            1 | curobo   |       100 |       2.11048 |     3.332e-05   | 5.7396e-08  |           2.11048 |           5.7396e-08  | True             | True           |
+----+---------------+--------------+----------+-----------+---------------+-----------------+-------------+-------------------+-----------------------+------------------+----------------+
| 46 |            46 |            1 | curobo   |       100 |       2.11358 |     6.664e-05   | 7.32166e-08 |           2.11358 |           7.32166e-08 | True             | True           |
+----+---------------+--------------+----------+-----------+---------------+-----------------+-------------+-------------------+-----------------------+------------------+----------------+
| 47 |            47 |            1 | curobo   |       100 |       2.09951 |     8.56007e-05 | 1.25781e-07 |           2.09951 |           1.25781e-07 | True             | True           |
+----+---------------+--------------+----------+-----------+---------------+-----------------+-------------+-------------------+-----------------------+------------------+----------------+
| 48 |            48 |            1 | curobo   |       100 |       2.09379 |     0.000124282 | 8.42672e-08 |           2.09379 |           8.42672e-08 | True             | True           |
+----+---------------+--------------+----------+-----------+---------------+-----------------+-------------+-------------------+-----------------------+------------------+----------------+
| 49 |            49 |            1 | curobo   |       100 |       2.11191 |     4.21468e-05 | 1.91169e-07 |           2.11191 |           1.91169e-07 | True             | True           |
+----+---------------+--------------+----------+-----------+---------------+-----------------+-------------+-------------------+-----------------------+------------------+----------------+
... (500 rows total)

============================================================
Averages by Batch Size
============================================================
+------------------+---------------+-----------------+-------------+-----------+---------------------+-------------------+
|                  |   IK-time(ms) |   Pos-Error(mm) |   Ori-Error |   succ(%) |   collision_free(%) |   success_both(%) |
+==================+===============+=================+=============+===========+=====================+===================+
| (1, 'curobo')    |       2.11088 |     0.00340137  | 6.47668e-07 |       100 |                 100 |               100 |
+------------------+---------------+-----------------+-------------+-----------+---------------------+-------------------+
| (10, 'curobo')   |       2.11915 |     0.00340137  | 6.47668e-07 |       100 |                 100 |               100 |
+------------------+---------------+-----------------+-------------+-----------+---------------------+-------------------+
| (100, 'curobo')  |       2.19389 |     4.43443e-05 | 6.56005e-08 |       100 |                 100 |               100 |
+------------------+---------------+-----------------+-------------+-----------+---------------------+-------------------+
| (1000, 'curobo') |       2.29892 |     2.62183e-05 | 4.10022e-08 |       100 |                 100 |               100 |
+------------------+---------------+-----------------+-------------+-----------+---------------------+-------------------+
| (2000, 'curobo') |       2.44684 |     2.22372e-05 | 4.04439e-08 |       100 |                 100 |               100 |
+------------------+---------------+-----------------+-------------+-----------+---------------------+-------------------+
============================================================


[OK] wrote /home/plancher/Desktop/HJCD-IK/docs/open-tasks/paper-2026-10-03/paper_results_20261007T155203Z/table_collfree_hand_bookshelf_thin_panda.md
## Panda collision-free, bookshelf_thin_panda (dataset protocol: panda_hand, goal_pose)

| Batch | curobo Time(ms) | curobo Pos(mm) | curobo Ori(rad) | hjcdik Time(ms) | hjcdik Pos(mm) | hjcdik Ori(rad) | pyroki Time(ms) | pyroki Pos(mm) | pyroki Ori(rad) |
| --- | --- | --- | --- | --- | --- | --- | --- | --- | --- |
| 1 | 2.111 | 0.003401 | 6.477e-07 | 3.51 | 3.426 | 0.007179 | 8.033 | 585.7 | 0.4091 |
| 10 | 2.119 | 0.003401 | 6.477e-07 | 2.067 | 1.898e-05 | 2.423e-07 | 11.79 | 6.101 | 0.005366 |
| 100 | 2.194 | 4.434e-05 | 6.560e-08 | 1.768 | 2.381e-06 | 1.348e-09 | 12.41 | 0.07852 | 3.206e-05 |
| 1000 | 2.299 | 2.622e-05 | 4.100e-08 | 1.781 | 2.569e-06 | 1.382e-09 | 23.58 | 0.01519 | 7.188e-06 |
| 2000 | 2.447 | 2.224e-05 | 4.044e-08 | 1.819 | 2.424e-06 | 1.478e-09 | 32.92 | 0.01635 | 7.169e-06 |

_solvers: curobo: n=100/batch, hjcdik: n=1/batch, pyroki: n=100/batch_
--- set box_panda (mb_problems.json) ---
[GRiD] skipping URDF codegen...
[build info] {'num_joints': 7, 'ee_target': 'panda_hand_joint', 'collision_enabled': True, 'grid_header_sha256': '602db0639bc408c26f4d57ebf4623fea868b3c45236a3a3e654defcb3d0f0720', 'cuda_compiler_version': '13.2.86'}
[collision validation] {'model': 'hjcd', 'scope': 'environment-only; non-base spheres', 'finger_joint_origin_y_m': [0.04, -0.04], 'source_sha256': {'csrc/urdf/panda.urdf': '90bb0a412eb12a3af0abb9d5d0f06be3dbbe1a72806b0416dd9769992cb35079', 'external/foam/assets/panda/smaller_panda_spherized.urdf': 'f90e26dcce184014335ce013f62a563425d8b82ba5fecf8a71480a5e0722853e'}}
[info] running 100 targets, batches=[1, 10, 100, 1000, 2000], num_solutions=1, collision_free=True
[info] processed 0/100 targets
[info] processed 50/100 targets

==== Batch Summary (averages) ====
Batch Size 1:
  Time (ms): 6.267011
  Position Error: 2.214697e+01
  Orientation Error: 3.436562e-02
  Collision-Free: 100.0% (100 queries)
Batch Size 10:
  Time (ms): 2.282474
  Position Error: 5.245386e-06
  Orientation Error: 7.509187e-10
  Collision-Free: 100.0% (100 queries)
Batch Size 100:
  Time (ms): 2.082283
  Position Error: 4.453891e-06
  Orientation Error: 7.194823e-10
  Collision-Free: 100.0% (100 queries)
Batch Size 1000:
  Time (ms): 2.042080
  Position Error: 4.872547e-06
  Orientation Error: 8.670882e-10
  Collision-Free: 100.0% (100 queries)
Batch Size 2000:
  Time (ms): 2.101479
  Position Error: 4.614614e-06
  Orientation Error: 7.863156e-10
  Collision-Free: 100.0% (100 queries)
[OK] wrote CSV summary /home/plancher/Desktop/HJCD-IK/docs/open-tasks/paper-2026-10-03/paper_results_20261007T155203Z/collfree_hand_box_panda_hjcdik.csv

[OK] wrote /home/plancher/Desktop/HJCD-IK/docs/open-tasks/paper-2026-10-03/hjcd/results.yml with 500 query entries (100 targets x 5 batches; up to 1 solutions per query).
2026-10-07 12:00:29.766 | INFO     | pyroki.collision._robot_collision:from_sphere_decomposition:187 - Created RobotCollision (sphere mode) with 13 links, 59 total spheres, and 1230 active pairs.
2026-10-07 12:00:29.924 | INFO     | jaxls._problem:analyze:237 - Building optimization problem with 5 terms and 1 variables: 5 costs, 0 eq_zero, 0 leq_zero, 0 geq_zero
2026-10-07 12:00:29.980 | INFO     | jaxls._problem:analyze:364 - Vectorizing group with 1 costs, 1 variables each: _pose_cost_analytical_jac
2026-10-07 12:00:29.993 | INFO     | jaxls._problem:analyze:364 - Vectorizing group with 1 costs, 1 variables each: limit_residual
2026-10-07 12:00:30.025 | INFO     | jaxls._problem:analyze:364 - Vectorizing group with 1 costs, 1 variables each: world_collision_residual
2026-10-07 12:00:30.050 | INFO     | jaxls._problem:analyze:364 - Vectorizing group with 1 costs, 1 variables each: world_collision_residual
2026-10-07 12:00:30.063 | INFO     | jaxls._problem:analyze:364 - Vectorizing group with 1 costs, 1 variables each: self_collision_residual
2026-10-07 12:00:30.071 | INFO     | jaxls._problem:analyze:451 - Variable elimination: variable IDs are traced; solves will not use elimination
2026-10-07 12:00:31.428 | INFO     | jaxls._problem:analyze:237 - Building optimization problem with 5 terms and 1 variables: 5 costs, 0 eq_zero, 0 leq_zero, 0 geq_zero
2026-10-07 12:00:31.439 | INFO     | jaxls._problem:analyze:364 - Vectorizing group with 1 costs, 1 variables each: self_collision_residual
2026-10-07 12:00:31.446 | INFO     | jaxls._problem:analyze:364 - Vectorizing group with 1 costs, 1 variables each: world_collision_residual
2026-10-07 12:00:31.454 | INFO     | jaxls._problem:analyze:364 - Vectorizing group with 1 costs, 1 variables each: world_collision_residual
2026-10-07 12:00:31.464 | INFO     | jaxls._problem:analyze:364 - Vectorizing group with 1 costs, 1 variables each: _pose_cost_analytical_jac
2026-10-07 12:00:31.468 | INFO     | jaxls._problem:analyze:364 - Vectorizing group with 1 costs, 1 variables each: limit_residual
2026-10-07 12:00:31.471 | INFO     | jaxls._problem:analyze:451 - Variable elimination: variable IDs are traced; solves will not use elimination
2026-10-07 12:00:39.464 | INFO     | jaxls._problem:analyze:237 - Building optimization problem with 5 terms and 1 variables: 5 costs, 0 eq_zero, 0 leq_zero, 0 geq_zero
2026-10-07 12:00:39.476 | INFO     | jaxls._problem:analyze:364 - Vectorizing group with 1 costs, 1 variables each: world_collision_residual
2026-10-07 12:00:39.487 | INFO     | jaxls._problem:analyze:364 - Vectorizing group with 1 costs, 1 variables each: world_collision_residual
2026-10-07 12:00:39.494 | INFO     | jaxls._problem:analyze:364 - Vectorizing group with 1 costs, 1 variables each: self_collision_residual
2026-10-07 12:00:39.499 | INFO     | jaxls._problem:analyze:364 - Vectorizing group with 1 costs, 1 variables each: limit_residual
2026-10-07 12:00:39.508 | INFO     | jaxls._problem:analyze:364 - Vectorizing group with 1 costs, 1 variables each: _pose_cost_analytical_jac
2026-10-07 12:00:39.512 | INFO     | jaxls._problem:analyze:451 - Variable elimination: variable IDs are traced; solves will not use elimination
2026-10-07 12:00:40.559 | INFO     | jaxls._problem:analyze:237 - Building optimization problem with 5 terms and 1 variables: 5 costs, 0 eq_zero, 0 leq_zero, 0 geq_zero
2026-10-07 12:00:40.571 | INFO     | jaxls._problem:analyze:364 - Vectorizing group with 1 costs, 1 variables each: self_collision_residual
2026-10-07 12:00:40.583 | INFO     | jaxls._problem:analyze:364 - Vectorizing group with 1 costs, 1 variables each: _pose_cost_analytical_jac
2026-10-07 12:00:40.590 | INFO     | jaxls._problem:analyze:364 - Vectorizing group with 1 costs, 1 variables each: world_collision_residual
2026-10-07 12:00:40.599 | INFO     | jaxls._problem:analyze:364 - Vectorizing group with 1 costs, 1 variables each: world_collision_residual
2026-10-07 12:00:40.605 | INFO     | jaxls._problem:analyze:364 - Vectorizing group with 1 costs, 1 variables each: limit_residual
2026-10-07 12:00:40.610 | INFO     | jaxls._problem:analyze:451 - Variable elimination: variable IDs are traced; solves will not use elimination
2026-10-07 12:00:50.140 | INFO     | jaxls._problem:analyze:237 - Building optimization problem with 5 terms and 1 variables: 5 costs, 0 eq_zero, 0 leq_zero, 0 geq_zero
2026-10-07 12:00:50.151 | INFO     | jaxls._problem:analyze:364 - Vectorizing group with 1 costs, 1 variables each: limit_residual
2026-10-07 12:00:50.161 | INFO     | jaxls._problem:analyze:364 - Vectorizing group with 1 costs, 1 variables each: self_collision_residual
2026-10-07 12:00:50.171 | INFO     | jaxls._problem:analyze:364 - Vectorizing group with 1 costs, 1 variables each: _pose_cost_analytical_jac
2026-10-07 12:00:50.179 | INFO     | jaxls._problem:analyze:364 - Vectorizing group with 1 costs, 1 variables each: world_collision_residual
2026-10-07 12:00:50.187 | INFO     | jaxls._problem:analyze:364 - Vectorizing group with 1 costs, 1 variables each: world_collision_residual
2026-10-07 12:00:50.191 | INFO     | jaxls._problem:analyze:451 - Variable elimination: variable IDs are traced; solves will not use elimination
2026-10-07 12:00:51.052 | INFO     | jaxls._problem:analyze:237 - Building optimization problem with 5 terms and 1 variables: 5 costs, 0 eq_zero, 0 leq_zero, 0 geq_zero
2026-10-07 12:00:51.062 | INFO     | jaxls._problem:analyze:364 - Vectorizing group with 1 costs, 1 variables each: limit_residual
2026-10-07 12:00:51.091 | INFO     | jaxls._problem:analyze:364 - Vectorizing group with 1 costs, 1 variables each: world_collision_residual
2026-10-07 12:00:51.099 | INFO     | jaxls._problem:analyze:364 - Vectorizing group with 1 costs, 1 variables each: world_collision_residual
2026-10-07 12:00:51.108 | INFO     | jaxls._problem:analyze:364 - Vectorizing group with 1 costs, 1 variables each: _pose_cost_analytical_jac
2026-10-07 12:00:51.115 | INFO     | jaxls._problem:analyze:364 - Vectorizing group with 1 costs, 1 variables each: self_collision_residual
2026-10-07 12:00:51.117 | INFO     | jaxls._problem:analyze:451 - Variable elimination: variable IDs are traced; solves will not use elimination
2026-10-07 12:01:00.722 | INFO     | jaxls._problem:analyze:237 - Building optimization problem with 5 terms and 1 variables: 5 costs, 0 eq_zero, 0 leq_zero, 0 geq_zero
2026-10-07 12:01:00.732 | INFO     | jaxls._problem:analyze:364 - Vectorizing group with 1 costs, 1 variables each: limit_residual
2026-10-07 12:01:00.741 | INFO     | jaxls._problem:analyze:364 - Vectorizing group with 1 costs, 1 variables each: self_collision_residual
2026-10-07 12:01:00.748 | INFO     | jaxls._problem:analyze:364 - Vectorizing group with 1 costs, 1 variables each: world_collision_residual
2026-10-07 12:01:00.757 | INFO     | jaxls._problem:analyze:364 - Vectorizing group with 1 costs, 1 variables each: world_collision_residual
2026-10-07 12:01:00.766 | INFO     | jaxls._problem:analyze:364 - Vectorizing group with 1 costs, 1 variables each: _pose_cost_analytical_jac
2026-10-07 12:01:00.770 | INFO     | jaxls._problem:analyze:451 - Variable elimination: variable IDs are traced; solves will not use elimination
2026-10-07 12:01:01.955 | INFO     | jaxls._problem:analyze:237 - Building optimization problem with 5 terms and 1 variables: 5 costs, 0 eq_zero, 0 leq_zero, 0 geq_zero
2026-10-07 12:01:01.966 | INFO     | jaxls._problem:analyze:364 - Vectorizing group with 1 costs, 1 variables each: world_collision_residual
2026-10-07 12:01:01.974 | INFO     | jaxls._problem:analyze:364 - Vectorizing group with 1 costs, 1 variables each: world_collision_residual
2026-10-07 12:01:01.984 | INFO     | jaxls._problem:analyze:364 - Vectorizing group with 1 costs, 1 variables each: _pose_cost_analytical_jac
2026-10-07 12:01:01.988 | INFO     | jaxls._problem:analyze:364 - Vectorizing group with 1 costs, 1 variables each: limit_residual
2026-10-07 12:01:01.995 | INFO     | jaxls._problem:analyze:364 - Vectorizing group with 1 costs, 1 variables each: self_collision_residual
2026-10-07 12:01:01.998 | INFO     | jaxls._problem:analyze:451 - Variable elimination: variable IDs are traced; solves will not use elimination
2026-10-07 12:01:13.353 | INFO     | jaxls._problem:analyze:237 - Building optimization problem with 5 terms and 1 variables: 5 costs, 0 eq_zero, 0 leq_zero, 0 geq_zero
2026-10-07 12:01:13.364 | INFO     | jaxls._problem:analyze:364 - Vectorizing group with 1 costs, 1 variables each: self_collision_residual
2026-10-07 12:01:13.374 | INFO     | jaxls._problem:analyze:364 - Vectorizing group with 1 costs, 1 variables each: world_collision_residual
2026-10-07 12:01:13.383 | INFO     | jaxls._problem:analyze:364 - Vectorizing group with 1 costs, 1 variables each: world_collision_residual
2026-10-07 12:01:13.388 | INFO     | jaxls._problem:analyze:364 - Vectorizing group with 1 costs, 1 variables each: limit_residual
2026-10-07 12:01:13.397 | INFO     | jaxls._problem:analyze:364 - Vectorizing group with 1 costs, 1 variables each: _pose_cost_analytical_jac
2026-10-07 12:01:13.401 | INFO     | jaxls._problem:analyze:451 - Variable elimination: variable IDs are traced; solves will not use elimination
2026-10-07 12:01:14.639 | INFO     | jaxls._problem:analyze:237 - Building optimization problem with 5 terms and 1 variables: 5 costs, 0 eq_zero, 0 leq_zero, 0 geq_zero
2026-10-07 12:01:14.648 | INFO     | jaxls._problem:analyze:364 - Vectorizing group with 1 costs, 1 variables each: limit_residual
2026-10-07 12:01:14.655 | INFO     | jaxls._problem:analyze:364 - Vectorizing group with 1 costs, 1 variables each: self_collision_residual
2026-10-07 12:01:14.662 | INFO     | jaxls._problem:analyze:364 - Vectorizing group with 1 costs, 1 variables each: world_collision_residual
2026-10-07 12:01:14.670 | INFO     | jaxls._problem:analyze:364 - Vectorizing group with 1 costs, 1 variables each: world_collision_residual
2026-10-07 12:01:14.680 | INFO     | jaxls._problem:analyze:364 - Vectorizing group with 1 costs, 1 variables each: _pose_cost_analytical_jac
2026-10-07 12:01:14.682 | INFO     | jaxls._problem:analyze:451 - Variable elimination: variable IDs are traced; solves will not use elimination
[baseline_bench] collision-free: validating returned q with the shared Panda sphere model (benchmark/panda_collision.py); the 'collision_free' column is populated cuRobo-free.
running...
  pyroki collision model: 59 foam spheres on 11 links, 1230 self pairs, world margin 0.01 m
  pyroki collision-free EE frame: panda_hand; collision costs: on (foam spheres)
  pyroki num_seeds_init: 1
  pyroki num_seeds_init: 10
  pyroki num_seeds_init: 100
  pyroki num_seeds_init: 1000
  pyroki num_seeds_init: 2000
+----+---------------+--------------+----------+-----------+---------------+-----------------+-------------+-------------------+-----------------------+------------------+----------------+
|    |   problem_idx |   Batch-Size | solver   |   succ(%) |   IK-time(ms) |   Pos-Error(mm) |   Ori-Error |   pyroki-time(ms) |   pyroki-ori-err(rad) | collision_free   | success_both   |
+====+===============+==============+==========+===========+===============+=================+=============+===================+=======================+==================+================+
|  0 |             0 |            1 | pyroki   |         0 |       9.38582 |         517.137 |   0.0600356 |           9.38582 |             0.0600356 | False            | False          |
+----+---------------+--------------+----------+-----------+---------------+-----------------+-------------+-------------------+-----------------------+------------------+----------------+
|  1 |             1 |            1 | pyroki   |         0 |       9.83882 |         479.171 |   0.0787869 |           9.83882 |             0.0787869 | False            | False          |
+----+---------------+--------------+----------+-----------+---------------+-----------------+-------------+-------------------+-----------------------+------------------+----------------+
|  2 |             2 |            1 | pyroki   |         0 |       9.06944 |         511.989 |   0.086821  |           9.06944 |             0.086821  | False            | False          |
+----+---------------+--------------+----------+-----------+---------------+-----------------+-------------+-------------------+-----------------------+------------------+----------------+
|  3 |             3 |            1 | pyroki   |         0 |       9.36508 |         473.64  |   0.204698  |           9.36508 |             0.204698  | False            | False          |
+----+---------------+--------------+----------+-----------+---------------+-----------------+-------------+-------------------+-----------------------+------------------+----------------+
|  4 |             4 |            1 | pyroki   |         0 |       8.99768 |         492.104 |   0.12778   |           8.99768 |             0.12778   | False            | False          |
+----+---------------+--------------+----------+-----------+---------------+-----------------+-------------+-------------------+-----------------------+------------------+----------------+
|  5 |             5 |            1 | pyroki   |         0 |       9.26518 |         476.793 |   0.0606459 |           9.26518 |             0.0606459 | False            | False          |
+----+---------------+--------------+----------+-----------+---------------+-----------------+-------------+-------------------+-----------------------+------------------+----------------+
|  6 |             6 |            1 | pyroki   |         0 |       8.68535 |         492.583 |   0.076703  |           8.68535 |             0.076703  | False            | False          |
+----+---------------+--------------+----------+-----------+---------------+-----------------+-------------+-------------------+-----------------------+------------------+----------------+
|  7 |             7 |            1 | pyroki   |         0 |       9.00459 |         495.726 |   0.239824  |           9.00459 |             0.239824  | False            | False          |
+----+---------------+--------------+----------+-----------+---------------+-----------------+-------------+-------------------+-----------------------+------------------+----------------+
|  8 |             8 |            1 | pyroki   |         0 |       9.09281 |         466.867 |   0.153034  |           9.09281 |             0.153034  | False            | False          |
+----+---------------+--------------+----------+-----------+---------------+-----------------+-------------+-------------------+-----------------------+------------------+----------------+
|  9 |             9 |            1 | pyroki   |         0 |       9.34076 |         494.765 |   0.174658  |           9.34076 |             0.174658  | False            | False          |
+----+---------------+--------------+----------+-----------+---------------+-----------------+-------------+-------------------+-----------------------+------------------+----------------+
| 10 |            10 |            1 | pyroki   |         0 |       9.42874 |         477.282 |   0.0934256 |           9.42874 |             0.0934256 | False            | False          |
+----+---------------+--------------+----------+-----------+---------------+-----------------+-------------+-------------------+-----------------------+------------------+----------------+
| 11 |            11 |            1 | pyroki   |         0 |       9.93776 |         494.186 |   0.129122  |           9.93776 |             0.129122  | False            | False          |
+----+---------------+--------------+----------+-----------+---------------+-----------------+-------------+-------------------+-----------------------+------------------+----------------+
| 12 |            12 |            1 | pyroki   |         0 |       9.07278 |         501.875 |   0.0681329 |           9.07278 |             0.0681329 | False            | False          |
+----+---------------+--------------+----------+-----------+---------------+-----------------+-------------+-------------------+-----------------------+------------------+----------------+
| 13 |            13 |            1 | pyroki   |         0 |       9.4173  |         499.156 |   0.14454   |           9.4173  |             0.14454   | False            | False          |
+----+---------------+--------------+----------+-----------+---------------+-----------------+-------------+-------------------+-----------------------+------------------+----------------+
| 14 |            14 |            1 | pyroki   |         0 |       9.36651 |         518.318 |   0.0972638 |           9.36651 |             0.0972638 | False            | False          |
+----+---------------+--------------+----------+-----------+---------------+-----------------+-------------+-------------------+-----------------------+------------------+----------------+
| 15 |            15 |            1 | pyroki   |         0 |       9.54652 |         488.366 |   0.191878  |           9.54652 |             0.191878  | False            | False          |
+----+---------------+--------------+----------+-----------+---------------+-----------------+-------------+-------------------+-----------------------+------------------+----------------+
| 16 |            16 |            1 | pyroki   |         0 |      10.0091  |         486.043 |   0.0516387 |          10.0091  |             0.0516387 | False            | False          |
+----+---------------+--------------+----------+-----------+---------------+-----------------+-------------+-------------------+-----------------------+------------------+----------------+
| 17 |            17 |            1 | pyroki   |         0 |       9.20343 |         480.531 |   0.159266  |           9.20343 |             0.159266  | False            | False          |
+----+---------------+--------------+----------+-----------+---------------+-----------------+-------------+-------------------+-----------------------+------------------+----------------+
| 18 |            18 |            1 | pyroki   |         0 |       9.41205 |         498.198 |   0.13815   |           9.41205 |             0.13815   | False            | False          |
+----+---------------+--------------+----------+-----------+---------------+-----------------+-------------+-------------------+-----------------------+------------------+----------------+
| 19 |            19 |            1 | pyroki   |         0 |       9.54437 |         449.517 |   0.105762  |           9.54437 |             0.105762  | False            | False          |
+----+---------------+--------------+----------+-----------+---------------+-----------------+-------------+-------------------+-----------------------+------------------+----------------+
| 20 |            20 |            1 | pyroki   |         0 |       9.68266 |         488.328 |   0.1762    |           9.68266 |             0.1762    | False            | False          |
+----+---------------+--------------+----------+-----------+---------------+-----------------+-------------+-------------------+-----------------------+------------------+----------------+
| 21 |            21 |            1 | pyroki   |         0 |       9.74512 |         481.064 |   0.220919  |           9.74512 |             0.220919  | False            | False          |
+----+---------------+--------------+----------+-----------+---------------+-----------------+-------------+-------------------+-----------------------+------------------+----------------+
| 22 |            22 |            1 | pyroki   |         0 |       9.46641 |         511.584 |   0.0344988 |           9.46641 |             0.0344988 | False            | False          |
+----+---------------+--------------+----------+-----------+---------------+-----------------+-------------+-------------------+-----------------------+------------------+----------------+
| 23 |            23 |            1 | pyroki   |         0 |       9.34029 |         487.471 |   0.0931233 |           9.34029 |             0.0931233 | False            | False          |
+----+---------------+--------------+----------+-----------+---------------+-----------------+-------------+-------------------+-----------------------+------------------+----------------+
| 24 |            24 |            1 | pyroki   |         0 |       9.1989  |         495.251 |   0.0344618 |           9.1989  |             0.0344618 | False            | False          |
+----+---------------+--------------+----------+-----------+---------------+-----------------+-------------+-------------------+-----------------------+------------------+----------------+
| 25 |            25 |            1 | pyroki   |         0 |       9.95159 |         483.949 |   0.150992  |           9.95159 |             0.150992  | False            | False          |
+----+---------------+--------------+----------+-----------+---------------+-----------------+-------------+-------------------+-----------------------+------------------+----------------+
| 26 |            26 |            1 | pyroki   |         0 |       9.7332  |         493.814 |   0.132242  |           9.7332  |             0.132242  | False            | False          |
+----+---------------+--------------+----------+-----------+---------------+-----------------+-------------+-------------------+-----------------------+------------------+----------------+
| 27 |            27 |            1 | pyroki   |         0 |       8.89468 |         463.243 |   0.0360729 |           8.89468 |             0.0360729 | False            | False          |
+----+---------------+--------------+----------+-----------+---------------+-----------------+-------------+-------------------+-----------------------+------------------+----------------+
| 28 |            28 |            1 | pyroki   |         0 |       9.67717 |         530.62  |   0.140458  |           9.67717 |             0.140458  | False            | False          |
+----+---------------+--------------+----------+-----------+---------------+-----------------+-------------+-------------------+-----------------------+------------------+----------------+
| 29 |            29 |            1 | pyroki   |         0 |       8.61955 |         556.283 |   0.22323   |           8.61955 |             0.22323   | True             | False          |
+----+---------------+--------------+----------+-----------+---------------+-----------------+-------------+-------------------+-----------------------+------------------+----------------+
| 30 |            30 |            1 | pyroki   |         0 |       9.25803 |         487.996 |   0.084881  |           9.25803 |             0.084881  | False            | False          |
+----+---------------+--------------+----------+-----------+---------------+-----------------+-------------+-------------------+-----------------------+------------------+----------------+
| 31 |            31 |            1 | pyroki   |         0 |       9.12476 |         476.379 |   0.0905265 |           9.12476 |             0.0905265 | False            | False          |
+----+---------------+--------------+----------+-----------+---------------+-----------------+-------------+-------------------+-----------------------+------------------+----------------+
| 32 |            32 |            1 | pyroki   |         0 |       9.38034 |         463.407 |   0.0500319 |           9.38034 |             0.0500319 | False            | False          |
+----+---------------+--------------+----------+-----------+---------------+-----------------+-------------+-------------------+-----------------------+------------------+----------------+
| 33 |            33 |            1 | pyroki   |         0 |       9.34434 |         504.725 |   0.11219   |           9.34434 |             0.11219   | False            | False          |
+----+---------------+--------------+----------+-----------+---------------+-----------------+-------------+-------------------+-----------------------+------------------+----------------+
| 34 |            34 |            1 | pyroki   |         0 |       8.64983 |         482.949 |   0.0578455 |           8.64983 |             0.0578455 | False            | False          |
+----+---------------+--------------+----------+-----------+---------------+-----------------+-------------+-------------------+-----------------------+------------------+----------------+
| 35 |            35 |            1 | pyroki   |         0 |       9.19986 |         484.83  |   0.0939774 |           9.19986 |             0.0939774 | False            | False          |
+----+---------------+--------------+----------+-----------+---------------+-----------------+-------------+-------------------+-----------------------+------------------+----------------+
| 36 |            36 |            1 | pyroki   |         0 |       9.08184 |         469.054 |   0.129222  |           9.08184 |             0.129222  | False            | False          |
+----+---------------+--------------+----------+-----------+---------------+-----------------+-------------+-------------------+-----------------------+------------------+----------------+
| 37 |            37 |            1 | pyroki   |         0 |       8.99053 |         505.023 |   0.105843  |           8.99053 |             0.105843  | False            | False          |
+----+---------------+--------------+----------+-----------+---------------+-----------------+-------------+-------------------+-----------------------+------------------+----------------+
| 38 |            38 |            1 | pyroki   |         0 |       9.10044 |         484.907 |   0.319123  |           9.10044 |             0.319123  | False            | False          |
+----+---------------+--------------+----------+-----------+---------------+-----------------+-------------+-------------------+-----------------------+------------------+----------------+
| 39 |            39 |            1 | pyroki   |         0 |       9.64928 |         506.126 |   0.108222  |           9.64928 |             0.108222  | False            | False          |
+----+---------------+--------------+----------+-----------+---------------+-----------------+-------------+-------------------+-----------------------+------------------+----------------+
| 40 |            40 |            1 | pyroki   |         0 |       8.50797 |         526.106 |   0.0912201 |           8.50797 |             0.0912201 | False            | False          |
+----+---------------+--------------+----------+-----------+---------------+-----------------+-------------+-------------------+-----------------------+------------------+----------------+
| 41 |            41 |            1 | pyroki   |         0 |       8.78215 |         476.774 |   0.0818405 |           8.78215 |             0.0818405 | False            | False          |
+----+---------------+--------------+----------+-----------+---------------+-----------------+-------------+-------------------+-----------------------+------------------+----------------+
| 42 |            42 |            1 | pyroki   |         0 |       8.67701 |         478.899 |   0.160911  |           8.67701 |             0.160911  | False            | False          |
+----+---------------+--------------+----------+-----------+---------------+-----------------+-------------+-------------------+-----------------------+------------------+----------------+
| 43 |            43 |            1 | pyroki   |         0 |       9.08017 |         481.409 |   0.176032  |           9.08017 |             0.176032  | False            | False          |
+----+---------------+--------------+----------+-----------+---------------+-----------------+-------------+-------------------+-----------------------+------------------+----------------+
| 44 |            44 |            1 | pyroki   |         0 |       8.77237 |         541.418 |   0.0951683 |           8.77237 |             0.0951683 | False            | False          |
+----+---------------+--------------+----------+-----------+---------------+-----------------+-------------+-------------------+-----------------------+------------------+----------------+
| 45 |            45 |            1 | pyroki   |         0 |       9.26447 |         502.365 |   0.106416  |           9.26447 |             0.106416  | False            | False          |
+----+---------------+--------------+----------+-----------+---------------+-----------------+-------------+-------------------+-----------------------+------------------+----------------+
| 46 |            46 |            1 | pyroki   |         0 |       9.29117 |         438.198 |   0.181008  |           9.29117 |             0.181008  | False            | False          |
+----+---------------+--------------+----------+-----------+---------------+-----------------+-------------+-------------------+-----------------------+------------------+----------------+
| 47 |            47 |            1 | pyroki   |         0 |       8.67224 |         490.587 |   0.138737  |           8.67224 |             0.138737  | False            | False          |
+----+---------------+--------------+----------+-----------+---------------+-----------------+-------------+-------------------+-----------------------+------------------+----------------+
| 48 |            48 |            1 | pyroki   |         0 |       9.20415 |         542.588 |   0.187625  |           9.20415 |             0.187625  | False            | False          |
+----+---------------+--------------+----------+-----------+---------------+-----------------+-------------+-------------------+-----------------------+------------------+----------------+
| 49 |            49 |            1 | pyroki   |         0 |       8.34918 |         472.565 |   0.0834752 |           8.34918 |             0.0834752 | False            | False          |
+----+---------------+--------------+----------+-----------+---------------+-----------------+-------------+-------------------+-----------------------+------------------+----------------+
... (500 rows total)

============================================================
Averages by Batch Size
============================================================
+------------------+---------------+-----------------+-------------+-----------+---------------------+-------------------+
|                  |   IK-time(ms) |   Pos-Error(mm) |   Ori-Error |   succ(%) |   collision_free(%) |   success_both(%) |
+==================+===============+=================+=============+===========+=====================+===================+
| (1, 'pyroki')    |       9.01812 |    492.99       | 0.119574    |         0 |                   1 |                 0 |
+------------------+---------------+-----------------+-------------+-----------+---------------------+-------------------+
| (10, 'pyroki')   |      11.9785  |      0.31706    | 0.000148555 |        97 |                 100 |                97 |
+------------------+---------------+-----------------+-------------+-----------+---------------------+-------------------+
| (100, 'pyroki')  |      13.0389  |      0.00763573 | 3.64394e-06 |       100 |                 100 |               100 |
+------------------+---------------+-----------------+-------------+-----------+---------------------+-------------------+
| (1000, 'pyroki') |      20.7816  |      0.0157727  | 6.30972e-06 |       100 |                 100 |               100 |
+------------------+---------------+-----------------+-------------+-----------+---------------------+-------------------+
| (2000, 'pyroki') |      30.2691  |      0.0175948  | 7.62138e-06 |       100 |                 100 |               100 |
+------------------+---------------+-----------------+-------------+-----------+---------------------+-------------------+
============================================================

[baseline_bench] collision-free: validating returned q with the shared Panda sphere model (benchmark/panda_collision.py); the 'collision_free' column is populated cuRobo-free.
running...
  curobo num_seeds: 1
  curobo num_seeds: 10
  curobo num_seeds: 100
  curobo num_seeds: 1000
  curobo num_seeds: 2000
+----+---------------+--------------+----------+-----------+---------------+-----------------+-------------+-------------------+-----------------------+------------------+----------------+
|    |   problem_idx |   Batch-Size | solver   |   succ(%) |   IK-time(ms) |   Pos-Error(mm) |   Ori-Error |   curobo-time(ms) |   curobo-ori-err(rad) | collision_free   | success_both   |
+====+===============+==============+==========+===========+===============+=================+=============+===================+=======================+==================+================+
|  0 |             0 |            1 | curobo   |       100 |       2.09475 |     6.664e-05   | 7.97085e-08 |           2.09475 |           7.97085e-08 | True             | True           |
+----+---------------+--------------+----------+-----------+---------------+-----------------+-------------+-------------------+-----------------------+------------------+----------------+
|  1 |             1 |            1 | curobo   |       100 |       2.13099 |     4.47035e-05 | 7.53743e-08 |           2.13099 |           7.53743e-08 | True             | True           |
+----+---------------+--------------+----------+-----------+---------------+-----------------+-------------+-------------------+-----------------------+------------------+----------------+
|  2 |             2 |            1 | curobo   |       100 |       2.09022 |     0.000161181 | 4.86186e-08 |           2.09022 |           4.86186e-08 | True             | True           |
+----+---------------+--------------+----------+-----------+---------------+-----------------+-------------+-------------------+-----------------------+------------------+----------------+
|  3 |             3 |            1 | curobo   |       100 |       2.1112  |     5.37269e-05 | 7.81932e-08 |           2.1112  |           7.81932e-08 | True             | True           |
+----+---------------+--------------+----------+-----------+---------------+-----------------+-------------+-------------------+-----------------------+------------------+----------------+
|  4 |             4 |            1 | curobo   |       100 |       2.0957  |     8.02452e-05 | 1.51863e-07 |           2.0957  |           1.51863e-07 | True             | True           |
+----+---------------+--------------+----------+-----------+---------------+-----------------+-------------+-------------------+-----------------------+------------------+----------------+
|  5 |             5 |            1 | curobo   |       100 |       2.10929 |     0.000193771 | 1.20906e-07 |           2.10929 |           1.20906e-07 | True             | True           |
+----+---------------+--------------+----------+-----------+---------------+-----------------+-------------+-------------------+-----------------------+------------------+----------------+
|  6 |             6 |            1 | curobo   |       100 |       2.07973 |     5.96046e-05 | 6.40292e-08 |           2.07973 |           6.40292e-08 | True             | True           |
+----+---------------+--------------+----------+-----------+---------------+-----------------+-------------+-------------------+-----------------------+------------------+----------------+
|  7 |             7 |            1 | curobo   |       100 |       2.09188 |     7.45058e-05 | 9.30421e-08 |           2.09188 |           9.30421e-08 | True             | True           |
+----+---------------+--------------+----------+-----------+---------------+-----------------+-------------+-------------------+-----------------------+------------------+----------------+
|  8 |             8 |            1 | curobo   |       100 |       2.10595 |     7.45058e-05 | 3.11288e-08 |           2.10595 |           3.11288e-08 | True             | True           |
+----+---------------+--------------+----------+-----------+---------------+-----------------+-------------+-------------------+-----------------------+------------------+----------------+
|  9 |             9 |            1 | curobo   |       100 |       2.08616 |     1.49012e-05 | 9.52924e-08 |           2.08616 |           9.52924e-08 | True             | True           |
+----+---------------+--------------+----------+-----------+---------------+-----------------+-------------+-------------------+-----------------------+------------------+----------------+
| 10 |            10 |            1 | curobo   |       100 |       2.09951 |     2.98023e-05 | 7.34257e-08 |           2.09951 |           7.34257e-08 | True             | True           |
+----+---------------+--------------+----------+-----------+---------------+-----------------+-------------+-------------------+-----------------------+------------------+----------------+
| 11 |            11 |            1 | curobo   |       100 |       2.12455 |     1.86265e-06 | 4.46921e-08 |           2.12455 |           4.46921e-08 | True             | True           |
+----+---------------+--------------+----------+-----------+---------------+-----------------+-------------+-------------------+-----------------------+------------------+----------------+
| 12 |            12 |            1 | curobo   |       100 |       2.08926 |     6.14391e-05 | 9.80133e-08 |           2.08926 |           9.80133e-08 | True             | True           |
+----+---------------+--------------+----------+-----------+---------------+-----------------+-------------+-------------------+-----------------------+------------------+----------------+
| 13 |            13 |            1 | curobo   |       100 |       2.09069 |     6.14391e-05 | 9.51041e-08 |           2.09069 |           9.51041e-08 | True             | True           |
+----+---------------+--------------+----------+-----------+---------------+-----------------+-------------+-------------------+-----------------------+------------------+----------------+
| 14 |            14 |            1 | curobo   |       100 |       2.0926  |     6.18892e-05 | 3.93834e-08 |           2.0926  |           3.93834e-08 | True             | True           |
+----+---------------+--------------+----------+-----------+---------------+-----------------+-------------+-------------------+-----------------------+------------------+----------------+
| 15 |            15 |            1 | curobo   |       100 |       2.08306 |     4.47035e-05 | 2.7201e-08  |           2.08306 |           2.7201e-08  | True             | True           |
+----+---------------+--------------+----------+-----------+---------------+-----------------+-------------+-------------------+-----------------------+------------------+----------------+
| 16 |            16 |            1 | curobo   |       100 |       2.10381 |     6.82857e-05 | 7.30685e-08 |           2.10381 |           7.30685e-08 | True             | True           |
+----+---------------+--------------+----------+-----------+---------------+-----------------+-------------+-------------------+-----------------------+------------------+----------------+
| 17 |            17 |            1 | curobo   |       100 |       2.10714 |     0.000136571 | 1.27385e-07 |           2.10714 |           1.27385e-07 | True             | True           |
+----+---------------+--------------+----------+-----------+---------------+-----------------+-------------+-------------------+-----------------------+------------------+----------------+
| 18 |            18 |            1 | curobo   |       100 |       2.10333 |     6.82857e-05 | 5.05364e-08 |           2.10333 |           5.05364e-08 | True             | True           |
+----+---------------+--------------+----------+-----------+---------------+-----------------+-------------+-------------------+-----------------------+------------------+----------------+
| 19 |            19 |            1 | curobo   |       100 |       2.10571 |     1.49012e-05 | 1.16014e-07 |           2.10571 |           1.16014e-07 | True             | True           |
+----+---------------+--------------+----------+-----------+---------------+-----------------+-------------+-------------------+-----------------------+------------------+----------------+
| 20 |            20 |            1 | curobo   |       100 |       2.1019  |     9.65706e-05 | 1.73259e-07 |           2.1019  |           1.73259e-07 | True             | True           |
+----+---------------+--------------+----------+-----------+---------------+-----------------+-------------+-------------------+-----------------------+------------------+----------------+
| 21 |            21 |            1 | curobo   |       100 |       2.09332 |     0.00011151  | 8.83215e-08 |           2.09332 |           8.83215e-08 | True             | True           |
+----+---------------+--------------+----------+-----------+---------------+-----------------+-------------+-------------------+-----------------------+------------------+----------------+
| 22 |            22 |            1 | curobo   |       100 |       2.11453 |     6.664e-05   | 7.05652e-08 |           2.11453 |           7.05652e-08 | True             | True           |
+----+---------------+--------------+----------+-----------+---------------+-----------------+-------------+-------------------+-----------------------+------------------+----------------+
| 23 |            23 |            1 | curobo   |       100 |       2.0895  |     2.98023e-05 | 6.96392e-08 |           2.0895  |           6.96392e-08 | True             | True           |
+----+---------------+--------------+----------+-----------+---------------+-----------------+-------------+-------------------+-----------------------+------------------+----------------+
| 24 |            24 |            1 | curobo   |       100 |       2.10166 |     5.96046e-05 | 1.47964e-07 |           2.10166 |           1.47964e-07 | True             | True           |
+----+---------------+--------------+----------+-----------+---------------+-----------------+-------------+-------------------+-----------------------+------------------+----------------+
| 25 |            25 |            1 | curobo   |       100 |       2.11191 |     7.45058e-05 | 6.93725e-08 |           2.11191 |           6.93725e-08 | True             | True           |
+----+---------------+--------------+----------+-----------+---------------+-----------------+-------------+-------------------+-----------------------+------------------+----------------+
| 26 |            26 |            1 | curobo   |       100 |       2.09713 |     2.10734e-05 | 4.72391e-08 |           2.09713 |           4.72391e-08 | True             | True           |
+----+---------------+--------------+----------+-----------+---------------+-----------------+-------------+-------------------+-----------------------+------------------+----------------+
| 27 |            27 |            1 | curobo   |       100 |       2.08831 |     6.00685e-05 | 6.57087e-08 |           2.08831 |           6.57087e-08 | True             | True           |
+----+---------------+--------------+----------+-----------+---------------+-----------------+-------------+-------------------+-----------------------+------------------+----------------+
| 28 |            28 |            1 | curobo   |       100 |       2.12336 |     6.664e-05   | 4.11834e-08 |           2.12336 |           4.11834e-08 | True             | True           |
+----+---------------+--------------+----------+-----------+---------------+-----------------+-------------+-------------------+-----------------------+------------------+----------------+
| 29 |            29 |            1 | curobo   |       100 |       2.07639 |     1.49012e-05 | 3.36618e-08 |           2.07639 |           3.36618e-08 | True             | True           |
+----+---------------+--------------+----------+-----------+---------------+-----------------+-------------+-------------------+-----------------------+------------------+----------------+
| 30 |            30 |            1 | curobo   |       100 |       2.08569 |     0.165105    | 1.54786e-05 |           2.08569 |           1.54786e-05 | True             | True           |
+----+---------------+--------------+----------+-----------+---------------+-----------------+-------------+-------------------+-----------------------+------------------+----------------+
| 31 |            31 |            1 | curobo   |       100 |       2.09975 |     4.71216e-05 | 1.06812e-07 |           2.09975 |           1.06812e-07 | True             | True           |
+----+---------------+--------------+----------+-----------+---------------+-----------------+-------------+-------------------+-----------------------+------------------+----------------+
| 32 |            32 |            1 | curobo   |       100 |       2.11811 |     5.16191e-05 | 3.98202e-08 |           2.11811 |           3.98202e-08 | True             | True           |
+----+---------------+--------------+----------+-----------+---------------+-----------------+-------------+-------------------+-----------------------+------------------+----------------+
| 33 |            33 |            1 | curobo   |       100 |       2.09665 |     0.000126441 | 1.0887e-07  |           2.09665 |           1.0887e-07  | True             | True           |
+----+---------------+--------------+----------+-----------+---------------+-----------------+-------------+-------------------+-----------------------+------------------+----------------+
| 34 |            34 |            1 | curobo   |       100 |       2.10047 |     8.42937e-05 | 8.32547e-08 |           2.10047 |           8.32547e-08 | True             | True           |
+----+---------------+--------------+----------+-----------+---------------+-----------------+-------------+-------------------+-----------------------+------------------+----------------+
| 35 |            35 |            1 | curobo   |       100 |       2.0988  |     0.000108482 | 1.25043e-07 |           2.0988  |           1.25043e-07 | True             | True           |
+----+---------------+--------------+----------+-----------+---------------+-----------------+-------------+-------------------+-----------------------+------------------+----------------+
| 36 |            36 |            1 | curobo   |       100 |       2.08831 |     1.49012e-05 | 8.04917e-08 |           2.08831 |           8.04917e-08 | True             | True           |
+----+---------------+--------------+----------+-----------+---------------+-----------------+-------------+-------------------+-----------------------+------------------+----------------+
| 37 |            37 |            1 | curobo   |       100 |       2.09594 |     6.68739e-05 | 6.39506e-08 |           2.09594 |           6.39506e-08 | True             | True           |
+----+---------------+--------------+----------+-----------+---------------+-----------------+-------------+-------------------+-----------------------+------------------+----------------+
| 38 |            38 |            1 | curobo   |       100 |       2.08473 |     6.664e-05   | 3.30629e-08 |           2.08473 |           3.30629e-08 | True             | True           |
+----+---------------+--------------+----------+-----------+---------------+-----------------+-------------+-------------------+-----------------------+------------------+----------------+
| 39 |            39 |            1 | curobo   |       100 |       2.1019  |     0.000158577 | 5.29584e-08 |           2.1019  |           5.29584e-08 | True             | True           |
+----+---------------+--------------+----------+-----------+---------------+-----------------+-------------+-------------------+-----------------------+------------------+----------------+
| 40 |            40 |            1 | curobo   |       100 |       2.11096 |     3.00343e-05 | 6.06075e-08 |           2.11096 |           6.06075e-08 | True             | True           |
+----+---------------+--------------+----------+-----------+---------------+-----------------+-------------+-------------------+-----------------------+------------------+----------------+
| 41 |            41 |            1 | curobo   |       100 |       2.09594 |     4.21468e-05 | 1.58906e-07 |           2.09594 |           1.58906e-07 | True             | True           |
+----+---------------+--------------+----------+-----------+---------------+-----------------+-------------+-------------------+-----------------------+------------------+----------------+
| 42 |            42 |            1 | curobo   |       100 |       2.08521 |     4.47035e-05 | 8.0579e-09  |           2.08521 |           8.0579e-09  | True             | True           |
+----+---------------+--------------+----------+-----------+---------------+-----------------+-------------+-------------------+-----------------------+------------------+----------------+
| 43 |            43 |            1 | curobo   |       100 |       2.08735 |     0.000123778 | 1.86499e-08 |           2.08735 |           1.86499e-08 | True             | True           |
+----+---------------+--------------+----------+-----------+---------------+-----------------+-------------+-------------------+-----------------------+------------------+----------------+
| 44 |            44 |            1 | curobo   |       100 |       2.10309 |     7.30005e-05 | 1.4446e-07  |           2.10309 |           1.4446e-07  | True             | True           |
+----+---------------+--------------+----------+-----------+---------------+-----------------+-------------+-------------------+-----------------------+------------------+----------------+
| 45 |            45 |            1 | curobo   |       100 |       2.08712 |     2.98023e-05 | 5.94387e-08 |           2.08712 |           5.94387e-08 | True             | True           |
+----+---------------+--------------+----------+-----------+---------------+-----------------+-------------+-------------------+-----------------------+------------------+----------------+
| 46 |            46 |            1 | curobo   |       100 |       2.10524 |     4.47035e-05 | 8.36817e-08 |           2.10524 |           8.36817e-08 | True             | True           |
+----+---------------+--------------+----------+-----------+---------------+-----------------+-------------+-------------------+-----------------------+------------------+----------------+
| 47 |            47 |            1 | curobo   |       100 |       2.09928 |     0.000121058 | 1.05909e-07 |           2.09928 |           1.05909e-07 | True             | True           |
+----+---------------+--------------+----------+-----------+---------------+-----------------+-------------+-------------------+-----------------------+------------------+----------------+
| 48 |            48 |            1 | curobo   |       100 |       2.10118 |     4.47073e-05 | 6.40089e-08 |           2.10118 |           6.40089e-08 | True             | True           |
+----+---------------+--------------+----------+-----------+---------------+-----------------+-------------+-------------------+-----------------------+------------------+----------------+
| 49 |            49 |            1 | curobo   |       100 |       2.07543 |     6.14832e-05 | 2.58673e-08 |           2.07543 |           2.58673e-08 | True             | True           |
+----+---------------+--------------+----------+-----------+---------------+-----------------+-------------+-------------------+-----------------------+------------------+----------------+
... (500 rows total)

============================================================
Averages by Batch Size
============================================================
+------------------+---------------+-----------------+-------------+-----------+---------------------+-------------------+
|                  |   IK-time(ms) |   Pos-Error(mm) |   Ori-Error |   succ(%) |   collision_free(%) |   success_both(%) |
+==================+===============+=================+=============+===========+=====================+===================+
| (1, 'curobo')    |       8.42172 |      0.105249   | 0.000134295 |        99 |                 100 |                99 |
+------------------+---------------+-----------------+-------------+-----------+---------------------+-------------------+
| (10, 'curobo')   |       2.10769 |      0.0212096  | 1.20792e-05 |       100 |                 100 |               100 |
+------------------+---------------+-----------------+-------------+-----------+---------------------+-------------------+
| (100, 'curobo')  |       2.21987 |      0.00493699 | 1.62847e-07 |       100 |                 100 |               100 |
+------------------+---------------+-----------------+-------------+-----------+---------------------+-------------------+
| (1000, 'curobo') |       2.3573  |      0.00471695 | 3.93503e-08 |       100 |                 100 |               100 |
+------------------+---------------+-----------------+-------------+-----------+---------------------+-------------------+
| (2000, 'curobo') |       2.43527 |      0.00209855 | 1.46093e-07 |       100 |                 100 |               100 |
+------------------+---------------+-----------------+-------------+-----------+---------------------+-------------------+
============================================================


[OK] wrote /home/plancher/Desktop/HJCD-IK/docs/open-tasks/paper-2026-10-03/paper_results_20261007T155203Z/table_collfree_hand_box_panda.md
## Panda collision-free, box_panda (dataset protocol: panda_hand, goal_pose)

| Batch | curobo Time(ms) | curobo Pos(mm) | curobo Ori(rad) | hjcdik Time(ms) | hjcdik Pos(mm) | hjcdik Ori(rad) | pyroki Time(ms) | pyroki Pos(mm) | pyroki Ori(rad) |
| --- | --- | --- | --- | --- | --- | --- | --- | --- | --- |
| 1 | 8.422 | 0.1052 | 1.343e-04 | 6.267 | 22.15 | 0.03437 | 9.018 | 493 | 0.1196 |
| 10 | 2.108 | 0.02121 | 1.208e-05 | 2.282 | 5.245e-06 | 7.509e-10 | 11.98 | 0.3171 | 1.486e-04 |
| 100 | 2.22 | 0.004937 | 1.628e-07 | 2.082 | 4.454e-06 | 7.195e-10 | 13.04 | 0.007636 | 3.644e-06 |
| 1000 | 2.357 | 0.004717 | 3.935e-08 | 2.042 | 4.873e-06 | 8.671e-10 | 20.78 | 0.01577 | 6.310e-06 |
| 2000 | 2.435 | 0.002099 | 1.461e-07 | 2.101 | 4.615e-06 | 7.863e-10 | 30.27 | 0.01759 | 7.621e-06 |

_solvers: curobo: n=100/batch, hjcdik: n=1/batch, pyroki: n=100/batch_
--- set box_panda_flipped (mb_problems.json) ---
[GRiD] skipping URDF codegen...
[build info] {'num_joints': 7, 'ee_target': 'panda_hand_joint', 'collision_enabled': True, 'grid_header_sha256': '602db0639bc408c26f4d57ebf4623fea868b3c45236a3a3e654defcb3d0f0720', 'cuda_compiler_version': '13.2.86'}
[collision validation] {'model': 'hjcd', 'scope': 'environment-only; non-base spheres', 'finger_joint_origin_y_m': [0.04, -0.04], 'source_sha256': {'csrc/urdf/panda.urdf': '90bb0a412eb12a3af0abb9d5d0f06be3dbbe1a72806b0416dd9769992cb35079', 'external/foam/assets/panda/smaller_panda_spherized.urdf': 'f90e26dcce184014335ce013f62a563425d8b82ba5fecf8a71480a5e0722853e'}}
[info] running 100 targets, batches=[1, 10, 100, 1000, 2000], num_solutions=1, collision_free=True
[info] processed 0/100 targets
[info] processed 50/100 targets

==== Batch Summary (averages) ====
Batch Size 1:
  Time (ms): 2.073296
  Position Error: 1.832157e-06
  Orientation Error: 2.918208e-09
  Collision-Free: 100.0% (100 queries)
Batch Size 10:
  Time (ms): 1.604791
  Position Error: 8.481000e-07
  Orientation Error: 1.250175e-09
  Collision-Free: 100.0% (100 queries)
Batch Size 100:
  Time (ms): 1.449986
  Position Error: 2.664413e-06
  Orientation Error: 4.260980e-09
  Collision-Free: 100.0% (100 queries)
Batch Size 1000:
  Time (ms): 1.451835
  Position Error: 1.690627e-06
  Orientation Error: 2.666024e-09
  Collision-Free: 100.0% (100 queries)
Batch Size 2000:
  Time (ms): 1.583406
  Position Error: 1.347544e-06
  Orientation Error: 2.320920e-09
  Collision-Free: 100.0% (100 queries)
[OK] wrote CSV summary /home/plancher/Desktop/HJCD-IK/docs/open-tasks/paper-2026-10-03/paper_results_20261007T155203Z/collfree_hand_box_panda_flipped_hjcdik.csv

[OK] wrote /home/plancher/Desktop/HJCD-IK/docs/open-tasks/paper-2026-10-03/hjcd/results.yml with 500 query entries (100 targets x 5 batches; up to 1 solutions per query).
2026-10-07 12:01:49.143 | INFO     | pyroki.collision._robot_collision:from_sphere_decomposition:187 - Created RobotCollision (sphere mode) with 13 links, 59 total spheres, and 1230 active pairs.
2026-10-07 12:01:49.299 | INFO     | jaxls._problem:analyze:237 - Building optimization problem with 5 terms and 1 variables: 5 costs, 0 eq_zero, 0 leq_zero, 0 geq_zero
2026-10-07 12:01:49.354 | INFO     | jaxls._problem:analyze:364 - Vectorizing group with 1 costs, 1 variables each: _pose_cost_analytical_jac
2026-10-07 12:01:49.367 | INFO     | jaxls._problem:analyze:364 - Vectorizing group with 1 costs, 1 variables each: limit_residual
2026-10-07 12:01:49.399 | INFO     | jaxls._problem:analyze:364 - Vectorizing group with 1 costs, 1 variables each: world_collision_residual
2026-10-07 12:01:49.425 | INFO     | jaxls._problem:analyze:364 - Vectorizing group with 1 costs, 1 variables each: world_collision_residual
2026-10-07 12:01:49.438 | INFO     | jaxls._problem:analyze:364 - Vectorizing group with 1 costs, 1 variables each: self_collision_residual
2026-10-07 12:01:49.445 | INFO     | jaxls._problem:analyze:451 - Variable elimination: variable IDs are traced; solves will not use elimination
2026-10-07 12:01:50.771 | INFO     | jaxls._problem:analyze:237 - Building optimization problem with 5 terms and 1 variables: 5 costs, 0 eq_zero, 0 leq_zero, 0 geq_zero
2026-10-07 12:01:50.784 | INFO     | jaxls._problem:analyze:364 - Vectorizing group with 1 costs, 1 variables each: _pose_cost_analytical_jac
2026-10-07 12:01:50.789 | INFO     | jaxls._problem:analyze:364 - Vectorizing group with 1 costs, 1 variables each: limit_residual
2026-10-07 12:01:50.796 | INFO     | jaxls._problem:analyze:364 - Vectorizing group with 1 costs, 1 variables each: world_collision_residual
2026-10-07 12:01:50.804 | INFO     | jaxls._problem:analyze:364 - Vectorizing group with 1 costs, 1 variables each: world_collision_residual
2026-10-07 12:01:50.811 | INFO     | jaxls._problem:analyze:364 - Vectorizing group with 1 costs, 1 variables each: self_collision_residual
2026-10-07 12:01:50.813 | INFO     | jaxls._problem:analyze:451 - Variable elimination: variable IDs are traced; solves will not use elimination
2026-10-07 12:01:58.562 | INFO     | jaxls._problem:analyze:237 - Building optimization problem with 5 terms and 1 variables: 5 costs, 0 eq_zero, 0 leq_zero, 0 geq_zero
2026-10-07 12:01:58.572 | INFO     | jaxls._problem:analyze:364 - Vectorizing group with 1 costs, 1 variables each: limit_residual
2026-10-07 12:01:58.581 | INFO     | jaxls._problem:analyze:364 - Vectorizing group with 1 costs, 1 variables each: self_collision_residual
2026-10-07 12:01:58.588 | INFO     | jaxls._problem:analyze:364 - Vectorizing group with 1 costs, 1 variables each: world_collision_residual
2026-10-07 12:01:58.597 | INFO     | jaxls._problem:analyze:364 - Vectorizing group with 1 costs, 1 variables each: world_collision_residual
2026-10-07 12:01:58.606 | INFO     | jaxls._problem:analyze:364 - Vectorizing group with 1 costs, 1 variables each: _pose_cost_analytical_jac
2026-10-07 12:01:58.610 | INFO     | jaxls._problem:analyze:451 - Variable elimination: variable IDs are traced; solves will not use elimination
2026-10-07 12:01:59.659 | INFO     | jaxls._problem:analyze:237 - Building optimization problem with 5 terms and 1 variables: 5 costs, 0 eq_zero, 0 leq_zero, 0 geq_zero
2026-10-07 12:01:59.673 | INFO     | jaxls._problem:analyze:364 - Vectorizing group with 1 costs, 1 variables each: _pose_cost_analytical_jac
2026-10-07 12:01:59.683 | INFO     | jaxls._problem:analyze:364 - Vectorizing group with 1 costs, 1 variables each: self_collision_residual
2026-10-07 12:01:59.690 | INFO     | jaxls._problem:analyze:364 - Vectorizing group with 1 costs, 1 variables each: world_collision_residual
2026-10-07 12:01:59.699 | INFO     | jaxls._problem:analyze:364 - Vectorizing group with 1 costs, 1 variables each: world_collision_residual
2026-10-07 12:01:59.705 | INFO     | jaxls._problem:analyze:364 - Vectorizing group with 1 costs, 1 variables each: limit_residual
2026-10-07 12:01:59.710 | INFO     | jaxls._problem:analyze:451 - Variable elimination: variable IDs are traced; solves will not use elimination
2026-10-07 12:02:08.968 | INFO     | jaxls._problem:analyze:237 - Building optimization problem with 5 terms and 1 variables: 5 costs, 0 eq_zero, 0 leq_zero, 0 geq_zero
2026-10-07 12:02:08.978 | INFO     | jaxls._problem:analyze:364 - Vectorizing group with 1 costs, 1 variables each: limit_residual
2026-10-07 12:02:08.989 | INFO     | jaxls._problem:analyze:364 - Vectorizing group with 1 costs, 1 variables each: self_collision_residual
2026-10-07 12:02:08.996 | INFO     | jaxls._problem:analyze:364 - Vectorizing group with 1 costs, 1 variables each: world_collision_residual
2026-10-07 12:02:09.005 | INFO     | jaxls._problem:analyze:364 - Vectorizing group with 1 costs, 1 variables each: world_collision_residual
2026-10-07 12:02:09.015 | INFO     | jaxls._problem:analyze:364 - Vectorizing group with 1 costs, 1 variables each: _pose_cost_analytical_jac
2026-10-07 12:02:09.019 | INFO     | jaxls._problem:analyze:451 - Variable elimination: variable IDs are traced; solves will not use elimination
2026-10-07 12:02:10.151 | INFO     | jaxls._problem:analyze:237 - Building optimization problem with 5 terms and 1 variables: 5 costs, 0 eq_zero, 0 leq_zero, 0 geq_zero
2026-10-07 12:02:10.163 | INFO     | jaxls._problem:analyze:364 - Vectorizing group with 1 costs, 1 variables each: self_collision_residual
2026-10-07 12:02:10.170 | INFO     | jaxls._problem:analyze:364 - Vectorizing group with 1 costs, 1 variables each: world_collision_residual
2026-10-07 12:02:10.178 | INFO     | jaxls._problem:analyze:364 - Vectorizing group with 1 costs, 1 variables each: world_collision_residual
2026-10-07 12:02:10.183 | INFO     | jaxls._problem:analyze:364 - Vectorizing group with 1 costs, 1 variables each: limit_residual
2026-10-07 12:02:10.192 | INFO     | jaxls._problem:analyze:364 - Vectorizing group with 1 costs, 1 variables each: _pose_cost_analytical_jac
2026-10-07 12:02:10.194 | INFO     | jaxls._problem:analyze:451 - Variable elimination: variable IDs are traced; solves will not use elimination
2026-10-07 12:02:19.516 | INFO     | jaxls._problem:analyze:237 - Building optimization problem with 5 terms and 1 variables: 5 costs, 0 eq_zero, 0 leq_zero, 0 geq_zero
2026-10-07 12:02:19.528 | INFO     | jaxls._problem:analyze:364 - Vectorizing group with 1 costs, 1 variables each: self_collision_residual
2026-10-07 12:02:19.536 | INFO     | jaxls._problem:analyze:364 - Vectorizing group with 1 costs, 1 variables each: limit_residual
2026-10-07 12:02:19.543 | INFO     | jaxls._problem:analyze:364 - Vectorizing group with 1 costs, 1 variables each: world_collision_residual
2026-10-07 12:02:19.551 | INFO     | jaxls._problem:analyze:364 - Vectorizing group with 1 costs, 1 variables each: world_collision_residual
2026-10-07 12:02:19.561 | INFO     | jaxls._problem:analyze:364 - Vectorizing group with 1 costs, 1 variables each: _pose_cost_analytical_jac
2026-10-07 12:02:19.565 | INFO     | jaxls._problem:analyze:451 - Variable elimination: variable IDs are traced; solves will not use elimination
2026-10-07 12:02:20.754 | INFO     | jaxls._problem:analyze:237 - Building optimization problem with 5 terms and 1 variables: 5 costs, 0 eq_zero, 0 leq_zero, 0 geq_zero
2026-10-07 12:02:20.764 | INFO     | jaxls._problem:analyze:364 - Vectorizing group with 1 costs, 1 variables each: limit_residual
2026-10-07 12:02:20.773 | INFO     | jaxls._problem:analyze:364 - Vectorizing group with 1 costs, 1 variables each: _pose_cost_analytical_jac
2026-10-07 12:02:20.780 | INFO     | jaxls._problem:analyze:364 - Vectorizing group with 1 costs, 1 variables each: world_collision_residual
2026-10-07 12:02:20.788 | INFO     | jaxls._problem:analyze:364 - Vectorizing group with 1 costs, 1 variables each: world_collision_residual
2026-10-07 12:02:20.795 | INFO     | jaxls._problem:analyze:364 - Vectorizing group with 1 costs, 1 variables each: self_collision_residual
2026-10-07 12:02:20.798 | INFO     | jaxls._problem:analyze:451 - Variable elimination: variable IDs are traced; solves will not use elimination
2026-10-07 12:02:32.216 | INFO     | jaxls._problem:analyze:237 - Building optimization problem with 5 terms and 1 variables: 5 costs, 0 eq_zero, 0 leq_zero, 0 geq_zero
2026-10-07 12:02:32.226 | INFO     | jaxls._problem:analyze:364 - Vectorizing group with 1 costs, 1 variables each: limit_residual
2026-10-07 12:02:32.236 | INFO     | jaxls._problem:analyze:364 - Vectorizing group with 1 costs, 1 variables each: self_collision_residual
2026-10-07 12:02:32.243 | INFO     | jaxls._problem:analyze:364 - Vectorizing group with 1 costs, 1 variables each: world_collision_residual
2026-10-07 12:02:32.252 | INFO     | jaxls._problem:analyze:364 - Vectorizing group with 1 costs, 1 variables each: world_collision_residual
2026-10-07 12:02:32.261 | INFO     | jaxls._problem:analyze:364 - Vectorizing group with 1 costs, 1 variables each: _pose_cost_analytical_jac
2026-10-07 12:02:32.265 | INFO     | jaxls._problem:analyze:451 - Variable elimination: variable IDs are traced; solves will not use elimination
2026-10-07 12:02:33.506 | INFO     | jaxls._problem:analyze:237 - Building optimization problem with 5 terms and 1 variables: 5 costs, 0 eq_zero, 0 leq_zero, 0 geq_zero
2026-10-07 12:02:33.515 | INFO     | jaxls._problem:analyze:364 - Vectorizing group with 1 costs, 1 variables each: limit_residual
2026-10-07 12:02:33.525 | INFO     | jaxls._problem:analyze:364 - Vectorizing group with 1 costs, 1 variables each: _pose_cost_analytical_jac
2026-10-07 12:02:33.532 | INFO     | jaxls._problem:analyze:364 - Vectorizing group with 1 costs, 1 variables each: self_collision_residual
2026-10-07 12:02:33.539 | INFO     | jaxls._problem:analyze:364 - Vectorizing group with 1 costs, 1 variables each: world_collision_residual
2026-10-07 12:02:33.548 | INFO     | jaxls._problem:analyze:364 - Vectorizing group with 1 costs, 1 variables each: world_collision_residual
2026-10-07 12:02:33.550 | INFO     | jaxls._problem:analyze:451 - Variable elimination: variable IDs are traced; solves will not use elimination
[baseline_bench] collision-free: validating returned q with the shared Panda sphere model (benchmark/panda_collision.py); the 'collision_free' column is populated cuRobo-free.
running...
  pyroki collision model: 59 foam spheres on 11 links, 1230 self pairs, world margin 0.01 m
  pyroki collision-free EE frame: panda_hand; collision costs: on (foam spheres)
  pyroki num_seeds_init: 1
  pyroki num_seeds_init: 10
  pyroki num_seeds_init: 100
  pyroki num_seeds_init: 1000
  pyroki num_seeds_init: 2000
+----+---------------+--------------+----------+-----------+---------------+-----------------+-------------+-------------------+-----------------------+------------------+----------------+
|    |   problem_idx |   Batch-Size | solver   |   succ(%) |   IK-time(ms) |   Pos-Error(mm) |   Ori-Error |   pyroki-time(ms) |   pyroki-ori-err(rad) | collision_free   | success_both   |
+====+===============+==============+==========+===========+===============+=================+=============+===================+=======================+==================+================+
|  0 |             0 |            1 | pyroki   |         0 |       8.93593 |         294.799 |   0.423229  |           8.93593 |             0.423229  | True             | False          |
+----+---------------+--------------+----------+-----------+---------------+-----------------+-------------+-------------------+-----------------------+------------------+----------------+
|  1 |             1 |            1 | pyroki   |         0 |       8.70275 |         301.464 |   0.440701  |           8.70275 |             0.440701  | True             | False          |
+----+---------------+--------------+----------+-----------+---------------+-----------------+-------------+-------------------+-----------------------+------------------+----------------+
|  2 |             2 |            1 | pyroki   |         0 |       8.42214 |         301.282 |   0.440938  |           8.42214 |             0.440938  | True             | False          |
+----+---------------+--------------+----------+-----------+---------------+-----------------+-------------+-------------------+-----------------------+------------------+----------------+
|  3 |             3 |            1 | pyroki   |         0 |       9.17912 |         301.028 |   0.44037   |           9.17912 |             0.44037   | True             | False          |
+----+---------------+--------------+----------+-----------+---------------+-----------------+-------------+-------------------+-----------------------+------------------+----------------+
|  4 |             4 |            1 | pyroki   |         0 |       8.29196 |         657.27  |   0.085246  |           8.29196 |             0.085246  | True             | False          |
+----+---------------+--------------+----------+-----------+---------------+-----------------+-------------+-------------------+-----------------------+------------------+----------------+
|  5 |             5 |            1 | pyroki   |         0 |       8.35276 |         297.084 |   0.429302  |           8.35276 |             0.429302  | True             | False          |
+----+---------------+--------------+----------+-----------+---------------+-----------------+-------------+-------------------+-----------------------+------------------+----------------+
|  6 |             6 |            1 | pyroki   |         0 |       8.24475 |         295.027 |   0.423902  |           8.24475 |             0.423902  | True             | False          |
+----+---------------+--------------+----------+-----------+---------------+-----------------+-------------+-------------------+-----------------------+------------------+----------------+
|  7 |             7 |            1 | pyroki   |         0 |       8.14414 |         301.118 |   0.439802  |           8.14414 |             0.439802  | True             | False          |
+----+---------------+--------------+----------+-----------+---------------+-----------------+-------------+-------------------+-----------------------+------------------+----------------+
|  8 |             8 |            1 | pyroki   |         0 |       7.83014 |         301.032 |   0.439869  |           7.83014 |             0.439869  | True             | False          |
+----+---------------+--------------+----------+-----------+---------------+-----------------+-------------+-------------------+-----------------------+------------------+----------------+
|  9 |             9 |            1 | pyroki   |         0 |       8.76594 |         300.959 |   0.440126  |           8.76594 |             0.440126  | True             | False          |
+----+---------------+--------------+----------+-----------+---------------+-----------------+-------------+-------------------+-----------------------+------------------+----------------+
| 10 |            10 |            1 | pyroki   |         0 |       7.99823 |         663.802 |   0.0882973 |           7.99823 |             0.0882973 | True             | False          |
+----+---------------+--------------+----------+-----------+---------------+-----------------+-------------+-------------------+-----------------------+------------------+----------------+
| 11 |            11 |            1 | pyroki   |         0 |       8.67319 |         300.885 |   0.440338  |           8.67319 |             0.440338  | True             | False          |
+----+---------------+--------------+----------+-----------+---------------+-----------------+-------------+-------------------+-----------------------+------------------+----------------+
| 12 |            12 |            1 | pyroki   |         0 |       8.96287 |         295.253 |   0.424941  |           8.96287 |             0.424941  | True             | False          |
+----+---------------+--------------+----------+-----------+---------------+-----------------+-------------+-------------------+-----------------------+------------------+----------------+
| 13 |            13 |            1 | pyroki   |         0 |       8.81338 |         300.955 |   0.440433  |           8.81338 |             0.440433  | True             | False          |
+----+---------------+--------------+----------+-----------+---------------+-----------------+-------------+-------------------+-----------------------+------------------+----------------+
| 14 |            14 |            1 | pyroki   |         0 |       8.43239 |         300.998 |   0.439886  |           8.43239 |             0.439886  | True             | False          |
+----+---------------+--------------+----------+-----------+---------------+-----------------+-------------+-------------------+-----------------------+------------------+----------------+
| 15 |            15 |            1 | pyroki   |         0 |       8.82483 |         301.126 |   0.440411  |           8.82483 |             0.440411  | True             | False          |
+----+---------------+--------------+----------+-----------+---------------+-----------------+-------------+-------------------+-----------------------+------------------+----------------+
| 16 |            16 |            1 | pyroki   |         0 |       8.8582  |         300.961 |   0.440514  |           8.8582  |             0.440514  | True             | False          |
+----+---------------+--------------+----------+-----------+---------------+-----------------+-------------+-------------------+-----------------------+------------------+----------------+
| 17 |            17 |            1 | pyroki   |         0 |       8.45528 |         300.992 |   0.440236  |           8.45528 |             0.440236  | True             | False          |
+----+---------------+--------------+----------+-----------+---------------+-----------------+-------------+-------------------+-----------------------+------------------+----------------+
| 18 |            18 |            1 | pyroki   |         0 |       8.55255 |         301.071 |   0.440264  |           8.55255 |             0.440264  | True             | False          |
+----+---------------+--------------+----------+-----------+---------------+-----------------+-------------+-------------------+-----------------------+------------------+----------------+
| 19 |            19 |            1 | pyroki   |         0 |       7.68209 |         294.402 |   0.42288   |           7.68209 |             0.42288   | True             | False          |
+----+---------------+--------------+----------+-----------+---------------+-----------------+-------------+-------------------+-----------------------+------------------+----------------+
| 20 |            20 |            1 | pyroki   |         0 |       8.39996 |         300.979 |   0.440341  |           8.39996 |             0.440341  | True             | False          |
+----+---------------+--------------+----------+-----------+---------------+-----------------+-------------+-------------------+-----------------------+------------------+----------------+
| 21 |            21 |            1 | pyroki   |         0 |       8.63314 |         669.4   |   0.0937425 |           8.63314 |             0.0937425 | True             | False          |
+----+---------------+--------------+----------+-----------+---------------+-----------------+-------------+-------------------+-----------------------+------------------+----------------+
| 22 |            22 |            1 | pyroki   |         0 |       8.39448 |         295.842 |   0.426582  |           8.39448 |             0.426582  | True             | False          |
+----+---------------+--------------+----------+-----------+---------------+-----------------+-------------+-------------------+-----------------------+------------------+----------------+
| 23 |            23 |            1 | pyroki   |         0 |       8.34227 |         294.939 |   0.423492  |           8.34227 |             0.423492  | True             | False          |
+----+---------------+--------------+----------+-----------+---------------+-----------------+-------------+-------------------+-----------------------+------------------+----------------+
| 24 |            24 |            1 | pyroki   |         0 |       8.68607 |         301.071 |   0.440352  |           8.68607 |             0.440352  | True             | False          |
+----+---------------+--------------+----------+-----------+---------------+-----------------+-------------+-------------------+-----------------------+------------------+----------------+
| 25 |            25 |            1 | pyroki   |         0 |       8.93807 |         301.034 |   0.44005   |           8.93807 |             0.44005   | True             | False          |
+----+---------------+--------------+----------+-----------+---------------+-----------------+-------------+-------------------+-----------------------+------------------+----------------+
| 26 |            26 |            1 | pyroki   |         0 |       7.80749 |         300.935 |   0.440314  |           7.80749 |             0.440314  | True             | False          |
+----+---------------+--------------+----------+-----------+---------------+-----------------+-------------+-------------------+-----------------------+------------------+----------------+
| 27 |            27 |            1 | pyroki   |         0 |       7.4811  |         301.16  |   0.440128  |           7.4811  |             0.440128  | True             | False          |
+----+---------------+--------------+----------+-----------+---------------+-----------------+-------------+-------------------+-----------------------+------------------+----------------+
| 28 |            28 |            1 | pyroki   |         0 |       8.28719 |         301.021 |   0.440396  |           8.28719 |             0.440396  | True             | False          |
+----+---------------+--------------+----------+-----------+---------------+-----------------+-------------+-------------------+-----------------------+------------------+----------------+
| 29 |            29 |            1 | pyroki   |         0 |       7.97582 |         301.47  |   0.441444  |           7.97582 |             0.441444  | True             | False          |
+----+---------------+--------------+----------+-----------+---------------+-----------------+-------------+-------------------+-----------------------+------------------+----------------+
| 30 |            30 |            1 | pyroki   |         0 |       7.53903 |         301.09  |   0.440048  |           7.53903 |             0.440048  | True             | False          |
+----+---------------+--------------+----------+-----------+---------------+-----------------+-------------+-------------------+-----------------------+------------------+----------------+
| 31 |            31 |            1 | pyroki   |         0 |       8.37493 |         301.412 |   0.440783  |           8.37493 |             0.440783  | True             | False          |
+----+---------------+--------------+----------+-----------+---------------+-----------------+-------------+-------------------+-----------------------+------------------+----------------+
| 32 |            32 |            1 | pyroki   |         0 |       8.92138 |         301.156 |   0.440435  |           8.92138 |             0.440435  | True             | False          |
+----+---------------+--------------+----------+-----------+---------------+-----------------+-------------+-------------------+-----------------------+------------------+----------------+
| 33 |            33 |            1 | pyroki   |         0 |       8.68917 |         301.416 |   0.441143  |           8.68917 |             0.441143  | True             | False          |
+----+---------------+--------------+----------+-----------+---------------+-----------------+-------------+-------------------+-----------------------+------------------+----------------+
| 34 |            34 |            1 | pyroki   |         0 |       8.82721 |         301.417 |   0.440909  |           8.82721 |             0.440909  | True             | False          |
+----+---------------+--------------+----------+-----------+---------------+-----------------+-------------+-------------------+-----------------------+------------------+----------------+
| 35 |            35 |            1 | pyroki   |         0 |       8.1358  |         665.27  |   0.0898825 |           8.1358  |             0.0898825 | True             | False          |
+----+---------------+--------------+----------+-----------+---------------+-----------------+-------------+-------------------+-----------------------+------------------+----------------+
| 36 |            36 |            1 | pyroki   |         0 |       8.61573 |         301.096 |   0.441065  |           8.61573 |             0.441065  | True             | False          |
+----+---------------+--------------+----------+-----------+---------------+-----------------+-------------+-------------------+-----------------------+------------------+----------------+
| 37 |            37 |            1 | pyroki   |         0 |       8.65555 |         300.958 |   0.440294  |           8.65555 |             0.440294  | True             | False          |
+----+---------------+--------------+----------+-----------+---------------+-----------------+-------------+-------------------+-----------------------+------------------+----------------+
| 38 |            38 |            1 | pyroki   |         0 |       8.91781 |         301.105 |   0.440471  |           8.91781 |             0.440471  | True             | False          |
+----+---------------+--------------+----------+-----------+---------------+-----------------+-------------+-------------------+-----------------------+------------------+----------------+
| 39 |            39 |            1 | pyroki   |         0 |       9.14884 |         658.096 |   0.084342  |           9.14884 |             0.084342  | True             | False          |
+----+---------------+--------------+----------+-----------+---------------+-----------------+-------------+-------------------+-----------------------+------------------+----------------+
| 40 |            40 |            1 | pyroki   |         0 |       8.48436 |         655.912 |   0.0825829 |           8.48436 |             0.0825829 | True             | False          |
+----+---------------+--------------+----------+-----------+---------------+-----------------+-------------+-------------------+-----------------------+------------------+----------------+
| 41 |            41 |            1 | pyroki   |         0 |       8.72993 |         300.957 |   0.440185  |           8.72993 |             0.440185  | True             | False          |
+----+---------------+--------------+----------+-----------+---------------+-----------------+-------------+-------------------+-----------------------+------------------+----------------+
| 42 |            42 |            1 | pyroki   |         0 |       8.85367 |         301.03  |   0.440365  |           8.85367 |             0.440365  | True             | False          |
+----+---------------+--------------+----------+-----------+---------------+-----------------+-------------+-------------------+-----------------------+------------------+----------------+
| 43 |            43 |            1 | pyroki   |         0 |       8.12364 |         301.112 |   0.440518  |           8.12364 |             0.440518  | True             | False          |
+----+---------------+--------------+----------+-----------+---------------+-----------------+-------------+-------------------+-----------------------+------------------+----------------+
| 44 |            44 |            1 | pyroki   |         0 |       8.43644 |         295.745 |   0.426205  |           8.43644 |             0.426205  | True             | False          |
+----+---------------+--------------+----------+-----------+---------------+-----------------+-------------+-------------------+-----------------------+------------------+----------------+
| 45 |            45 |            1 | pyroki   |         0 |       7.71499 |         300.954 |   0.440031  |           7.71499 |             0.440031  | True             | False          |
+----+---------------+--------------+----------+-----------+---------------+-----------------+-------------+-------------------+-----------------------+------------------+----------------+
| 46 |            46 |            1 | pyroki   |         0 |       9.07898 |         294.167 |   0.42175   |           9.07898 |             0.42175   | True             | False          |
+----+---------------+--------------+----------+-----------+---------------+-----------------+-------------+-------------------+-----------------------+------------------+----------------+
| 47 |            47 |            1 | pyroki   |         0 |       8.58045 |         295.4   |   0.425369  |           8.58045 |             0.425369  | True             | False          |
+----+---------------+--------------+----------+-----------+---------------+-----------------+-------------+-------------------+-----------------------+------------------+----------------+
| 48 |            48 |            1 | pyroki   |         0 |       8.98647 |         301.152 |   0.440432  |           8.98647 |             0.440432  | True             | False          |
+----+---------------+--------------+----------+-----------+---------------+-----------------+-------------+-------------------+-----------------------+------------------+----------------+
| 49 |            49 |            1 | pyroki   |         0 |       7.78031 |         295.451 |   0.425599  |           7.78031 |             0.425599  | True             | False          |
+----+---------------+--------------+----------+-----------+---------------+-----------------+-------------+-------------------+-----------------------+------------------+----------------+
... (500 rows total)

============================================================
Averages by Batch Size
============================================================
+------------------+---------------+-----------------+-------------+-----------+---------------------+-------------------+
|                  |   IK-time(ms) |   Pos-Error(mm) |   Ori-Error |   succ(%) |   collision_free(%) |   success_both(%) |
+==================+===============+=================+=============+===========+=====================+===================+
| (1, 'pyroki')    |        8.458  |    343.074      | 0.391301    |         0 |                  97 |                 0 |
+------------------+---------------+-----------------+-------------+-----------+---------------------+-------------------+
| (10, 'pyroki')   |       11.7795 |      0.00863522 | 7.27713e-06 |       100 |                 100 |               100 |
+------------------+---------------+-----------------+-------------+-----------+---------------------+-------------------+
| (100, 'pyroki')  |       12.9342 |      0.00397329 | 3.70844e-06 |       100 |                 100 |               100 |
+------------------+---------------+-----------------+-------------+-----------+---------------------+-------------------+
| (1000, 'pyroki') |       20.6244 |      0.00852958 | 9.4104e-06  |       100 |                 100 |               100 |
+------------------+---------------+-----------------+-------------+-----------+---------------------+-------------------+
| (2000, 'pyroki') |       30.0359 |      0.0155814  | 1.25618e-05 |       100 |                 100 |               100 |
+------------------+---------------+-----------------+-------------+-----------+---------------------+-------------------+
============================================================

[baseline_bench] collision-free: validating returned q with the shared Panda sphere model (benchmark/panda_collision.py); the 'collision_free' column is populated cuRobo-free.
running...
  curobo num_seeds: 1
  curobo num_seeds: 10
  curobo num_seeds: 100
  curobo num_seeds: 1000
  curobo num_seeds: 2000
+----+---------------+--------------+----------+-----------+---------------+-----------------+-------------+-------------------+-----------------------+------------------+----------------+
|    |   problem_idx |   Batch-Size | solver   |   succ(%) |   IK-time(ms) |   Pos-Error(mm) |   Ori-Error |   curobo-time(ms) |   curobo-ori-err(rad) | collision_free   | success_both   |
+====+===============+==============+==========+===========+===============+=================+=============+===================+=======================+==================+================+
|  0 |             0 |            1 | curobo   |       100 |       2.15936 |     2.91243e-06 | 7.80867e-08 |           2.15936 |           7.80867e-08 | True             | True           |
+----+---------------+--------------+----------+-----------+---------------+-----------------+-------------+-------------------+-----------------------+------------------+----------------+
|  1 |             1 |            1 | curobo   |       100 |       2.19727 |     5.96061e-05 | 4.66685e-08 |           2.19727 |           4.66685e-08 | True             | True           |
+----+---------------+--------------+----------+-----------+---------------+-----------------+-------------+-------------------+-----------------------+------------------+----------------+
|  2 |             2 |            1 | curobo   |       100 |       2.16866 |     2.98026e-05 | 1.82887e-08 |           2.16866 |           1.82887e-08 | True             | True           |
+----+---------------+--------------+----------+-----------+---------------+-----------------+-------------+-------------------+-----------------------+------------------+----------------+
|  3 |             3 |            1 | curobo   |       100 |       2.15769 |     0.00013328  | 2.17767e-08 |           2.15769 |           2.17767e-08 | True             | True           |
+----+---------------+--------------+----------+-----------+---------------+-----------------+-------------+-------------------+-----------------------+------------------+----------------+
|  4 |             4 |            1 | curobo   |       100 |       2.17819 |     6.9752e-05  | 6.27572e-08 |           2.17819 |           6.27572e-08 | True             | True           |
+----+---------------+--------------+----------+-----------+---------------+-----------------+-------------+-------------------+-----------------------+------------------+----------------+
|  5 |             5 |            1 | curobo   |       100 |       2.14577 |     6.02794e-05 | 6.49681e-08 |           2.14577 |           6.49681e-08 | True             | True           |
+----+---------------+--------------+----------+-----------+---------------+-----------------+-------------+-------------------+-----------------------+------------------+----------------+
|  6 |             6 |            1 | curobo   |       100 |       2.16436 |     6.72988e-05 | 3.63403e-08 |           2.16436 |           3.63403e-08 | True             | True           |
+----+---------------+--------------+----------+-----------+---------------+-----------------+-------------+-------------------+-----------------------+------------------+----------------+
|  7 |             7 |            1 | curobo   |       100 |       2.16269 |     3.15305e-05 | 4.83776e-08 |           2.16269 |           4.83776e-08 | True             | True           |
+----+---------------+--------------+----------+-----------+---------------+-----------------+-------------+-------------------+-----------------------+------------------+----------------+
|  8 |             8 |            1 | curobo   |       100 |       2.14553 |     1.02009e-05 | 7.32144e-08 |           2.14553 |           7.32144e-08 | True             | True           |
+----+---------------+--------------+----------+-----------+---------------+-----------------+-------------+-------------------+-----------------------+------------------+----------------+
|  9 |             9 |            1 | curobo   |       100 |       2.15173 |     6.66417e-05 | 6.63904e-08 |           2.15173 |           6.63904e-08 | True             | True           |
+----+---------------+--------------+----------+-----------+---------------+-----------------+-------------+-------------------+-----------------------+------------------+----------------+
| 10 |            10 |            1 | curobo   |       100 |       2.16079 |     3.03592e-05 | 4.60718e-08 |           2.16079 |           4.60718e-08 | True             | True           |
+----+---------------+--------------+----------+-----------+---------------+-----------------+-------------+-------------------+-----------------------+------------------+----------------+
| 11 |            11 |            1 | curobo   |       100 |       2.13957 |     0.000122878 | 5.07741e-08 |           2.13957 |           5.07741e-08 | True             | True           |
+----+---------------+--------------+----------+-----------+---------------+-----------------+-------------+-------------------+-----------------------+------------------+----------------+
| 12 |            12 |            1 | curobo   |       100 |       2.16722 |     5.96046e-05 | 3.40584e-08 |           2.16722 |           3.40584e-08 | True             | True           |
+----+---------------+--------------+----------+-----------+---------------+-----------------+-------------+-------------------+-----------------------+------------------+----------------+
| 13 |            13 |            1 | curobo   |       100 |       2.14911 |     5.96055e-05 | 6.03481e-08 |           2.14911 |           6.03481e-08 | True             | True           |
+----+---------------+--------------+----------+-----------+---------------+-----------------+-------------+-------------------+-----------------------+------------------+----------------+
| 14 |            14 |            1 | curobo   |       100 |       2.17772 |     3.00256e-05 | 6.34709e-08 |           2.17772 |           6.34709e-08 | True             | True           |
+----+---------------+--------------+----------+-----------+---------------+-----------------+-------------+-------------------+-----------------------+------------------+----------------+
| 15 |            15 |            1 | curobo   |       100 |       2.13861 |     3.36016e-05 | 6.6408e-08  |           2.13861 |           6.6408e-08  | True             | True           |
+----+---------------+--------------+----------+-----------+---------------+-----------------+-------------+-------------------+-----------------------+------------------+----------------+
| 16 |            16 |            1 | curobo   |       100 |       2.16627 |     6.05506e-05 | 4.78785e-08 |           2.16627 |           4.78785e-08 | True             | True           |
+----+---------------+--------------+----------+-----------+---------------+-----------------+-------------+-------------------+-----------------------+------------------+----------------+
| 17 |            17 |            1 | curobo   |       100 |       2.15387 |     2.98038e-05 | 1.005e-07   |           2.15387 |           1.005e-07   | True             | True           |
+----+---------------+--------------+----------+-----------+---------------+-----------------+-------------+-------------------+-----------------------+------------------+----------------+
| 18 |            18 |            1 | curobo   |       100 |       2.15054 |     4.6125e-06  | 3.88736e-08 |           2.15054 |           3.88736e-08 | True             | True           |
+----+---------------+--------------+----------+-----------+---------------+-----------------+-------------+-------------------+-----------------------+------------------+----------------+
| 19 |            19 |            1 | curobo   |       100 |       2.15149 |     3.4066e-05  | 8.06458e-08 |           2.15149 |           8.06458e-08 | True             | True           |
+----+---------------+--------------+----------+-----------+---------------+-----------------+-------------+-------------------+-----------------------+------------------+----------------+
| 20 |            20 |            1 | curobo   |       100 |       2.15125 |     8.43083e-05 | 3.11039e-08 |           2.15125 |           3.11039e-08 | True             | True           |
+----+---------------+--------------+----------+-----------+---------------+-----------------+-------------+-------------------+-----------------------+------------------+----------------+
| 21 |            21 |            1 | curobo   |       100 |       2.13718 |     6.11726e-06 | 7.86761e-08 |           2.13718 |           7.86761e-08 | True             | True           |
+----+---------------+--------------+----------+-----------+---------------+-----------------+-------------+-------------------+-----------------------+------------------+----------------+
| 22 |            22 |            1 | curobo   |       100 |       2.15054 |     8.73115e-08 | 6.74079e-08 |           2.15054 |           6.74079e-08 | True             | True           |
+----+---------------+--------------+----------+-----------+---------------+-----------------+-------------+-------------------+-----------------------+------------------+----------------+
| 23 |            23 |            1 | curobo   |       100 |       2.15101 |     2.98024e-05 | 2.85346e-08 |           2.15101 |           2.85346e-08 | True             | True           |
+----+---------------+--------------+----------+-----------+---------------+-----------------+-------------+-------------------+-----------------------+------------------+----------------+
| 24 |            24 |            1 | curobo   |       100 |       2.16055 |     2.98026e-05 | 2.19864e-08 |           2.16055 |           2.19864e-08 | True             | True           |
+----+---------------+--------------+----------+-----------+---------------+-----------------+-------------+-------------------+-----------------------+------------------+----------------+
| 25 |            25 |            1 | curobo   |       100 |       2.1348  |     0.000120142 | 5.61028e-08 |           2.1348  |           5.61028e-08 | True             | True           |
+----+---------------+--------------+----------+-----------+---------------+-----------------+-------------+-------------------+-----------------------+------------------+----------------+
| 26 |            26 |            1 | curobo   |       100 |       2.16389 |     1.73486e-05 | 8.8834e-08  |           2.16389 |           8.8834e-08  | True             | True           |
+----+---------------+--------------+----------+-----------+---------------+-----------------+-------------+-------------------+-----------------------+------------------+----------------+
| 27 |            27 |            1 | curobo   |       100 |       2.15435 |     3.00822e-05 | 7.87708e-08 |           2.15435 |           7.87708e-08 | True             | True           |
+----+---------------+--------------+----------+-----------+---------------+-----------------+-------------+-------------------+-----------------------+------------------+----------------+
| 28 |            28 |            1 | curobo   |       100 |       2.16556 |     6.04444e-05 | 1.76206e-08 |           2.16556 |           1.76206e-08 | True             | True           |
+----+---------------+--------------+----------+-----------+---------------+-----------------+-------------+-------------------+-----------------------+------------------+----------------+
| 29 |            29 |            1 | curobo   |       100 |       2.14195 |     4.40219e-05 | 7.83e-08    |           2.14195 |           7.83e-08    | True             | True           |
+----+---------------+--------------+----------+-----------+---------------+-----------------+-------------+-------------------+-----------------------+------------------+----------------+
| 30 |            30 |            1 | curobo   |       100 |       2.16508 |     7.3218e-05  | 1.20387e-08 |           2.16508 |           1.20387e-08 | True             | True           |
+----+---------------+--------------+----------+-----------+---------------+-----------------+-------------+-------------------+-----------------------+------------------+----------------+
| 31 |            31 |            1 | curobo   |       100 |       2.15364 |     6.664e-05   | 3.61352e-08 |           2.15364 |           3.61352e-08 | True             | True           |
+----+---------------+--------------+----------+-----------+---------------+-----------------+-------------+-------------------+-----------------------+------------------+----------------+
| 32 |            32 |            1 | curobo   |       100 |       2.18272 |     6.83218e-05 | 6.07695e-08 |           2.18272 |           6.07695e-08 | True             | True           |
+----+---------------+--------------+----------+-----------+---------------+-----------------+-------------+-------------------+-----------------------+------------------+----------------+
| 33 |            33 |            1 | curobo   |       100 |       2.16508 |     1.3154e-05  | 6.11304e-08 |           2.16508 |           6.11304e-08 | True             | True           |
+----+---------------+--------------+----------+-----------+---------------+-----------------+-------------+-------------------+-----------------------+------------------+----------------+
| 34 |            34 |            1 | curobo   |       100 |       2.17652 |     6.6853e-05  | 5.45648e-08 |           2.17652 |           5.45648e-08 | True             | True           |
+----+---------------+--------------+----------+-----------+---------------+-----------------+-------------+-------------------+-----------------------+------------------+----------------+
| 35 |            35 |            1 | curobo   |       100 |       2.13599 |     2.9803e-05  | 3.43417e-08 |           2.13599 |           3.43417e-08 | True             | True           |
+----+---------------+--------------+----------+-----------+---------------+-----------------+-------------+-------------------+-----------------------+------------------+----------------+
| 36 |            36 |            1 | curobo   |       100 |       2.17795 |     5.50881e-06 | 3.12208e-08 |           2.17795 |           3.12208e-08 | True             | True           |
+----+---------------+--------------+----------+-----------+---------------+-----------------+-------------+-------------------+-----------------------+------------------+----------------+
| 37 |            37 |            1 | curobo   |       100 |       2.15745 |     1.66892e-07 | 9.97427e-08 |           2.15745 |           9.97427e-08 | True             | True           |
+----+---------------+--------------+----------+-----------+---------------+-----------------+-------------+-------------------+-----------------------+------------------+----------------+
| 38 |            38 |            1 | curobo   |       100 |       2.16103 |     3.31358e-05 | 9.97457e-08 |           2.16103 |           9.97457e-08 | True             | True           |
+----+---------------+--------------+----------+-----------+---------------+-----------------+-------------+-------------------+-----------------------+------------------+----------------+
| 39 |            39 |            1 | curobo   |       100 |       2.14911 |     6.33445e-05 | 8.9962e-08  |           2.14911 |           8.9962e-08  | True             | True           |
+----+---------------+--------------+----------+-----------+---------------+-----------------+-------------+-------------------+-----------------------+------------------+----------------+
| 40 |            40 |            1 | curobo   |       100 |       2.16436 |     5.96047e-05 | 7.15816e-09 |           2.16436 |           7.15816e-09 | True             | True           |
+----+---------------+--------------+----------+-----------+---------------+-----------------+-------------+-------------------+-----------------------+------------------+----------------+
| 41 |            41 |            1 | curobo   |       100 |       2.17986 |     2.98063e-05 | 7.07631e-08 |           2.17986 |           7.07631e-08 | False            | False          |
+----+---------------+--------------+----------+-----------+---------------+-----------------+-------------+-------------------+-----------------------+------------------+----------------+
| 42 |            42 |            1 | curobo   |       100 |       2.17295 |     2.98028e-05 | 1.15391e-08 |           2.17295 |           1.15391e-08 | True             | True           |
+----+---------------+--------------+----------+-----------+---------------+-----------------+-------------+-------------------+-----------------------+------------------+----------------+
| 43 |            43 |            1 | curobo   |       100 |       2.13933 |     5.96046e-05 | 5.19459e-09 |           2.13933 |           5.19459e-09 | True             | True           |
+----+---------------+--------------+----------+-----------+---------------+-----------------+-------------+-------------------+-----------------------+------------------+----------------+
| 44 |            44 |            1 | curobo   |       100 |       2.18034 |     6.05471e-05 | 5.99728e-08 |           2.18034 |           5.99728e-08 | True             | True           |
+----+---------------+--------------+----------+-----------+---------------+-----------------+-------------+-------------------+-----------------------+------------------+----------------+
| 45 |            45 |            1 | curobo   |       100 |       2.18582 |     1.56224e-05 | 6.2982e-08  |           2.18582 |           6.2982e-08  | True             | True           |
+----+---------------+--------------+----------+-----------+---------------+-----------------+-------------+-------------------+-----------------------+------------------+----------------+
| 46 |            46 |            1 | curobo   |       100 |       2.14148 |     6.66401e-05 | 4.42378e-08 |           2.14148 |           4.42378e-08 | True             | True           |
+----+---------------+--------------+----------+-----------+---------------+-----------------+-------------+-------------------+-----------------------+------------------+----------------+
| 47 |            47 |            1 | curobo   |       100 |       2.15578 |     1.9214e-05  | 1.00512e-07 |           2.15578 |           1.00512e-07 | True             | True           |
+----+---------------+--------------+----------+-----------+---------------+-----------------+-------------+-------------------+-----------------------+------------------+----------------+
| 48 |            48 |            1 | curobo   |       100 |       2.15626 |     5.96047e-05 | 2.7233e-08  |           2.15626 |           2.7233e-08  | True             | True           |
+----+---------------+--------------+----------+-----------+---------------+-----------------+-------------+-------------------+-----------------------+------------------+----------------+
| 49 |            49 |            1 | curobo   |       100 |       2.14815 |     3.54476e-07 | 5.16712e-08 |           2.14815 |           5.16712e-08 | True             | True           |
+----+---------------+--------------+----------+-----------+---------------+-----------------+-------------+-------------------+-----------------------+------------------+----------------+
... (500 rows total)

============================================================
Averages by Batch Size
============================================================
+------------------+---------------+-----------------+-------------+-----------+---------------------+-------------------+
|                  |   IK-time(ms) |   Pos-Error(mm) |   Ori-Error |   succ(%) |   collision_free(%) |   success_both(%) |
+==================+===============+=================+=============+===========+=====================+===================+
| (1, 'curobo')    |       2.14214 |     4.39709e-05 | 5.22581e-08 |       100 |                  99 |                99 |
+------------------+---------------+-----------------+-------------+-----------+---------------------+-------------------+
| (10, 'curobo')   |       2.16805 |     4.39709e-05 | 5.22581e-08 |       100 |                  99 |                99 |
+------------------+---------------+-----------------+-------------+-----------+---------------------+-------------------+
| (100, 'curobo')  |       2.25067 |     2.21786e-05 | 3.77802e-08 |       100 |                 100 |               100 |
+------------------+---------------+-----------------+-------------+-----------+---------------------+-------------------+
| (1000, 'curobo') |       2.41484 |     1.17242e-05 | 2.57436e-08 |       100 |                 100 |               100 |
+------------------+---------------+-----------------+-------------+-----------+---------------------+-------------------+
| (2000, 'curobo') |       2.54383 |     9.21091e-06 | 2.4995e-08  |       100 |                 100 |               100 |
+------------------+---------------+-----------------+-------------+-----------+---------------------+-------------------+
============================================================


[OK] wrote /home/plancher/Desktop/HJCD-IK/docs/open-tasks/paper-2026-10-03/paper_results_20261007T155203Z/table_collfree_hand_box_panda_flipped.md
## Panda collision-free, box_panda_flipped (dataset protocol: panda_hand, goal_pose)

| Batch | curobo Time(ms) | curobo Pos(mm) | curobo Ori(rad) | hjcdik Time(ms) | hjcdik Pos(mm) | hjcdik Ori(rad) | pyroki Time(ms) | pyroki Pos(mm) | pyroki Ori(rad) |
| --- | --- | --- | --- | --- | --- | --- | --- | --- | --- |
| 1 | 2.142 | 4.397e-05 | 5.226e-08 | 2.073 | 1.832e-06 | 2.918e-09 | 8.458 | 343.1 | 0.3913 |
| 10 | 2.168 | 4.397e-05 | 5.226e-08 | 1.605 | 8.481e-07 | 1.250e-09 | 11.78 | 0.008635 | 7.277e-06 |
| 100 | 2.251 | 2.218e-05 | 3.778e-08 | 1.45 | 2.664e-06 | 4.261e-09 | 12.93 | 0.003973 | 3.708e-06 |
| 1000 | 2.415 | 1.172e-05 | 2.574e-08 | 1.452 | 1.691e-06 | 2.666e-09 | 20.62 | 0.00853 | 9.410e-06 |
| 2000 | 2.544 | 9.211e-06 | 2.500e-08 | 1.583 | 1.348e-06 | 2.321e-09 | 30.04 | 0.01558 | 1.256e-05 |

_solvers: curobo: n=100/batch, hjcdik: n=1/batch, pyroki: n=100/batch_
--- set cage_panda (mb_problems.json) ---
[GRiD] skipping URDF codegen...
[build info] {'num_joints': 7, 'ee_target': 'panda_hand_joint', 'collision_enabled': True, 'grid_header_sha256': '602db0639bc408c26f4d57ebf4623fea868b3c45236a3a3e654defcb3d0f0720', 'cuda_compiler_version': '13.2.86'}
[collision validation] {'model': 'hjcd', 'scope': 'environment-only; non-base spheres', 'finger_joint_origin_y_m': [0.04, -0.04], 'source_sha256': {'csrc/urdf/panda.urdf': '90bb0a412eb12a3af0abb9d5d0f06be3dbbe1a72806b0416dd9769992cb35079', 'external/foam/assets/panda/smaller_panda_spherized.urdf': 'f90e26dcce184014335ce013f62a563425d8b82ba5fecf8a71480a5e0722853e'}}
[info] running 100 targets, batches=[1, 10, 100, 1000, 2000], num_solutions=1, collision_free=True
[info] processed 0/100 targets
[info] processed 50/100 targets

==== Batch Summary (averages) ====
Batch Size 1:
  Time (ms): 8.350460
  Position Error:          inf
  Orientation Error:          inf
  Collision-Free: 63.0% (100 queries)
Batch Size 10:
  Time (ms): 2.135690
  Position Error: 2.112010e-06
  Orientation Error: 2.478847e-09
  Collision-Free: 100.0% (100 queries)
Batch Size 100:
  Time (ms): 1.809019
  Position Error: 1.970091e-06
  Orientation Error: 2.252409e-09
  Collision-Free: 100.0% (100 queries)
Batch Size 1000:
  Time (ms): 1.858026
  Position Error: 1.234302e-02
  Orientation Error: 3.629680e-04
  Collision-Free: 100.0% (100 queries)
Batch Size 2000:
  Time (ms): 1.856148
  Position Error: 1.786741e-06
  Orientation Error: 2.165976e-09
  Collision-Free: 100.0% (100 queries)
[OK] wrote CSV summary /home/plancher/Desktop/HJCD-IK/docs/open-tasks/paper-2026-10-03/paper_results_20261007T155203Z/collfree_hand_cage_panda_hjcdik.csv

[OK] wrote /home/plancher/Desktop/HJCD-IK/docs/open-tasks/paper-2026-10-03/hjcd/results.yml with 500 query entries (100 targets x 5 batches; up to 1 solutions per query).
2026-10-07 12:03:09.258 | INFO     | pyroki.collision._robot_collision:from_sphere_decomposition:187 - Created RobotCollision (sphere mode) with 13 links, 59 total spheres, and 1230 active pairs.
2026-10-07 12:03:09.347 | INFO     | jaxls._problem:analyze:237 - Building optimization problem with 4 terms and 1 variables: 4 costs, 0 eq_zero, 0 leq_zero, 0 geq_zero
2026-10-07 12:03:09.399 | INFO     | jaxls._problem:analyze:364 - Vectorizing group with 1 costs, 1 variables each: _pose_cost_analytical_jac
2026-10-07 12:03:09.412 | INFO     | jaxls._problem:analyze:364 - Vectorizing group with 1 costs, 1 variables each: limit_residual
2026-10-07 12:03:09.444 | INFO     | jaxls._problem:analyze:364 - Vectorizing group with 1 costs, 1 variables each: world_collision_residual
2026-10-07 12:03:09.458 | INFO     | jaxls._problem:analyze:364 - Vectorizing group with 1 costs, 1 variables each: self_collision_residual
2026-10-07 12:03:09.465 | INFO     | jaxls._problem:analyze:451 - Variable elimination: variable IDs are traced; solves will not use elimination
2026-10-07 12:03:10.602 | INFO     | jaxls._problem:analyze:237 - Building optimization problem with 4 terms and 1 variables: 4 costs, 0 eq_zero, 0 leq_zero, 0 geq_zero
2026-10-07 12:03:10.612 | INFO     | jaxls._problem:analyze:364 - Vectorizing group with 1 costs, 1 variables each: world_collision_residual
2026-10-07 12:03:10.621 | INFO     | jaxls._problem:analyze:364 - Vectorizing group with 1 costs, 1 variables each: _pose_cost_analytical_jac
2026-10-07 12:03:10.626 | INFO     | jaxls._problem:analyze:364 - Vectorizing group with 1 costs, 1 variables each: limit_residual
2026-10-07 12:03:10.632 | INFO     | jaxls._problem:analyze:364 - Vectorizing group with 1 costs, 1 variables each: self_collision_residual
2026-10-07 12:03:10.634 | INFO     | jaxls._problem:analyze:451 - Variable elimination: variable IDs are traced; solves will not use elimination
2026-10-07 12:03:17.308 | INFO     | jaxls._problem:analyze:237 - Building optimization problem with 4 terms and 1 variables: 4 costs, 0 eq_zero, 0 leq_zero, 0 geq_zero
2026-10-07 12:03:17.316 | INFO     | jaxls._problem:analyze:364 - Vectorizing group with 1 costs, 1 variables each: limit_residual
2026-10-07 12:03:17.325 | INFO     | jaxls._problem:analyze:364 - Vectorizing group with 1 costs, 1 variables each: self_collision_residual
2026-10-07 12:03:17.333 | INFO     | jaxls._problem:analyze:364 - Vectorizing group with 1 costs, 1 variables each: world_collision_residual
2026-10-07 12:03:17.341 | INFO     | jaxls._problem:analyze:364 - Vectorizing group with 1 costs, 1 variables each: _pose_cost_analytical_jac
2026-10-07 12:03:17.346 | INFO     | jaxls._problem:analyze:451 - Variable elimination: variable IDs are traced; solves will not use elimination
2026-10-07 12:03:18.231 | INFO     | jaxls._problem:analyze:237 - Building optimization problem with 4 terms and 1 variables: 4 costs, 0 eq_zero, 0 leq_zero, 0 geq_zero
2026-10-07 12:03:18.244 | INFO     | jaxls._problem:analyze:364 - Vectorizing group with 1 costs, 1 variables each: _pose_cost_analytical_jac
2026-10-07 12:03:18.252 | INFO     | jaxls._problem:analyze:364 - Vectorizing group with 1 costs, 1 variables each: limit_residual
2026-10-07 12:03:18.259 | INFO     | jaxls._problem:analyze:364 - Vectorizing group with 1 costs, 1 variables each: world_collision_residual
2026-10-07 12:03:18.267 | INFO     | jaxls._problem:analyze:364 - Vectorizing group with 1 costs, 1 variables each: self_collision_residual
2026-10-07 12:03:18.271 | INFO     | jaxls._problem:analyze:451 - Variable elimination: variable IDs are traced; solves will not use elimination
2026-10-07 12:03:26.401 | INFO     | jaxls._problem:analyze:237 - Building optimization problem with 4 terms and 1 variables: 4 costs, 0 eq_zero, 0 leq_zero, 0 geq_zero
2026-10-07 12:03:26.413 | INFO     | jaxls._problem:analyze:364 - Vectorizing group with 1 costs, 1 variables each: self_collision_residual
2026-10-07 12:03:26.421 | INFO     | jaxls._problem:analyze:364 - Vectorizing group with 1 costs, 1 variables each: limit_residual
2026-10-07 12:03:26.428 | INFO     | jaxls._problem:analyze:364 - Vectorizing group with 1 costs, 1 variables each: world_collision_residual
2026-10-07 12:03:26.438 | INFO     | jaxls._problem:analyze:364 - Vectorizing group with 1 costs, 1 variables each: _pose_cost_analytical_jac
2026-10-07 12:03:26.442 | INFO     | jaxls._problem:analyze:451 - Variable elimination: variable IDs are traced; solves will not use elimination
2026-10-07 12:03:27.389 | INFO     | jaxls._problem:analyze:237 - Building optimization problem with 4 terms and 1 variables: 4 costs, 0 eq_zero, 0 leq_zero, 0 geq_zero
2026-10-07 12:03:27.399 | INFO     | jaxls._problem:analyze:364 - Vectorizing group with 1 costs, 1 variables each: self_collision_residual
2026-10-07 12:03:27.406 | INFO     | jaxls._problem:analyze:364 - Vectorizing group with 1 costs, 1 variables each: world_collision_residual
2026-10-07 12:03:27.411 | INFO     | jaxls._problem:analyze:364 - Vectorizing group with 1 costs, 1 variables each: limit_residual
2026-10-07 12:03:27.420 | INFO     | jaxls._problem:analyze:364 - Vectorizing group with 1 costs, 1 variables each: _pose_cost_analytical_jac
2026-10-07 12:03:27.422 | INFO     | jaxls._problem:analyze:451 - Variable elimination: variable IDs are traced; solves will not use elimination
2026-10-07 12:03:35.542 | INFO     | jaxls._problem:analyze:237 - Building optimization problem with 4 terms and 1 variables: 4 costs, 0 eq_zero, 0 leq_zero, 0 geq_zero
2026-10-07 12:03:35.552 | INFO     | jaxls._problem:analyze:364 - Vectorizing group with 1 costs, 1 variables each: self_collision_residual
2026-10-07 12:03:35.560 | INFO     | jaxls._problem:analyze:364 - Vectorizing group with 1 costs, 1 variables each: limit_residual
2026-10-07 12:03:35.567 | INFO     | jaxls._problem:analyze:364 - Vectorizing group with 1 costs, 1 variables each: world_collision_residual
2026-10-07 12:03:35.576 | INFO     | jaxls._problem:analyze:364 - Vectorizing group with 1 costs, 1 variables each: _pose_cost_analytical_jac
2026-10-07 12:03:35.581 | INFO     | jaxls._problem:analyze:451 - Variable elimination: variable IDs are traced; solves will not use elimination
2026-10-07 12:03:36.592 | INFO     | jaxls._problem:analyze:237 - Building optimization problem with 4 terms and 1 variables: 4 costs, 0 eq_zero, 0 leq_zero, 0 geq_zero
2026-10-07 12:03:36.603 | INFO     | jaxls._problem:analyze:364 - Vectorizing group with 1 costs, 1 variables each: self_collision_residual
2026-10-07 12:03:36.609 | INFO     | jaxls._problem:analyze:364 - Vectorizing group with 1 costs, 1 variables each: world_collision_residual
2026-10-07 12:03:36.614 | INFO     | jaxls._problem:analyze:364 - Vectorizing group with 1 costs, 1 variables each: limit_residual
2026-10-07 12:03:36.623 | INFO     | jaxls._problem:analyze:364 - Vectorizing group with 1 costs, 1 variables each: _pose_cost_analytical_jac
2026-10-07 12:03:36.626 | INFO     | jaxls._problem:analyze:451 - Variable elimination: variable IDs are traced; solves will not use elimination
2026-10-07 12:03:46.957 | INFO     | jaxls._problem:analyze:237 - Building optimization problem with 4 terms and 1 variables: 4 costs, 0 eq_zero, 0 leq_zero, 0 geq_zero
2026-10-07 12:03:46.967 | INFO     | jaxls._problem:analyze:364 - Vectorizing group with 1 costs, 1 variables each: self_collision_residual
2026-10-07 12:03:46.979 | INFO     | jaxls._problem:analyze:364 - Vectorizing group with 1 costs, 1 variables each: _pose_cost_analytical_jac
2026-10-07 12:03:46.984 | INFO     | jaxls._problem:analyze:364 - Vectorizing group with 1 costs, 1 variables each: limit_residual
2026-10-07 12:03:46.991 | INFO     | jaxls._problem:analyze:364 - Vectorizing group with 1 costs, 1 variables each: world_collision_residual
2026-10-07 12:03:46.996 | INFO     | jaxls._problem:analyze:451 - Variable elimination: variable IDs are traced; solves will not use elimination
2026-10-07 12:03:47.726 | INFO     | jaxls._problem:analyze:237 - Building optimization problem with 4 terms and 1 variables: 4 costs, 0 eq_zero, 0 leq_zero, 0 geq_zero
2026-10-07 12:03:47.734 | INFO     | jaxls._problem:analyze:364 - Vectorizing group with 1 costs, 1 variables each: limit_residual
2026-10-07 12:03:47.741 | INFO     | jaxls._problem:analyze:364 - Vectorizing group with 1 costs, 1 variables each: self_collision_residual
2026-10-07 12:03:47.748 | INFO     | jaxls._problem:analyze:364 - Vectorizing group with 1 costs, 1 variables each: world_collision_residual
2026-10-07 12:03:47.757 | INFO     | jaxls._problem:analyze:364 - Vectorizing group with 1 costs, 1 variables each: _pose_cost_analytical_jac
2026-10-07 12:03:47.759 | INFO     | jaxls._problem:analyze:451 - Variable elimination: variable IDs are traced; solves will not use elimination
[baseline_bench] collision-free: validating returned q with the shared Panda sphere model (benchmark/panda_collision.py); the 'collision_free' column is populated cuRobo-free.
running...
  pyroki collision model: 59 foam spheres on 11 links, 1230 self pairs, world margin 0.01 m
  pyroki collision-free EE frame: panda_hand; collision costs: on (foam spheres)
  pyroki num_seeds_init: 1
  pyroki num_seeds_init: 10
  pyroki num_seeds_init: 100
  pyroki num_seeds_init: 1000
  pyroki num_seeds_init: 2000
+----+---------------+--------------+----------+-----------+---------------+-----------------+-------------+-------------------+-----------------------+------------------+----------------+
|    |   problem_idx |   Batch-Size | solver   |   succ(%) |   IK-time(ms) |   Pos-Error(mm) |   Ori-Error |   pyroki-time(ms) |   pyroki-ori-err(rad) | collision_free   | success_both   |
+====+===============+==============+==========+===========+===============+=================+=============+===================+=======================+==================+================+
|  0 |             0 |            1 | pyroki   |         0 |       7.27439 |         370.046 |   0.170429  |           7.27439 |             0.170429  | False            | False          |
+----+---------------+--------------+----------+-----------+---------------+-----------------+-------------+-------------------+-----------------------+------------------+----------------+
|  1 |             1 |            1 | pyroki   |         0 |       7.52187 |         361.743 |   0.206502  |           7.52187 |             0.206502  | False            | False          |
+----+---------------+--------------+----------+-----------+---------------+-----------------+-------------+-------------------+-----------------------+------------------+----------------+
|  2 |             2 |            1 | pyroki   |         0 |       7.58624 |         260.732 |   0.100628  |           7.58624 |             0.100628  | False            | False          |
+----+---------------+--------------+----------+-----------+---------------+-----------------+-------------+-------------------+-----------------------+------------------+----------------+
|  3 |             3 |            1 | pyroki   |         0 |       7.68232 |         207.519 |   0.17352   |           7.68232 |             0.17352   | False            | False          |
+----+---------------+--------------+----------+-----------+---------------+-----------------+-------------+-------------------+-----------------------+------------------+----------------+
|  4 |             4 |            1 | pyroki   |         0 |       7.40719 |         318.227 |   0.0793056 |           7.40719 |             0.0793056 | False            | False          |
+----+---------------+--------------+----------+-----------+---------------+-----------------+-------------+-------------------+-----------------------+------------------+----------------+
|  5 |             5 |            1 | pyroki   |         0 |       7.85327 |         269.34  |   0.285476  |           7.85327 |             0.285476  | False            | False          |
+----+---------------+--------------+----------+-----------+---------------+-----------------+-------------+-------------------+-----------------------+------------------+----------------+
|  6 |             6 |            1 | pyroki   |         0 |       7.70402 |         427.702 |   0.185955  |           7.70402 |             0.185955  | False            | False          |
+----+---------------+--------------+----------+-----------+---------------+-----------------+-------------+-------------------+-----------------------+------------------+----------------+
|  7 |             7 |            1 | pyroki   |         0 |       7.45082 |         340.431 |   0.140194  |           7.45082 |             0.140194  | False            | False          |
+----+---------------+--------------+----------+-----------+---------------+-----------------+-------------+-------------------+-----------------------+------------------+----------------+
|  8 |             8 |            1 | pyroki   |         0 |       7.66301 |         417.361 |   0.16949   |           7.66301 |             0.16949   | True             | False          |
+----+---------------+--------------+----------+-----------+---------------+-----------------+-------------+-------------------+-----------------------+------------------+----------------+
|  9 |             9 |            1 | pyroki   |         0 |       7.36642 |         174.93  |   0.0722264 |           7.36642 |             0.0722264 | False            | False          |
+----+---------------+--------------+----------+-----------+---------------+-----------------+-------------+-------------------+-----------------------+------------------+----------------+
| 10 |            10 |            1 | pyroki   |         0 |       7.45988 |         359.976 |   0.172367  |           7.45988 |             0.172367  | False            | False          |
+----+---------------+--------------+----------+-----------+---------------+-----------------+-------------+-------------------+-----------------------+------------------+----------------+
| 11 |            11 |            1 | pyroki   |         0 |       7.14421 |         456.956 |   0.2985    |           7.14421 |             0.2985    | True             | False          |
+----+---------------+--------------+----------+-----------+---------------+-----------------+-------------+-------------------+-----------------------+------------------+----------------+
| 12 |            12 |            1 | pyroki   |         0 |       7.67851 |         482.552 |   0.177808  |           7.67851 |             0.177808  | True             | False          |
+----+---------------+--------------+----------+-----------+---------------+-----------------+-------------+-------------------+-----------------------+------------------+----------------+
| 13 |            13 |            1 | pyroki   |         0 |       7.79009 |         234.813 |   0.107761  |           7.79009 |             0.107761  | False            | False          |
+----+---------------+--------------+----------+-----------+---------------+-----------------+-------------+-------------------+-----------------------+------------------+----------------+
| 14 |            14 |            1 | pyroki   |         0 |       7.24244 |         422.594 |   0.168379  |           7.24244 |             0.168379  | False            | False          |
+----+---------------+--------------+----------+-----------+---------------+-----------------+-------------+-------------------+-----------------------+------------------+----------------+
| 15 |            15 |            1 | pyroki   |         0 |       7.79438 |         208.722 |   0.112294  |           7.79438 |             0.112294  | False            | False          |
+----+---------------+--------------+----------+-----------+---------------+-----------------+-------------+-------------------+-----------------------+------------------+----------------+
| 16 |            16 |            1 | pyroki   |         0 |       7.66683 |         442.425 |   0.297512  |           7.66683 |             0.297512  | True             | False          |
+----+---------------+--------------+----------+-----------+---------------+-----------------+-------------+-------------------+-----------------------+------------------+----------------+
| 17 |            17 |            1 | pyroki   |         0 |       7.60603 |         253.42  |   0.0741526 |           7.60603 |             0.0741526 | False            | False          |
+----+---------------+--------------+----------+-----------+---------------+-----------------+-------------+-------------------+-----------------------+------------------+----------------+
| 18 |            18 |            1 | pyroki   |         0 |       7.65514 |         311.244 |   0.177349  |           7.65514 |             0.177349  | False            | False          |
+----+---------------+--------------+----------+-----------+---------------+-----------------+-------------+-------------------+-----------------------+------------------+----------------+
| 19 |            19 |            1 | pyroki   |         0 |       6.98304 |         407.38  |   0.171615  |           6.98304 |             0.171615  | False            | False          |
+----+---------------+--------------+----------+-----------+---------------+-----------------+-------------+-------------------+-----------------------+------------------+----------------+
| 20 |            20 |            1 | pyroki   |         0 |       7.39622 |         378.212 |   0.149889  |           7.39622 |             0.149889  | False            | False          |
+----+---------------+--------------+----------+-----------+---------------+-----------------+-------------+-------------------+-----------------------+------------------+----------------+
| 21 |            21 |            1 | pyroki   |         0 |       7.53641 |         331.802 |   0.158273  |           7.53641 |             0.158273  | False            | False          |
+----+---------------+--------------+----------+-----------+---------------+-----------------+-------------+-------------------+-----------------------+------------------+----------------+
| 22 |            22 |            1 | pyroki   |         0 |       7.48038 |         317.312 |   0.189508  |           7.48038 |             0.189508  | False            | False          |
+----+---------------+--------------+----------+-----------+---------------+-----------------+-------------+-------------------+-----------------------+------------------+----------------+
| 23 |            23 |            1 | pyroki   |         0 |       7.53522 |         447.468 |   0.207926  |           7.53522 |             0.207926  | False            | False          |
+----+---------------+--------------+----------+-----------+---------------+-----------------+-------------+-------------------+-----------------------+------------------+----------------+
| 24 |            24 |            1 | pyroki   |         0 |       7.65419 |         442.008 |   0.189103  |           7.65419 |             0.189103  | True             | False          |
+----+---------------+--------------+----------+-----------+---------------+-----------------+-------------+-------------------+-----------------------+------------------+----------------+
| 25 |            25 |            1 | pyroki   |         0 |       7.50256 |         356.893 |   0.185732  |           7.50256 |             0.185732  | False            | False          |
+----+---------------+--------------+----------+-----------+---------------+-----------------+-------------+-------------------+-----------------------+------------------+----------------+
| 26 |            26 |            1 | pyroki   |         0 |       7.42745 |         421.82  |   0.158691  |           7.42745 |             0.158691  | False            | False          |
+----+---------------+--------------+----------+-----------+---------------+-----------------+-------------+-------------------+-----------------------+------------------+----------------+
| 27 |            27 |            1 | pyroki   |         0 |       7.5438  |         238.686 |   0.125069  |           7.5438  |             0.125069  | False            | False          |
+----+---------------+--------------+----------+-----------+---------------+-----------------+-------------+-------------------+-----------------------+------------------+----------------+
| 28 |            28 |            1 | pyroki   |         0 |       7.55143 |         327.727 |   0.207629  |           7.55143 |             0.207629  | False            | False          |
+----+---------------+--------------+----------+-----------+---------------+-----------------+-------------+-------------------+-----------------------+------------------+----------------+
| 29 |            29 |            1 | pyroki   |         0 |       7.32541 |         443.423 |   0.203874  |           7.32541 |             0.203874  | False            | False          |
+----+---------------+--------------+----------+-----------+---------------+-----------------+-------------+-------------------+-----------------------+------------------+----------------+
| 30 |            30 |            1 | pyroki   |         0 |       7.53522 |         438.79  |   0.204283  |           7.53522 |             0.204283  | False            | False          |
+----+---------------+--------------+----------+-----------+---------------+-----------------+-------------+-------------------+-----------------------+------------------+----------------+
| 31 |            31 |            1 | pyroki   |         0 |       7.43914 |         229.67  |   0.103547  |           7.43914 |             0.103547  | False            | False          |
+----+---------------+--------------+----------+-----------+---------------+-----------------+-------------+-------------------+-----------------------+------------------+----------------+
| 32 |            32 |            1 | pyroki   |         0 |       7.42936 |         265.203 |   0.0993204 |           7.42936 |             0.0993204 | False            | False          |
+----+---------------+--------------+----------+-----------+---------------+-----------------+-------------+-------------------+-----------------------+------------------+----------------+
| 33 |            33 |            1 | pyroki   |         0 |       7.28488 |         266.077 |   0.108992  |           7.28488 |             0.108992  | False            | False          |
+----+---------------+--------------+----------+-----------+---------------+-----------------+-------------+-------------------+-----------------------+------------------+----------------+
| 34 |            34 |            1 | pyroki   |         0 |       7.28989 |         401.608 |   0.138444  |           7.28989 |             0.138444  | True             | False          |
+----+---------------+--------------+----------+-----------+---------------+-----------------+-------------+-------------------+-----------------------+------------------+----------------+
| 35 |            35 |            1 | pyroki   |         0 |       7.37047 |         289.17  |   0.238635  |           7.37047 |             0.238635  | False            | False          |
+----+---------------+--------------+----------+-----------+---------------+-----------------+-------------+-------------------+-----------------------+------------------+----------------+
| 36 |            36 |            1 | pyroki   |         0 |       7.81131 |         347.705 |   0.294997  |           7.81131 |             0.294997  | False            | False          |
+----+---------------+--------------+----------+-----------+---------------+-----------------+-------------+-------------------+-----------------------+------------------+----------------+
| 37 |            37 |            1 | pyroki   |         0 |       7.88903 |         209.623 |   0.105897  |           7.88903 |             0.105897  | False            | False          |
+----+---------------+--------------+----------+-----------+---------------+-----------------+-------------+-------------------+-----------------------+------------------+----------------+
| 38 |            38 |            1 | pyroki   |         0 |       7.34234 |         198.717 |   0.0359865 |           7.34234 |             0.0359865 | False            | False          |
+----+---------------+--------------+----------+-----------+---------------+-----------------+-------------+-------------------+-----------------------+------------------+----------------+
| 39 |            39 |            1 | pyroki   |         0 |       7.85995 |         347.396 |   0.165051  |           7.85995 |             0.165051  | False            | False          |
+----+---------------+--------------+----------+-----------+---------------+-----------------+-------------+-------------------+-----------------------+------------------+----------------+
| 40 |            40 |            1 | pyroki   |         0 |       7.48658 |         303.351 |   0.124662  |           7.48658 |             0.124662  | True             | False          |
+----+---------------+--------------+----------+-----------+---------------+-----------------+-------------+-------------------+-----------------------+------------------+----------------+
| 41 |            41 |            1 | pyroki   |         0 |       7.72214 |         178.005 |   0.0490039 |           7.72214 |             0.0490039 | False            | False          |
+----+---------------+--------------+----------+-----------+---------------+-----------------+-------------+-------------------+-----------------------+------------------+----------------+
| 42 |            42 |            1 | pyroki   |         0 |       7.5388  |         300.35  |   0.137076  |           7.5388  |             0.137076  | False            | False          |
+----+---------------+--------------+----------+-----------+---------------+-----------------+-------------+-------------------+-----------------------+------------------+----------------+
| 43 |            43 |            1 | pyroki   |         0 |       7.72023 |         332.332 |   0.136098  |           7.72023 |             0.136098  | True             | False          |
+----+---------------+--------------+----------+-----------+---------------+-----------------+-------------+-------------------+-----------------------+------------------+----------------+
| 44 |            44 |            1 | pyroki   |         0 |       7.74717 |         467.492 |   0.185142  |           7.74717 |             0.185142  | False            | False          |
+----+---------------+--------------+----------+-----------+---------------+-----------------+-------------+-------------------+-----------------------+------------------+----------------+
| 45 |            45 |            1 | pyroki   |         0 |       7.62129 |         213.852 |   0.0947513 |           7.62129 |             0.0947513 | False            | False          |
+----+---------------+--------------+----------+-----------+---------------+-----------------+-------------+-------------------+-----------------------+------------------+----------------+
| 46 |            46 |            1 | pyroki   |         0 |       7.5655  |         345.23  |   0.21218   |           7.5655  |             0.21218   | False            | False          |
+----+---------------+--------------+----------+-----------+---------------+-----------------+-------------+-------------------+-----------------------+------------------+----------------+
| 47 |            47 |            1 | pyroki   |         0 |       7.75313 |         329.468 |   0.170281  |           7.75313 |             0.170281  | False            | False          |
+----+---------------+--------------+----------+-----------+---------------+-----------------+-------------+-------------------+-----------------------+------------------+----------------+
| 48 |            48 |            1 | pyroki   |         0 |       7.61533 |         248.294 |   0.113501  |           7.61533 |             0.113501  | False            | False          |
+----+---------------+--------------+----------+-----------+---------------+-----------------+-------------+-------------------+-----------------------+------------------+----------------+
| 49 |            49 |            1 | pyroki   |         0 |       7.56741 |         220.215 |   0.0650063 |           7.56741 |             0.0650063 | False            | False          |
+----+---------------+--------------+----------+-----------+---------------+-----------------+-------------+-------------------+-----------------------+------------------+----------------+
... (500 rows total)

============================================================
Averages by Batch Size
============================================================
+------------------+---------------+-----------------+-------------+-----------+---------------------+-------------------+
|                  |   IK-time(ms) |   Pos-Error(mm) |   Ori-Error |   succ(%) |   collision_free(%) |   success_both(%) |
+==================+===============+=================+=============+===========+=====================+===================+
| (1, 'pyroki')    |        7.5999 |      333.752    | 0.159085    |         0 |                  16 |                 0 |
+------------------+---------------+-----------------+-------------+-----------+---------------------+-------------------+
| (10, 'pyroki')   |       10.3782 |       60.4027   | 0.0683915   |        14 |                  33 |                14 |
+------------------+---------------+-----------------+-------------+-----------+---------------------+-------------------+
| (100, 'pyroki')  |       11.5999 |        1.66808  | 0.00343281  |        95 |                  98 |                95 |
+------------------+---------------+-----------------+-------------+-----------+---------------------+-------------------+
| (1000, 'pyroki') |       18.5296 |        0.227916 | 5.53022e-05 |       100 |                 100 |               100 |
+------------------+---------------+-----------------+-------------+-----------+---------------------+-------------------+
| (2000, 'pyroki') |       26.875  |        0.225884 | 5.03115e-05 |       100 |                 100 |               100 |
+------------------+---------------+-----------------+-------------+-----------+---------------------+-------------------+
============================================================

[baseline_bench] collision-free: validating returned q with the shared Panda sphere model (benchmark/panda_collision.py); the 'collision_free' column is populated cuRobo-free.
running...
  curobo num_seeds: 1
  curobo num_seeds: 10
  curobo num_seeds: 100
  curobo num_seeds: 1000
  curobo num_seeds: 2000
+----+---------------+--------------+----------+-----------+---------------+-----------------+-------------+-------------------+-----------------------+------------------+----------------+
|    |   problem_idx |   Batch-Size | solver   |   succ(%) |   IK-time(ms) |   Pos-Error(mm) |   Ori-Error |   curobo-time(ms) |   curobo-ori-err(rad) | collision_free   | success_both   |
+====+===============+==============+==========+===========+===============+=================+=============+===================+=======================+==================+================+
|  0 |             0 |            1 | curobo   |         0 |     639.795   |    36.1228      | 0.13538     |         639.795   |           0.13538     | False            | False          |
+----+---------------+--------------+----------+-----------+---------------+-----------------+-------------+-------------------+-----------------------+------------------+----------------+
|  1 |             1 |            1 | curobo   |       100 |       2.24566 |     1.29265     | 0.00138116  |           2.24566 |           0.00138116  | True             | True           |
+----+---------------+--------------+----------+-----------+---------------+-----------------+-------------+-------------------+-----------------------+------------------+----------------+
|  2 |             2 |            1 | curobo   |       100 |       2.07686 |     8.72068e-05 | 9.39322e-08 |           2.07686 |           9.39322e-08 | True             | True           |
+----+---------------+--------------+----------+-----------+---------------+-----------------+-------------+-------------------+-----------------------+------------------+----------------+
|  3 |             3 |            1 | curobo   |       100 |       2.07305 |     4.21468e-05 | 1.24696e-07 |           2.07305 |           1.24696e-07 | True             | True           |
+----+---------------+--------------+----------+-----------+---------------+-----------------+-------------+-------------------+-----------------------+------------------+----------------+
|  4 |             4 |            1 | curobo   |       100 |       2.08068 |     0.213861    | 0.000279067 |           2.08068 |           0.000279067 | True             | True           |
+----+---------------+--------------+----------+-----------+---------------+-----------------+-------------+-------------------+-----------------------+------------------+----------------+
|  5 |             5 |            1 | curobo   |       100 |       2.05851 |     0.000107454 | 1.53255e-07 |           2.05851 |           1.53255e-07 | True             | True           |
+----+---------------+--------------+----------+-----------+---------------+-----------------+-------------+-------------------+-----------------------+------------------+----------------+
|  6 |             6 |            1 | curobo   |       100 |       2.05135 |     7.30005e-05 | 1.21284e-07 |           2.05135 |           1.21284e-07 | True             | True           |
+----+---------------+--------------+----------+-----------+---------------+-----------------+-------------+-------------------+-----------------------+------------------+----------------+
|  7 |             7 |            1 | curobo   |       100 |       9.05085 |     0.337251    | 0.00198879  |           9.05085 |           0.00198879  | True             | True           |
+----+---------------+--------------+----------+-----------+---------------+-----------------+-------------+-------------------+-----------------------+------------------+----------------+
|  8 |             8 |            1 | curobo   |       100 |       2.15197 |     3.13019     | 0.00340852  |           2.15197 |           0.00340852  | True             | True           |
+----+---------------+--------------+----------+-----------+---------------+-----------------+-------------+-------------------+-----------------------+------------------+----------------+
|  9 |             9 |            1 | curobo   |       100 |       2.11692 |     1.49012e-05 | 6.30565e-08 |           2.11692 |           6.30565e-08 | True             | True           |
+----+---------------+--------------+----------+-----------+---------------+-----------------+-------------+-------------------+-----------------------+------------------+----------------+
| 10 |            10 |            1 | curobo   |       100 |       2.12264 |     0.000104905 | 1.7799e-07  |           2.12264 |           1.7799e-07  | True             | True           |
+----+---------------+--------------+----------+-----------+---------------+-----------------+-------------+-------------------+-----------------------+------------------+----------------+
| 11 |            11 |            1 | curobo   |       100 |       2.13313 |     8.02452e-05 | 2.65537e-07 |           2.13313 |           2.65537e-07 | True             | True           |
+----+---------------+--------------+----------+-----------+---------------+-----------------+-------------+-------------------+-----------------------+------------------+----------------+
| 12 |            12 |            1 | curobo   |       100 |       2.12741 |     0.000202129 | 1.78955e-07 |           2.12741 |           1.78955e-07 | True             | True           |
+----+---------------+--------------+----------+-----------+---------------+-----------------+-------------+-------------------+-----------------------+------------------+----------------+
| 13 |            13 |            1 | curobo   |       100 |       2.1112  |     8.46223e-05 | 9.60814e-08 |           2.1112  |           9.60814e-08 | True             | True           |
+----+---------------+--------------+----------+-----------+---------------+-----------------+-------------+-------------------+-----------------------+------------------+----------------+
| 14 |            14 |            1 | curobo   |         0 |       8.55231 |     0.415478    | 0.000327126 |           8.55231 |           0.000327126 | False            | False          |
+----+---------------+--------------+----------+-----------+---------------+-----------------+-------------+-------------------+-----------------------+------------------+----------------+
| 15 |            15 |            1 | curobo   |       100 |       2.0597  |     7.30005e-05 | 8.41277e-08 |           2.0597  |           8.41277e-08 | True             | True           |
+----+---------------+--------------+----------+-----------+---------------+-----------------+-------------+-------------------+-----------------------+------------------+----------------+
| 16 |            16 |            1 | curobo   |       100 |       2.07925 |     8.42937e-05 | 4.43787e-08 |           2.07925 |           4.43787e-08 | True             | True           |
+----+---------------+--------------+----------+-----------+---------------+-----------------+-------------+-------------------+-----------------------+------------------+----------------+
| 17 |            17 |            1 | curobo   |       100 |       2.0628  |     6.70552e-05 | 1.27301e-07 |           2.0628  |           1.27301e-07 | True             | True           |
+----+---------------+--------------+----------+-----------+---------------+-----------------+-------------+-------------------+-----------------------+------------------+----------------+
| 18 |            18 |            1 | curobo   |       100 |       2.0752  |     0.757864    | 0.00088403  |           2.0752  |           0.00088403  | True             | True           |
+----+---------------+--------------+----------+-----------+---------------+-----------------+-------------+-------------------+-----------------------+------------------+----------------+
| 19 |            19 |            1 | curobo   |       100 |       2.06089 |     6.70552e-05 | 1.696e-07   |           2.06089 |           1.696e-07   | True             | True           |
+----+---------------+--------------+----------+-----------+---------------+-----------------+-------------+-------------------+-----------------------+------------------+----------------+
| 20 |            20 |            1 | curobo   |       100 |       2.08831 |     0.000107941 | 4.65621e-08 |           2.08831 |           4.65621e-08 | True             | True           |
+----+---------------+--------------+----------+-----------+---------------+-----------------+-------------+-------------------+-----------------------+------------------+----------------+
| 21 |            21 |            1 | curobo   |       100 |       2.05922 |     6.664e-05   | 1.06518e-07 |           2.05922 |           1.06518e-07 | True             | True           |
+----+---------------+--------------+----------+-----------+---------------+-----------------+-------------+-------------------+-----------------------+------------------+----------------+
| 22 |            22 |            1 | curobo   |       100 |       2.06208 |     6.664e-05   | 1.22671e-07 |           2.06208 |           1.22671e-07 | True             | True           |
+----+---------------+--------------+----------+-----------+---------------+-----------------+-------------+-------------------+-----------------------+------------------+----------------+
| 23 |            23 |            1 | curobo   |         0 |       8.70085 |   195.033       | 0.302474    |           8.70085 |           0.302474    | True             | False          |
+----+---------------+--------------+----------+-----------+---------------+-----------------+-------------+-------------------+-----------------------+------------------+----------------+
| 24 |            24 |            1 | curobo   |       100 |       2.0473  |     6.664e-05   | 1.10835e-07 |           2.0473  |           1.10835e-07 | True             | True           |
+----+---------------+--------------+----------+-----------+---------------+-----------------+-------------+-------------------+-----------------------+------------------+----------------+
| 25 |            25 |            1 | curobo   |       100 |       2.06113 |     6.14391e-05 | 2.14857e-07 |           2.06113 |           2.14857e-07 | True             | True           |
+----+---------------+--------------+----------+-----------+---------------+-----------------+-------------+-------------------+-----------------------+------------------+----------------+
| 26 |            26 |            1 | curobo   |         0 |       8.6782  |    28.9674      | 0.28192     |           8.6782  |           0.28192     | True             | False          |
+----+---------------+--------------+----------+-----------+---------------+-----------------+-------------+-------------------+-----------------------+------------------+----------------+
| 27 |            27 |            1 | curobo   |       100 |       2.11143 |     8.02452e-05 | 2.54684e-07 |           2.11143 |           2.54684e-07 | True             | True           |
+----+---------------+--------------+----------+-----------+---------------+-----------------+-------------+-------------------+-----------------------+------------------+----------------+
| 28 |            28 |            1 | curobo   |       100 |       2.13289 |     5.97209e-05 | 9.38429e-08 |           2.13289 |           9.38429e-08 | True             | True           |
+----+---------------+--------------+----------+-----------+---------------+-----------------+-------------+-------------------+-----------------------+------------------+----------------+
| 29 |            29 |            1 | curobo   |       100 |       2.12336 |     6.82857e-05 | 1.60878e-07 |           2.12336 |           1.60878e-07 | True             | True           |
+----+---------------+--------------+----------+-----------+---------------+-----------------+-------------+-------------------+-----------------------+------------------+----------------+
| 30 |            30 |            1 | curobo   |       100 |       2.12193 |     0.000126441 | 1.66331e-07 |           2.12193 |           1.66331e-07 | True             | True           |
+----+---------------+--------------+----------+-----------+---------------+-----------------+-------------+-------------------+-----------------------+------------------+----------------+
| 31 |            31 |            1 | curobo   |       100 |       2.11501 |     8.9407e-05  | 1.72801e-07 |           2.11501 |           1.72801e-07 | True             | True           |
+----+---------------+--------------+----------+-----------+---------------+-----------------+-------------+-------------------+-----------------------+------------------+----------------+
| 32 |            32 |            1 | curobo   |       100 |       2.13385 |     0.000125615 | 1.23449e-07 |           2.13385 |           1.23449e-07 | True             | True           |
+----+---------------+--------------+----------+-----------+---------------+-----------------+-------------+-------------------+-----------------------+------------------+----------------+
| 33 |            33 |            1 | curobo   |       100 |       8.61239 |     1.48736     | 0.019503    |           8.61239 |           0.019503    | True             | True           |
+----+---------------+--------------+----------+-----------+---------------+-----------------+-------------+-------------------+-----------------------+------------------+----------------+
| 34 |            34 |            1 | curobo   |       100 |       2.11263 |     7.30005e-05 | 7.21332e-08 |           2.11263 |           7.21332e-08 | True             | True           |
+----+---------------+--------------+----------+-----------+---------------+-----------------+-------------+-------------------+-----------------------+------------------+----------------+
| 35 |            35 |            1 | curobo   |       100 |       2.12216 |     6.70552e-05 | 1.73594e-07 |           2.12216 |           1.73594e-07 | True             | True           |
+----+---------------+--------------+----------+-----------+---------------+-----------------+-------------+-------------------+-----------------------+------------------+----------------+
| 36 |            36 |            1 | curobo   |       100 |       2.13218 |     5.96046e-05 | 4.17088e-08 |           2.13218 |           4.17088e-08 | True             | True           |
+----+---------------+--------------+----------+-----------+---------------+-----------------+-------------+-------------------+-----------------------+------------------+----------------+
| 37 |            37 |            1 | curobo   |       100 |       2.11954 |     6.14391e-05 | 1.1444e-07  |           2.11954 |           1.1444e-07  | True             | True           |
+----+---------------+--------------+----------+-----------+---------------+-----------------+-------------+-------------------+-----------------------+------------------+----------------+
| 38 |            38 |            1 | curobo   |       100 |       8.72779 |     0.000107454 | 1.39236e-06 |           8.72779 |           1.39236e-06 | True             | True           |
+----+---------------+--------------+----------+-----------+---------------+-----------------+-------------+-------------------+-----------------------+------------------+----------------+
| 39 |            39 |            1 | curobo   |       100 |       2.13385 |     9.5414e-05  | 1.54025e-07 |           2.13385 |           1.54025e-07 | True             | True           |
+----+---------------+--------------+----------+-----------+---------------+-----------------+-------------+-------------------+-----------------------+------------------+----------------+
| 40 |            40 |            1 | curobo   |       100 |       2.10738 |     0           | 8.36412e-08 |           2.10738 |           8.36412e-08 | True             | True           |
+----+---------------+--------------+----------+-----------+---------------+-----------------+-------------+-------------------+-----------------------+------------------+----------------+
| 41 |            41 |            1 | curobo   |       100 |       2.12479 |     0.00741912  | 6.47117e-06 |           2.12479 |           6.47117e-06 | True             | True           |
+----+---------------+--------------+----------+-----------+---------------+-----------------+-------------+-------------------+-----------------------+------------------+----------------+
| 42 |            42 |            1 | curobo   |       100 |       2.12359 |     0.275864    | 0.00019764  |           2.12359 |           0.00019764  | True             | True           |
+----+---------------+--------------+----------+-----------+---------------+-----------------+-------------+-------------------+-----------------------+------------------+----------------+
| 43 |            43 |            1 | curobo   |       100 |       2.11978 |     0.000122878 | 1.39402e-07 |           2.11978 |           1.39402e-07 | False            | False          |
+----+---------------+--------------+----------+-----------+---------------+-----------------+-------------+-------------------+-----------------------+------------------+----------------+
| 44 |            44 |            1 | curobo   |         0 |       8.72469 |    32.7743      | 0.138988    |           8.72469 |           0.138988    | False            | False          |
+----+---------------+--------------+----------+-----------+---------------+-----------------+-------------+-------------------+-----------------------+------------------+----------------+
| 45 |            45 |            1 | curobo   |       100 |       2.13099 |     0.0151961   | 1.55701e-05 |           2.13099 |           1.55701e-05 | True             | True           |
+----+---------------+--------------+----------+-----------+---------------+-----------------+-------------+-------------------+-----------------------+------------------+----------------+
| 46 |            46 |            1 | curobo   |       100 |       2.1162  |     0.000191445 | 1.54689e-07 |           2.1162  |           1.54689e-07 | True             | True           |
+----+---------------+--------------+----------+-----------+---------------+-----------------+-------------+-------------------+-----------------------+------------------+----------------+
| 47 |            47 |            1 | curobo   |       100 |       2.13599 |     0.000123778 | 1.61926e-07 |           2.13599 |           1.61926e-07 | True             | True           |
+----+---------------+--------------+----------+-----------+---------------+-----------------+-------------+-------------------+-----------------------+------------------+----------------+
| 48 |            48 |            1 | curobo   |       100 |       2.10643 |     7.02886e-05 | 1.25342e-07 |           2.10643 |           1.25342e-07 | True             | True           |
+----+---------------+--------------+----------+-----------+---------------+-----------------+-------------+-------------------+-----------------------+------------------+----------------+
| 49 |            49 |            1 | curobo   |       100 |       2.11024 |     0.000322361 | 1.44363e-07 |           2.11024 |           1.44363e-07 | True             | True           |
+----+---------------+--------------+----------+-----------+---------------+-----------------+-------------+-------------------+-----------------------+------------------+----------------+
... (500 rows total)

============================================================
Averages by Batch Size
============================================================
+------------------+---------------+-----------------+-------------+-----------+---------------------+-------------------+
|                  |   IK-time(ms) |   Pos-Error(mm) |   Ori-Error |   succ(%) |   collision_free(%) |   success_both(%) |
+==================+===============+=================+=============+===========+=====================+===================+
| (1, 'curobo')    |       9.56234 |     12.4321     | 0.02845     |        88 |                  93 |                87 |
+------------------+---------------+-----------------+-------------+-----------+---------------------+-------------------+
| (10, 'curobo')   |       6.26246 |      4.43745    | 0.00810857  |        98 |                  99 |                97 |
+------------------+---------------+-----------------+-------------+-----------+---------------------+-------------------+
| (100, 'curobo')  |       2.14194 |      0.0085385  | 5.47574e-06 |       100 |                  99 |                99 |
+------------------+---------------+-----------------+-------------+-----------+---------------------+-------------------+
| (1000, 'curobo') |       2.33273 |      0.006538   | 4.12522e-06 |       100 |                 100 |               100 |
+------------------+---------------+-----------------+-------------+-----------+---------------------+-------------------+
| (2000, 'curobo') |       2.4558  |      0.00653698 | 4.12147e-06 |       100 |                  99 |                99 |
+------------------+---------------+-----------------+-------------+-----------+---------------------+-------------------+
============================================================


[OK] wrote /home/plancher/Desktop/HJCD-IK/docs/open-tasks/paper-2026-10-03/paper_results_20261007T155203Z/table_collfree_hand_cage_panda.md
## Panda collision-free, cage_panda (dataset protocol: panda_hand, goal_pose)

| Batch | curobo Time(ms) | curobo Pos(mm) | curobo Ori(rad) | hjcdik Time(ms) | hjcdik Pos(mm) | hjcdik Ori(rad) | pyroki Time(ms) | pyroki Pos(mm) | pyroki Ori(rad) |
| --- | --- | --- | --- | --- | --- | --- | --- | --- | --- |
| 1 | 9.562 | 12.43 | 0.02845 | 8.35 | inf | inf | 7.6 | 333.8 | 0.1591 |
| 10 | 6.262 | 4.437 | 0.008109 | 2.136 | 2.112e-06 | 2.479e-09 | 10.38 | 60.4 | 0.06839 |
| 100 | 2.142 | 0.008539 | 5.476e-06 | 1.809 | 1.970e-06 | 2.252e-09 | 11.6 | 1.668 | 0.003433 |
| 1000 | 2.333 | 0.006538 | 4.125e-06 | 1.858 | 0.01234 | 3.630e-04 | 18.53 | 0.2279 | 5.530e-05 |
| 2000 | 2.456 | 0.006537 | 4.121e-06 | 1.856 | 1.787e-06 | 2.166e-09 | 26.87 | 0.2259 | 5.031e-05 |

_solvers: curobo: n=100/batch, hjcdik: n=1/batch, pyroki: n=100/batch_
--- set table_pick_panda (mb_problems.json) ---
[GRiD] skipping URDF codegen...
[build info] {'num_joints': 7, 'ee_target': 'panda_hand_joint', 'collision_enabled': True, 'grid_header_sha256': '602db0639bc408c26f4d57ebf4623fea868b3c45236a3a3e654defcb3d0f0720', 'cuda_compiler_version': '13.2.86'}
[collision validation] {'model': 'hjcd', 'scope': 'environment-only; non-base spheres', 'finger_joint_origin_y_m': [0.04, -0.04], 'source_sha256': {'csrc/urdf/panda.urdf': '90bb0a412eb12a3af0abb9d5d0f06be3dbbe1a72806b0416dd9769992cb35079', 'external/foam/assets/panda/smaller_panda_spherized.urdf': 'f90e26dcce184014335ce013f62a563425d8b82ba5fecf8a71480a5e0722853e'}}
[info] running 100 targets, batches=[1, 10, 100, 1000, 2000], num_solutions=1, collision_free=True
[info] processed 0/100 targets
[info] processed 50/100 targets

==== Batch Summary (averages) ====
Batch Size 1:
  Time (ms): 4.915537
  Position Error:          inf
  Orientation Error:          inf
  Collision-Free: 99.0% (100 queries)
Batch Size 10:
  Time (ms): 3.113330
  Position Error: 1.746044e-01
  Orientation Error: 3.944159e-03
  Collision-Free: 100.0% (100 queries)
Batch Size 100:
  Time (ms): 2.968820
  Position Error: 1.312574e-01
  Orientation Error: 1.842151e-03
  Collision-Free: 100.0% (100 queries)
Batch Size 1000:
  Time (ms): 2.899866
  Position Error: 2.503109e-02
  Orientation Error: 5.060776e-04
  Collision-Free: 100.0% (100 queries)
Batch Size 2000:
  Time (ms): 2.635081
  Position Error: 4.718863e-03
  Orientation Error: 3.900689e-06
  Collision-Free: 100.0% (100 queries)
[OK] wrote CSV summary /home/plancher/Desktop/HJCD-IK/docs/open-tasks/paper-2026-10-03/paper_results_20261007T155203Z/collfree_hand_table_pick_panda_hjcdik.csv

[OK] wrote /home/plancher/Desktop/HJCD-IK/docs/open-tasks/paper-2026-10-03/hjcd/results.yml with 500 query entries (100 targets x 5 batches; up to 1 solutions per query).
2026-10-07 12:04:23.977 | INFO     | pyroki.collision._robot_collision:from_sphere_decomposition:187 - Created RobotCollision (sphere mode) with 13 links, 59 total spheres, and 1230 active pairs.
2026-10-07 12:04:24.138 | INFO     | jaxls._problem:analyze:237 - Building optimization problem with 5 terms and 1 variables: 5 costs, 0 eq_zero, 0 leq_zero, 0 geq_zero
2026-10-07 12:04:24.193 | INFO     | jaxls._problem:analyze:364 - Vectorizing group with 1 costs, 1 variables each: _pose_cost_analytical_jac
2026-10-07 12:04:24.206 | INFO     | jaxls._problem:analyze:364 - Vectorizing group with 1 costs, 1 variables each: limit_residual
2026-10-07 12:04:24.239 | INFO     | jaxls._problem:analyze:364 - Vectorizing group with 1 costs, 1 variables each: world_collision_residual
2026-10-07 12:04:24.264 | INFO     | jaxls._problem:analyze:364 - Vectorizing group with 1 costs, 1 variables each: world_collision_residual
2026-10-07 12:04:24.277 | INFO     | jaxls._problem:analyze:364 - Vectorizing group with 1 costs, 1 variables each: self_collision_residual
2026-10-07 12:04:24.284 | INFO     | jaxls._problem:analyze:451 - Variable elimination: variable IDs are traced; solves will not use elimination
2026-10-07 12:04:25.611 | INFO     | jaxls._problem:analyze:237 - Building optimization problem with 5 terms and 1 variables: 5 costs, 0 eq_zero, 0 leq_zero, 0 geq_zero
2026-10-07 12:04:25.622 | INFO     | jaxls._problem:analyze:364 - Vectorizing group with 1 costs, 1 variables each: self_collision_residual
2026-10-07 12:04:25.628 | INFO     | jaxls._problem:analyze:364 - Vectorizing group with 1 costs, 1 variables each: world_collision_residual
2026-10-07 12:04:25.637 | INFO     | jaxls._problem:analyze:364 - Vectorizing group with 1 costs, 1 variables each: world_collision_residual
2026-10-07 12:04:25.646 | INFO     | jaxls._problem:analyze:364 - Vectorizing group with 1 costs, 1 variables each: _pose_cost_analytical_jac
2026-10-07 12:04:25.651 | INFO     | jaxls._problem:analyze:364 - Vectorizing group with 1 costs, 1 variables each: limit_residual
2026-10-07 12:04:25.653 | INFO     | jaxls._problem:analyze:451 - Variable elimination: variable IDs are traced; solves will not use elimination
2026-10-07 12:04:34.073 | INFO     | jaxls._problem:analyze:237 - Building optimization problem with 5 terms and 1 variables: 5 costs, 0 eq_zero, 0 leq_zero, 0 geq_zero
2026-10-07 12:04:34.083 | INFO     | jaxls._problem:analyze:364 - Vectorizing group with 1 costs, 1 variables each: limit_residual
2026-10-07 12:04:34.093 | INFO     | jaxls._problem:analyze:364 - Vectorizing group with 1 costs, 1 variables each: self_collision_residual
2026-10-07 12:04:34.100 | INFO     | jaxls._problem:analyze:364 - Vectorizing group with 1 costs, 1 variables each: world_collision_residual
2026-10-07 12:04:34.108 | INFO     | jaxls._problem:analyze:364 - Vectorizing group with 1 costs, 1 variables each: world_collision_residual
2026-10-07 12:04:34.117 | INFO     | jaxls._problem:analyze:364 - Vectorizing group with 1 costs, 1 variables each: _pose_cost_analytical_jac
2026-10-07 12:04:34.121 | INFO     | jaxls._problem:analyze:451 - Variable elimination: variable IDs are traced; solves will not use elimination
2026-10-07 12:04:35.174 | INFO     | jaxls._problem:analyze:237 - Building optimization problem with 5 terms and 1 variables: 5 costs, 0 eq_zero, 0 leq_zero, 0 geq_zero
2026-10-07 12:04:35.186 | INFO     | jaxls._problem:analyze:364 - Vectorizing group with 1 costs, 1 variables each: world_collision_residual
2026-10-07 12:04:35.197 | INFO     | jaxls._problem:analyze:364 - Vectorizing group with 1 costs, 1 variables each: world_collision_residual
2026-10-07 12:04:35.205 | INFO     | jaxls._problem:analyze:364 - Vectorizing group with 1 costs, 1 variables each: self_collision_residual
2026-10-07 12:04:35.215 | INFO     | jaxls._problem:analyze:364 - Vectorizing group with 1 costs, 1 variables each: _pose_cost_analytical_jac
2026-10-07 12:04:35.221 | INFO     | jaxls._problem:analyze:364 - Vectorizing group with 1 costs, 1 variables each: limit_residual
2026-10-07 12:04:35.225 | INFO     | jaxls._problem:analyze:451 - Variable elimination: variable IDs are traced; solves will not use elimination
2026-10-07 12:04:45.013 | INFO     | jaxls._problem:analyze:237 - Building optimization problem with 5 terms and 1 variables: 5 costs, 0 eq_zero, 0 leq_zero, 0 geq_zero
2026-10-07 12:04:45.028 | INFO     | jaxls._problem:analyze:364 - Vectorizing group with 1 costs, 1 variables each: _pose_cost_analytical_jac
2026-10-07 12:04:45.036 | INFO     | jaxls._problem:analyze:364 - Vectorizing group with 1 costs, 1 variables each: limit_residual
2026-10-07 12:04:45.044 | INFO     | jaxls._problem:analyze:364 - Vectorizing group with 1 costs, 1 variables each: self_collision_residual
2026-10-07 12:04:45.051 | INFO     | jaxls._problem:analyze:364 - Vectorizing group with 1 costs, 1 variables each: world_collision_residual
2026-10-07 12:04:45.060 | INFO     | jaxls._problem:analyze:364 - Vectorizing group with 1 costs, 1 variables each: world_collision_residual
2026-10-07 12:04:45.064 | INFO     | jaxls._problem:analyze:451 - Variable elimination: variable IDs are traced; solves will not use elimination
2026-10-07 12:04:46.195 | INFO     | jaxls._problem:analyze:237 - Building optimization problem with 5 terms and 1 variables: 5 costs, 0 eq_zero, 0 leq_zero, 0 geq_zero
2026-10-07 12:04:46.207 | INFO     | jaxls._problem:analyze:364 - Vectorizing group with 1 costs, 1 variables each: self_collision_residual
2026-10-07 12:04:46.214 | INFO     | jaxls._problem:analyze:364 - Vectorizing group with 1 costs, 1 variables each: world_collision_residual
2026-10-07 12:04:46.222 | INFO     | jaxls._problem:analyze:364 - Vectorizing group with 1 costs, 1 variables each: world_collision_residual
2026-10-07 12:04:46.227 | INFO     | jaxls._problem:analyze:364 - Vectorizing group with 1 costs, 1 variables each: limit_residual
2026-10-07 12:04:46.236 | INFO     | jaxls._problem:analyze:364 - Vectorizing group with 1 costs, 1 variables each: _pose_cost_analytical_jac
2026-10-07 12:04:46.239 | INFO     | jaxls._problem:analyze:451 - Variable elimination: variable IDs are traced; solves will not use elimination
2026-10-07 12:04:55.932 | INFO     | jaxls._problem:analyze:237 - Building optimization problem with 5 terms and 1 variables: 5 costs, 0 eq_zero, 0 leq_zero, 0 geq_zero
2026-10-07 12:04:55.942 | INFO     | jaxls._problem:analyze:364 - Vectorizing group with 1 costs, 1 variables each: limit_residual
2026-10-07 12:04:55.952 | INFO     | jaxls._problem:analyze:364 - Vectorizing group with 1 costs, 1 variables each: self_collision_residual
2026-10-07 12:04:55.959 | INFO     | jaxls._problem:analyze:364 - Vectorizing group with 1 costs, 1 variables each: world_collision_residual
2026-10-07 12:04:55.967 | INFO     | jaxls._problem:analyze:364 - Vectorizing group with 1 costs, 1 variables each: world_collision_residual
2026-10-07 12:04:55.976 | INFO     | jaxls._problem:analyze:364 - Vectorizing group with 1 costs, 1 variables each: _pose_cost_analytical_jac
2026-10-07 12:04:55.980 | INFO     | jaxls._problem:analyze:451 - Variable elimination: variable IDs are traced; solves will not use elimination
2026-10-07 12:04:57.150 | INFO     | jaxls._problem:analyze:237 - Building optimization problem with 5 terms and 1 variables: 5 costs, 0 eq_zero, 0 leq_zero, 0 geq_zero
2026-10-07 12:04:57.163 | INFO     | jaxls._problem:analyze:364 - Vectorizing group with 1 costs, 1 variables each: _pose_cost_analytical_jac
2026-10-07 12:04:57.171 | INFO     | jaxls._problem:analyze:364 - Vectorizing group with 1 costs, 1 variables each: self_collision_residual
2026-10-07 12:04:57.175 | INFO     | jaxls._problem:analyze:364 - Vectorizing group with 1 costs, 1 variables each: limit_residual
2026-10-07 12:04:57.182 | INFO     | jaxls._problem:analyze:364 - Vectorizing group with 1 costs, 1 variables each: world_collision_residual
2026-10-07 12:04:57.191 | INFO     | jaxls._problem:analyze:364 - Vectorizing group with 1 costs, 1 variables each: world_collision_residual
2026-10-07 12:04:57.193 | INFO     | jaxls._problem:analyze:451 - Variable elimination: variable IDs are traced; solves will not use elimination
2026-10-07 12:05:08.978 | INFO     | jaxls._problem:analyze:237 - Building optimization problem with 5 terms and 1 variables: 5 costs, 0 eq_zero, 0 leq_zero, 0 geq_zero
2026-10-07 12:05:08.990 | INFO     | jaxls._problem:analyze:364 - Vectorizing group with 1 costs, 1 variables each: world_collision_residual
2026-10-07 12:05:09.001 | INFO     | jaxls._problem:analyze:364 - Vectorizing group with 1 costs, 1 variables each: world_collision_residual
2026-10-07 12:05:09.006 | INFO     | jaxls._problem:analyze:364 - Vectorizing group with 1 costs, 1 variables each: limit_residual
2026-10-07 12:05:09.013 | INFO     | jaxls._problem:analyze:364 - Vectorizing group with 1 costs, 1 variables each: self_collision_residual
2026-10-07 12:05:09.023 | INFO     | jaxls._problem:analyze:364 - Vectorizing group with 1 costs, 1 variables each: _pose_cost_analytical_jac
2026-10-07 12:05:09.026 | INFO     | jaxls._problem:analyze:451 - Variable elimination: variable IDs are traced; solves will not use elimination
2026-10-07 12:05:10.248 | INFO     | jaxls._problem:analyze:237 - Building optimization problem with 5 terms and 1 variables: 5 costs, 0 eq_zero, 0 leq_zero, 0 geq_zero
2026-10-07 12:05:10.262 | INFO     | jaxls._problem:analyze:364 - Vectorizing group with 1 costs, 1 variables each: _pose_cost_analytical_jac
2026-10-07 12:05:10.269 | INFO     | jaxls._problem:analyze:364 - Vectorizing group with 1 costs, 1 variables each: self_collision_residual
2026-10-07 12:05:10.273 | INFO     | jaxls._problem:analyze:364 - Vectorizing group with 1 costs, 1 variables each: limit_residual
2026-10-07 12:05:10.280 | INFO     | jaxls._problem:analyze:364 - Vectorizing group with 1 costs, 1 variables each: world_collision_residual
2026-10-07 12:05:10.289 | INFO     | jaxls._problem:analyze:364 - Vectorizing group with 1 costs, 1 variables each: world_collision_residual
2026-10-07 12:05:10.291 | INFO     | jaxls._problem:analyze:451 - Variable elimination: variable IDs are traced; solves will not use elimination
[baseline_bench] collision-free: validating returned q with the shared Panda sphere model (benchmark/panda_collision.py); the 'collision_free' column is populated cuRobo-free.
running...
  pyroki collision model: 59 foam spheres on 11 links, 1230 self pairs, world margin 0.01 m
  pyroki collision-free EE frame: panda_hand; collision costs: on (foam spheres)
  pyroki num_seeds_init: 1
  pyroki num_seeds_init: 10
  pyroki num_seeds_init: 100
  pyroki num_seeds_init: 1000
  pyroki num_seeds_init: 2000
+----+---------------+--------------+----------+-----------+---------------+-----------------+-------------+-------------------+-----------------------+------------------+----------------+
|    |   problem_idx |   Batch-Size | solver   |   succ(%) |   IK-time(ms) |   Pos-Error(mm) |   Ori-Error |   pyroki-time(ms) |   pyroki-ori-err(rad) | collision_free   | success_both   |
+====+===============+==============+==========+===========+===============+=================+=============+===================+=======================+==================+================+
|  0 |             0 |            1 | pyroki   |         0 |       9.49955 |         675.693 |    0.3331   |           9.49955 |              0.3331   | True             | False          |
+----+---------------+--------------+----------+-----------+---------------+-----------------+-------------+-------------------+-----------------------+------------------+----------------+
|  1 |             1 |            1 | pyroki   |         0 |       9.10282 |         575.571 |    0.159469 |           9.10282 |              0.159469 | True             | False          |
+----+---------------+--------------+----------+-----------+---------------+-----------------+-------------+-------------------+-----------------------+------------------+----------------+
|  2 |             2 |            1 | pyroki   |         0 |       8.55064 |         805.218 |    0.523791 |           8.55064 |              0.523791 | True             | False          |
+----+---------------+--------------+----------+-----------+---------------+-----------------+-------------+-------------------+-----------------------+------------------+----------------+
|  3 |             3 |            1 | pyroki   |         0 |       8.99649 |         585.946 |    0.501505 |           8.99649 |              0.501505 | True             | False          |
+----+---------------+--------------+----------+-----------+---------------+-----------------+-------------+-------------------+-----------------------+------------------+----------------+
|  4 |             4 |            1 | pyroki   |         0 |       9.5017  |         681.135 |    0.270368 |           9.5017  |              0.270368 | True             | False          |
+----+---------------+--------------+----------+-----------+---------------+-----------------+-------------+-------------------+-----------------------+------------------+----------------+
|  5 |             5 |            1 | pyroki   |         0 |       8.36444 |         602.585 |    0.329263 |           8.36444 |              0.329263 | True             | False          |
+----+---------------+--------------+----------+-----------+---------------+-----------------+-------------+-------------------+-----------------------+------------------+----------------+
|  6 |             6 |            1 | pyroki   |         0 |       9.20153 |         718.58  |    0.363064 |           9.20153 |              0.363064 | True             | False          |
+----+---------------+--------------+----------+-----------+---------------+-----------------+-------------+-------------------+-----------------------+------------------+----------------+
|  7 |             7 |            1 | pyroki   |         0 |       9.24253 |         500.408 |    0.469437 |           9.24253 |              0.469437 | True             | False          |
+----+---------------+--------------+----------+-----------+---------------+-----------------+-------------+-------------------+-----------------------+------------------+----------------+
|  8 |             8 |            1 | pyroki   |         0 |       9.26876 |         702.489 |    0.284413 |           9.26876 |              0.284413 | True             | False          |
+----+---------------+--------------+----------+-----------+---------------+-----------------+-------------+-------------------+-----------------------+------------------+----------------+
|  9 |             9 |            1 | pyroki   |         0 |       9.68766 |         630.234 |    0.285222 |           9.68766 |              0.285222 | True             | False          |
+----+---------------+--------------+----------+-----------+---------------+-----------------+-------------+-------------------+-----------------------+------------------+----------------+
| 10 |            10 |            1 | pyroki   |         0 |       9.74298 |         666.012 |    0.301789 |           9.74298 |              0.301789 | True             | False          |
+----+---------------+--------------+----------+-----------+---------------+-----------------+-------------+-------------------+-----------------------+------------------+----------------+
| 11 |            11 |            1 | pyroki   |         0 |       8.94451 |         611.538 |    0.183025 |           8.94451 |              0.183025 | True             | False          |
+----+---------------+--------------+----------+-----------+---------------+-----------------+-------------+-------------------+-----------------------+------------------+----------------+
| 12 |            12 |            1 | pyroki   |         0 |       9.28259 |         716.678 |    0.289781 |           9.28259 |              0.289781 | True             | False          |
+----+---------------+--------------+----------+-----------+---------------+-----------------+-------------+-------------------+-----------------------+------------------+----------------+
| 13 |            13 |            1 | pyroki   |         0 |       9.21392 |         596.21  |    0.413707 |           9.21392 |              0.413707 | True             | False          |
+----+---------------+--------------+----------+-----------+---------------+-----------------+-------------+-------------------+-----------------------+------------------+----------------+
| 14 |            14 |            1 | pyroki   |         0 |       9.61089 |         715.221 |    0.347603 |           9.61089 |              0.347603 | True             | False          |
+----+---------------+--------------+----------+-----------+---------------+-----------------+-------------+-------------------+-----------------------+------------------+----------------+
| 15 |            15 |            1 | pyroki   |         0 |       9.95207 |         633.172 |    0.212802 |           9.95207 |              0.212802 | True             | False          |
+----+---------------+--------------+----------+-----------+---------------+-----------------+-------------+-------------------+-----------------------+------------------+----------------+
| 16 |            16 |            1 | pyroki   |         0 |       9.48215 |         758.287 |    0.258189 |           9.48215 |              0.258189 | True             | False          |
+----+---------------+--------------+----------+-----------+---------------+-----------------+-------------+-------------------+-----------------------+------------------+----------------+
| 17 |            17 |            1 | pyroki   |         0 |       9.43613 |         783.519 |    0.816157 |           9.43613 |              0.816157 | True             | False          |
+----+---------------+--------------+----------+-----------+---------------+-----------------+-------------+-------------------+-----------------------+------------------+----------------+
| 18 |            18 |            1 | pyroki   |         0 |       9.75966 |         720.83  |    0.243297 |           9.75966 |              0.243297 | True             | False          |
+----+---------------+--------------+----------+-----------+---------------+-----------------+-------------+-------------------+-----------------------+------------------+----------------+
| 19 |            19 |            1 | pyroki   |         0 |       8.81481 |         672.594 |    0.361306 |           8.81481 |              0.361306 | True             | False          |
+----+---------------+--------------+----------+-----------+---------------+-----------------+-------------+-------------------+-----------------------+------------------+----------------+
| 20 |            20 |            1 | pyroki   |         0 |       9.60755 |         440.686 |    0.56771  |           9.60755 |              0.56771  | True             | False          |
+----+---------------+--------------+----------+-----------+---------------+-----------------+-------------+-------------------+-----------------------+------------------+----------------+
| 21 |            21 |            1 | pyroki   |         0 |       9.90772 |         755.434 |    0.675697 |           9.90772 |              0.675697 | True             | False          |
+----+---------------+--------------+----------+-----------+---------------+-----------------+-------------+-------------------+-----------------------+------------------+----------------+
| 22 |            22 |            1 | pyroki   |         0 |       9.03988 |         709.339 |    0.360255 |           9.03988 |              0.360255 | True             | False          |
+----+---------------+--------------+----------+-----------+---------------+-----------------+-------------+-------------------+-----------------------+------------------+----------------+
| 23 |            23 |            1 | pyroki   |         0 |       8.29053 |         799.504 |    0.825005 |           8.29053 |              0.825005 | True             | False          |
+----+---------------+--------------+----------+-----------+---------------+-----------------+-------------+-------------------+-----------------------+------------------+----------------+
| 24 |            24 |            1 | pyroki   |         0 |       8.38995 |         680.088 |    0.510831 |           8.38995 |              0.510831 | True             | False          |
+----+---------------+--------------+----------+-----------+---------------+-----------------+-------------+-------------------+-----------------------+------------------+----------------+
| 25 |            25 |            1 | pyroki   |         0 |       8.62312 |         589.925 |    0.176358 |           8.62312 |              0.176358 | True             | False          |
+----+---------------+--------------+----------+-----------+---------------+-----------------+-------------+-------------------+-----------------------+------------------+----------------+
| 26 |            26 |            1 | pyroki   |         0 |       8.55708 |         584.324 |    0.299679 |           8.55708 |              0.299679 | True             | False          |
+----+---------------+--------------+----------+-----------+---------------+-----------------+-------------+-------------------+-----------------------+------------------+----------------+
| 27 |            27 |            1 | pyroki   |         0 |       9.64022 |         753.222 |    0.272332 |           9.64022 |              0.272332 | True             | False          |
+----+---------------+--------------+----------+-----------+---------------+-----------------+-------------+-------------------+-----------------------+------------------+----------------+
| 28 |            28 |            1 | pyroki   |         0 |       8.61216 |         693.483 |    0.469708 |           8.61216 |              0.469708 | True             | False          |
+----+---------------+--------------+----------+-----------+---------------+-----------------+-------------+-------------------+-----------------------+------------------+----------------+
| 29 |            29 |            1 | pyroki   |         0 |       9.63449 |         781.578 |    0.479677 |           9.63449 |              0.479677 | True             | False          |
+----+---------------+--------------+----------+-----------+---------------+-----------------+-------------+-------------------+-----------------------+------------------+----------------+
| 30 |            30 |            1 | pyroki   |         0 |       9.53364 |         802.013 |    0.679668 |           9.53364 |              0.679668 | True             | False          |
+----+---------------+--------------+----------+-----------+---------------+-----------------+-------------+-------------------+-----------------------+------------------+----------------+
| 31 |            31 |            1 | pyroki   |         0 |       9.97591 |         779.642 |    0.804953 |           9.97591 |              0.804953 | True             | False          |
+----+---------------+--------------+----------+-----------+---------------+-----------------+-------------+-------------------+-----------------------+------------------+----------------+
| 32 |            32 |            1 | pyroki   |         0 |       9.18388 |         670.529 |    0.348852 |           9.18388 |              0.348852 | True             | False          |
+----+---------------+--------------+----------+-----------+---------------+-----------------+-------------+-------------------+-----------------------+------------------+----------------+
| 33 |            33 |            1 | pyroki   |         0 |       9.60469 |         661.103 |    0.256654 |           9.60469 |              0.256654 | True             | False          |
+----+---------------+--------------+----------+-----------+---------------+-----------------+-------------+-------------------+-----------------------+------------------+----------------+
| 34 |            34 |            1 | pyroki   |         0 |       9.11927 |         727.915 |    0.230229 |           9.11927 |              0.230229 | True             | False          |
+----+---------------+--------------+----------+-----------+---------------+-----------------+-------------+-------------------+-----------------------+------------------+----------------+
| 35 |            35 |            1 | pyroki   |         0 |       9.81164 |         711.569 |    0.219709 |           9.81164 |              0.219709 | True             | False          |
+----+---------------+--------------+----------+-----------+---------------+-----------------+-------------+-------------------+-----------------------+------------------+----------------+
| 36 |            36 |            1 | pyroki   |         0 |       9.5067  |         762.745 |    0.870054 |           9.5067  |              0.870054 | True             | False          |
+----+---------------+--------------+----------+-----------+---------------+-----------------+-------------+-------------------+-----------------------+------------------+----------------+
| 37 |            37 |            1 | pyroki   |         0 |       9.90844 |         822.341 |    0.65965  |           9.90844 |              0.65965  | True             | False          |
+----+---------------+--------------+----------+-----------+---------------+-----------------+-------------+-------------------+-----------------------+------------------+----------------+
| 38 |            38 |            1 | pyroki   |         0 |       9.47952 |         788.258 |    0.530363 |           9.47952 |              0.530363 | True             | False          |
+----+---------------+--------------+----------+-----------+---------------+-----------------+-------------+-------------------+-----------------------+------------------+----------------+
| 39 |            39 |            1 | pyroki   |         0 |       9.35245 |         789.467 |    0.795161 |           9.35245 |              0.795161 | True             | False          |
+----+---------------+--------------+----------+-----------+---------------+-----------------+-------------+-------------------+-----------------------+------------------+----------------+
| 40 |            40 |            1 | pyroki   |         0 |       9.39059 |         749.949 |    0.242704 |           9.39059 |              0.242704 | True             | False          |
+----+---------------+--------------+----------+-----------+---------------+-----------------+-------------+-------------------+-----------------------+------------------+----------------+
| 41 |            41 |            1 | pyroki   |         0 |       9.83119 |         640.66  |    0.370685 |           9.83119 |              0.370685 | True             | False          |
+----+---------------+--------------+----------+-----------+---------------+-----------------+-------------+-------------------+-----------------------+------------------+----------------+
| 42 |            42 |            1 | pyroki   |         0 |       8.65149 |         578.977 |    0.340201 |           8.65149 |              0.340201 | True             | False          |
+----+---------------+--------------+----------+-----------+---------------+-----------------+-------------+-------------------+-----------------------+------------------+----------------+
| 43 |            43 |            1 | pyroki   |         0 |       9.07135 |         745.449 |    0.257164 |           9.07135 |              0.257164 | True             | False          |
+----+---------------+--------------+----------+-----------+---------------+-----------------+-------------+-------------------+-----------------------+------------------+----------------+
| 44 |            44 |            1 | pyroki   |         0 |       9.44781 |         763.135 |    0.46681  |           9.44781 |              0.46681  | True             | False          |
+----+---------------+--------------+----------+-----------+---------------+-----------------+-------------+-------------------+-----------------------+------------------+----------------+
| 45 |            45 |            1 | pyroki   |         0 |       9.42278 |         581.82  |    0.402939 |           9.42278 |              0.402939 | True             | False          |
+----+---------------+--------------+----------+-----------+---------------+-----------------+-------------+-------------------+-----------------------+------------------+----------------+
| 46 |            46 |            1 | pyroki   |         0 |       9.34315 |         717.341 |    0.370157 |           9.34315 |              0.370157 | True             | False          |
+----+---------------+--------------+----------+-----------+---------------+-----------------+-------------+-------------------+-----------------------+------------------+----------------+
| 47 |            47 |            1 | pyroki   |         0 |       9.45711 |         800.279 |    0.755616 |           9.45711 |              0.755616 | True             | False          |
+----+---------------+--------------+----------+-----------+---------------+-----------------+-------------+-------------------+-----------------------+------------------+----------------+
| 48 |            48 |            1 | pyroki   |         0 |      10.4005  |         800.137 |    0.509156 |          10.4005  |              0.509156 | True             | False          |
+----+---------------+--------------+----------+-----------+---------------+-----------------+-------------+-------------------+-----------------------+------------------+----------------+
| 49 |            49 |            1 | pyroki   |         0 |      10.041   |         735.568 |    0.404998 |          10.041   |              0.404998 | True             | False          |
+----+---------------+--------------+----------+-----------+---------------+-----------------+-------------+-------------------+-----------------------+------------------+----------------+
... (500 rows total)

============================================================
Averages by Batch Size
============================================================
+------------------+---------------+-----------------+-------------+-----------+---------------------+-------------------+
|                  |   IK-time(ms) |   Pos-Error(mm) |   Ori-Error |   succ(%) |   collision_free(%) |   success_both(%) |
+==================+===============+=================+=============+===========+=====================+===================+
| (1, 'pyroki')    |       9.20454 |     698.283     | 0.415223    |         0 |                 100 |                 0 |
+------------------+---------------+-----------------+-------------+-----------+---------------------+-------------------+
| (10, 'pyroki')   |      12.1551  |      12.3512    | 0.0145773   |        64 |                  90 |                64 |
+------------------+---------------+-----------------+-------------+-----------+---------------------+-------------------+
| (100, 'pyroki')  |      12.8995  |       0.842885  | 0.000766747 |        96 |                 100 |                96 |
+------------------+---------------+-----------------+-------------+-----------+---------------------+-------------------+
| (1000, 'pyroki') |      21.6253  |       0.0632987 | 5.09746e-05 |       100 |                 100 |               100 |
+------------------+---------------+-----------------+-------------+-----------+---------------------+-------------------+
| (2000, 'pyroki') |      32.4939  |       0.0570798 | 4.42291e-05 |       100 |                 100 |               100 |
+------------------+---------------+-----------------+-------------+-----------+---------------------+-------------------+
============================================================

[baseline_bench] collision-free: validating returned q with the shared Panda sphere model (benchmark/panda_collision.py); the 'collision_free' column is populated cuRobo-free.
running...
  curobo num_seeds: 1
  curobo num_seeds: 10
  curobo num_seeds: 100
  curobo num_seeds: 1000
  curobo num_seeds: 2000
+----+---------------+--------------+----------+-----------+---------------+-----------------+-------------+-------------------+-----------------------+------------------+----------------+
|    |   problem_idx |   Batch-Size | solver   |   succ(%) |   IK-time(ms) |   Pos-Error(mm) |   Ori-Error |   curobo-time(ms) |   curobo-ori-err(rad) | collision_free   | success_both   |
+====+===============+==============+==========+===========+===============+=================+=============+===================+=======================+==================+================+
|  0 |             0 |            1 | curobo   |         0 |       8.6596  |    43.3452      | 0.0766956   |           8.6596  |           0.0766956   | False            | False          |
+----+---------------+--------------+----------+-----------+---------------+-----------------+-------------+-------------------+-----------------------+------------------+----------------+
|  1 |             1 |            1 | curobo   |         0 |       8.78358 |    46.0119      | 0.16444     |           8.78358 |           0.16444     | True             | False          |
+----+---------------+--------------+----------+-----------+---------------+-----------------+-------------+-------------------+-----------------------+------------------+----------------+
|  2 |             2 |            1 | curobo   |       100 |       2.09451 |     6.664e-05   | 1.69753e-07 |           2.09451 |           1.69753e-07 | True             | True           |
+----+---------------+--------------+----------+-----------+---------------+-----------------+-------------+-------------------+-----------------------+------------------+----------------+
|  3 |             3 |            1 | curobo   |       100 |       2.10547 |     5.96046e-05 | 1.19631e-07 |           2.10547 |           1.19631e-07 | True             | True           |
+----+---------------+--------------+----------+-----------+---------------+-----------------+-------------+-------------------+-----------------------+------------------+----------------+
|  4 |             4 |            1 | curobo   |         0 |       8.32295 |    31.4726      | 0.0765193   |           8.32295 |           0.0765193   | False            | False          |
+----+---------------+--------------+----------+-----------+---------------+-----------------+-------------+-------------------+-----------------------+------------------+----------------+
|  5 |             5 |            1 | curobo   |         0 |       8.36706 |    30.7613      | 0.0641351   |           8.36706 |           0.0641351   | True             | False          |
+----+---------------+--------------+----------+-----------+---------------+-----------------+-------------+-------------------+-----------------------+------------------+----------------+
|  6 |             6 |            1 | curobo   |       100 |       2.069   |     8.9407e-05  | 2.09384e-07 |           2.069   |           2.09384e-07 | True             | True           |
+----+---------------+--------------+----------+-----------+---------------+-----------------+-------------+-------------------+-----------------------+------------------+----------------+
|  7 |             7 |            1 | curobo   |       100 |       8.22091 |     7.02886e-05 | 2.59203e-07 |           8.22091 |           2.59203e-07 | True             | True           |
+----+---------------+--------------+----------+-----------+---------------+-----------------+-------------+-------------------+-----------------------+------------------+----------------+
|  8 |             8 |            1 | curobo   |       100 |       2.0473  |     0.000126441 | 1.22371e-07 |           2.0473  |           1.22371e-07 | True             | True           |
+----+---------------+--------------+----------+-----------+---------------+-----------------+-------------+-------------------+-----------------------+------------------+----------------+
|  9 |             9 |            1 | curobo   |         0 |       8.61335 |    53.7779      | 0.154077    |           8.61335 |           0.154077    | True             | False          |
+----+---------------+--------------+----------+-----------+---------------+-----------------+-------------+-------------------+-----------------------+------------------+----------------+
| 10 |            10 |            1 | curobo   |       100 |       2.10309 |     0.000149581 | 7.18079e-08 |           2.10309 |           7.18079e-08 | True             | True           |
+----+---------------+--------------+----------+-----------+---------------+-----------------+-------------+-------------------+-----------------------+------------------+----------------+
| 11 |            11 |            1 | curobo   |         0 |       8.66318 |    25.6935      | 0.0744425   |           8.66318 |           0.0744425   | True             | False          |
+----+---------------+--------------+----------+-----------+---------------+-----------------+-------------+-------------------+-----------------------+------------------+----------------+
| 12 |            12 |            1 | curobo   |       100 |       2.10285 |     6.664e-05   | 1.72826e-07 |           2.10285 |           1.72826e-07 | True             | True           |
+----+---------------+--------------+----------+-----------+---------------+-----------------+-------------+-------------------+-----------------------+------------------+----------------+
| 13 |            13 |            1 | curobo   |       100 |       2.09308 |     2.98023e-05 | 7.40337e-08 |           2.09308 |           7.40337e-08 | True             | True           |
+----+---------------+--------------+----------+-----------+---------------+-----------------+-------------+-------------------+-----------------------+------------------+----------------+
| 14 |            14 |            1 | curobo   |         0 |       8.72421 |    66.7538      | 0.172378    |           8.72421 |           0.172378    | True             | False          |
+----+---------------+--------------+----------+-----------+---------------+-----------------+-------------+-------------------+-----------------------+------------------+----------------+
| 15 |            15 |            1 | curobo   |         0 |       8.65197 |    32.4058      | 0.126405    |           8.65197 |           0.126405    | True             | False          |
+----+---------------+--------------+----------+-----------+---------------+-----------------+-------------+-------------------+-----------------------+------------------+----------------+
| 16 |            16 |            1 | curobo   |       100 |       8.47864 |     0.311906    | 0.000809363 |           8.47864 |           0.000809363 | True             | True           |
+----+---------------+--------------+----------+-----------+---------------+-----------------+-------------+-------------------+-----------------------+------------------+----------------+
| 17 |            17 |            1 | curobo   |         0 |       8.25238 |    15.7505      | 0.0682208   |           8.25238 |           0.0682208   | True             | False          |
+----+---------------+--------------+----------+-----------+---------------+-----------------+-------------+-------------------+-----------------------+------------------+----------------+
| 18 |            18 |            1 | curobo   |         0 |       8.33297 |     1.49012e-05 | 1.07822e-07 |           8.33297 |           1.07822e-07 | False            | False          |
+----+---------------+--------------+----------+-----------+---------------+-----------------+-------------+-------------------+-----------------------+------------------+----------------+
| 19 |            19 |            1 | curobo   |         0 |       8.41475 |    89.5235      | 0.180917    |           8.41475 |           0.180917    | True             | False          |
+----+---------------+--------------+----------+-----------+---------------+-----------------+-------------+-------------------+-----------------------+------------------+----------------+
| 20 |            20 |            1 | curobo   |         0 |       8.28838 |    32.2343      | 0.0610456   |           8.28838 |           0.0610456   | True             | False          |
+----+---------------+--------------+----------+-----------+---------------+-----------------+-------------+-------------------+-----------------------+------------------+----------------+
| 21 |            21 |            1 | curobo   |       100 |       2.05445 |     0.867554    | 0.000791606 |           2.05445 |           0.000791606 | True             | True           |
+----+---------------+--------------+----------+-----------+---------------+-----------------+-------------+-------------------+-----------------------+------------------+----------------+
| 22 |            22 |            1 | curobo   |       100 |       2.02489 |     8.46223e-05 | 2.01429e-07 |           2.02489 |           2.01429e-07 | True             | True           |
+----+---------------+--------------+----------+-----------+---------------+-----------------+-------------+-------------------+-----------------------+------------------+----------------+
| 23 |            23 |            1 | curobo   |         0 |       8.3034  |    31.2046      | 0.0642783   |           8.3034  |           0.0642783   | True             | False          |
+----+---------------+--------------+----------+-----------+---------------+-----------------+-------------+-------------------+-----------------------+------------------+----------------+
| 24 |            24 |            1 | curobo   |         0 |       8.47149 |     0.000139785 | 2.95261e-08 |           8.47149 |           2.95261e-08 | False            | False          |
+----+---------------+--------------+----------+-----------+---------------+-----------------+-------------+-------------------+-----------------------+------------------+----------------+
| 25 |            25 |            1 | curobo   |       100 |       2.03156 |     4.21468e-05 | 9.98124e-08 |           2.03156 |           9.98124e-08 | True             | True           |
+----+---------------+--------------+----------+-----------+---------------+-----------------+-------------+-------------------+-----------------------+------------------+----------------+
| 26 |            26 |            1 | curobo   |         0 |       8.27122 |    34.7712      | 0.0759306   |           8.27122 |           0.0759306   | True             | False          |
+----+---------------+--------------+----------+-----------+---------------+-----------------+-------------+-------------------+-----------------------+------------------+----------------+
| 27 |            27 |            1 | curobo   |         0 |       8.41951 |    24.7193      | 0.0343793   |           8.41951 |           0.0343793   | True             | False          |
+----+---------------+--------------+----------+-----------+---------------+-----------------+-------------+-------------------+-----------------------+------------------+----------------+
| 28 |            28 |            1 | curobo   |         0 |       8.14438 |    37.7651      | 0.0729116   |           8.14438 |           0.0729116   | False            | False          |
+----+---------------+--------------+----------+-----------+---------------+-----------------+-------------+-------------------+-----------------------+------------------+----------------+
| 29 |            29 |            1 | curobo   |         0 |       8.18777 |     6.664e-05   | 7.17455e-08 |           8.18777 |           7.17455e-08 | False            | False          |
+----+---------------+--------------+----------+-----------+---------------+-----------------+-------------+-------------------+-----------------------+------------------+----------------+
| 30 |            30 |            1 | curobo   |         0 |       8.28052 |    23.1194      | 0.0829327   |           8.28052 |           0.0829327   | True             | False          |
+----+---------------+--------------+----------+-----------+---------------+-----------------+-------------+-------------------+-----------------------+------------------+----------------+
| 31 |            31 |            1 | curobo   |         0 |       8.30483 |     5.90709     | 0.0231042   |           8.30483 |           0.0231042   | True             | False          |
+----+---------------+--------------+----------+-----------+---------------+-----------------+-------------+-------------------+-----------------------+------------------+----------------+
| 32 |            32 |            1 | curobo   |       100 |       2.04587 |     6.664e-05   | 8.51898e-08 |           2.04587 |           8.51898e-08 | True             | True           |
+----+---------------+--------------+----------+-----------+---------------+-----------------+-------------+-------------------+-----------------------+------------------+----------------+
| 33 |            33 |            1 | curobo   |         0 |       8.32939 |    24.8344      | 0.0254159   |           8.32939 |           0.0254159   | True             | False          |
+----+---------------+--------------+----------+-----------+---------------+-----------------+-------------+-------------------+-----------------------+------------------+----------------+
| 34 |            34 |            1 | curobo   |       100 |       2.02632 |     0.00011151  | 1.21869e-07 |           2.02632 |           1.21869e-07 | True             | True           |
+----+---------------+--------------+----------+-----------+---------------+-----------------+-------------+-------------------+-----------------------+------------------+----------------+
| 35 |            35 |            1 | curobo   |       100 |       2.02203 |     7.45058e-05 | 1.90016e-07 |           2.02203 |           1.90016e-07 | True             | True           |
+----+---------------+--------------+----------+-----------+---------------+-----------------+-------------+-------------------+-----------------------+------------------+----------------+
| 36 |            36 |            1 | curobo   |         0 |       8.24761 |    33.895       | 0.0737828   |           8.24761 |           0.0737828   | False            | False          |
+----+---------------+--------------+----------+-----------+---------------+-----------------+-------------+-------------------+-----------------------+------------------+----------------+
| 37 |            37 |            1 | curobo   |       100 |       2.02608 |     0.000119209 | 4.79528e-08 |           2.02608 |           4.79528e-08 | False            | False          |
+----+---------------+--------------+----------+-----------+---------------+-----------------+-------------+-------------------+-----------------------+------------------+----------------+
| 38 |            38 |            1 | curobo   |       100 |       2.0504  |     2.98023e-05 | 1.13564e-07 |           2.0504  |           1.13564e-07 | True             | True           |
+----+---------------+--------------+----------+-----------+---------------+-----------------+-------------+-------------------+-----------------------+------------------+----------------+
| 39 |            39 |            1 | curobo   |       100 |       2.04015 |     5.96046e-05 | 1.65309e-07 |           2.04015 |           1.65309e-07 | True             | True           |
+----+---------------+--------------+----------+-----------+---------------+-----------------+-------------+-------------------+-----------------------+------------------+----------------+
| 40 |            40 |            1 | curobo   |       100 |       2.05183 |     3.332e-05   | 7.21962e-08 |           2.05183 |           7.21962e-08 | True             | True           |
+----+---------------+--------------+----------+-----------+---------------+-----------------+-------------+-------------------+-----------------------+------------------+----------------+
| 41 |            41 |            1 | curobo   |       100 |       2.05064 |     0.000136571 | 2.25114e-08 |           2.05064 |           2.25114e-08 | True             | True           |
+----+---------------+--------------+----------+-----------+---------------+-----------------+-------------+-------------------+-----------------------+------------------+----------------+
| 42 |            42 |            1 | curobo   |       100 |       2.03872 |     9.5414e-05  | 2.97719e-08 |           2.03872 |           2.97719e-08 | True             | True           |
+----+---------------+--------------+----------+-----------+---------------+-----------------+-------------+-------------------+-----------------------+------------------+----------------+
| 43 |            43 |            1 | curobo   |         0 |       8.38256 |    29.1391      | 0.0499873   |           8.38256 |           0.0499873   | True             | False          |
+----+---------------+--------------+----------+-----------+---------------+-----------------+-------------+-------------------+-----------------------+------------------+----------------+
| 44 |            44 |            1 | curobo   |       100 |       2.04706 |     6.664e-05   | 1.5592e-07  |           2.04706 |           1.5592e-07  | True             | True           |
+----+---------------+--------------+----------+-----------+---------------+-----------------+-------------+-------------------+-----------------------+------------------+----------------+
| 45 |            45 |            1 | curobo   |       100 |       2.02298 |     7.30005e-05 | 1.49655e-07 |           2.02298 |           1.49655e-07 | True             | True           |
+----+---------------+--------------+----------+-----------+---------------+-----------------+-------------+-------------------+-----------------------+------------------+----------------+
| 46 |            46 |            1 | curobo   |       100 |       8.23498 |     1.46372     | 0.0035241   |           8.23498 |           0.0035241   | True             | True           |
+----+---------------+--------------+----------+-----------+---------------+-----------------+-------------+-------------------+-----------------------+------------------+----------------+
| 47 |            47 |            1 | curobo   |       100 |       2.02107 |     0.000214908 | 1.01584e-07 |           2.02107 |           1.01584e-07 | True             | True           |
+----+---------------+--------------+----------+-----------+---------------+-----------------+-------------+-------------------+-----------------------+------------------+----------------+
| 48 |            48 |            1 | curobo   |         0 |       8.28242 |    50.0883      | 0.127227    |           8.28242 |           0.127227    | True             | False          |
+----+---------------+--------------+----------+-----------+---------------+-----------------+-------------+-------------------+-----------------------+------------------+----------------+
| 49 |            49 |            1 | curobo   |       100 |       2.03753 |     6.664e-05   | 1.03329e-07 |           2.03753 |           1.03329e-07 | True             | True           |
+----+---------------+--------------+----------+-----------+---------------+-----------------+-------------+-------------------+-----------------------+------------------+----------------+
... (500 rows total)

============================================================
Averages by Batch Size
============================================================
+------------------+---------------+-----------------+-------------+-----------+---------------------+-------------------+
|                  |   IK-time(ms) |   Pos-Error(mm) |   Ori-Error |   succ(%) |   collision_free(%) |   success_both(%) |
+==================+===============+=================+=============+===========+=====================+===================+
| (1, 'curobo')    |       5.13875 |    12.761       | 0.0322114   |        58 |                  85 |                57 |
+------------------+---------------+-----------------+-------------+-----------+---------------------+-------------------+
| (10, 'curobo')   |       6.45958 |     1.71653     | 0.00366524  |        95 |                  95 |                91 |
+------------------+---------------+-----------------+-------------+-----------+---------------------+-------------------+
| (100, 'curobo')  |       2.18556 |     0.0054628   | 3.48148e-06 |       100 |                  97 |                97 |
+------------------+---------------+-----------------+-------------+-----------+---------------------+-------------------+
| (1000, 'curobo') |       2.30461 |     0.000183888 | 7.43875e-08 |       100 |                  94 |                94 |
+------------------+---------------+-----------------+-------------+-----------+---------------------+-------------------+
| (2000, 'curobo') |       2.43386 |     0.000171768 | 6.80524e-08 |       100 |                  93 |                93 |
+------------------+---------------+-----------------+-------------+-----------+---------------------+-------------------+
============================================================


[OK] wrote /home/plancher/Desktop/HJCD-IK/docs/open-tasks/paper-2026-10-03/paper_results_20261007T155203Z/table_collfree_hand_table_pick_panda.md
## Panda collision-free, table_pick_panda (dataset protocol: panda_hand, goal_pose)

| Batch | curobo Time(ms) | curobo Pos(mm) | curobo Ori(rad) | hjcdik Time(ms) | hjcdik Pos(mm) | hjcdik Ori(rad) | pyroki Time(ms) | pyroki Pos(mm) | pyroki Ori(rad) |
| --- | --- | --- | --- | --- | --- | --- | --- | --- | --- |
| 1 | 5.139 | 12.76 | 0.03221 | 4.916 | inf | inf | 9.205 | 698.3 | 0.4152 |
| 10 | 6.46 | 1.717 | 0.003665 | 3.113 | 0.1746 | 0.003944 | 12.16 | 12.35 | 0.01458 |
| 100 | 2.186 | 0.005463 | 3.481e-06 | 2.969 | 0.1313 | 0.001842 | 12.9 | 0.8429 | 7.667e-04 |
| 1000 | 2.305 | 1.839e-04 | 7.439e-08 | 2.9 | 0.02503 | 5.061e-04 | 21.63 | 0.0633 | 5.097e-05 |
| 2000 | 2.434 | 1.718e-04 | 6.805e-08 | 2.635 | 0.004719 | 3.901e-06 | 32.49 | 0.05708 | 4.423e-05 |

_solvers: curobo: n=100/batch, hjcdik: n=1/batch, pyroki: n=100/batch_
--- set table_under_pick_panda (mb_problems.json) ---
[GRiD] skipping URDF codegen...
[build info] {'num_joints': 7, 'ee_target': 'panda_hand_joint', 'collision_enabled': True, 'grid_header_sha256': '602db0639bc408c26f4d57ebf4623fea868b3c45236a3a3e654defcb3d0f0720', 'cuda_compiler_version': '13.2.86'}
[collision validation] {'model': 'hjcd', 'scope': 'environment-only; non-base spheres', 'finger_joint_origin_y_m': [0.04, -0.04], 'source_sha256': {'csrc/urdf/panda.urdf': '90bb0a412eb12a3af0abb9d5d0f06be3dbbe1a72806b0416dd9769992cb35079', 'external/foam/assets/panda/smaller_panda_spherized.urdf': 'f90e26dcce184014335ce013f62a563425d8b82ba5fecf8a71480a5e0722853e'}}
[info] running 100 targets, batches=[1, 10, 100, 1000, 2000], num_solutions=1, collision_free=True
[info] processed 0/100 targets
[info] processed 50/100 targets

==== Batch Summary (averages) ====
Batch Size 1:
  Time (ms): 4.673555
  Position Error:          inf
  Orientation Error:          inf
  Collision-Free: 99.0% (100 queries)
Batch Size 10:
  Time (ms): 2.719063
  Position Error: 1.519859e-01
  Orientation Error: 1.049686e-03
  Collision-Free: 100.0% (100 queries)
Batch Size 100:
  Time (ms): 2.345331
  Position Error: 5.941164e-02
  Orientation Error: 1.402225e-04
  Collision-Free: 100.0% (100 queries)
Batch Size 1000:
  Time (ms): 2.328122
  Position Error: 1.206428e-02
  Orientation Error: 5.794710e-05
  Collision-Free: 100.0% (100 queries)
Batch Size 2000:
  Time (ms): 2.340422
  Position Error: 8.477775e-06
  Orientation Error: 7.889356e-09
  Collision-Free: 100.0% (100 queries)
[OK] wrote CSV summary /home/plancher/Desktop/HJCD-IK/docs/open-tasks/paper-2026-10-03/paper_results_20261007T155203Z/collfree_hand_table_under_pick_panda_hjcdik.csv

[OK] wrote /home/plancher/Desktop/HJCD-IK/docs/open-tasks/paper-2026-10-03/hjcd/results.yml with 500 query entries (100 targets x 5 batches; up to 1 solutions per query).
2026-10-07 12:05:49.597 | INFO     | pyroki.collision._robot_collision:from_sphere_decomposition:187 - Created RobotCollision (sphere mode) with 13 links, 59 total spheres, and 1230 active pairs.
2026-10-07 12:05:49.755 | INFO     | jaxls._problem:analyze:237 - Building optimization problem with 5 terms and 1 variables: 5 costs, 0 eq_zero, 0 leq_zero, 0 geq_zero
2026-10-07 12:05:49.810 | INFO     | jaxls._problem:analyze:364 - Vectorizing group with 1 costs, 1 variables each: _pose_cost_analytical_jac
2026-10-07 12:05:49.823 | INFO     | jaxls._problem:analyze:364 - Vectorizing group with 1 costs, 1 variables each: limit_residual
2026-10-07 12:05:49.855 | INFO     | jaxls._problem:analyze:364 - Vectorizing group with 1 costs, 1 variables each: world_collision_residual
2026-10-07 12:05:49.880 | INFO     | jaxls._problem:analyze:364 - Vectorizing group with 1 costs, 1 variables each: world_collision_residual
2026-10-07 12:05:49.893 | INFO     | jaxls._problem:analyze:364 - Vectorizing group with 1 costs, 1 variables each: self_collision_residual
2026-10-07 12:05:49.900 | INFO     | jaxls._problem:analyze:451 - Variable elimination: variable IDs are traced; solves will not use elimination
2026-10-07 12:05:51.212 | INFO     | jaxls._problem:analyze:237 - Building optimization problem with 5 terms and 1 variables: 5 costs, 0 eq_zero, 0 leq_zero, 0 geq_zero
2026-10-07 12:05:51.223 | INFO     | jaxls._problem:analyze:364 - Vectorizing group with 1 costs, 1 variables each: world_collision_residual
2026-10-07 12:05:51.231 | INFO     | jaxls._problem:analyze:364 - Vectorizing group with 1 costs, 1 variables each: world_collision_residual
2026-10-07 12:05:51.238 | INFO     | jaxls._problem:analyze:364 - Vectorizing group with 1 costs, 1 variables each: self_collision_residual
2026-10-07 12:05:51.247 | INFO     | jaxls._problem:analyze:364 - Vectorizing group with 1 costs, 1 variables each: _pose_cost_analytical_jac
2026-10-07 12:05:51.252 | INFO     | jaxls._problem:analyze:364 - Vectorizing group with 1 costs, 1 variables each: limit_residual
2026-10-07 12:05:51.254 | INFO     | jaxls._problem:analyze:451 - Variable elimination: variable IDs are traced; solves will not use elimination
2026-10-07 12:05:59.242 | INFO     | jaxls._problem:analyze:237 - Building optimization problem with 5 terms and 1 variables: 5 costs, 0 eq_zero, 0 leq_zero, 0 geq_zero
2026-10-07 12:05:59.253 | INFO     | jaxls._problem:analyze:364 - Vectorizing group with 1 costs, 1 variables each: world_collision_residual
2026-10-07 12:05:59.263 | INFO     | jaxls._problem:analyze:364 - Vectorizing group with 1 costs, 1 variables each: world_collision_residual
2026-10-07 12:05:59.269 | INFO     | jaxls._problem:analyze:364 - Vectorizing group with 1 costs, 1 variables each: limit_residual
2026-10-07 12:05:59.276 | INFO     | jaxls._problem:analyze:364 - Vectorizing group with 1 costs, 1 variables each: self_collision_residual
2026-10-07 12:05:59.285 | INFO     | jaxls._problem:analyze:364 - Vectorizing group with 1 costs, 1 variables each: _pose_cost_analytical_jac
2026-10-07 12:05:59.289 | INFO     | jaxls._problem:analyze:451 - Variable elimination: variable IDs are traced; solves will not use elimination
2026-10-07 12:06:00.338 | INFO     | jaxls._problem:analyze:237 - Building optimization problem with 5 terms and 1 variables: 5 costs, 0 eq_zero, 0 leq_zero, 0 geq_zero
2026-10-07 12:06:00.350 | INFO     | jaxls._problem:analyze:364 - Vectorizing group with 1 costs, 1 variables each: self_collision_residual
2026-10-07 12:06:00.360 | INFO     | jaxls._problem:analyze:364 - Vectorizing group with 1 costs, 1 variables each: world_collision_residual
2026-10-07 12:06:00.368 | INFO     | jaxls._problem:analyze:364 - Vectorizing group with 1 costs, 1 variables each: world_collision_residual
2026-10-07 12:06:00.374 | INFO     | jaxls._problem:analyze:364 - Vectorizing group with 1 costs, 1 variables each: limit_residual
2026-10-07 12:06:00.385 | INFO     | jaxls._problem:analyze:364 - Vectorizing group with 1 costs, 1 variables each: _pose_cost_analytical_jac
2026-10-07 12:06:00.389 | INFO     | jaxls._problem:analyze:451 - Variable elimination: variable IDs are traced; solves will not use elimination
2026-10-07 12:06:09.542 | INFO     | jaxls._problem:analyze:237 - Building optimization problem with 5 terms and 1 variables: 5 costs, 0 eq_zero, 0 leq_zero, 0 geq_zero
2026-10-07 12:06:09.552 | INFO     | jaxls._problem:analyze:364 - Vectorizing group with 1 costs, 1 variables each: limit_residual
2026-10-07 12:06:09.565 | INFO     | jaxls._problem:analyze:364 - Vectorizing group with 1 costs, 1 variables each: _pose_cost_analytical_jac
2026-10-07 12:06:09.572 | INFO     | jaxls._problem:analyze:364 - Vectorizing group with 1 costs, 1 variables each: world_collision_residual
2026-10-07 12:06:09.581 | INFO     | jaxls._problem:analyze:364 - Vectorizing group with 1 costs, 1 variables each: world_collision_residual
2026-10-07 12:06:09.589 | INFO     | jaxls._problem:analyze:364 - Vectorizing group with 1 costs, 1 variables each: self_collision_residual
2026-10-07 12:06:09.593 | INFO     | jaxls._problem:analyze:451 - Variable elimination: variable IDs are traced; solves will not use elimination
2026-10-07 12:06:10.457 | INFO     | jaxls._problem:analyze:237 - Building optimization problem with 5 terms and 1 variables: 5 costs, 0 eq_zero, 0 leq_zero, 0 geq_zero
2026-10-07 12:06:10.467 | INFO     | jaxls._problem:analyze:364 - Vectorizing group with 1 costs, 1 variables each: limit_residual
2026-10-07 12:06:10.745 | INFO     | jaxls._problem:analyze:364 - Vectorizing group with 1 costs, 1 variables each: world_collision_residual
2026-10-07 12:06:10.754 | INFO     | jaxls._problem:analyze:364 - Vectorizing group with 1 costs, 1 variables each: world_collision_residual
2026-10-07 12:06:10.786 | INFO     | jaxls._problem:analyze:364 - Vectorizing group with 1 costs, 1 variables each: _pose_cost_analytical_jac
2026-10-07 12:06:10.793 | INFO     | jaxls._problem:analyze:364 - Vectorizing group with 1 costs, 1 variables each: self_collision_residual
2026-10-07 12:06:10.795 | INFO     | jaxls._problem:analyze:451 - Variable elimination: variable IDs are traced; solves will not use elimination
2026-10-07 12:06:20.315 | INFO     | jaxls._problem:analyze:237 - Building optimization problem with 5 terms and 1 variables: 5 costs, 0 eq_zero, 0 leq_zero, 0 geq_zero
2026-10-07 12:06:20.325 | INFO     | jaxls._problem:analyze:364 - Vectorizing group with 1 costs, 1 variables each: limit_residual
2026-10-07 12:06:20.335 | INFO     | jaxls._problem:analyze:364 - Vectorizing group with 1 costs, 1 variables each: world_collision_residual
2026-10-07 12:06:20.344 | INFO     | jaxls._problem:analyze:364 - Vectorizing group with 1 costs, 1 variables each: world_collision_residual
2026-10-07 12:06:20.351 | INFO     | jaxls._problem:analyze:364 - Vectorizing group with 1 costs, 1 variables each: self_collision_residual
2026-10-07 12:06:20.360 | INFO     | jaxls._problem:analyze:364 - Vectorizing group with 1 costs, 1 variables each: _pose_cost_analytical_jac
2026-10-07 12:06:20.364 | INFO     | jaxls._problem:analyze:451 - Variable elimination: variable IDs are traced; solves will not use elimination
2026-10-07 12:06:21.546 | INFO     | jaxls._problem:analyze:237 - Building optimization problem with 5 terms and 1 variables: 5 costs, 0 eq_zero, 0 leq_zero, 0 geq_zero
2026-10-07 12:06:21.557 | INFO     | jaxls._problem:analyze:364 - Vectorizing group with 1 costs, 1 variables each: world_collision_residual
2026-10-07 12:06:21.566 | INFO     | jaxls._problem:analyze:364 - Vectorizing group with 1 costs, 1 variables each: world_collision_residual
2026-10-07 12:06:21.576 | INFO     | jaxls._problem:analyze:364 - Vectorizing group with 1 costs, 1 variables each: _pose_cost_analytical_jac
2026-10-07 12:06:21.583 | INFO     | jaxls._problem:analyze:364 - Vectorizing group with 1 costs, 1 variables each: self_collision_residual
2026-10-07 12:06:21.587 | INFO     | jaxls._problem:analyze:364 - Vectorizing group with 1 costs, 1 variables each: limit_residual
2026-10-07 12:06:21.589 | INFO     | jaxls._problem:analyze:451 - Variable elimination: variable IDs are traced; solves will not use elimination
2026-10-07 12:06:33.483 | INFO     | jaxls._problem:analyze:237 - Building optimization problem with 5 terms and 1 variables: 5 costs, 0 eq_zero, 0 leq_zero, 0 geq_zero
2026-10-07 12:06:33.495 | INFO     | jaxls._problem:analyze:364 - Vectorizing group with 1 costs, 1 variables each: self_collision_residual
2026-10-07 12:06:33.503 | INFO     | jaxls._problem:analyze:364 - Vectorizing group with 1 costs, 1 variables each: limit_residual
2026-10-07 12:06:33.510 | INFO     | jaxls._problem:analyze:364 - Vectorizing group with 1 costs, 1 variables each: world_collision_residual
2026-10-07 12:06:33.519 | INFO     | jaxls._problem:analyze:364 - Vectorizing group with 1 costs, 1 variables each: world_collision_residual
2026-10-07 12:06:33.528 | INFO     | jaxls._problem:analyze:364 - Vectorizing group with 1 costs, 1 variables each: _pose_cost_analytical_jac
2026-10-07 12:06:33.532 | INFO     | jaxls._problem:analyze:451 - Variable elimination: variable IDs are traced; solves will not use elimination
2026-10-07 12:06:34.763 | INFO     | jaxls._problem:analyze:237 - Building optimization problem with 5 terms and 1 variables: 5 costs, 0 eq_zero, 0 leq_zero, 0 geq_zero
2026-10-07 12:06:34.775 | INFO     | jaxls._problem:analyze:364 - Vectorizing group with 1 costs, 1 variables each: self_collision_residual
2026-10-07 12:06:34.780 | INFO     | jaxls._problem:analyze:364 - Vectorizing group with 1 costs, 1 variables each: limit_residual
2026-10-07 12:06:34.789 | INFO     | jaxls._problem:analyze:364 - Vectorizing group with 1 costs, 1 variables each: _pose_cost_analytical_jac
2026-10-07 12:06:34.796 | INFO     | jaxls._problem:analyze:364 - Vectorizing group with 1 costs, 1 variables each: world_collision_residual
2026-10-07 12:06:34.804 | INFO     | jaxls._problem:analyze:364 - Vectorizing group with 1 costs, 1 variables each: world_collision_residual
2026-10-07 12:06:34.807 | INFO     | jaxls._problem:analyze:451 - Variable elimination: variable IDs are traced; solves will not use elimination
[baseline_bench] collision-free: validating returned q with the shared Panda sphere model (benchmark/panda_collision.py); the 'collision_free' column is populated cuRobo-free.
running...
  pyroki collision model: 59 foam spheres on 11 links, 1230 self pairs, world margin 0.01 m
  pyroki collision-free EE frame: panda_hand; collision costs: on (foam spheres)
  pyroki num_seeds_init: 1
  pyroki num_seeds_init: 10
  pyroki num_seeds_init: 100
  pyroki num_seeds_init: 1000
  pyroki num_seeds_init: 2000
+----+---------------+--------------+----------+-----------+---------------+-----------------+-------------+-------------------+-----------------------+------------------+----------------+
|    |   problem_idx |   Batch-Size | solver   |   succ(%) |   IK-time(ms) |   Pos-Error(mm) |   Ori-Error |   pyroki-time(ms) |   pyroki-ori-err(rad) | collision_free   | success_both   |
+====+===============+==============+==========+===========+===============+=================+=============+===================+=======================+==================+================+
|  0 |             0 |            1 | pyroki   |         0 |       9.06348 |         740.165 |    0.316288 |           9.06348 |              0.316288 | True             | False          |
+----+---------------+--------------+----------+-----------+---------------+-----------------+-------------+-------------------+-----------------------+------------------+----------------+
|  1 |             1 |            1 | pyroki   |         0 |       8.86869 |         674.494 |    0.385764 |           8.86869 |              0.385764 | True             | False          |
+----+---------------+--------------+----------+-----------+---------------+-----------------+-------------+-------------------+-----------------------+------------------+----------------+
|  2 |             2 |            1 | pyroki   |         0 |       8.76689 |         805.933 |    0.534141 |           8.76689 |              0.534141 | True             | False          |
+----+---------------+--------------+----------+-----------+---------------+-----------------+-------------+-------------------+-----------------------+------------------+----------------+
|  3 |             3 |            1 | pyroki   |         0 |       8.57925 |         621.445 |    0.326838 |           8.57925 |              0.326838 | True             | False          |
+----+---------------+--------------+----------+-----------+---------------+-----------------+-------------+-------------------+-----------------------+------------------+----------------+
|  4 |             4 |            1 | pyroki   |         0 |       8.22425 |         828.877 |    0.569544 |           8.22425 |              0.569544 | True             | False          |
+----+---------------+--------------+----------+-----------+---------------+-----------------+-------------+-------------------+-----------------------+------------------+----------------+
|  5 |             5 |            1 | pyroki   |         0 |       8.22783 |         609.644 |    0.183902 |           8.22783 |              0.183902 | True             | False          |
+----+---------------+--------------+----------+-----------+---------------+-----------------+-------------+-------------------+-----------------------+------------------+----------------+
|  6 |             6 |            1 | pyroki   |         0 |       7.75909 |         829.099 |    0.498416 |           7.75909 |              0.498416 | True             | False          |
+----+---------------+--------------+----------+-----------+---------------+-----------------+-------------+-------------------+-----------------------+------------------+----------------+
|  7 |             7 |            1 | pyroki   |         0 |       7.56574 |         795.118 |    0.514996 |           7.56574 |              0.514996 | True             | False          |
+----+---------------+--------------+----------+-----------+---------------+-----------------+-------------+-------------------+-----------------------+------------------+----------------+
|  8 |             8 |            1 | pyroki   |         0 |       7.53522 |         676.319 |    0.305925 |           7.53522 |              0.305925 | True             | False          |
+----+---------------+--------------+----------+-----------+---------------+-----------------+-------------+-------------------+-----------------------+------------------+----------------+
|  9 |             9 |            1 | pyroki   |         0 |       8.65221 |         694.725 |    0.365803 |           8.65221 |              0.365803 | True             | False          |
+----+---------------+--------------+----------+-----------+---------------+-----------------+-------------+-------------------+-----------------------+------------------+----------------+
| 10 |            10 |            1 | pyroki   |         0 |       8.24213 |         576.649 |    0.199717 |           8.24213 |              0.199717 | True             | False          |
+----+---------------+--------------+----------+-----------+---------------+-----------------+-------------+-------------------+-----------------------+------------------+----------------+
| 11 |            11 |            1 | pyroki   |         0 |       8.33917 |         786.392 |    0.399807 |           8.33917 |              0.399807 | True             | False          |
+----+---------------+--------------+----------+-----------+---------------+-----------------+-------------+-------------------+-----------------------+------------------+----------------+
| 12 |            12 |            1 | pyroki   |         0 |       7.97081 |         736.032 |    0.339882 |           7.97081 |              0.339882 | True             | False          |
+----+---------------+--------------+----------+-----------+---------------+-----------------+-------------+-------------------+-----------------------+------------------+----------------+
| 13 |            13 |            1 | pyroki   |         0 |       8.65841 |         674.733 |    0.461576 |           8.65841 |              0.461576 | True             | False          |
+----+---------------+--------------+----------+-----------+---------------+-----------------+-------------+-------------------+-----------------------+------------------+----------------+
| 14 |            14 |            1 | pyroki   |         0 |       8.73828 |         625.031 |    0.485993 |           8.73828 |              0.485993 | True             | False          |
+----+---------------+--------------+----------+-----------+---------------+-----------------+-------------+-------------------+-----------------------+------------------+----------------+
| 15 |            15 |            1 | pyroki   |         0 |       9.04107 |         747.513 |    0.309822 |           9.04107 |              0.309822 | True             | False          |
+----+---------------+--------------+----------+-----------+---------------+-----------------+-------------+-------------------+-----------------------+------------------+----------------+
| 16 |            16 |            1 | pyroki   |         0 |       8.06093 |         658.962 |    0.353658 |           8.06093 |              0.353658 | True             | False          |
+----+---------------+--------------+----------+-----------+---------------+-----------------+-------------+-------------------+-----------------------+------------------+----------------+
| 17 |            17 |            1 | pyroki   |         0 |       9.15623 |         817.241 |    0.850634 |           9.15623 |              0.850634 | True             | False          |
+----+---------------+--------------+----------+-----------+---------------+-----------------+-------------+-------------------+-----------------------+------------------+----------------+
| 18 |            18 |            1 | pyroki   |         0 |       8.60119 |         685.256 |    0.224301 |           8.60119 |              0.224301 | True             | False          |
+----+---------------+--------------+----------+-----------+---------------+-----------------+-------------+-------------------+-----------------------+------------------+----------------+
| 19 |            19 |            1 | pyroki   |         0 |       8.72993 |         763.836 |    0.248403 |           8.72993 |              0.248403 | True             | False          |
+----+---------------+--------------+----------+-----------+---------------+-----------------+-------------+-------------------+-----------------------+------------------+----------------+
| 20 |            20 |            1 | pyroki   |         0 |       9.34935 |         749.815 |    0.261714 |           9.34935 |              0.261714 | True             | False          |
+----+---------------+--------------+----------+-----------+---------------+-----------------+-------------+-------------------+-----------------------+------------------+----------------+
| 21 |            21 |            1 | pyroki   |         0 |       9.01628 |         716.814 |    0.215428 |           9.01628 |              0.215428 | True             | False          |
+----+---------------+--------------+----------+-----------+---------------+-----------------+-------------+-------------------+-----------------------+------------------+----------------+
| 22 |            22 |            1 | pyroki   |         0 |       9.6221  |         733.306 |    0.23067  |           9.6221  |              0.23067  | True             | False          |
+----+---------------+--------------+----------+-----------+---------------+-----------------+-------------+-------------------+-----------------------+------------------+----------------+
| 23 |            23 |            1 | pyroki   |         0 |       8.24404 |         764.26  |    0.445039 |           8.24404 |              0.445039 | True             | False          |
+----+---------------+--------------+----------+-----------+---------------+-----------------+-------------+-------------------+-----------------------+------------------+----------------+
| 24 |            24 |            1 | pyroki   |         0 |       8.26001 |         717.324 |    0.257246 |           8.26001 |              0.257246 | True             | False          |
+----+---------------+--------------+----------+-----------+---------------+-----------------+-------------+-------------------+-----------------------+------------------+----------------+
| 25 |            25 |            1 | pyroki   |         0 |       9.1722  |         769.722 |    0.199892 |           9.1722  |              0.199892 | True             | False          |
+----+---------------+--------------+----------+-----------+---------------+-----------------+-------------+-------------------+-----------------------+------------------+----------------+
| 26 |            26 |            1 | pyroki   |         0 |       9.19247 |         741.857 |    0.277351 |           9.19247 |              0.277351 | True             | False          |
+----+---------------+--------------+----------+-----------+---------------+-----------------+-------------+-------------------+-----------------------+------------------+----------------+
| 27 |            27 |            1 | pyroki   |         0 |       9.38153 |         715.131 |    0.204174 |           9.38153 |              0.204174 | True             | False          |
+----+---------------+--------------+----------+-----------+---------------+-----------------+-------------+-------------------+-----------------------+------------------+----------------+
| 28 |            28 |            1 | pyroki   |         0 |       8.70252 |         605.28  |    0.393208 |           8.70252 |              0.393208 | True             | False          |
+----+---------------+--------------+----------+-----------+---------------+-----------------+-------------+-------------------+-----------------------+------------------+----------------+
| 29 |            29 |            1 | pyroki   |         0 |       9.30524 |         549.052 |    0.154215 |           9.30524 |              0.154215 | True             | False          |
+----+---------------+--------------+----------+-----------+---------------+-----------------+-------------+-------------------+-----------------------+------------------+----------------+
| 30 |            30 |            1 | pyroki   |         0 |       9.3205  |         801.43  |    0.603696 |           9.3205  |              0.603696 | True             | False          |
+----+---------------+--------------+----------+-----------+---------------+-----------------+-------------+-------------------+-----------------------+------------------+----------------+
| 31 |            31 |            1 | pyroki   |         0 |       9.22346 |         537.386 |    0.191616 |           9.22346 |              0.191616 | True             | False          |
+----+---------------+--------------+----------+-----------+---------------+-----------------+-------------+-------------------+-----------------------+------------------+----------------+
| 32 |            32 |            1 | pyroki   |         0 |       8.42619 |         616.403 |    0.514181 |           8.42619 |              0.514181 | True             | False          |
+----+---------------+--------------+----------+-----------+---------------+-----------------+-------------+-------------------+-----------------------+------------------+----------------+
| 33 |            33 |            1 | pyroki   |         0 |       9.10282 |         519.877 |    0.460216 |           9.10282 |              0.460216 | True             | False          |
+----+---------------+--------------+----------+-----------+---------------+-----------------+-------------+-------------------+-----------------------+------------------+----------------+
| 34 |            34 |            1 | pyroki   |         0 |       8.74352 |         631.525 |    0.49496  |           8.74352 |              0.49496  | True             | False          |
+----+---------------+--------------+----------+-----------+---------------+-----------------+-------------+-------------------+-----------------------+------------------+----------------+
| 35 |            35 |            1 | pyroki   |         0 |       8.43859 |         719.99  |    0.234723 |           8.43859 |              0.234723 | True             | False          |
+----+---------------+--------------+----------+-----------+---------------+-----------------+-------------+-------------------+-----------------------+------------------+----------------+
| 36 |            36 |            1 | pyroki   |         0 |       9.11999 |         627.767 |    0.462671 |           9.11999 |              0.462671 | True             | False          |
+----+---------------+--------------+----------+-----------+---------------+-----------------+-------------+-------------------+-----------------------+------------------+----------------+
| 37 |            37 |            1 | pyroki   |         0 |       9.34696 |         711.037 |    0.532354 |           9.34696 |              0.532354 | True             | False          |
+----+---------------+--------------+----------+-----------+---------------+-----------------+-------------+-------------------+-----------------------+------------------+----------------+
| 38 |            38 |            1 | pyroki   |         0 |       8.75783 |         577.236 |    0.236491 |           8.75783 |              0.236491 | True             | False          |
+----+---------------+--------------+----------+-----------+---------------+-----------------+-------------+-------------------+-----------------------+------------------+----------------+
| 39 |            39 |            1 | pyroki   |         0 |       8.68416 |         718.402 |    0.511548 |           8.68416 |              0.511548 | True             | False          |
+----+---------------+--------------+----------+-----------+---------------+-----------------+-------------+-------------------+-----------------------+------------------+----------------+
| 40 |            40 |            1 | pyroki   |         0 |       9.47022 |         806.95  |    0.44676  |           9.47022 |              0.44676  | True             | False          |
+----+---------------+--------------+----------+-----------+---------------+-----------------+-------------+-------------------+-----------------------+------------------+----------------+
| 41 |            41 |            1 | pyroki   |         0 |       8.94475 |         592.714 |    0.411805 |           8.94475 |              0.411805 | True             | False          |
+----+---------------+--------------+----------+-----------+---------------+-----------------+-------------+-------------------+-----------------------+------------------+----------------+
| 42 |            42 |            1 | pyroki   |         0 |       8.39138 |         722.119 |    0.209704 |           8.39138 |              0.209704 | True             | False          |
+----+---------------+--------------+----------+-----------+---------------+-----------------+-------------+-------------------+-----------------------+------------------+----------------+
| 43 |            43 |            1 | pyroki   |         0 |       8.05449 |         742.387 |    0.249383 |           8.05449 |              0.249383 | True             | False          |
+----+---------------+--------------+----------+-----------+---------------+-----------------+-------------+-------------------+-----------------------+------------------+----------------+
| 44 |            44 |            1 | pyroki   |         0 |       8.56733 |         703.35  |    0.259731 |           8.56733 |              0.259731 | True             | False          |
+----+---------------+--------------+----------+-----------+---------------+-----------------+-------------+-------------------+-----------------------+------------------+----------------+
| 45 |            45 |            1 | pyroki   |         0 |       9.10044 |         706.474 |    0.450985 |           9.10044 |              0.450985 | True             | False          |
+----+---------------+--------------+----------+-----------+---------------+-----------------+-------------+-------------------+-----------------------+------------------+----------------+
| 46 |            46 |            1 | pyroki   |         0 |       9.23157 |         689.03  |    0.443105 |           9.23157 |              0.443105 | True             | False          |
+----+---------------+--------------+----------+-----------+---------------+-----------------+-------------+-------------------+-----------------------+------------------+----------------+
| 47 |            47 |            1 | pyroki   |         0 |       8.84175 |         561.157 |    0.425755 |           8.84175 |              0.425755 | True             | False          |
+----+---------------+--------------+----------+-----------+---------------+-----------------+-------------+-------------------+-----------------------+------------------+----------------+
| 48 |            48 |            1 | pyroki   |         0 |       8.07357 |         622.885 |    0.498284 |           8.07357 |              0.498284 | True             | False          |
+----+---------------+--------------+----------+-----------+---------------+-----------------+-------------+-------------------+-----------------------+------------------+----------------+
| 49 |            49 |            1 | pyroki   |         0 |       8.46648 |         731.434 |    0.421772 |           8.46648 |              0.421772 | True             | False          |
+----+---------------+--------------+----------+-----------+---------------+-----------------+-------------+-------------------+-----------------------+------------------+----------------+
... (500 rows total)

============================================================
Averages by Batch Size
============================================================
+------------------+---------------+-----------------+-------------+-----------+---------------------+-------------------+
|                  |   IK-time(ms) |   Pos-Error(mm) |   Ori-Error |   succ(%) |   collision_free(%) |   success_both(%) |
+==================+===============+=================+=============+===========+=====================+===================+
| (1, 'pyroki')    |       8.74558 |     694.525     | 0.407618    |         0 |                 100 |                 0 |
+------------------+---------------+-----------------+-------------+-----------+---------------------+-------------------+
| (10, 'pyroki')   |      10.695   |       7.74514   | 0.00478568  |        78 |                  96 |                78 |
+------------------+---------------+-----------------+-------------+-----------+---------------------+-------------------+
| (100, 'pyroki')  |      12.6506  |       0.577175  | 0.000395632 |        96 |                 100 |                96 |
+------------------+---------------+-----------------+-------------+-----------+---------------------+-------------------+
| (1000, 'pyroki') |      22.2048  |       0.0588563 | 3.62965e-05 |       100 |                 100 |               100 |
+------------------+---------------+-----------------+-------------+-----------+---------------------+-------------------+
| (2000, 'pyroki') |      30.8706  |       0.0486513 | 2.90822e-05 |       100 |                 100 |               100 |
+------------------+---------------+-----------------+-------------+-----------+---------------------+-------------------+
============================================================

[baseline_bench] collision-free: validating returned q with the shared Panda sphere model (benchmark/panda_collision.py); the 'collision_free' column is populated cuRobo-free.
running...
  curobo num_seeds: 1
  curobo num_seeds: 10
  curobo num_seeds: 100
  curobo num_seeds: 1000
  curobo num_seeds: 2000
+----+---------------+--------------+----------+-----------+---------------+-----------------+-------------+-------------------+-----------------------+------------------+----------------+
|    |   problem_idx |   Batch-Size | solver   |   succ(%) |   IK-time(ms) |   Pos-Error(mm) |   Ori-Error |   curobo-time(ms) |   curobo-ori-err(rad) | collision_free   | success_both   |
+====+===============+==============+==========+===========+===============+=================+=============+===================+=======================+==================+================+
|  0 |             0 |            1 | curobo   |         0 |       8.65865 |    42.6176      | 0.129518    |           8.65865 |           0.129518    | True             | False          |
+----+---------------+--------------+----------+-----------+---------------+-----------------+-------------+-------------------+-----------------------+------------------+----------------+
|  1 |             1 |            1 | curobo   |       100 |       2.1348  |     6.664e-05   | 1.04111e-07 |           2.1348  |           1.04111e-07 | True             | True           |
+----+---------------+--------------+----------+-----------+---------------+-----------------+-------------+-------------------+-----------------------+------------------+----------------+
|  2 |             2 |            1 | curobo   |       100 |       8.72517 |     2.22136     | 0.00701437  |           8.72517 |           0.00701437  | True             | True           |
+----+---------------+--------------+----------+-----------+---------------+-----------------+-------------+-------------------+-----------------------+------------------+----------------+
|  3 |             3 |            1 | curobo   |         0 |       8.65078 |    10.4936      | 0.111504    |           8.65078 |           0.111504    | True             | False          |
+----+---------------+--------------+----------+-----------+---------------+-----------------+-------------+-------------------+-----------------------+------------------+----------------+
|  4 |             4 |            1 | curobo   |       100 |       2.10261 |     0.00139148  | 2.81947e-07 |           2.10261 |           2.81947e-07 | True             | True           |
+----+---------------+--------------+----------+-----------+---------------+-----------------+-------------+-------------------+-----------------------+------------------+----------------+
|  5 |             5 |            1 | curobo   |         0 |       8.80218 |    41.648       | 0.113869    |           8.80218 |           0.113869    | True             | False          |
+----+---------------+--------------+----------+-----------+---------------+-----------------+-------------+-------------------+-----------------------+------------------+----------------+
|  6 |             6 |            1 | curobo   |       100 |       2.12288 |     3.332e-05   | 8.52908e-08 |           2.12288 |           8.52908e-08 | True             | True           |
+----+---------------+--------------+----------+-----------+---------------+-----------------+-------------+-------------------+-----------------------+------------------+----------------+
|  7 |             7 |            1 | curobo   |         0 |       8.58903 |    74.4699      | 0.19814     |           8.58903 |           0.19814     | True             | False          |
+----+---------------+--------------+----------+-----------+---------------+-----------------+-------------+-------------------+-----------------------+------------------+----------------+
|  8 |             8 |            1 | curobo   |       100 |       2.1143  |     8.9407e-05  | 9.59153e-08 |           2.1143  |           9.59153e-08 | True             | True           |
+----+---------------+--------------+----------+-----------+---------------+-----------------+-------------+-------------------+-----------------------+------------------+----------------+
|  9 |             9 |            1 | curobo   |         0 |       8.60953 |    40.2095      | 0.082156    |           8.60953 |           0.082156    | True             | False          |
+----+---------------+--------------+----------+-----------+---------------+-----------------+-------------+-------------------+-----------------------+------------------+----------------+
| 10 |            10 |            1 | curobo   |       100 |       2.11358 |     0.000112501 | 1.29693e-07 |           2.11358 |           1.29693e-07 | True             | True           |
+----+---------------+--------------+----------+-----------+---------------+-----------------+-------------+-------------------+-----------------------+------------------+----------------+
| 11 |            11 |            1 | curobo   |       100 |       2.11811 |     0.00407721  | 6.55833e-07 |           2.11811 |           6.55833e-07 | True             | True           |
+----+---------------+--------------+----------+-----------+---------------+-----------------+-------------+-------------------+-----------------------+------------------+----------------+
| 12 |            12 |            1 | curobo   |         0 |       8.74639 |    31.7814      | 0.0995324   |           8.74639 |           0.0995324   | True             | False          |
+----+---------------+--------------+----------+-----------+---------------+-----------------+-------------+-------------------+-----------------------+------------------+----------------+
| 13 |            13 |            1 | curobo   |       100 |       8.61764 |     2.70446     | 0.00159075  |           8.61764 |           0.00159075  | True             | True           |
+----+---------------+--------------+----------+-----------+---------------+-----------------+-------------+-------------------+-----------------------+------------------+----------------+
| 14 |            14 |            1 | curobo   |         0 |       8.461   |    17.1946      | 0.0486481   |           8.461   |           0.0486481   | True             | False          |
+----+---------------+--------------+----------+-----------+---------------+-----------------+-------------+-------------------+-----------------------+------------------+----------------+
| 15 |            15 |            1 | curobo   |       100 |       2.11191 |     0.000122878 | 1.02333e-07 |           2.11191 |           1.02333e-07 | True             | True           |
+----+---------------+--------------+----------+-----------+---------------+-----------------+-------------+-------------------+-----------------------+------------------+----------------+
| 16 |            16 |            1 | curobo   |       100 |       2.09928 |     6.664e-05   | 1.49148e-07 |           2.09928 |           1.49148e-07 | True             | True           |
+----+---------------+--------------+----------+-----------+---------------+-----------------+-------------+-------------------+-----------------------+------------------+----------------+
| 17 |            17 |            1 | curobo   |         0 |       8.65769 |    13.1141      | 0.0787203   |           8.65769 |           0.0787203   | True             | False          |
+----+---------------+--------------+----------+-----------+---------------+-----------------+-------------+-------------------+-----------------------+------------------+----------------+
| 18 |            18 |            1 | curobo   |       100 |       2.08664 |     0.000249789 | 1.60591e-07 |           2.08664 |           1.60591e-07 | True             | True           |
+----+---------------+--------------+----------+-----------+---------------+-----------------+-------------+-------------------+-----------------------+------------------+----------------+
| 19 |            19 |            1 | curobo   |       100 |       2.12216 |     8.02452e-05 | 7.46811e-08 |           2.12216 |           7.46811e-08 | True             | True           |
+----+---------------+--------------+----------+-----------+---------------+-----------------+-------------+-------------------+-----------------------+------------------+----------------+
| 20 |            20 |            1 | curobo   |         0 |       8.63409 |    34.6622      | 0.0564139   |           8.63409 |           0.0564139   | False            | False          |
+----+---------------+--------------+----------+-----------+---------------+-----------------+-------------+-------------------+-----------------------+------------------+----------------+
| 21 |            21 |            1 | curobo   |       100 |       2.12216 |     4.21468e-05 | 1.6965e-07  |           2.12216 |           1.6965e-07  | True             | True           |
+----+---------------+--------------+----------+-----------+---------------+-----------------+-------------+-------------------+-----------------------+------------------+----------------+
| 22 |            22 |            1 | curobo   |         0 |       8.73899 |    57.0615      | 0.0933505   |           8.73899 |           0.0933505   | True             | False          |
+----+---------------+--------------+----------+-----------+---------------+-----------------+-------------+-------------------+-----------------------+------------------+----------------+
| 23 |            23 |            1 | curobo   |         0 |       8.6422  |     0.000108482 | 1.1431e-07  |           8.6422  |           1.1431e-07  | False            | False          |
+----+---------------+--------------+----------+-----------+---------------+-----------------+-------------+-------------------+-----------------------+------------------+----------------+
| 24 |            24 |            1 | curobo   |       100 |       8.53705 |     2.98023e-05 | 6.38753e-08 |           8.53705 |           6.38753e-08 | True             | True           |
+----+---------------+--------------+----------+-----------+---------------+-----------------+-------------+-------------------+-----------------------+------------------+----------------+
| 25 |            25 |            1 | curobo   |       100 |       8.6875  |     0.000103238 | 5.88864e-08 |           8.6875  |           5.88864e-08 | True             | True           |
+----+---------------+--------------+----------+-----------+---------------+-----------------+-------------+-------------------+-----------------------+------------------+----------------+
| 26 |            26 |            1 | curobo   |       100 |       2.12073 |     0.000122878 | 8.33805e-08 |           2.12073 |           8.33805e-08 | True             | True           |
+----+---------------+--------------+----------+-----------+---------------+-----------------+-------------+-------------------+-----------------------+------------------+----------------+
| 27 |            27 |            1 | curobo   |       100 |       8.60381 |     1.5008      | 0.00813159  |           8.60381 |           0.00813159  | True             | True           |
+----+---------------+--------------+----------+-----------+---------------+-----------------+-------------+-------------------+-----------------------+------------------+----------------+
| 28 |            28 |            1 | curobo   |       100 |       2.1174  |     0.000183449 | 1.51098e-07 |           2.1174  |           1.51098e-07 | True             | True           |
+----+---------------+--------------+----------+-----------+---------------+-----------------+-------------+-------------------+-----------------------+------------------+----------------+
| 29 |            29 |            1 | curobo   |       100 |       2.10428 |     8.9407e-05  | 4.16092e-08 |           2.10428 |           4.16092e-08 | True             | True           |
+----+---------------+--------------+----------+-----------+---------------+-----------------+-------------+-------------------+-----------------------+------------------+----------------+
| 30 |            30 |            1 | curobo   |       100 |       8.53753 |     6.664e-05   | 4.20684e-08 |           8.53753 |           4.20684e-08 | True             | True           |
+----+---------------+--------------+----------+-----------+---------------+-----------------+-------------+-------------------+-----------------------+------------------+----------------+
| 31 |            31 |            1 | curobo   |         0 |       8.62741 |     8.69418     | 0.0142186   |           8.62741 |           0.0142186   | True             | False          |
+----+---------------+--------------+----------+-----------+---------------+-----------------+-------------+-------------------+-----------------------+------------------+----------------+
| 32 |            32 |            1 | curobo   |       100 |       8.58235 |     1.89232     | 0.00960834  |           8.58235 |           0.00960834  | True             | True           |
+----+---------------+--------------+----------+-----------+---------------+-----------------+-------------+-------------------+-----------------------+------------------+----------------+
| 33 |            33 |            1 | curobo   |       100 |       2.11263 |     7.30005e-05 | 4.52664e-08 |           2.11263 |           4.52664e-08 | True             | True           |
+----+---------------+--------------+----------+-----------+---------------+-----------------+-------------+-------------------+-----------------------+------------------+----------------+
| 34 |            34 |            1 | curobo   |       100 |       8.57592 |     0           | 1.60893e-07 |           8.57592 |           1.60893e-07 | True             | True           |
+----+---------------+--------------+----------+-----------+---------------+-----------------+-------------+-------------------+-----------------------+------------------+----------------+
| 35 |            35 |            1 | curobo   |       100 |       2.10214 |     0           | 1.54324e-07 |           2.10214 |           1.54324e-07 | False            | False          |
+----+---------------+--------------+----------+-----------+---------------+-----------------+-------------+-------------------+-----------------------+------------------+----------------+
| 36 |            36 |            1 | curobo   |       100 |       8.63576 |     0.806504    | 0.00355204  |           8.63576 |           0.00355204  | True             | True           |
+----+---------------+--------------+----------+-----------+---------------+-----------------+-------------+-------------------+-----------------------+------------------+----------------+
| 37 |            37 |            1 | curobo   |       100 |       2.09045 |     8.56007e-05 | 1.03736e-07 |           2.09045 |           1.03736e-07 | True             | True           |
+----+---------------+--------------+----------+-----------+---------------+-----------------+-------------+-------------------+-----------------------+------------------+----------------+
| 38 |            38 |            1 | curobo   |       100 |       2.09665 |     6.664e-05   | 1.33885e-08 |           2.09665 |           1.33885e-08 | True             | True           |
+----+---------------+--------------+----------+-----------+---------------+-----------------+-------------+-------------------+-----------------------+------------------+----------------+
| 39 |            39 |            1 | curobo   |       100 |       2.09975 |     3.07195e-05 | 1.56013e-07 |           2.09975 |           1.56013e-07 | True             | True           |
+----+---------------+--------------+----------+-----------+---------------+-----------------+-------------+-------------------+-----------------------+------------------+----------------+
| 40 |            40 |            1 | curobo   |       100 |       2.09808 |     5.96046e-05 | 1.53373e-07 |           2.09808 |           1.53373e-07 | True             | True           |
+----+---------------+--------------+----------+-----------+---------------+-----------------+-------------+-------------------+-----------------------+------------------+----------------+
| 41 |            41 |            1 | curobo   |       100 |       2.08974 |     0.000123104 | 8.36376e-08 |           2.08974 |           8.36376e-08 | True             | True           |
+----+---------------+--------------+----------+-----------+---------------+-----------------+-------------+-------------------+-----------------------+------------------+----------------+
| 42 |            42 |            1 | curobo   |       100 |       2.12049 |     0           | 1.0306e-07  |           2.12049 |           1.0306e-07  | True             | True           |
+----+---------------+--------------+----------+-----------+---------------+-----------------+-------------+-------------------+-----------------------+------------------+----------------+
| 43 |            43 |            1 | curobo   |       100 |       8.58879 |     0           | 1.74734e-07 |           8.58879 |           1.74734e-07 | True             | True           |
+----+---------------+--------------+----------+-----------+---------------+-----------------+-------------+-------------------+-----------------------+------------------+----------------+
| 44 |            44 |            1 | curobo   |       100 |       8.61073 |     2.81566     | 0.0264982   |           8.61073 |           0.0264982   | True             | True           |
+----+---------------+--------------+----------+-----------+---------------+-----------------+-------------+-------------------+-----------------------+------------------+----------------+
| 45 |            45 |            1 | curobo   |       100 |       8.64029 |     2.52587     | 0.0113949   |           8.64029 |           0.0113949   | True             | True           |
+----+---------------+--------------+----------+-----------+---------------+-----------------+-------------+-------------------+-----------------------+------------------+----------------+
| 46 |            46 |            1 | curobo   |       100 |       2.08879 |     2.23517e-05 | 4.09082e-08 |           2.08879 |           4.09082e-08 | True             | True           |
+----+---------------+--------------+----------+-----------+---------------+-----------------+-------------+-------------------+-----------------------+------------------+----------------+
| 47 |            47 |            1 | curobo   |       100 |       2.10142 |     5.37269e-05 | 9.87893e-08 |           2.10142 |           9.87893e-08 | True             | True           |
+----+---------------+--------------+----------+-----------+---------------+-----------------+-------------+-------------------+-----------------------+------------------+----------------+
| 48 |            48 |            1 | curobo   |         0 |       8.66008 |    32.583       | 0.0944352   |           8.66008 |           0.0944352   | False            | False          |
+----+---------------+--------------+----------+-----------+---------------+-----------------+-------------+-------------------+-----------------------+------------------+----------------+
| 49 |            49 |            1 | curobo   |       100 |       2.1131  |     0.000107555 | 7.83361e-08 |           2.1131  |           7.83361e-08 | True             | True           |
+----+---------------+--------------+----------+-----------+---------------+-----------------+-------------+-------------------+-----------------------+------------------+----------------+
... (500 rows total)

============================================================
Averages by Batch Size
============================================================
+------------------+---------------+-----------------+-------------+-----------+---------------------+-------------------+
|                  |   IK-time(ms) |   Pos-Error(mm) |   Ori-Error |   succ(%) |   collision_free(%) |   success_both(%) |
+==================+===============+=================+=============+===========+=====================+===================+
| (1, 'curobo')    |       5.51042 |    13.1885      | 0.0302583   |        64 |                  90 |                60 |
+------------------+---------------+-----------------+-------------+-----------+---------------------+-------------------+
| (10, 'curobo')   |       6.02498 |     0.0994922   | 0.000138297 |       100 |                  91 |                91 |
+------------------+---------------+-----------------+-------------+-----------+---------------------+-------------------+
| (100, 'curobo')  |       2.12504 |     0.00020566  | 1.3604e-07  |       100 |                  91 |                91 |
+------------------+---------------+-----------------+-------------+-----------+---------------------+-------------------+
| (1000, 'curobo') |       2.31804 |     5.94054e-05 | 6.05452e-08 |       100 |                  89 |                89 |
+------------------+---------------+-----------------+-------------+-----------+---------------------+-------------------+
| (2000, 'curobo') |       2.43607 |     4.83771e-05 | 6.26195e-08 |       100 |                  90 |                90 |
+------------------+---------------+-----------------+-------------+-----------+---------------------+-------------------+
============================================================


[OK] wrote /home/plancher/Desktop/HJCD-IK/docs/open-tasks/paper-2026-10-03/paper_results_20261007T155203Z/table_collfree_hand_table_under_pick_panda.md
## Panda collision-free, table_under_pick_panda (dataset protocol: panda_hand, goal_pose)

| Batch | curobo Time(ms) | curobo Pos(mm) | curobo Ori(rad) | hjcdik Time(ms) | hjcdik Pos(mm) | hjcdik Ori(rad) | pyroki Time(ms) | pyroki Pos(mm) | pyroki Ori(rad) |
| --- | --- | --- | --- | --- | --- | --- | --- | --- | --- |
| 1 | 5.51 | 13.19 | 0.03026 | 4.674 | inf | inf | 8.746 | 694.5 | 0.4076 |
| 10 | 6.025 | 0.09949 | 1.383e-04 | 2.719 | 0.152 | 0.00105 | 10.7 | 7.745 | 0.004786 |
| 100 | 2.125 | 2.057e-04 | 1.360e-07 | 2.345 | 0.05941 | 1.402e-04 | 12.65 | 0.5772 | 3.956e-04 |
| 1000 | 2.318 | 5.941e-05 | 6.055e-08 | 2.328 | 0.01206 | 5.795e-05 | 22.2 | 0.05886 | 3.630e-05 |
| 2000 | 2.436 | 4.838e-05 | 6.262e-08 | 2.34 | 8.478e-06 | 7.889e-09 | 30.87 | 0.04865 | 2.908e-05 |

_solvers: curobo: n=100/batch, hjcdik: n=1/batch, pyroki: n=100/batch_
--- set kitchen_panda (mb_extra_panda.json) ---
[GRiD] skipping URDF codegen...
[build info] {'num_joints': 7, 'ee_target': 'panda_hand_joint', 'collision_enabled': True, 'grid_header_sha256': '602db0639bc408c26f4d57ebf4623fea868b3c45236a3a3e654defcb3d0f0720', 'cuda_compiler_version': '13.2.86'}
[collision validation] {'model': 'hjcd', 'scope': 'environment-only; non-base spheres', 'finger_joint_origin_y_m': [0.04, -0.04], 'source_sha256': {'csrc/urdf/panda.urdf': '90bb0a412eb12a3af0abb9d5d0f06be3dbbe1a72806b0416dd9769992cb35079', 'external/foam/assets/panda/smaller_panda_spherized.urdf': 'f90e26dcce184014335ce013f62a563425d8b82ba5fecf8a71480a5e0722853e'}}
[info] running 100 targets, batches=[1, 10, 100, 1000, 2000], num_solutions=1, collision_free=True
[info] processed 0/100 targets
[info] processed 50/100 targets

==== Batch Summary (averages) ====
Batch Size 1:
  Time (ms): 3.984027
  Position Error: 1.189325e+01
  Orientation Error: 2.995627e-02
  Collision-Free: 100.0% (100 queries)
Batch Size 10:
  Time (ms): 1.824158
  Position Error: 1.436912e-01
  Orientation Error: 1.560592e-03
  Collision-Free: 100.0% (100 queries)
Batch Size 100:
  Time (ms): 1.684998
  Position Error: 2.045305e-01
  Orientation Error: 1.266310e-03
  Collision-Free: 100.0% (100 queries)
Batch Size 1000:
  Time (ms): 1.784310
  Position Error: 1.968997e-01
  Orientation Error: 1.261455e-03
  Collision-Free: 100.0% (100 queries)
Batch Size 2000:
  Time (ms): 1.826301
  Position Error: 2.119758e-01
  Orientation Error: 2.935946e-04
  Collision-Free: 100.0% (100 queries)
[OK] wrote CSV summary /home/plancher/Desktop/HJCD-IK/docs/open-tasks/paper-2026-10-03/paper_results_20261007T155203Z/collfree_hand_kitchen_panda_hjcdik.csv

[OK] wrote /home/plancher/Desktop/HJCD-IK/docs/open-tasks/paper-2026-10-03/hjcd/results.yml with 500 query entries (100 targets x 5 batches; up to 1 solutions per query).
2026-10-07 12:07:13.705 | INFO     | pyroki.collision._robot_collision:from_sphere_decomposition:187 - Created RobotCollision (sphere mode) with 13 links, 59 total spheres, and 1230 active pairs.
2026-10-07 12:07:13.865 | INFO     | jaxls._problem:analyze:237 - Building optimization problem with 5 terms and 1 variables: 5 costs, 0 eq_zero, 0 leq_zero, 0 geq_zero
2026-10-07 12:07:13.920 | INFO     | jaxls._problem:analyze:364 - Vectorizing group with 1 costs, 1 variables each: _pose_cost_analytical_jac
2026-10-07 12:07:13.934 | INFO     | jaxls._problem:analyze:364 - Vectorizing group with 1 costs, 1 variables each: limit_residual
2026-10-07 12:07:13.957 | INFO     | jaxls._problem:analyze:364 - Vectorizing group with 1 costs, 1 variables each: self_collision_residual
2026-10-07 12:07:13.980 | INFO     | jaxls._problem:analyze:364 - Vectorizing group with 1 costs, 1 variables each: world_collision_residual
2026-10-07 12:07:14.005 | INFO     | jaxls._problem:analyze:364 - Vectorizing group with 1 costs, 1 variables each: world_collision_residual
2026-10-07 12:07:14.012 | INFO     | jaxls._problem:analyze:451 - Variable elimination: variable IDs are traced; solves will not use elimination
2026-10-07 12:07:15.334 | INFO     | jaxls._problem:analyze:237 - Building optimization problem with 5 terms and 1 variables: 5 costs, 0 eq_zero, 0 leq_zero, 0 geq_zero
2026-10-07 12:07:15.345 | INFO     | jaxls._problem:analyze:364 - Vectorizing group with 1 costs, 1 variables each: self_collision_residual
2026-10-07 12:07:15.352 | INFO     | jaxls._problem:analyze:364 - Vectorizing group with 1 costs, 1 variables each: world_collision_residual
2026-10-07 12:07:15.360 | INFO     | jaxls._problem:analyze:364 - Vectorizing group with 1 costs, 1 variables each: world_collision_residual
2026-10-07 12:07:15.369 | INFO     | jaxls._problem:analyze:364 - Vectorizing group with 1 costs, 1 variables each: _pose_cost_analytical_jac
2026-10-07 12:07:15.374 | INFO     | jaxls._problem:analyze:364 - Vectorizing group with 1 costs, 1 variables each: limit_residual
2026-10-07 12:07:15.376 | INFO     | jaxls._problem:analyze:451 - Variable elimination: variable IDs are traced; solves will not use elimination
2026-10-07 12:07:23.682 | INFO     | jaxls._problem:analyze:237 - Building optimization problem with 5 terms and 1 variables: 5 costs, 0 eq_zero, 0 leq_zero, 0 geq_zero
2026-10-07 12:07:23.694 | INFO     | jaxls._problem:analyze:364 - Vectorizing group with 1 costs, 1 variables each: self_collision_residual
2026-10-07 12:07:23.701 | INFO     | jaxls._problem:analyze:364 - Vectorizing group with 1 costs, 1 variables each: limit_residual
2026-10-07 12:07:23.708 | INFO     | jaxls._problem:analyze:364 - Vectorizing group with 1 costs, 1 variables each: world_collision_residual
2026-10-07 12:07:23.717 | INFO     | jaxls._problem:analyze:364 - Vectorizing group with 1 costs, 1 variables each: world_collision_residual
2026-10-07 12:07:23.726 | INFO     | jaxls._problem:analyze:364 - Vectorizing group with 1 costs, 1 variables each: _pose_cost_analytical_jac
2026-10-07 12:07:23.730 | INFO     | jaxls._problem:analyze:451 - Variable elimination: variable IDs are traced; solves will not use elimination
2026-10-07 12:07:24.784 | INFO     | jaxls._problem:analyze:237 - Building optimization problem with 5 terms and 1 variables: 5 costs, 0 eq_zero, 0 leq_zero, 0 geq_zero
2026-10-07 12:07:24.797 | INFO     | jaxls._problem:analyze:364 - Vectorizing group with 1 costs, 1 variables each: world_collision_residual
2026-10-07 12:07:24.808 | INFO     | jaxls._problem:analyze:364 - Vectorizing group with 1 costs, 1 variables each: world_collision_residual
2026-10-07 12:07:24.818 | INFO     | jaxls._problem:analyze:364 - Vectorizing group with 1 costs, 1 variables each: _pose_cost_analytical_jac
2026-10-07 12:07:24.825 | INFO     | jaxls._problem:analyze:364 - Vectorizing group with 1 costs, 1 variables each: self_collision_residual
2026-10-07 12:07:24.832 | INFO     | jaxls._problem:analyze:364 - Vectorizing group with 1 costs, 1 variables each: limit_residual
2026-10-07 12:07:24.836 | INFO     | jaxls._problem:analyze:451 - Variable elimination: variable IDs are traced; solves will not use elimination
2026-10-07 12:07:34.707 | INFO     | jaxls._problem:analyze:237 - Building optimization problem with 5 terms and 1 variables: 5 costs, 0 eq_zero, 0 leq_zero, 0 geq_zero
2026-10-07 12:07:34.719 | INFO     | jaxls._problem:analyze:364 - Vectorizing group with 1 costs, 1 variables each: world_collision_residual
2026-10-07 12:07:34.731 | INFO     | jaxls._problem:analyze:364 - Vectorizing group with 1 costs, 1 variables each: world_collision_residual
2026-10-07 12:07:34.736 | INFO     | jaxls._problem:analyze:364 - Vectorizing group with 1 costs, 1 variables each: limit_residual
2026-10-07 12:07:34.746 | INFO     | jaxls._problem:analyze:364 - Vectorizing group with 1 costs, 1 variables each: _pose_cost_analytical_jac
2026-10-07 12:07:34.754 | INFO     | jaxls._problem:analyze:364 - Vectorizing group with 1 costs, 1 variables each: self_collision_residual
2026-10-07 12:07:34.758 | INFO     | jaxls._problem:analyze:451 - Variable elimination: variable IDs are traced; solves will not use elimination
2026-10-07 12:07:35.878 | INFO     | jaxls._problem:analyze:237 - Building optimization problem with 5 terms and 1 variables: 5 costs, 0 eq_zero, 0 leq_zero, 0 geq_zero
2026-10-07 12:07:35.889 | INFO     | jaxls._problem:analyze:364 - Vectorizing group with 1 costs, 1 variables each: world_collision_residual
2026-10-07 12:07:35.898 | INFO     | jaxls._problem:analyze:364 - Vectorizing group with 1 costs, 1 variables each: world_collision_residual
2026-10-07 12:07:35.907 | INFO     | jaxls._problem:analyze:364 - Vectorizing group with 1 costs, 1 variables each: _pose_cost_analytical_jac
2026-10-07 12:07:35.914 | INFO     | jaxls._problem:analyze:364 - Vectorizing group with 1 costs, 1 variables each: self_collision_residual
2026-10-07 12:07:35.919 | INFO     | jaxls._problem:analyze:364 - Vectorizing group with 1 costs, 1 variables each: limit_residual
2026-10-07 12:07:35.921 | INFO     | jaxls._problem:analyze:451 - Variable elimination: variable IDs are traced; solves will not use elimination
2026-10-07 12:07:45.823 | INFO     | jaxls._problem:analyze:237 - Building optimization problem with 5 terms and 1 variables: 5 costs, 0 eq_zero, 0 leq_zero, 0 geq_zero
2026-10-07 12:07:45.835 | INFO     | jaxls._problem:analyze:364 - Vectorizing group with 1 costs, 1 variables each: self_collision_residual
2026-10-07 12:07:45.844 | INFO     | jaxls._problem:analyze:364 - Vectorizing group with 1 costs, 1 variables each: world_collision_residual
2026-10-07 12:07:45.853 | INFO     | jaxls._problem:analyze:364 - Vectorizing group with 1 costs, 1 variables each: world_collision_residual
2026-10-07 12:07:45.858 | INFO     | jaxls._problem:analyze:364 - Vectorizing group with 1 costs, 1 variables each: limit_residual
2026-10-07 12:07:45.867 | INFO     | jaxls._problem:analyze:364 - Vectorizing group with 1 costs, 1 variables each: _pose_cost_analytical_jac
2026-10-07 12:07:45.871 | INFO     | jaxls._problem:analyze:451 - Variable elimination: variable IDs are traced; solves will not use elimination
2026-10-07 12:07:47.048 | INFO     | jaxls._problem:analyze:237 - Building optimization problem with 5 terms and 1 variables: 5 costs, 0 eq_zero, 0 leq_zero, 0 geq_zero
2026-10-07 12:07:47.062 | INFO     | jaxls._problem:analyze:364 - Vectorizing group with 1 costs, 1 variables each: _pose_cost_analytical_jac
2026-10-07 12:07:47.070 | INFO     | jaxls._problem:analyze:364 - Vectorizing group with 1 costs, 1 variables each: self_collision_residual
2026-10-07 12:07:47.076 | INFO     | jaxls._problem:analyze:364 - Vectorizing group with 1 costs, 1 variables each: world_collision_residual
2026-10-07 12:07:47.085 | INFO     | jaxls._problem:analyze:364 - Vectorizing group with 1 costs, 1 variables each: world_collision_residual
2026-10-07 12:07:47.090 | INFO     | jaxls._problem:analyze:364 - Vectorizing group with 1 costs, 1 variables each: limit_residual
2026-10-07 12:07:47.092 | INFO     | jaxls._problem:analyze:451 - Variable elimination: variable IDs are traced; solves will not use elimination
2026-10-07 12:07:59.788 | INFO     | jaxls._problem:analyze:237 - Building optimization problem with 5 terms and 1 variables: 5 costs, 0 eq_zero, 0 leq_zero, 0 geq_zero
2026-10-07 12:07:59.800 | INFO     | jaxls._problem:analyze:364 - Vectorizing group with 1 costs, 1 variables each: world_collision_residual
2026-10-07 12:07:59.811 | INFO     | jaxls._problem:analyze:364 - Vectorizing group with 1 costs, 1 variables each: world_collision_residual
2026-10-07 12:07:59.819 | INFO     | jaxls._problem:analyze:364 - Vectorizing group with 1 costs, 1 variables each: self_collision_residual
2026-10-07 12:07:59.824 | INFO     | jaxls._problem:analyze:364 - Vectorizing group with 1 costs, 1 variables each: limit_residual
2026-10-07 12:07:59.833 | INFO     | jaxls._problem:analyze:364 - Vectorizing group with 1 costs, 1 variables each: _pose_cost_analytical_jac
2026-10-07 12:07:59.837 | INFO     | jaxls._problem:analyze:451 - Variable elimination: variable IDs are traced; solves will not use elimination
2026-10-07 12:08:01.078 | INFO     | jaxls._problem:analyze:237 - Building optimization problem with 5 terms and 1 variables: 5 costs, 0 eq_zero, 0 leq_zero, 0 geq_zero
2026-10-07 12:08:01.087 | INFO     | jaxls._problem:analyze:364 - Vectorizing group with 1 costs, 1 variables each: limit_residual
2026-10-07 12:08:01.117 | INFO     | jaxls._problem:analyze:364 - Vectorizing group with 1 costs, 1 variables each: self_collision_residual
2026-10-07 12:08:01.124 | INFO     | jaxls._problem:analyze:364 - Vectorizing group with 1 costs, 1 variables each: world_collision_residual
2026-10-07 12:08:01.132 | INFO     | jaxls._problem:analyze:364 - Vectorizing group with 1 costs, 1 variables each: world_collision_residual
2026-10-07 12:08:01.142 | INFO     | jaxls._problem:analyze:364 - Vectorizing group with 1 costs, 1 variables each: _pose_cost_analytical_jac
2026-10-07 12:08:01.144 | INFO     | jaxls._problem:analyze:451 - Variable elimination: variable IDs are traced; solves will not use elimination
[baseline_bench] collision-free: validating returned q with the shared Panda sphere model (benchmark/panda_collision.py); the 'collision_free' column is populated cuRobo-free.
running...
  pyroki collision model: 59 foam spheres on 11 links, 1230 self pairs, world margin 0.01 m
  pyroki collision-free EE frame: panda_hand; collision costs: on (foam spheres)
  pyroki num_seeds_init: 1
  pyroki num_seeds_init: 10
  pyroki num_seeds_init: 100
  pyroki num_seeds_init: 1000
  pyroki num_seeds_init: 2000
+----+---------------+--------------+----------+-----------+---------------+-----------------+-------------+-------------------+-----------------------+------------------+----------------+
|    |   problem_idx |   Batch-Size | solver   |   succ(%) |   IK-time(ms) |   Pos-Error(mm) |   Ori-Error |   pyroki-time(ms) |   pyroki-ori-err(rad) | collision_free   | success_both   |
+====+===============+==============+==========+===========+===============+=================+=============+===================+=======================+==================+================+
|  0 |             0 |            1 | pyroki   |         0 |       8.72493 |         757.682 |    0.366827 |           8.72493 |              0.366827 | True             | False          |
+----+---------------+--------------+----------+-----------+---------------+-----------------+-------------+-------------------+-----------------------+------------------+----------------+
|  1 |             1 |            1 | pyroki   |         0 |       8.59213 |         653.57  |    0.339513 |           8.59213 |              0.339513 | True             | False          |
+----+---------------+--------------+----------+-----------+---------------+-----------------+-------------+-------------------+-----------------------+------------------+----------------+
|  2 |             2 |            1 | pyroki   |         0 |       8.4424  |         667.041 |    0.332854 |           8.4424  |              0.332854 | False            | False          |
+----+---------------+--------------+----------+-----------+---------------+-----------------+-------------+-------------------+-----------------------+------------------+----------------+
|  3 |             3 |            1 | pyroki   |         0 |       9.03702 |         695.241 |    0.389835 |           9.03702 |              0.389835 | True             | False          |
+----+---------------+--------------+----------+-----------+---------------+-----------------+-------------+-------------------+-----------------------+------------------+----------------+
|  4 |             4 |            1 | pyroki   |         0 |       8.59857 |         615.163 |    0.319604 |           8.59857 |              0.319604 | False            | False          |
+----+---------------+--------------+----------+-----------+---------------+-----------------+-------------+-------------------+-----------------------+------------------+----------------+
|  5 |             5 |            1 | pyroki   |         0 |       8.44383 |         711.583 |    0.473115 |           8.44383 |              0.473115 | True             | False          |
+----+---------------+--------------+----------+-----------+---------------+-----------------+-------------+-------------------+-----------------------+------------------+----------------+
|  6 |             6 |            1 | pyroki   |         0 |       7.99799 |         654.623 |    0.262094 |           7.99799 |              0.262094 | True             | False          |
+----+---------------+--------------+----------+-----------+---------------+-----------------+-------------+-------------------+-----------------------+------------------+----------------+
|  7 |             7 |            1 | pyroki   |         0 |       8.20923 |         707.544 |    0.32023  |           8.20923 |              0.32023  | False            | False          |
+----+---------------+--------------+----------+-----------+---------------+-----------------+-------------+-------------------+-----------------------+------------------+----------------+
|  8 |             8 |            1 | pyroki   |         0 |       8.78501 |         711.422 |    0.40452  |           8.78501 |              0.40452  | True             | False          |
+----+---------------+--------------+----------+-----------+---------------+-----------------+-------------+-------------------+-----------------------+------------------+----------------+
|  9 |             9 |            1 | pyroki   |         0 |       8.54421 |         703.495 |    0.279174 |           8.54421 |              0.279174 | True             | False          |
+----+---------------+--------------+----------+-----------+---------------+-----------------+-------------+-------------------+-----------------------+------------------+----------------+
| 10 |            10 |            1 | pyroki   |         0 |       8.32629 |         659.119 |    0.274051 |           8.32629 |              0.274051 | True             | False          |
+----+---------------+--------------+----------+-----------+---------------+-----------------+-------------+-------------------+-----------------------+------------------+----------------+
| 11 |            11 |            1 | pyroki   |         0 |       8.27074 |         618.83  |    0.316717 |           8.27074 |              0.316717 | False            | False          |
+----+---------------+--------------+----------+-----------+---------------+-----------------+-------------+-------------------+-----------------------+------------------+----------------+
| 12 |            12 |            1 | pyroki   |         0 |       8.4393  |         618.762 |    0.26164  |           8.4393  |              0.26164  | True             | False          |
+----+---------------+--------------+----------+-----------+---------------+-----------------+-------------+-------------------+-----------------------+------------------+----------------+
| 13 |            13 |            1 | pyroki   |         0 |       8.27312 |         605.937 |    0.329302 |           8.27312 |              0.329302 | False            | False          |
+----+---------------+--------------+----------+-----------+---------------+-----------------+-------------+-------------------+-----------------------+------------------+----------------+
| 14 |            14 |            1 | pyroki   |         0 |       8.13007 |         712.18  |    0.287437 |           8.13007 |              0.287437 | True             | False          |
+----+---------------+--------------+----------+-----------+---------------+-----------------+-------------+-------------------+-----------------------+------------------+----------------+
| 15 |            15 |            1 | pyroki   |         0 |       8.60691 |         586.324 |    0.316286 |           8.60691 |              0.316286 | True             | False          |
+----+---------------+--------------+----------+-----------+---------------+-----------------+-------------+-------------------+-----------------------+------------------+----------------+
| 16 |            16 |            1 | pyroki   |         0 |       9.14121 |         699.747 |    0.511305 |           9.14121 |              0.511305 | False            | False          |
+----+---------------+--------------+----------+-----------+---------------+-----------------+-------------+-------------------+-----------------------+------------------+----------------+
| 17 |            17 |            1 | pyroki   |         0 |       8.84557 |         634.04  |    0.304793 |           8.84557 |              0.304793 | False            | False          |
+----+---------------+--------------+----------+-----------+---------------+-----------------+-------------+-------------------+-----------------------+------------------+----------------+
| 18 |            18 |            1 | pyroki   |         0 |       8.28862 |         597.055 |    0.319986 |           8.28862 |              0.319986 | True             | False          |
+----+---------------+--------------+----------+-----------+---------------+-----------------+-------------+-------------------+-----------------------+------------------+----------------+
| 19 |            19 |            1 | pyroki   |         0 |       8.24189 |         686.064 |    0.305488 |           8.24189 |              0.305488 | False            | False          |
+----+---------------+--------------+----------+-----------+---------------+-----------------+-------------+-------------------+-----------------------+------------------+----------------+
| 20 |            20 |            1 | pyroki   |         0 |       7.62296 |         710.362 |    0.263808 |           7.62296 |              0.263808 | True             | False          |
+----+---------------+--------------+----------+-----------+---------------+-----------------+-------------+-------------------+-----------------------+------------------+----------------+
| 21 |            21 |            1 | pyroki   |         0 |       8.44026 |         687.655 |    0.423492 |           8.44026 |              0.423492 | True             | False          |
+----+---------------+--------------+----------+-----------+---------------+-----------------+-------------+-------------------+-----------------------+------------------+----------------+
| 22 |            22 |            1 | pyroki   |         0 |       9.29356 |         634.246 |    0.261219 |           9.29356 |              0.261219 | True             | False          |
+----+---------------+--------------+----------+-----------+---------------+-----------------+-------------+-------------------+-----------------------+------------------+----------------+
| 23 |            23 |            1 | pyroki   |         0 |       9.26447 |         719.155 |    0.464359 |           9.26447 |              0.464359 | True             | False          |
+----+---------------+--------------+----------+-----------+---------------+-----------------+-------------+-------------------+-----------------------+------------------+----------------+
| 24 |            24 |            1 | pyroki   |         0 |       9.35459 |         593.842 |    0.345349 |           9.35459 |              0.345349 | True             | False          |
+----+---------------+--------------+----------+-----------+---------------+-----------------+-------------+-------------------+-----------------------+------------------+----------------+
| 25 |            25 |            1 | pyroki   |         0 |       9.27496 |         692.903 |    0.26347  |           9.27496 |              0.26347  | True             | False          |
+----+---------------+--------------+----------+-----------+---------------+-----------------+-------------+-------------------+-----------------------+------------------+----------------+
| 26 |            26 |            1 | pyroki   |         0 |       9.25469 |         722.295 |    0.398099 |           9.25469 |              0.398099 | True             | False          |
+----+---------------+--------------+----------+-----------+---------------+-----------------+-------------+-------------------+-----------------------+------------------+----------------+
| 27 |            27 |            1 | pyroki   |         0 |       9.56249 |         736.95  |    0.357799 |           9.56249 |              0.357799 | True             | False          |
+----+---------------+--------------+----------+-----------+---------------+-----------------+-------------+-------------------+-----------------------+------------------+----------------+
| 28 |            28 |            1 | pyroki   |         0 |       9.68337 |         625.68  |    0.268593 |           9.68337 |              0.268593 | True             | False          |
+----+---------------+--------------+----------+-----------+---------------+-----------------+-------------+-------------------+-----------------------+------------------+----------------+
| 29 |            29 |            1 | pyroki   |         0 |       9.91607 |         624.691 |    0.499683 |           9.91607 |              0.499683 | False            | False          |
+----+---------------+--------------+----------+-----------+---------------+-----------------+-------------+-------------------+-----------------------+------------------+----------------+
| 30 |            30 |            1 | pyroki   |         0 |       9.13858 |         706.636 |    0.41816  |           9.13858 |              0.41816  | True             | False          |
+----+---------------+--------------+----------+-----------+---------------+-----------------+-------------+-------------------+-----------------------+------------------+----------------+
| 31 |            31 |            1 | pyroki   |         0 |       9.17554 |         581.437 |    0.25126  |           9.17554 |              0.25126  | True             | False          |
+----+---------------+--------------+----------+-----------+---------------+-----------------+-------------+-------------------+-----------------------+------------------+----------------+
| 32 |            32 |            1 | pyroki   |         0 |       8.62694 |         675.158 |    0.407971 |           8.62694 |              0.407971 | True             | False          |
+----+---------------+--------------+----------+-----------+---------------+-----------------+-------------+-------------------+-----------------------+------------------+----------------+
| 33 |            33 |            1 | pyroki   |         0 |       8.83198 |         746.618 |    0.380223 |           8.83198 |              0.380223 | True             | False          |
+----+---------------+--------------+----------+-----------+---------------+-----------------+-------------+-------------------+-----------------------+------------------+----------------+
| 34 |            34 |            1 | pyroki   |         0 |       8.48103 |         631.369 |    0.381834 |           8.48103 |              0.381834 | False            | False          |
+----+---------------+--------------+----------+-----------+---------------+-----------------+-------------+-------------------+-----------------------+------------------+----------------+
| 35 |            35 |            1 | pyroki   |         0 |       9.21869 |         646.854 |    0.395439 |           9.21869 |              0.395439 | True             | False          |
+----+---------------+--------------+----------+-----------+---------------+-----------------+-------------+-------------------+-----------------------+------------------+----------------+
| 36 |            36 |            1 | pyroki   |         0 |       9.21082 |         735.518 |    0.503984 |           9.21082 |              0.503984 | True             | False          |
+----+---------------+--------------+----------+-----------+---------------+-----------------+-------------+-------------------+-----------------------+------------------+----------------+
| 37 |            37 |            1 | pyroki   |         0 |       8.51369 |         627.555 |    0.261418 |           8.51369 |              0.261418 | True             | False          |
+----+---------------+--------------+----------+-----------+---------------+-----------------+-------------+-------------------+-----------------------+------------------+----------------+
| 38 |            38 |            1 | pyroki   |         0 |       8.43072 |         743.071 |    0.489904 |           8.43072 |              0.489904 | True             | False          |
+----+---------------+--------------+----------+-----------+---------------+-----------------+-------------+-------------------+-----------------------+------------------+----------------+
| 39 |            39 |            1 | pyroki   |         0 |       9.63354 |         699.24  |    0.271609 |           9.63354 |              0.271609 | True             | False          |
+----+---------------+--------------+----------+-----------+---------------+-----------------+-------------+-------------------+-----------------------+------------------+----------------+
| 40 |            40 |            1 | pyroki   |         0 |       8.69656 |         717.843 |    0.367913 |           8.69656 |              0.367913 | True             | False          |
+----+---------------+--------------+----------+-----------+---------------+-----------------+-------------+-------------------+-----------------------+------------------+----------------+
| 41 |            41 |            1 | pyroki   |         0 |       8.38947 |         721.247 |    0.476481 |           8.38947 |              0.476481 | True             | False          |
+----+---------------+--------------+----------+-----------+---------------+-----------------+-------------+-------------------+-----------------------+------------------+----------------+
| 42 |            42 |            1 | pyroki   |         0 |       8.90088 |         629.742 |    0.275329 |           8.90088 |              0.275329 | True             | False          |
+----+---------------+--------------+----------+-----------+---------------+-----------------+-------------+-------------------+-----------------------+------------------+----------------+
| 43 |            43 |            1 | pyroki   |         0 |       9.03702 |         669.212 |    0.284302 |           9.03702 |              0.284302 | True             | False          |
+----+---------------+--------------+----------+-----------+---------------+-----------------+-------------+-------------------+-----------------------+------------------+----------------+
| 44 |            44 |            1 | pyroki   |         0 |       9.09114 |         682.963 |    0.344445 |           9.09114 |              0.344445 | True             | False          |
+----+---------------+--------------+----------+-----------+---------------+-----------------+-------------+-------------------+-----------------------+------------------+----------------+
| 45 |            45 |            1 | pyroki   |         0 |       9.233   |         600.078 |    0.322402 |           9.233   |              0.322402 | False            | False          |
+----+---------------+--------------+----------+-----------+---------------+-----------------+-------------+-------------------+-----------------------+------------------+----------------+
| 46 |            46 |            1 | pyroki   |         0 |       9.32765 |         639.351 |    0.319259 |           9.32765 |              0.319259 | False            | False          |
+----+---------------+--------------+----------+-----------+---------------+-----------------+-------------+-------------------+-----------------------+------------------+----------------+
| 47 |            47 |            1 | pyroki   |         0 |       8.92854 |         746.614 |    0.275475 |           8.92854 |              0.275475 | True             | False          |
+----+---------------+--------------+----------+-----------+---------------+-----------------+-------------+-------------------+-----------------------+------------------+----------------+
| 48 |            48 |            1 | pyroki   |         0 |       8.67677 |         725.282 |    0.261028 |           8.67677 |              0.261028 | True             | False          |
+----+---------------+--------------+----------+-----------+---------------+-----------------+-------------+-------------------+-----------------------+------------------+----------------+
| 49 |            49 |            1 | pyroki   |         0 |       8.99029 |         707.731 |    0.357614 |           8.99029 |              0.357614 | True             | False          |
+----+---------------+--------------+----------+-----------+---------------+-----------------+-------------+-------------------+-----------------------+------------------+----------------+
... (500 rows total)

============================================================
Averages by Batch Size
============================================================
+------------------+---------------+-----------------+-------------+-----------+---------------------+-------------------+
|                  |   IK-time(ms) |   Pos-Error(mm) |   Ori-Error |   succ(%) |   collision_free(%) |   success_both(%) |
+==================+===============+=================+=============+===========+=====================+===================+
| (1, 'pyroki')    |       8.72351 |      667.42     | 0.34408     |         0 |                  82 |                 0 |
+------------------+---------------+-----------------+-------------+-----------+---------------------+-------------------+
| (10, 'pyroki')   |      12.0319  |        0.251115 | 0.000119342 |        98 |                 100 |                98 |
+------------------+---------------+-----------------+-------------+-----------+---------------------+-------------------+
| (100, 'pyroki')  |      13.2226  |        0.217665 | 0.00011075  |        99 |                 100 |                99 |
+------------------+---------------+-----------------+-------------+-----------+---------------------+-------------------+
| (1000, 'pyroki') |      24.232   |        0.217829 | 0.000110376 |        99 |                 100 |                99 |
+------------------+---------------+-----------------+-------------+-----------+---------------------+-------------------+
| (2000, 'pyroki') |      37.6782  |        0.215171 | 0.000105964 |        99 |                 100 |                99 |
+------------------+---------------+-----------------+-------------+-----------+---------------------+-------------------+
============================================================

[baseline_bench] collision-free: validating returned q with the shared Panda sphere model (benchmark/panda_collision.py); the 'collision_free' column is populated cuRobo-free.
running...
  curobo num_seeds: 1
  curobo num_seeds: 10
  curobo num_seeds: 100
  curobo num_seeds: 1000
  curobo num_seeds: 2000
+----+---------------+--------------+----------+-----------+---------------+-----------------+-------------+-------------------+-----------------------+------------------+----------------+
|    |   problem_idx |   Batch-Size | solver   |   succ(%) |   IK-time(ms) |   Pos-Error(mm) |   Ori-Error |   curobo-time(ms) |   curobo-ori-err(rad) | collision_free   | success_both   |
+====+===============+==============+==========+===========+===============+=================+=============+===================+=======================+==================+================+
|  0 |             0 |            1 | curobo   |       100 |       2.09475 |     0.00013411  | 6.41404e-08 |           2.09475 |           6.41404e-08 | True             | True           |
+----+---------------+--------------+----------+-----------+---------------+-----------------+-------------+-------------------+-----------------------+------------------+----------------+
|  1 |             1 |            1 | curobo   |       100 |       2.1143  |     8.9407e-05  | 3.03956e-08 |           2.1143  |           3.03956e-08 | True             | True           |
+----+---------------+--------------+----------+-----------+---------------+-----------------+-------------+-------------------+-----------------------+------------------+----------------+
|  2 |             2 |            1 | curobo   |       100 |       2.10238 |     6.70552e-05 | 1.2701e-07  |           2.10238 |           1.2701e-07  | True             | True           |
+----+---------------+--------------+----------+-----------+---------------+-----------------+-------------+-------------------+-----------------------+------------------+----------------+
|  3 |             3 |            1 | curobo   |       100 |       2.08664 |     0           | 1.1343e-07  |           2.08664 |           1.1343e-07  | True             | True           |
+----+---------------+--------------+----------+-----------+---------------+-----------------+-------------+-------------------+-----------------------+------------------+----------------+
|  4 |             4 |            1 | curobo   |       100 |       2.11978 |     6.82857e-05 | 3.72849e-08 |           2.11978 |           3.72849e-08 | True             | True           |
+----+---------------+--------------+----------+-----------+---------------+-----------------+-------------+-------------------+-----------------------+------------------+----------------+
|  5 |             5 |            1 | curobo   |       100 |       2.11024 |     7.45058e-05 | 1.46418e-07 |           2.11024 |           1.46418e-07 | True             | True           |
+----+---------------+--------------+----------+-----------+---------------+-----------------+-------------+-------------------+-----------------------+------------------+----------------+
|  6 |             6 |            1 | curobo   |       100 |       2.10214 |     4.47035e-05 | 9.29003e-08 |           2.10214 |           9.29003e-08 | True             | True           |
+----+---------------+--------------+----------+-----------+---------------+-----------------+-------------+-------------------+-----------------------+------------------+----------------+
|  7 |             7 |            1 | curobo   |       100 |       2.10261 |     8.9407e-05  | 2.01008e-07 |           2.10261 |           2.01008e-07 | True             | True           |
+----+---------------+--------------+----------+-----------+---------------+-----------------+-------------+-------------------+-----------------------+------------------+----------------+
|  8 |             8 |            1 | curobo   |       100 |       2.09451 |     3.72529e-05 | 5.78387e-08 |           2.09451 |           5.78387e-08 | True             | True           |
+----+---------------+--------------+----------+-----------+---------------+-----------------+-------------+-------------------+-----------------------+------------------+----------------+
|  9 |             9 |            1 | curobo   |       100 |       2.10571 |     5.06694e-05 | 9.4862e-08  |           2.10571 |           9.4862e-08  | False            | False          |
+----+---------------+--------------+----------+-----------+---------------+-----------------+-------------+-------------------+-----------------------+------------------+----------------+
| 10 |            10 |            1 | curobo   |       100 |     633.231   |     1.49012e-05 | 1.20283e-07 |         633.231   |           1.20283e-07 | True             | True           |
+----+---------------+--------------+----------+-----------+---------------+-----------------+-------------+-------------------+-----------------------+------------------+----------------+
| 11 |            11 |            1 | curobo   |       100 |       2.19035 |     0.000130119 | 5.69876e-08 |           2.19035 |           5.69876e-08 | True             | True           |
+----+---------------+--------------+----------+-----------+---------------+-----------------+-------------+-------------------+-----------------------+------------------+----------------+
| 12 |            12 |            1 | curobo   |       100 |       2.05135 |     7.92008e-05 | 3.54695e-08 |           2.05135 |           3.54695e-08 | True             | True           |
+----+---------------+--------------+----------+-----------+---------------+-----------------+-------------+-------------------+-----------------------+------------------+----------------+
| 13 |            13 |            1 | curobo   |       100 |       2.04706 |     2.23517e-05 | 8.79694e-08 |           2.04706 |           8.79694e-08 | True             | True           |
+----+---------------+--------------+----------+-----------+---------------+-----------------+-------------+-------------------+-----------------------+------------------+----------------+
| 14 |            14 |            1 | curobo   |       100 |       2.04587 |     8.50313e-05 | 6.61949e-08 |           2.04587 |           6.61949e-08 | True             | True           |
+----+---------------+--------------+----------+-----------+---------------+-----------------+-------------+-------------------+-----------------------+------------------+----------------+
| 15 |            15 |            1 | curobo   |       100 |       2.05398 |     1.49012e-05 | 3.42777e-08 |           2.05398 |           3.42777e-08 | True             | True           |
+----+---------------+--------------+----------+-----------+---------------+-----------------+-------------+-------------------+-----------------------+------------------+----------------+
| 16 |            16 |            1 | curobo   |         0 |       8.72183 |    20.838       | 0.165592    |           8.72183 |           0.165592    | False            | False          |
+----+---------------+--------------+----------+-----------+---------------+-----------------+-------------+-------------------+-----------------------+------------------+----------------+
| 17 |            17 |            1 | curobo   |       100 |       2.05588 |     7.30005e-05 | 1.95645e-07 |           2.05588 |           1.95645e-07 | True             | True           |
+----+---------------+--------------+----------+-----------+---------------+-----------------+-------------+-------------------+-----------------------+------------------+----------------+
| 18 |            18 |            1 | curobo   |       100 |       2.0504  |     8.02452e-05 | 6.36728e-08 |           2.0504  |           6.36728e-08 | True             | True           |
+----+---------------+--------------+----------+-----------+---------------+-----------------+-------------+-------------------+-----------------------+------------------+----------------+
| 19 |            19 |            1 | curobo   |       100 |       2.0504  |     7.67988e-05 | 6.88921e-08 |           2.0504  |           6.88921e-08 | True             | True           |
+----+---------------+--------------+----------+-----------+---------------+-----------------+-------------+-------------------+-----------------------+------------------+----------------+
| 20 |            20 |            1 | curobo   |       100 |       2.03609 |     6.00685e-05 | 1.10647e-07 |           2.03609 |           1.10647e-07 | True             | True           |
+----+---------------+--------------+----------+-----------+---------------+-----------------+-------------+-------------------+-----------------------+------------------+----------------+
| 21 |            21 |            1 | curobo   |       100 |       2.05159 |     3.00343e-05 | 6.14326e-08 |           2.05159 |           6.14326e-08 | True             | True           |
+----+---------------+--------------+----------+-----------+---------------+-----------------+-------------+-------------------+-----------------------+------------------+----------------+
| 22 |            22 |            1 | curobo   |       100 |       2.02107 |     5.16191e-05 | 4.6446e-08  |           2.02107 |           4.6446e-08  | True             | True           |
+----+---------------+--------------+----------+-----------+---------------+-----------------+-------------+-------------------+-----------------------+------------------+----------------+
| 23 |            23 |            1 | curobo   |       100 |       2.03538 |     0.000195994 | 5.16014e-08 |           2.03538 |           5.16014e-08 | True             | True           |
+----+---------------+--------------+----------+-----------+---------------+-----------------+-------------+-------------------+-----------------------+------------------+----------------+
| 24 |            24 |            1 | curobo   |       100 |       2.03347 |     5.87841e-05 | 1.39238e-07 |           2.03347 |           1.39238e-07 | True             | True           |
+----+---------------+--------------+----------+-----------+---------------+-----------------+-------------+-------------------+-----------------------+------------------+----------------+
| 25 |            25 |            1 | curobo   |       100 |       2.05398 |     4.7707e-05  | 1.2064e-07  |           2.05398 |           1.2064e-07  | True             | True           |
+----+---------------+--------------+----------+-----------+---------------+-----------------+-------------+-------------------+-----------------------+------------------+----------------+
| 26 |            26 |            1 | curobo   |       100 |       2.03657 |     6.664e-05   | 9.69167e-08 |           2.03657 |           9.69167e-08 | True             | True           |
+----+---------------+--------------+----------+-----------+---------------+-----------------+-------------+-------------------+-----------------------+------------------+----------------+
| 27 |            27 |            1 | curobo   |       100 |       2.14529 |     7.45058e-06 | 6.29084e-08 |           2.14529 |           6.29084e-08 | True             | True           |
+----+---------------+--------------+----------+-----------+---------------+-----------------+-------------+-------------------+-----------------------+------------------+----------------+
| 28 |            28 |            1 | curobo   |       100 |       2.06017 |     3.07195e-05 | 8.37479e-08 |           2.06017 |           8.37479e-08 | True             | True           |
+----+---------------+--------------+----------+-----------+---------------+-----------------+-------------+-------------------+-----------------------+------------------+----------------+
| 29 |            29 |            1 | curobo   |       100 |       8.78072 |     3.332e-05   | 8.13964e-08 |           8.78072 |           8.13964e-08 | True             | True           |
+----+---------------+--------------+----------+-----------+---------------+-----------------+-------------+-------------------+-----------------------+------------------+----------------+
| 30 |            30 |            1 | curobo   |       100 |       2.0504  |     6.00685e-05 | 8.16953e-08 |           2.0504  |           8.16953e-08 | True             | True           |
+----+---------------+--------------+----------+-----------+---------------+-----------------+-------------+-------------------+-----------------------+------------------+----------------+
| 31 |            31 |            1 | curobo   |       100 |       2.05207 |     2.98023e-05 | 9.00696e-08 |           2.05207 |           9.00696e-08 | True             | True           |
+----+---------------+--------------+----------+-----------+---------------+-----------------+-------------+-------------------+-----------------------+------------------+----------------+
| 32 |            32 |            1 | curobo   |       100 |       2.04825 |     0.000129905 | 8.04287e-08 |           2.04825 |           8.04287e-08 | True             | True           |
+----+---------------+--------------+----------+-----------+---------------+-----------------+-------------+-------------------+-----------------------+------------------+----------------+
| 33 |            33 |            1 | curobo   |       100 |       2.02751 |     4.21468e-05 | 5.65877e-08 |           2.02751 |           5.65877e-08 | True             | True           |
+----+---------------+--------------+----------+-----------+---------------+-----------------+-------------+-------------------+-----------------------+------------------+----------------+
| 34 |            34 |            1 | curobo   |       100 |       2.04706 |     6.82857e-05 | 9.80086e-08 |           2.04706 |           9.80086e-08 | True             | True           |
+----+---------------+--------------+----------+-----------+---------------+-----------------+-------------+-------------------+-----------------------+------------------+----------------+
| 35 |            35 |            1 | curobo   |       100 |       2.07353 |     0.00011151  | 1.1112e-07  |           2.07353 |           1.1112e-07  | True             | True           |
+----+---------------+--------------+----------+-----------+---------------+-----------------+-------------+-------------------+-----------------------+------------------+----------------+
| 36 |            36 |            1 | curobo   |       100 |       2.03204 |     0.000122878 | 1.0603e-07  |           2.03204 |           1.0603e-07  | True             | True           |
+----+---------------+--------------+----------+-----------+---------------+-----------------+-------------+-------------------+-----------------------+------------------+----------------+
| 37 |            37 |            1 | curobo   |       100 |       2.06089 |     5.62506e-05 | 7.03984e-08 |           2.06089 |           7.03984e-08 | True             | True           |
+----+---------------+--------------+----------+-----------+---------------+-----------------+-------------+-------------------+-----------------------+------------------+----------------+
| 38 |            38 |            1 | curobo   |       100 |       2.04921 |     0.000140577 | 1.33673e-07 |           2.04921 |           1.33673e-07 | True             | True           |
+----+---------------+--------------+----------+-----------+---------------+-----------------+-------------+-------------------+-----------------------+------------------+----------------+
| 39 |            39 |            1 | curobo   |       100 |       2.04086 |     6.33299e-05 | 4.31894e-08 |           2.04086 |           4.31894e-08 | True             | True           |
+----+---------------+--------------+----------+-----------+---------------+-----------------+-------------+-------------------+-----------------------+------------------+----------------+
| 40 |            40 |            1 | curobo   |       100 |       2.03514 |     9.21586e-05 | 1.23576e-08 |           2.03514 |           1.23576e-08 | True             | True           |
+----+---------------+--------------+----------+-----------+---------------+-----------------+-------------+-------------------+-----------------------+------------------+----------------+
| 41 |            41 |            1 | curobo   |       100 |       2.06137 |     0.000210734 | 1.19443e-07 |           2.06137 |           1.19443e-07 | True             | True           |
+----+---------------+--------------+----------+-----------+---------------+-----------------+-------------+-------------------+-----------------------+------------------+----------------+
| 42 |            42 |            1 | curobo   |       100 |       2.03633 |     3.51443e-05 | 1.08653e-07 |           2.03633 |           1.08653e-07 | True             | True           |
+----+---------------+--------------+----------+-----------+---------------+-----------------+-------------+-------------------+-----------------------+------------------+----------------+
| 43 |            43 |            1 | curobo   |       100 |       2.07829 |     0.000111759 | 1.03653e-07 |           2.07829 |           1.03653e-07 | True             | True           |
+----+---------------+--------------+----------+-----------+---------------+-----------------+-------------+-------------------+-----------------------+------------------+----------------+
| 44 |            44 |            1 | curobo   |       100 |       2.06852 |     6.664e-05   | 8.8299e-08  |           2.06852 |           8.8299e-08  | True             | True           |
+----+---------------+--------------+----------+-----------+---------------+-----------------+-------------+-------------------+-----------------------+------------------+----------------+
| 45 |            45 |            1 | curobo   |       100 |       2.07686 |     3.332e-05   | 7.95701e-08 |           2.07686 |           7.95701e-08 | True             | True           |
+----+---------------+--------------+----------+-----------+---------------+-----------------+-------------+-------------------+-----------------------+------------------+----------------+
| 46 |            46 |            1 | curobo   |       100 |       2.02966 |     4.21468e-05 | 6.70051e-08 |           2.02966 |           6.70051e-08 | True             | True           |
+----+---------------+--------------+----------+-----------+---------------+-----------------+-------------+-------------------+-----------------------+------------------+----------------+
| 47 |            47 |            1 | curobo   |       100 |       2.0442  |     3.07195e-05 | 4.80664e-08 |           2.0442  |           4.80664e-08 | True             | True           |
+----+---------------+--------------+----------+-----------+---------------+-----------------+-------------+-------------------+-----------------------+------------------+----------------+
| 48 |            48 |            1 | curobo   |       100 |       2.06351 |     1.49012e-05 | 3.43546e-08 |           2.06351 |           3.43546e-08 | True             | True           |
+----+---------------+--------------+----------+-----------+---------------+-----------------+-------------+-------------------+-----------------------+------------------+----------------+
| 49 |            49 |            1 | curobo   |       100 |       2.03419 |     0.00013411  | 6.51882e-08 |           2.03419 |           6.51882e-08 | True             | True           |
+----+---------------+--------------+----------+-----------+---------------+-----------------+-------------+-------------------+-----------------------+------------------+----------------+
... (500 rows total)

============================================================
Averages by Batch Size
============================================================
+------------------+---------------+-----------------+-------------+-----------+---------------------+-------------------+
|                  |   IK-time(ms) |   Pos-Error(mm) |   Ori-Error |   succ(%) |   collision_free(%) |   success_both(%) |
+==================+===============+=================+=============+===========+=====================+===================+
| (1, 'curobo')    |       8.50009 |     0.208443    | 0.001656    |        99 |                  97 |                97 |
+------------------+---------------+-----------------+-------------+-----------+---------------------+-------------------+
| (10, 'curobo')   |       2.12708 |     6.72674e-05 | 8.65815e-08 |       100 |                  98 |                98 |
+------------------+---------------+-----------------+-------------+-----------+---------------------+-------------------+
| (100, 'curobo')  |       2.11824 |     3.70661e-05 | 6.11188e-08 |       100 |                  99 |                99 |
+------------------+---------------+-----------------+-------------+-----------+---------------------+-------------------+
| (1000, 'curobo') |       2.3111  |     2.49522e-05 | 4.00822e-08 |       100 |                  97 |                97 |
+------------------+---------------+-----------------+-------------+-----------+---------------------+-------------------+
| (2000, 'curobo') |       2.43496 |     2.47837e-05 | 3.62221e-08 |       100 |                  97 |                97 |
+------------------+---------------+-----------------+-------------+-----------+---------------------+-------------------+
============================================================


[OK] wrote /home/plancher/Desktop/HJCD-IK/docs/open-tasks/paper-2026-10-03/paper_results_20261007T155203Z/table_collfree_hand_kitchen_panda.md
## Panda collision-free, kitchen_panda (dataset protocol: panda_hand, goal_pose)

| Batch | curobo Time(ms) | curobo Pos(mm) | curobo Ori(rad) | hjcdik Time(ms) | hjcdik Pos(mm) | hjcdik Ori(rad) | pyroki Time(ms) | pyroki Pos(mm) | pyroki Ori(rad) |
| --- | --- | --- | --- | --- | --- | --- | --- | --- | --- |
| 1 | 8.5 | 0.2084 | 0.001656 | 3.984 | 11.89 | 0.02996 | 8.724 | 667.4 | 0.3441 |
| 10 | 2.127 | 6.727e-05 | 8.658e-08 | 1.824 | 0.1437 | 0.001561 | 12.03 | 0.2511 | 1.193e-04 |
| 100 | 2.118 | 3.707e-05 | 6.112e-08 | 1.685 | 0.2045 | 0.001266 | 13.22 | 0.2177 | 1.108e-04 |
| 1000 | 2.311 | 2.495e-05 | 4.008e-08 | 1.784 | 0.1969 | 0.001261 | 24.23 | 0.2178 | 1.104e-04 |
| 2000 | 2.435 | 2.478e-05 | 3.622e-08 | 1.826 | 0.212 | 2.936e-04 | 37.68 | 0.2152 | 1.060e-04 |

_solvers: curobo: n=100/batch, hjcdik: n=1/batch, pyroki: n=100/batch_
--- set table_bars_panda (mb_extra_panda.json) ---
[GRiD] skipping URDF codegen...
[build info] {'num_joints': 7, 'ee_target': 'panda_hand_joint', 'collision_enabled': True, 'grid_header_sha256': '602db0639bc408c26f4d57ebf4623fea868b3c45236a3a3e654defcb3d0f0720', 'cuda_compiler_version': '13.2.86'}
[collision validation] {'model': 'hjcd', 'scope': 'environment-only; non-base spheres', 'finger_joint_origin_y_m': [0.04, -0.04], 'source_sha256': {'csrc/urdf/panda.urdf': '90bb0a412eb12a3af0abb9d5d0f06be3dbbe1a72806b0416dd9769992cb35079', 'external/foam/assets/panda/smaller_panda_spherized.urdf': 'f90e26dcce184014335ce013f62a563425d8b82ba5fecf8a71480a5e0722853e'}}
[info] running 100 targets, batches=[1, 10, 100, 1000, 2000], num_solutions=1, collision_free=True
[info] processed 0/100 targets
[info] processed 50/100 targets

==== Batch Summary (averages) ====
Batch Size 1:
  Time (ms): 8.482164
  Position Error: 6.135048e+00
  Orientation Error: 3.705567e-02
  Collision-Free: 100.0% (100 queries)
Batch Size 10:
  Time (ms): 3.365022
  Position Error: 9.074572e-06
  Orientation Error: 4.633635e-08
  Collision-Free: 100.0% (100 queries)
Batch Size 100:
  Time (ms): 3.017997
  Position Error: 7.932841e-06
  Orientation Error: 1.861029e-08
  Collision-Free: 100.0% (100 queries)
Batch Size 1000:
  Time (ms): 3.428153
  Position Error: 1.445917e-05
  Orientation Error: 1.320367e-08
  Collision-Free: 100.0% (100 queries)
Batch Size 2000:
  Time (ms): 3.216869
  Position Error: 1.485033e-05
  Orientation Error: 2.485709e-08
  Collision-Free: 100.0% (100 queries)
[OK] wrote CSV summary /home/plancher/Desktop/HJCD-IK/docs/open-tasks/paper-2026-10-03/paper_results_20261007T155203Z/collfree_hand_table_bars_panda_hjcdik.csv

[OK] wrote /home/plancher/Desktop/HJCD-IK/docs/open-tasks/paper-2026-10-03/hjcd/results.yml with 500 query entries (100 targets x 5 batches; up to 1 solutions per query).
2026-10-07 12:08:43.303 | INFO     | pyroki.collision._robot_collision:from_sphere_decomposition:187 - Created RobotCollision (sphere mode) with 13 links, 59 total spheres, and 1230 active pairs.
2026-10-07 12:08:43.461 | INFO     | jaxls._problem:analyze:237 - Building optimization problem with 5 terms and 1 variables: 5 costs, 0 eq_zero, 0 leq_zero, 0 geq_zero
2026-10-07 12:08:43.516 | INFO     | jaxls._problem:analyze:364 - Vectorizing group with 1 costs, 1 variables each: _pose_cost_analytical_jac
2026-10-07 12:08:43.529 | INFO     | jaxls._problem:analyze:364 - Vectorizing group with 1 costs, 1 variables each: limit_residual
2026-10-07 12:08:43.562 | INFO     | jaxls._problem:analyze:364 - Vectorizing group with 1 costs, 1 variables each: world_collision_residual
2026-10-07 12:08:43.587 | INFO     | jaxls._problem:analyze:364 - Vectorizing group with 1 costs, 1 variables each: world_collision_residual
2026-10-07 12:08:43.601 | INFO     | jaxls._problem:analyze:364 - Vectorizing group with 1 costs, 1 variables each: self_collision_residual
2026-10-07 12:08:43.608 | INFO     | jaxls._problem:analyze:451 - Variable elimination: variable IDs are traced; solves will not use elimination
2026-10-07 12:08:44.934 | INFO     | jaxls._problem:analyze:237 - Building optimization problem with 5 terms and 1 variables: 5 costs, 0 eq_zero, 0 leq_zero, 0 geq_zero
2026-10-07 12:08:44.945 | INFO     | jaxls._problem:analyze:364 - Vectorizing group with 1 costs, 1 variables each: world_collision_residual
2026-10-07 12:08:44.953 | INFO     | jaxls._problem:analyze:364 - Vectorizing group with 1 costs, 1 variables each: world_collision_residual
2026-10-07 12:08:44.960 | INFO     | jaxls._problem:analyze:364 - Vectorizing group with 1 costs, 1 variables each: self_collision_residual
2026-10-07 12:08:44.969 | INFO     | jaxls._problem:analyze:364 - Vectorizing group with 1 costs, 1 variables each: _pose_cost_analytical_jac
2026-10-07 12:08:44.974 | INFO     | jaxls._problem:analyze:364 - Vectorizing group with 1 costs, 1 variables each: limit_residual
2026-10-07 12:08:44.976 | INFO     | jaxls._problem:analyze:451 - Variable elimination: variable IDs are traced; solves will not use elimination
2026-10-07 12:08:52.713 | INFO     | jaxls._problem:analyze:237 - Building optimization problem with 5 terms and 1 variables: 5 costs, 0 eq_zero, 0 leq_zero, 0 geq_zero
2026-10-07 12:08:52.722 | INFO     | jaxls._problem:analyze:364 - Vectorizing group with 1 costs, 1 variables each: limit_residual
2026-10-07 12:08:52.732 | INFO     | jaxls._problem:analyze:364 - Vectorizing group with 1 costs, 1 variables each: self_collision_residual
2026-10-07 12:08:52.739 | INFO     | jaxls._problem:analyze:364 - Vectorizing group with 1 costs, 1 variables each: world_collision_residual
2026-10-07 12:08:52.747 | INFO     | jaxls._problem:analyze:364 - Vectorizing group with 1 costs, 1 variables each: world_collision_residual
2026-10-07 12:08:52.756 | INFO     | jaxls._problem:analyze:364 - Vectorizing group with 1 costs, 1 variables each: _pose_cost_analytical_jac
2026-10-07 12:08:52.760 | INFO     | jaxls._problem:analyze:451 - Variable elimination: variable IDs are traced; solves will not use elimination
2026-10-07 12:08:53.808 | INFO     | jaxls._problem:analyze:237 - Building optimization problem with 5 terms and 1 variables: 5 costs, 0 eq_zero, 0 leq_zero, 0 geq_zero
2026-10-07 12:08:53.820 | INFO     | jaxls._problem:analyze:364 - Vectorizing group with 1 costs, 1 variables each: self_collision_residual
2026-10-07 12:08:53.833 | INFO     | jaxls._problem:analyze:364 - Vectorizing group with 1 costs, 1 variables each: _pose_cost_analytical_jac
2026-10-07 12:08:53.840 | INFO     | jaxls._problem:analyze:364 - Vectorizing group with 1 costs, 1 variables each: world_collision_residual
2026-10-07 12:08:53.849 | INFO     | jaxls._problem:analyze:364 - Vectorizing group with 1 costs, 1 variables each: world_collision_residual
2026-10-07 12:08:53.855 | INFO     | jaxls._problem:analyze:364 - Vectorizing group with 1 costs, 1 variables each: limit_residual
2026-10-07 12:08:53.860 | INFO     | jaxls._problem:analyze:451 - Variable elimination: variable IDs are traced; solves will not use elimination
2026-10-07 12:09:03.234 | INFO     | jaxls._problem:analyze:237 - Building optimization problem with 5 terms and 1 variables: 5 costs, 0 eq_zero, 0 leq_zero, 0 geq_zero
2026-10-07 12:09:03.249 | INFO     | jaxls._problem:analyze:364 - Vectorizing group with 1 costs, 1 variables each: _pose_cost_analytical_jac
2026-10-07 12:09:03.257 | INFO     | jaxls._problem:analyze:364 - Vectorizing group with 1 costs, 1 variables each: limit_residual
2026-10-07 12:09:03.265 | INFO     | jaxls._problem:analyze:364 - Vectorizing group with 1 costs, 1 variables each: world_collision_residual
2026-10-07 12:09:03.274 | INFO     | jaxls._problem:analyze:364 - Vectorizing group with 1 costs, 1 variables each: world_collision_residual
2026-10-07 12:09:03.281 | INFO     | jaxls._problem:analyze:364 - Vectorizing group with 1 costs, 1 variables each: self_collision_residual
2026-10-07 12:09:03.285 | INFO     | jaxls._problem:analyze:451 - Variable elimination: variable IDs are traced; solves will not use elimination
2026-10-07 12:09:04.419 | INFO     | jaxls._problem:analyze:237 - Building optimization problem with 5 terms and 1 variables: 5 costs, 0 eq_zero, 0 leq_zero, 0 geq_zero
2026-10-07 12:09:04.434 | INFO     | jaxls._problem:analyze:364 - Vectorizing group with 1 costs, 1 variables each: _pose_cost_analytical_jac
2026-10-07 12:09:04.439 | INFO     | jaxls._problem:analyze:364 - Vectorizing group with 1 costs, 1 variables each: limit_residual
2026-10-07 12:09:04.445 | INFO     | jaxls._problem:analyze:364 - Vectorizing group with 1 costs, 1 variables each: world_collision_residual
2026-10-07 12:09:04.454 | INFO     | jaxls._problem:analyze:364 - Vectorizing group with 1 costs, 1 variables each: world_collision_residual
2026-10-07 12:09:04.461 | INFO     | jaxls._problem:analyze:364 - Vectorizing group with 1 costs, 1 variables each: self_collision_residual
2026-10-07 12:09:04.463 | INFO     | jaxls._problem:analyze:451 - Variable elimination: variable IDs are traced; solves will not use elimination
2026-10-07 12:09:13.619 | INFO     | jaxls._problem:analyze:237 - Building optimization problem with 5 terms and 1 variables: 5 costs, 0 eq_zero, 0 leq_zero, 0 geq_zero
2026-10-07 12:09:13.629 | INFO     | jaxls._problem:analyze:364 - Vectorizing group with 1 costs, 1 variables each: limit_residual
2026-10-07 12:09:13.638 | INFO     | jaxls._problem:analyze:364 - Vectorizing group with 1 costs, 1 variables each: self_collision_residual
2026-10-07 12:09:13.646 | INFO     | jaxls._problem:analyze:364 - Vectorizing group with 1 costs, 1 variables each: world_collision_residual
2026-10-07 12:09:13.654 | INFO     | jaxls._problem:analyze:364 - Vectorizing group with 1 costs, 1 variables each: world_collision_residual
2026-10-07 12:09:13.663 | INFO     | jaxls._problem:analyze:364 - Vectorizing group with 1 costs, 1 variables each: _pose_cost_analytical_jac
2026-10-07 12:09:13.667 | INFO     | jaxls._problem:analyze:451 - Variable elimination: variable IDs are traced; solves will not use elimination
2026-10-07 12:09:14.857 | INFO     | jaxls._problem:analyze:237 - Building optimization problem with 5 terms and 1 variables: 5 costs, 0 eq_zero, 0 leq_zero, 0 geq_zero
2026-10-07 12:09:14.868 | INFO     | jaxls._problem:analyze:364 - Vectorizing group with 1 costs, 1 variables each: world_collision_residual
2026-10-07 12:09:14.878 | INFO     | jaxls._problem:analyze:364 - Vectorizing group with 1 costs, 1 variables each: world_collision_residual
2026-10-07 12:09:14.885 | INFO     | jaxls._problem:analyze:364 - Vectorizing group with 1 costs, 1 variables each: self_collision_residual
2026-10-07 12:09:14.894 | INFO     | jaxls._problem:analyze:364 - Vectorizing group with 1 costs, 1 variables each: _pose_cost_analytical_jac
2026-10-07 12:09:14.899 | INFO     | jaxls._problem:analyze:364 - Vectorizing group with 1 costs, 1 variables each: limit_residual
2026-10-07 12:09:14.901 | INFO     | jaxls._problem:analyze:451 - Variable elimination: variable IDs are traced; solves will not use elimination
2026-10-07 12:09:25.932 | INFO     | jaxls._problem:analyze:237 - Building optimization problem with 5 terms and 1 variables: 5 costs, 0 eq_zero, 0 leq_zero, 0 geq_zero
2026-10-07 12:09:25.943 | INFO     | jaxls._problem:analyze:364 - Vectorizing group with 1 costs, 1 variables each: self_collision_residual
2026-10-07 12:09:25.951 | INFO     | jaxls._problem:analyze:364 - Vectorizing group with 1 costs, 1 variables each: limit_residual
2026-10-07 12:09:25.958 | INFO     | jaxls._problem:analyze:364 - Vectorizing group with 1 costs, 1 variables each: world_collision_residual
2026-10-07 12:09:25.967 | INFO     | jaxls._problem:analyze:364 - Vectorizing group with 1 costs, 1 variables each: world_collision_residual
2026-10-07 12:09:25.976 | INFO     | jaxls._problem:analyze:364 - Vectorizing group with 1 costs, 1 variables each: _pose_cost_analytical_jac
2026-10-07 12:09:25.980 | INFO     | jaxls._problem:analyze:451 - Variable elimination: variable IDs are traced; solves will not use elimination
2026-10-07 12:09:27.214 | INFO     | jaxls._problem:analyze:237 - Building optimization problem with 5 terms and 1 variables: 5 costs, 0 eq_zero, 0 leq_zero, 0 geq_zero
2026-10-07 12:09:27.227 | INFO     | jaxls._problem:analyze:364 - Vectorizing group with 1 costs, 1 variables each: _pose_cost_analytical_jac
2026-10-07 12:09:27.235 | INFO     | jaxls._problem:analyze:364 - Vectorizing group with 1 costs, 1 variables each: self_collision_residual
2026-10-07 12:09:27.239 | INFO     | jaxls._problem:analyze:364 - Vectorizing group with 1 costs, 1 variables each: limit_residual
2026-10-07 12:09:27.247 | INFO     | jaxls._problem:analyze:364 - Vectorizing group with 1 costs, 1 variables each: world_collision_residual
2026-10-07 12:09:27.255 | INFO     | jaxls._problem:analyze:364 - Vectorizing group with 1 costs, 1 variables each: world_collision_residual
2026-10-07 12:09:27.257 | INFO     | jaxls._problem:analyze:451 - Variable elimination: variable IDs are traced; solves will not use elimination
[baseline_bench] collision-free: validating returned q with the shared Panda sphere model (benchmark/panda_collision.py); the 'collision_free' column is populated cuRobo-free.
running...
  pyroki collision model: 59 foam spheres on 11 links, 1230 self pairs, world margin 0.01 m
  pyroki collision-free EE frame: panda_hand; collision costs: on (foam spheres)
  pyroki num_seeds_init: 1
  pyroki num_seeds_init: 10
  pyroki num_seeds_init: 100
  pyroki num_seeds_init: 1000
  pyroki num_seeds_init: 2000
+----+---------------+--------------+----------+-----------+---------------+-----------------+-------------+-------------------+-----------------------+------------------+----------------+
|    |   problem_idx |   Batch-Size | solver   |   succ(%) |   IK-time(ms) |   Pos-Error(mm) |   Ori-Error |   pyroki-time(ms) |   pyroki-ori-err(rad) | collision_free   | success_both   |
+====+===============+==============+==========+===========+===============+=================+=============+===================+=======================+==================+================+
|  0 |             0 |            1 | pyroki   |         0 |       8.97694 |         739.78  |    0.424768 |           8.97694 |              0.424768 | True             | False          |
+----+---------------+--------------+----------+-----------+---------------+-----------------+-------------+-------------------+-----------------------+------------------+----------------+
|  1 |             1 |            1 | pyroki   |         0 |       8.89468 |         746.078 |    0.42107  |           8.89468 |              0.42107  | True             | False          |
+----+---------------+--------------+----------+-----------+---------------+-----------------+-------------+-------------------+-----------------------+------------------+----------------+
|  2 |             2 |            1 | pyroki   |         0 |       8.74972 |         741.784 |    0.422777 |           8.74972 |              0.422777 | True             | False          |
+----+---------------+--------------+----------+-----------+---------------+-----------------+-------------+-------------------+-----------------------+------------------+----------------+
|  3 |             3 |            1 | pyroki   |         0 |       8.38566 |         739.294 |    0.423934 |           8.38566 |              0.423934 | True             | False          |
+----+---------------+--------------+----------+-----------+---------------+-----------------+-------------+-------------------+-----------------------+------------------+----------------+
|  4 |             4 |            1 | pyroki   |         0 |       8.14295 |         743.74  |    0.424603 |           8.14295 |              0.424603 | True             | False          |
+----+---------------+--------------+----------+-----------+---------------+-----------------+-------------+-------------------+-----------------------+------------------+----------------+
|  5 |             5 |            1 | pyroki   |         0 |       8.4796  |         742.64  |    0.424452 |           8.4796  |              0.424452 | True             | False          |
+----+---------------+--------------+----------+-----------+---------------+-----------------+-------------+-------------------+-----------------------+------------------+----------------+
|  6 |             6 |            1 | pyroki   |         0 |       7.98178 |         740.128 |    0.425759 |           7.98178 |              0.425759 | True             | False          |
+----+---------------+--------------+----------+-----------+---------------+-----------------+-------------+-------------------+-----------------------+------------------+----------------+
|  7 |             7 |            1 | pyroki   |         0 |       7.30824 |         743.163 |    0.422533 |           7.30824 |              0.422533 | True             | False          |
+----+---------------+--------------+----------+-----------+---------------+-----------------+-------------+-------------------+-----------------------+------------------+----------------+
|  8 |             8 |            1 | pyroki   |         0 |       7.2763  |         741.733 |    0.4238   |           7.2763  |              0.4238   | True             | False          |
+----+---------------+--------------+----------+-----------+---------------+-----------------+-------------+-------------------+-----------------------+------------------+----------------+
|  9 |             9 |            1 | pyroki   |         0 |       7.55072 |         742.385 |    0.427652 |           7.55072 |              0.427652 | True             | False          |
+----+---------------+--------------+----------+-----------+---------------+-----------------+-------------+-------------------+-----------------------+------------------+----------------+
| 10 |            10 |            1 | pyroki   |         0 |       7.59315 |         741.514 |    0.424537 |           7.59315 |              0.424537 | True             | False          |
+----+---------------+--------------+----------+-----------+---------------+-----------------+-------------+-------------------+-----------------------+------------------+----------------+
| 11 |            11 |            1 | pyroki   |         0 |       7.28655 |         743.911 |    0.424093 |           7.28655 |              0.424093 | True             | False          |
+----+---------------+--------------+----------+-----------+---------------+-----------------+-------------+-------------------+-----------------------+------------------+----------------+
| 12 |            12 |            1 | pyroki   |         0 |       7.31874 |         745.269 |    0.419646 |           7.31874 |              0.419646 | True             | False          |
+----+---------------+--------------+----------+-----------+---------------+-----------------+-------------+-------------------+-----------------------+------------------+----------------+
| 13 |            13 |            1 | pyroki   |         0 |       7.97725 |         740.186 |    0.423085 |           7.97725 |              0.423085 | True             | False          |
+----+---------------+--------------+----------+-----------+---------------+-----------------+-------------+-------------------+-----------------------+------------------+----------------+
| 14 |            14 |            1 | pyroki   |         0 |       7.3607  |         739.577 |    0.422104 |           7.3607  |              0.422104 | True             | False          |
+----+---------------+--------------+----------+-----------+---------------+-----------------+-------------+-------------------+-----------------------+------------------+----------------+
| 15 |            15 |            1 | pyroki   |         0 |       7.34472 |         743.558 |    0.427043 |           7.34472 |              0.427043 | True             | False          |
+----+---------------+--------------+----------+-----------+---------------+-----------------+-------------+-------------------+-----------------------+------------------+----------------+
| 16 |            16 |            1 | pyroki   |         0 |       7.34663 |         739.743 |    0.42453  |           7.34663 |              0.42453  | True             | False          |
+----+---------------+--------------+----------+-----------+---------------+-----------------+-------------+-------------------+-----------------------+------------------+----------------+
| 17 |            17 |            1 | pyroki   |         0 |       7.29728 |         737.957 |    0.423426 |           7.29728 |              0.423426 | True             | False          |
+----+---------------+--------------+----------+-----------+---------------+-----------------+-------------+-------------------+-----------------------+------------------+----------------+
| 18 |            18 |            1 | pyroki   |         0 |       7.33399 |         739.149 |    0.425027 |           7.33399 |              0.425027 | True             | False          |
+----+---------------+--------------+----------+-----------+---------------+-----------------+-------------+-------------------+-----------------------+------------------+----------------+
| 19 |            19 |            1 | pyroki   |         0 |       7.40552 |         741.114 |    0.422419 |           7.40552 |              0.422419 | True             | False          |
+----+---------------+--------------+----------+-----------+---------------+-----------------+-------------+-------------------+-----------------------+------------------+----------------+
| 20 |            20 |            1 | pyroki   |         0 |       7.27558 |         745.348 |    0.420949 |           7.27558 |              0.420949 | True             | False          |
+----+---------------+--------------+----------+-----------+---------------+-----------------+-------------+-------------------+-----------------------+------------------+----------------+
| 21 |            21 |            1 | pyroki   |         0 |       7.33232 |         739.145 |    0.424106 |           7.33232 |              0.424106 | True             | False          |
+----+---------------+--------------+----------+-----------+---------------+-----------------+-------------+-------------------+-----------------------+------------------+----------------+
| 22 |            22 |            1 | pyroki   |         0 |       7.36213 |         741.838 |    0.424739 |           7.36213 |              0.424739 | True             | False          |
+----+---------------+--------------+----------+-----------+---------------+-----------------+-------------+-------------------+-----------------------+------------------+----------------+
| 23 |            23 |            1 | pyroki   |         0 |       7.33209 |         744.742 |    0.418451 |           7.33209 |              0.418451 | True             | False          |
+----+---------------+--------------+----------+-----------+---------------+-----------------+-------------+-------------------+-----------------------+------------------+----------------+
| 24 |            24 |            1 | pyroki   |         0 |       7.36642 |         741.103 |    0.423358 |           7.36642 |              0.423358 | True             | False          |
+----+---------------+--------------+----------+-----------+---------------+-----------------+-------------+-------------------+-----------------------+------------------+----------------+
| 25 |            25 |            1 | pyroki   |         0 |       7.35831 |         741.579 |    0.425751 |           7.35831 |              0.425751 | True             | False          |
+----+---------------+--------------+----------+-----------+---------------+-----------------+-------------+-------------------+-----------------------+------------------+----------------+
| 26 |            26 |            1 | pyroki   |         0 |       7.43866 |         741.675 |    0.424983 |           7.43866 |              0.424983 | True             | False          |
+----+---------------+--------------+----------+-----------+---------------+-----------------+-------------+-------------------+-----------------------+------------------+----------------+
| 27 |            27 |            1 | pyroki   |         0 |       7.12204 |         741.463 |    0.426068 |           7.12204 |              0.426068 | True             | False          |
+----+---------------+--------------+----------+-----------+---------------+-----------------+-------------+-------------------+-----------------------+------------------+----------------+
| 28 |            28 |            1 | pyroki   |         0 |       7.09391 |         744.206 |    0.427183 |           7.09391 |              0.427183 | True             | False          |
+----+---------------+--------------+----------+-----------+---------------+-----------------+-------------+-------------------+-----------------------+------------------+----------------+
| 29 |            29 |            1 | pyroki   |         0 |       7.13778 |         740.235 |    0.424175 |           7.13778 |              0.424175 | True             | False          |
+----+---------------+--------------+----------+-----------+---------------+-----------------+-------------+-------------------+-----------------------+------------------+----------------+
| 30 |            30 |            1 | pyroki   |         0 |       7.13563 |         741.699 |    0.423588 |           7.13563 |              0.423588 | True             | False          |
+----+---------------+--------------+----------+-----------+---------------+-----------------+-------------+-------------------+-----------------------+------------------+----------------+
| 31 |            31 |            1 | pyroki   |         0 |       7.0951  |         746.077 |    0.419606 |           7.0951  |              0.419606 | True             | False          |
+----+---------------+--------------+----------+-----------+---------------+-----------------+-------------+-------------------+-----------------------+------------------+----------------+
| 32 |            32 |            1 | pyroki   |         0 |       7.13348 |         739.502 |    0.424265 |           7.13348 |              0.424265 | True             | False          |
+----+---------------+--------------+----------+-----------+---------------+-----------------+-------------+-------------------+-----------------------+------------------+----------------+
| 33 |            33 |            1 | pyroki   |         0 |       7.87592 |         743.081 |    0.423242 |           7.87592 |              0.423242 | True             | False          |
+----+---------------+--------------+----------+-----------+---------------+-----------------+-------------+-------------------+-----------------------+------------------+----------------+
| 34 |            34 |            1 | pyroki   |         0 |       7.94625 |         748.33  |    0.42188  |           7.94625 |              0.42188  | True             | False          |
+----+---------------+--------------+----------+-----------+---------------+-----------------+-------------+-------------------+-----------------------+------------------+----------------+
| 35 |            35 |            1 | pyroki   |         0 |       8.00347 |         741.891 |    0.42247  |           8.00347 |              0.42247  | True             | False          |
+----+---------------+--------------+----------+-----------+---------------+-----------------+-------------+-------------------+-----------------------+------------------+----------------+
| 36 |            36 |            1 | pyroki   |         0 |       7.46059 |         746.791 |    0.421634 |           7.46059 |              0.421634 | True             | False          |
+----+---------------+--------------+----------+-----------+---------------+-----------------+-------------+-------------------+-----------------------+------------------+----------------+
| 37 |            37 |            1 | pyroki   |         0 |       7.41506 |         743.506 |    0.42612  |           7.41506 |              0.42612  | True             | False          |
+----+---------------+--------------+----------+-----------+---------------+-----------------+-------------+-------------------+-----------------------+------------------+----------------+
| 38 |            38 |            1 | pyroki   |         0 |       7.17473 |         745.791 |    0.422213 |           7.17473 |              0.422213 | True             | False          |
+----+---------------+--------------+----------+-----------+---------------+-----------------+-------------+-------------------+-----------------------+------------------+----------------+
| 39 |            39 |            1 | pyroki   |         0 |       7.29156 |         741.596 |    0.424122 |           7.29156 |              0.424122 | True             | False          |
+----+---------------+--------------+----------+-----------+---------------+-----------------+-------------+-------------------+-----------------------+------------------+----------------+
| 40 |            40 |            1 | pyroki   |         0 |       7.39169 |         746.692 |    0.420707 |           7.39169 |              0.420707 | True             | False          |
+----+---------------+--------------+----------+-----------+---------------+-----------------+-------------+-------------------+-----------------------+------------------+----------------+
| 41 |            41 |            1 | pyroki   |         0 |       7.37476 |         739.743 |    0.42641  |           7.37476 |              0.42641  | True             | False          |
+----+---------------+--------------+----------+-----------+---------------+-----------------+-------------+-------------------+-----------------------+------------------+----------------+
| 42 |            42 |            1 | pyroki   |         0 |       7.42078 |         741.494 |    0.425298 |           7.42078 |              0.425298 | True             | False          |
+----+---------------+--------------+----------+-----------+---------------+-----------------+-------------+-------------------+-----------------------+------------------+----------------+
| 43 |            43 |            1 | pyroki   |         0 |       7.32994 |         740.395 |    0.422961 |           7.32994 |              0.422961 | True             | False          |
+----+---------------+--------------+----------+-----------+---------------+-----------------+-------------+-------------------+-----------------------+------------------+----------------+
| 44 |            44 |            1 | pyroki   |         0 |       7.34353 |         748.526 |    0.42265  |           7.34353 |              0.42265  | True             | False          |
+----+---------------+--------------+----------+-----------+---------------+-----------------+-------------+-------------------+-----------------------+------------------+----------------+
| 45 |            45 |            1 | pyroki   |         0 |       7.27987 |         745.384 |    0.420776 |           7.27987 |              0.420776 | True             | False          |
+----+---------------+--------------+----------+-----------+---------------+-----------------+-------------+-------------------+-----------------------+------------------+----------------+
| 46 |            46 |            1 | pyroki   |         0 |       8.18014 |         741.359 |    0.421311 |           8.18014 |              0.421311 | True             | False          |
+----+---------------+--------------+----------+-----------+---------------+-----------------+-------------+-------------------+-----------------------+------------------+----------------+
| 47 |            47 |            1 | pyroki   |         0 |       7.48301 |         739.406 |    0.422175 |           7.48301 |              0.422175 | True             | False          |
+----+---------------+--------------+----------+-----------+---------------+-----------------+-------------+-------------------+-----------------------+------------------+----------------+
| 48 |            48 |            1 | pyroki   |         0 |       7.62892 |         742.431 |    0.425748 |           7.62892 |              0.425748 | True             | False          |
+----+---------------+--------------+----------+-----------+---------------+-----------------+-------------+-------------------+-----------------------+------------------+----------------+
| 49 |            49 |            1 | pyroki   |         0 |       8.66747 |         739.846 |    0.424777 |           8.66747 |              0.424777 | True             | False          |
+----+---------------+--------------+----------+-----------+---------------+-----------------+-------------+-------------------+-----------------------+------------------+----------------+
... (500 rows total)

============================================================
Averages by Batch Size
============================================================
+------------------+---------------+-----------------+-------------+-----------+---------------------+-------------------+
|                  |   IK-time(ms) |   Pos-Error(mm) |   Ori-Error |   succ(%) |   collision_free(%) |   success_both(%) |
+==================+===============+=================+=============+===========+=====================+===================+
| (1, 'pyroki')    |       7.86125 |     742.468     | 0.423687    |         0 |                 100 |                 0 |
+------------------+---------------+-----------------+-------------+-----------+---------------------+-------------------+
| (10, 'pyroki')   |      11.275   |       0.0114181 | 1.16375e-05 |       100 |                 100 |               100 |
+------------------+---------------+-----------------+-------------+-----------+---------------------+-------------------+
| (100, 'pyroki')  |      12.1218  |       0.0209455 | 8.95768e-06 |       100 |                 100 |               100 |
+------------------+---------------+-----------------+-------------+-----------+---------------------+-------------------+
| (1000, 'pyroki') |      18.5574  |       0.0183606 | 7.05481e-06 |       100 |                 100 |               100 |
+------------------+---------------+-----------------+-------------+-----------+---------------------+-------------------+
| (2000, 'pyroki') |      27.0589  |       0.0183985 | 6.25484e-06 |       100 |                 100 |               100 |
+------------------+---------------+-----------------+-------------+-----------+---------------------+-------------------+
============================================================

[baseline_bench] collision-free: validating returned q with the shared Panda sphere model (benchmark/panda_collision.py); the 'collision_free' column is populated cuRobo-free.
running...
  curobo num_seeds: 1
  curobo num_seeds: 10
  curobo num_seeds: 100
  curobo num_seeds: 1000
  curobo num_seeds: 2000
+----+---------------+--------------+----------+-----------+---------------+-----------------+-------------+-------------------+-----------------------+------------------+----------------+
|    |   problem_idx |   Batch-Size | solver   |   succ(%) |   IK-time(ms) |   Pos-Error(mm) |   Ori-Error |   curobo-time(ms) |   curobo-ori-err(rad) | collision_free   | success_both   |
+====+===============+==============+==========+===========+===============+=================+=============+===================+=======================+==================+================+
|  0 |             0 |            1 | curobo   |       100 |       2.12598 |     9.5795e-05  | 1.39349e-07 |           2.12598 |           1.39349e-07 | True             | True           |
+----+---------------+--------------+----------+-----------+---------------+-----------------+-------------+-------------------+-----------------------+------------------+----------------+
|  1 |             1 |            1 | curobo   |       100 |       2.16532 |     0.000203407 | 1.0554e-07  |           2.16532 |           1.0554e-07  | True             | True           |
+----+---------------+--------------+----------+-----------+---------------+-----------------+-------------+-------------------+-----------------------+------------------+----------------+
|  2 |             2 |            1 | curobo   |       100 |       2.13695 |     0.000125435 | 7.30891e-08 |           2.13695 |           7.30891e-08 | True             | True           |
+----+---------------+--------------+----------+-----------+---------------+-----------------+-------------+-------------------+-----------------------+------------------+----------------+
|  3 |             3 |            1 | curobo   |       100 |       2.14624 |     6.63992e-05 | 1.50873e-07 |           2.14624 |           1.50873e-07 | False            | False          |
+----+---------------+--------------+----------+-----------+---------------+-----------------+-------------+-------------------+-----------------------+------------------+----------------+
|  4 |             4 |            1 | curobo   |       100 |       2.13313 |     0.00870076  | 5.5046e-07  |           2.13313 |           5.5046e-07  | True             | True           |
+----+---------------+--------------+----------+-----------+---------------+-----------------+-------------+-------------------+-----------------------+------------------+----------------+
|  5 |             5 |            1 | curobo   |       100 |       2.14839 |     6.06999e-05 | 1.14915e-07 |           2.14839 |           1.14915e-07 | True             | True           |
+----+---------------+--------------+----------+-----------+---------------+-----------------+-------------+-------------------+-----------------------+------------------+----------------+
|  6 |             6 |            1 | curobo   |       100 |       8.87537 |     0.000787624 | 1.07422e-06 |           8.87537 |           1.07422e-06 | True             | True           |
+----+---------------+--------------+----------+-----------+---------------+-----------------+-------------+-------------------+-----------------------+------------------+----------------+
|  7 |             7 |            1 | curobo   |       100 |       8.6782  |     0.00232895  | 1.01951e-05 |           8.6782  |           1.01951e-05 | True             | True           |
+----+---------------+--------------+----------+-----------+---------------+-----------------+-------------+-------------------+-----------------------+------------------+----------------+
|  8 |             8 |            1 | curobo   |       100 |       2.12693 |     4.05125e-05 | 1.09005e-07 |           2.12693 |           1.09005e-07 | True             | True           |
+----+---------------+--------------+----------+-----------+---------------+-----------------+-------------+-------------------+-----------------------+------------------+----------------+
|  9 |             9 |            1 | curobo   |       100 |       2.14696 |     0.000119649 | 2.18173e-07 |           2.14696 |           2.18173e-07 | True             | True           |
+----+---------------+--------------+----------+-----------+---------------+-----------------+-------------+-------------------+-----------------------+------------------+----------------+
| 10 |            10 |            1 | curobo   |       100 |       2.14887 |     0.000121937 | 1.58506e-07 |           2.14887 |           1.58506e-07 | True             | True           |
+----+---------------+--------------+----------+-----------+---------------+-----------------+-------------+-------------------+-----------------------+------------------+----------------+
| 11 |            11 |            1 | curobo   |       100 |       2.14744 |     0.000104711 | 2.09471e-07 |           2.14744 |           2.09471e-07 | True             | True           |
+----+---------------+--------------+----------+-----------+---------------+-----------------+-------------+-------------------+-----------------------+------------------+----------------+
| 12 |            12 |            1 | curobo   |       100 |       2.15292 |     4.32062e-05 | 6.85371e-08 |           2.15292 |           6.85371e-08 | True             | True           |
+----+---------------+--------------+----------+-----------+---------------+-----------------+-------------+-------------------+-----------------------+------------------+----------------+
| 13 |            13 |            1 | curobo   |       100 |       2.14911 |     6.21409e-05 | 1.03252e-07 |           2.14911 |           1.03252e-07 | True             | True           |
+----+---------------+--------------+----------+-----------+---------------+-----------------+-------------+-------------------+-----------------------+------------------+----------------+
| 14 |            14 |            1 | curobo   |       100 |       8.73923 |     1.0686      | 0.00141477  |           8.73923 |           0.00141477  | True             | True           |
+----+---------------+--------------+----------+-----------+---------------+-----------------+-------------+-------------------+-----------------------+------------------+----------------+
| 15 |            15 |            1 | curobo   |       100 |       2.15292 |     0.000202389 | 3.78163e-08 |           2.15292 |           3.78163e-08 | True             | True           |
+----+---------------+--------------+----------+-----------+---------------+-----------------+-------------+-------------------+-----------------------+------------------+----------------+
| 16 |            16 |            1 | curobo   |       100 |       8.74567 |     3.22624     | 0.00367485  |           8.74567 |           0.00367485  | True             | True           |
+----+---------------+--------------+----------+-----------+---------------+-----------------+-------------+-------------------+-----------------------+------------------+----------------+
| 17 |            17 |            1 | curobo   |       100 |       8.72588 |     1.07542     | 0.00139312  |           8.72588 |           0.00139312  | True             | True           |
+----+---------------+--------------+----------+-----------+---------------+-----------------+-------------+-------------------+-----------------------+------------------+----------------+
| 18 |            18 |            1 | curobo   |       100 |       2.12574 |     0.000369337 | 2.1175e-07  |           2.12574 |           2.1175e-07  | True             | True           |
+----+---------------+--------------+----------+-----------+---------------+-----------------+-------------+-------------------+-----------------------+------------------+----------------+
| 19 |            19 |            1 | curobo   |       100 |       2.13218 |     0.000125436 | 4.53737e-08 |           2.13218 |           4.53737e-08 | True             | True           |
+----+---------------+--------------+----------+-----------+---------------+-----------------+-------------+-------------------+-----------------------+------------------+----------------+
| 20 |            20 |            1 | curobo   |       100 |       2.1255  |     6.6666e-05  | 1.05484e-07 |           2.1255  |           1.05484e-07 | True             | True           |
+----+---------------+--------------+----------+-----------+---------------+-----------------+-------------+-------------------+-----------------------+------------------+----------------+
| 21 |            21 |            1 | curobo   |       100 |       2.12669 |     7.48325e-05 | 1.12727e-07 |           2.12669 |           1.12727e-07 | True             | True           |
+----+---------------+--------------+----------+-----------+---------------+-----------------+-------------+-------------------+-----------------------+------------------+----------------+
| 22 |            22 |            1 | curobo   |       100 |       8.67581 |     6.06474e-05 | 6.00001e-08 |           8.67581 |           6.00001e-08 | True             | True           |
+----+---------------+--------------+----------+-----------+---------------+-----------------+-------------+-------------------+-----------------------+------------------+----------------+
| 23 |            23 |            1 | curobo   |       100 |       2.12717 |     0.000139939 | 1.15107e-07 |           2.12717 |           1.15107e-07 | True             | True           |
+----+---------------+--------------+----------+-----------+---------------+-----------------+-------------+-------------------+-----------------------+------------------+----------------+
| 24 |            24 |            1 | curobo   |       100 |       2.12383 |     3.1514e-05  | 1.04512e-07 |           2.12383 |           1.04512e-07 | True             | True           |
+----+---------------+--------------+----------+-----------+---------------+-----------------+-------------+-------------------+-----------------------+------------------+----------------+
| 25 |            25 |            1 | curobo   |       100 |       8.65436 |     1.49012e-05 | 2.51031e-07 |           8.65436 |           2.51031e-07 | True             | True           |
+----+---------------+--------------+----------+-----------+---------------+-----------------+-------------+-------------------+-----------------------+------------------+----------------+
| 26 |            26 |            1 | curobo   |       100 |       2.15554 |     0.000614745 | 5.87369e-08 |           2.15554 |           5.87369e-08 | True             | True           |
+----+---------------+--------------+----------+-----------+---------------+-----------------+-------------+-------------------+-----------------------+------------------+----------------+
| 27 |            27 |            1 | curobo   |       100 |       2.1348  |     0.000372    | 2.16345e-07 |           2.1348  |           2.16345e-07 | True             | True           |
+----+---------------+--------------+----------+-----------+---------------+-----------------+-------------+-------------------+-----------------------+------------------+----------------+
| 28 |            28 |            1 | curobo   |       100 |       2.141   |     0.014208    | 2.70035e-06 |           2.141   |           2.70035e-06 | True             | True           |
+----+---------------+--------------+----------+-----------+---------------+-----------------+-------------+-------------------+-----------------------+------------------+----------------+
| 29 |            29 |            1 | curobo   |       100 |       2.13718 |     0.000120707 | 5.00595e-08 |           2.13718 |           5.00595e-08 | True             | True           |
+----+---------------+--------------+----------+-----------+---------------+-----------------+-------------+-------------------+-----------------------+------------------+----------------+
| 30 |            30 |            1 | curobo   |       100 |       2.1081  |     0.000302197 | 9.30745e-08 |           2.1081  |           9.30745e-08 | False            | False          |
+----+---------------+--------------+----------+-----------+---------------+-----------------+-------------+-------------------+-----------------------+------------------+----------------+
| 31 |            31 |            1 | curobo   |       100 |       2.15554 |     8.04395e-05 | 1.53369e-07 |           2.15554 |           1.53369e-07 | True             | True           |
+----+---------------+--------------+----------+-----------+---------------+-----------------+-------------+-------------------+-----------------------+------------------+----------------+
| 32 |            32 |            1 | curobo   |       100 |       2.12622 |     6.58824e-05 | 7.78055e-08 |           2.12622 |           7.78055e-08 | True             | True           |
+----+---------------+--------------+----------+-----------+---------------+-----------------+-------------+-------------------+-----------------------+------------------+----------------+
| 33 |            33 |            1 | curobo   |       100 |       8.72755 |     1.19267e-05 | 1.12726e-07 |           8.72755 |           1.12726e-07 | True             | True           |
+----+---------------+--------------+----------+-----------+---------------+-----------------+-------------+-------------------+-----------------------+------------------+----------------+
| 34 |            34 |            1 | curobo   |       100 |       8.59857 |     4.89356e-05 | 9.06782e-07 |           8.59857 |           9.06782e-07 | True             | True           |
+----+---------------+--------------+----------+-----------+---------------+-----------------+-------------+-------------------+-----------------------+------------------+----------------+
| 35 |            35 |            1 | curobo   |       100 |       2.1286  |     3.8515e-05  | 2.20637e-08 |           2.1286  |           2.20637e-08 | True             | True           |
+----+---------------+--------------+----------+-----------+---------------+-----------------+-------------+-------------------+-----------------------+------------------+----------------+
| 36 |            36 |            1 | curobo   |       100 |       8.65316 |     2.6669e-05  | 1.40768e-07 |           8.65316 |           1.40768e-07 | True             | True           |
+----+---------------+--------------+----------+-----------+---------------+-----------------+-------------+-------------------+-----------------------+------------------+----------------+
| 37 |            37 |            1 | curobo   |       100 |       8.65221 |     1.79521e-05 | 1.08879e-07 |           8.65221 |           1.08879e-07 | True             | True           |
+----+---------------+--------------+----------+-----------+---------------+-----------------+-------------+-------------------+-----------------------+------------------+----------------+
| 38 |            38 |            1 | curobo   |       100 |       2.14672 |     6.4933e-05  | 1.27485e-07 |           2.14672 |           1.27485e-07 | True             | True           |
+----+---------------+--------------+----------+-----------+---------------+-----------------+-------------+-------------------+-----------------------+------------------+----------------+
| 39 |            39 |            1 | curobo   |       100 |       2.11573 |     7.26327e-05 | 1.36797e-07 |           2.11573 |           1.36797e-07 | True             | True           |
+----+---------------+--------------+----------+-----------+---------------+-----------------+-------------+-------------------+-----------------------+------------------+----------------+
| 40 |            40 |            1 | curobo   |       100 |       2.12502 |     7.6612e-05  | 7.97602e-08 |           2.12502 |           7.97602e-08 | True             | True           |
+----+---------------+--------------+----------+-----------+---------------+-----------------+-------------+-------------------+-----------------------+------------------+----------------+
| 41 |            41 |            1 | curobo   |       100 |       2.14672 |     6.67255e-05 | 1.49734e-07 |           2.14672 |           1.49734e-07 | True             | True           |
+----+---------------+--------------+----------+-----------+---------------+-----------------+-------------+-------------------+-----------------------+------------------+----------------+
| 42 |            42 |            1 | curobo   |       100 |       2.14195 |     3.47004e-05 | 1.39329e-07 |           2.14195 |           1.39329e-07 | True             | True           |
+----+---------------+--------------+----------+-----------+---------------+-----------------+-------------+-------------------+-----------------------+------------------+----------------+
| 43 |            43 |            1 | curobo   |       100 |       8.72183 |     4.06964     | 0.00237095  |           8.72183 |           0.00237095  | True             | True           |
+----+---------------+--------------+----------+-----------+---------------+-----------------+-------------+-------------------+-----------------------+------------------+----------------+
| 44 |            44 |            1 | curobo   |       100 |       2.15125 |     0.00122404  | 9.48811e-08 |           2.15125 |           9.48811e-08 | True             | True           |
+----+---------------+--------------+----------+-----------+---------------+-----------------+-------------+-------------------+-----------------------+------------------+----------------+
| 45 |            45 |            1 | curobo   |       100 |       2.14696 |     0.000165356 | 1.50836e-07 |           2.14696 |           1.50836e-07 | True             | True           |
+----+---------------+--------------+----------+-----------+---------------+-----------------+-------------+-------------------+-----------------------+------------------+----------------+
| 46 |            46 |            1 | curobo   |         0 |       8.52418 |     5.32943     | 0.0114392   |           8.52418 |           0.0114392   | True             | False          |
+----+---------------+--------------+----------+-----------+---------------+-----------------+-------------+-------------------+-----------------------+------------------+----------------+
| 47 |            47 |            1 | curobo   |       100 |       2.16222 |     7.96679e-05 | 1.2165e-07  |           2.16222 |           1.2165e-07  | True             | True           |
+----+---------------+--------------+----------+-----------+---------------+-----------------+-------------+-------------------+-----------------------+------------------+----------------+
| 48 |            48 |            1 | curobo   |       100 |       8.66389 |     2.32249e-05 | 1.20139e-07 |           8.66389 |           1.20139e-07 | True             | True           |
+----+---------------+--------------+----------+-----------+---------------+-----------------+-------------+-------------------+-----------------------+------------------+----------------+
| 49 |            49 |            1 | curobo   |       100 |       2.14863 |     7.6868e-05  | 8.778e-08   |           2.14863 |           8.778e-08   | True             | True           |
+----+---------------+--------------+----------+-----------+---------------+-----------------+-------------+-------------------+-----------------------+------------------+----------------+
... (500 rows total)

============================================================
Averages by Batch Size
============================================================
+------------------+---------------+-----------------+-------------+-----------+---------------------+-------------------+
|                  |   IK-time(ms) |   Pos-Error(mm) |   Ori-Error |   succ(%) |   collision_free(%) |   success_both(%) |
+==================+===============+=================+=============+===========+=====================+===================+
| (1, 'curobo')    |       4.1027  |     0.352455    | 0.000774435 |        99 |                  93 |                92 |
+------------------+---------------+-----------------+-------------+-----------+---------------------+-------------------+
| (10, 'curobo')   |       2.1513  |     0.00909184  | 1.41413e-06 |       100 |                  90 |                90 |
+------------------+---------------+-----------------+-------------+-----------+---------------------+-------------------+
| (100, 'curobo')  |       2.1543  |     0.000144993 | 9.6255e-08  |       100 |                  97 |                97 |
+------------------+---------------+-----------------+-------------+-----------+---------------------+-------------------+
| (1000, 'curobo') |       2.34241 |     9.12656e-05 | 6.62156e-08 |       100 |                  98 |                98 |
+------------------+---------------+-----------------+-------------+-----------+---------------------+-------------------+
| (2000, 'curobo') |       2.46466 |     8.19026e-05 | 6.51212e-08 |       100 |                 100 |               100 |
+------------------+---------------+-----------------+-------------+-----------+---------------------+-------------------+
============================================================


[OK] wrote /home/plancher/Desktop/HJCD-IK/docs/open-tasks/paper-2026-10-03/paper_results_20261007T155203Z/table_collfree_hand_table_bars_panda.md
## Panda collision-free, table_bars_panda (dataset protocol: panda_hand, goal_pose)

| Batch | curobo Time(ms) | curobo Pos(mm) | curobo Ori(rad) | hjcdik Time(ms) | hjcdik Pos(mm) | hjcdik Ori(rad) | pyroki Time(ms) | pyroki Pos(mm) | pyroki Ori(rad) |
| --- | --- | --- | --- | --- | --- | --- | --- | --- | --- |
| 1 | 4.103 | 0.3525 | 7.744e-04 | 8.482 | 6.135 | 0.03706 | 7.861 | 742.5 | 0.4237 |
| 10 | 2.151 | 0.009092 | 1.414e-06 | 3.365 | 9.075e-06 | 4.634e-08 | 11.27 | 0.01142 | 1.164e-05 |
| 100 | 2.154 | 1.450e-04 | 9.625e-08 | 3.018 | 7.933e-06 | 1.861e-08 | 12.12 | 0.02095 | 8.958e-06 |
| 1000 | 2.342 | 9.127e-05 | 6.622e-08 | 3.428 | 1.446e-05 | 1.320e-08 | 18.56 | 0.01836 | 7.055e-06 |
| 2000 | 2.465 | 8.190e-05 | 6.512e-08 | 3.217 | 1.485e-05 | 2.486e-08 | 27.06 | 0.0184 | 6.255e-06 |

_solvers: curobo: n=100/batch, hjcdik: n=1/batch, pyroki: n=100/batch_
=== [Table III] DoF scalability (open-world, B=1000, panda_hand frame) ===
--- DoF=7 (csrc/urdf/panda.urdf) ---
[gen_targets] csrc/urdf/panda.urdf -> 'panda_hand_joint': 7 actuated joints on chain [scramble=digit-permutation, seed=0, skip=0]
[gen_targets] wrote 100 targets:
  /home/plancher/Desktop/HJCD-IK/docs/open-tasks/paper-2026-10-03/hjcd/benchmark/targets/panda_dof7.json
  /home/plancher/Desktop/HJCD-IK/docs/open-tasks/paper-2026-10-03/hjcd/benchmark/targets/panda_dof7.yml
/home/plancher/Desktop/HJCD-IK/docs/open-tasks/paper-2026-10-03/hjcd/external/GRiD/external/URDFParser/URDFParser.py:103: UserWarning: Link [panda_link0] does not have inertial properties. Assuming this is the fixed world base frame. Else there is an error with your URDF file.
  warnings.warn(
------------------------------------------
Assumed Input Joint Configuration Ordering
------------------------------------------
panda_joint1
panda_joint2
panda_joint3
panda_joint4
panda_joint5
panda_joint6
panda_joint7
------------------------------------------
Total of n = 7 dof
Total of n = 7 joints
Total of n = 8 links
------------------------------------------
Fixed Joints Found (if any):
------------------------------------------
right_gripper (id: 7, parent: panda_joint7)
panda_finger_joint2 (id: 8, parent: panda_joint7)
panda_finger_joint1 (id: 9, parent: panda_joint7)
panda_grasptarget_hand (id: 10, parent: panda_joint7)
panda_hand_joint (id: 11, parent: panda_joint7)
panda_joint8 (id: 12, parent: panda_joint7)
------------------------------------------
[generate_grid] robot=panda dof=7 target=panda_hand_joint
[generate_grid] EE_FIXED_FRAME_IDX = 11  (target 'panda_hand_joint')
[generate_grid] wrote /home/plancher/Desktop/HJCD-IK/docs/open-tasks/paper-2026-10-03/hjcd/csrc/generated/grid.cuh
ninja: Entering directory `build'
[0/1] Re-running CMake...
-- HJCD-IK: g++-10 not found; using default CUDA host compiler
-- HJCD-IK: CUDA architectures = native
-- Found pybind11: /home/plancher/Desktop/HJCD-IK/docs/open-tasks/paper-2026-10-03/hjcd/.venv/lib/python3.12/site-packages/pybind11/include (found version "3.1.0")
-- HJCD-IK: using GRiD header /home/plancher/Desktop/HJCD-IK/docs/open-tasks/paper-2026-10-03/hjcd/csrc/generated/grid.cuh
-- Configuring done (0.0s)
-- Generating done (0.0s)
-- Build files have been written to: /home/plancher/Desktop/HJCD-IK/docs/open-tasks/paper-2026-10-03/hjcd/build
[1/5] Building CXX object CMakeFiles/_hjcdik.dir/csrc/bindings/pybind_module.cpp.o
[2/5] Building CUDA object CMakeFiles/hjcdik_core.dir/csrc/kernel/hjcd_kernel.cu.o
[3/5] Linking CXX executable hjcdik
[4/5] Linking CXX shared module _hjcdik.cpython-312-x86_64-linux-gnu.so
installed build/_hjcdik.cpython-312-x86_64-linux-gnu.so -> /home/plancher/Desktop/HJCD-IK/docs/open-tasks/paper-2026-10-03/hjcd/.venv/lib/python3.12/site-packages/hjcdik/_hjcdik.cpython-312-x86_64-linux-gnu.so
import OK: /home/plancher/Desktop/HJCD-IK/docs/open-tasks/paper-2026-10-03/hjcd/hjcdik/__init__.py
[GRiD] skipping URDF codegen...
[build info] {'num_joints': 7, 'ee_target': 'panda_hand_joint', 'collision_enabled': False, 'grid_header_sha256': 'f560ff4ee646f2935df4fa68c42b5b364b4e1d5d2500ebc7e92669e336abb3cd', 'cuda_compiler_version': '13.2.86'}
[info] robot with 7 joints
[info] loaded 100 shared targets from /home/plancher/Desktop/HJCD-IK/docs/open-tasks/paper-2026-10-03/hjcd/benchmark/targets/panda_dof7.json
[info] running 100 targets, batches=[1000], num_solutions=1, collision_free=False
[info] processed 0/100 targets
[info] processed 50/100 targets

==== Batch Summary (averages) ====
Batch Size 1000:
  Time (ms): 1.763981
  Position Error: 1.847798e-03
  Orientation Error: 1.299450e-06
[OK] wrote CSV summary /home/plancher/Desktop/HJCD-IK/docs/open-tasks/paper-2026-10-03/paper_results_20261007T155203Z/dof7_hjcdik.csv

[OK] wrote /home/plancher/Desktop/HJCD-IK/docs/open-tasks/paper-2026-10-03/hjcd/results.yml with 100 query entries (100 targets x 1 batches; up to 1 solutions per query).
2026-10-07 12:10:15.049 | INFO     | jaxls._problem:analyze:237 - Building optimization problem with 2 terms and 1 variables: 2 costs, 0 eq_zero, 0 leq_zero, 0 geq_zero
2026-10-07 12:10:15.063 | INFO     | jaxls._problem:analyze:364 - Vectorizing group with 1 costs, 1 variables each: limit_residual
2026-10-07 12:10:15.115 | INFO     | jaxls._problem:analyze:364 - Vectorizing group with 1 costs, 1 variables each: _pose_cost_analytical_jac
2026-10-07 12:10:15.122 | INFO     | jaxls._problem:analyze:451 - Variable elimination: variable IDs are traced; solves will not use elimination
2026-10-07 12:10:15.628 | INFO     | jaxls._problem:analyze:237 - Building optimization problem with 2 terms and 1 variables: 2 costs, 0 eq_zero, 0 leq_zero, 0 geq_zero
2026-10-07 12:10:15.634 | INFO     | jaxls._problem:analyze:364 - Vectorizing group with 1 costs, 1 variables each: limit_residual
2026-10-07 12:10:15.644 | INFO     | jaxls._problem:analyze:364 - Vectorizing group with 1 costs, 1 variables each: _pose_cost_analytical_jac
2026-10-07 12:10:15.648 | INFO     | jaxls._problem:analyze:451 - Variable elimination: variable IDs are traced; solves will not use elimination
running...
  loading goals from /home/plancher/Desktop/HJCD-IK/docs/open-tasks/paper-2026-10-03/hjcd/benchmark/targets/panda_dof7.yml
  100 goals loaded
  pyroki num_seeds_init: 1000
+----+---------------+--------------+----------+-----------+---------------+-----------------+-------------+-------------------+-----------------------+------------------+----------------+
|    |   problem_idx |   Batch-Size | solver   |   succ(%) |   IK-time(ms) |   Pos-Error(mm) |   Ori-Error |   pyroki-time(ms) |   pyroki-ori-err(rad) | collision_free   | success_both   |
+====+===============+==============+==========+===========+===============+=================+=============+===================+=======================+==================+================+
|  0 |             0 |         1000 | pyroki   |       100 |       7.35998 |     0.000161181 | 3.47871e-07 |           7.35998 |           3.47871e-07 |                  |                |
+----+---------------+--------------+----------+-----------+---------------+-----------------+-------------+-------------------+-----------------------+------------------+----------------+
|  1 |             1 |         1000 | pyroki   |       100 |       8.37302 |     0.000141806 | 1.95569e-07 |           8.37302 |           1.95569e-07 |                  |                |
+----+---------------+--------------+----------+-----------+---------------+-----------------+-------------+-------------------+-----------------------+------------------+----------------+
|  2 |             2 |         1000 | pyroki   |       100 |       5.75781 |     0.00930945  | 4.3651e-06  |           5.75781 |           4.3651e-06  |                  |                |
+----+---------------+--------------+----------+-----------+---------------+-----------------+-------------+-------------------+-----------------------+------------------+----------------+
|  3 |             3 |         1000 | pyroki   |       100 |       7.07889 |     6.10993e-05 | 8.42937e-08 |           7.07889 |           8.42937e-08 |                  |                |
+----+---------------+--------------+----------+-----------+---------------+-----------------+-------------+-------------------+-----------------------+------------------+----------------+
|  4 |             4 |         1000 | pyroki   |       100 |       6.82354 |     5.62506e-05 | 2.2302e-07  |           6.82354 |           2.2302e-07  |                  |                |
+----+---------------+--------------+----------+-----------+---------------+-----------------+-------------+-------------------+-----------------------+------------------+----------------+
|  5 |             5 |         1000 | pyroki   |       100 |       7.54452 |     9.68575e-05 | 2.73143e-07 |           7.54452 |           2.73143e-07 |                  |                |
+----+---------------+--------------+----------+-----------+---------------+-----------------+-------------+-------------------+-----------------------+------------------+----------------+
|  6 |             6 |         1000 | pyroki   |       100 |       6.32644 |     0.000190828 | 1.88486e-07 |           6.32644 |           1.88486e-07 |                  |                |
+----+---------------+--------------+----------+-----------+---------------+-----------------+-------------+-------------------+-----------------------+------------------+----------------+
|  7 |             7 |         1000 | pyroki   |       100 |       6.50787 |     5.37269e-05 | 4.21468e-08 |           6.50787 |           4.21468e-08 |                  |                |
+----+---------------+--------------+----------+-----------+---------------+-----------------+-------------+-------------------+-----------------------+------------------+----------------+
|  8 |             8 |         1000 | pyroki   |       100 |       5.99504 |     7.30005e-05 | 5.37269e-08 |           5.99504 |           5.37269e-08 |                  |                |
+----+---------------+--------------+----------+-----------+---------------+-----------------+-------------+-------------------+-----------------------+------------------+----------------+
|  9 |             9 |         1000 | pyroki   |       100 |       5.87869 |     2.98023e-05 | 2.83612e-07 |           5.87869 |           2.83612e-07 |                  |                |
+----+---------------+--------------+----------+-----------+---------------+-----------------+-------------+-------------------+-----------------------+------------------+----------------+
| 10 |            10 |         1000 | pyroki   |       100 |       8.2953  |     6.14391e-05 | 2.34664e-07 |           8.2953  |           2.34664e-07 |                  |                |
+----+---------------+--------------+----------+-----------+---------------+-----------------+-------------+-------------------+-----------------------+------------------+----------------+
| 11 |            11 |         1000 | pyroki   |       100 |       6.61302 |     4.53201e-05 | 1.3328e-07  |           6.61302 |           1.3328e-07  |                  |                |
+----+---------------+--------------+----------+-----------+---------------+-----------------+-------------+-------------------+-----------------------+------------------+----------------+
| 12 |            12 |         1000 | pyroki   |       100 |       7.05409 |     0.000215424 | 1.63913e-07 |           7.05409 |           1.63913e-07 |                  |                |
+----+---------------+--------------+----------+-----------+---------------+-----------------+-------------+-------------------+-----------------------+------------------+----------------+
| 13 |            13 |         1000 | pyroki   |       100 |       6.50382 |     6.664e-05   | 2.66976e-07 |           6.50382 |           2.66976e-07 |                  |                |
+----+---------------+--------------+----------+-----------+---------------+-----------------+-------------+-------------------+-----------------------+------------------+----------------+
| 14 |            14 |         1000 | pyroki   |       100 |       6.93297 |     0.000123778 | 1.73776e-07 |           6.93297 |           1.73776e-07 |                  |                |
+----+---------------+--------------+----------+-----------+---------------+-----------------+-------------+-------------------+-----------------------+------------------+----------------+
| 15 |            15 |         1000 | pyroki   |       100 |       6.1729  |     6.664e-05   | 1.46001e-07 |           6.1729  |           1.46001e-07 |                  |                |
+----+---------------+--------------+----------+-----------+---------------+-----------------+-------------+-------------------+-----------------------+------------------+----------------+
| 16 |            16 |         1000 | pyroki   |       100 |       6.49548 |     0.000111821 | 2.88944e-07 |           6.49548 |           2.88944e-07 |                  |                |
+----+---------------+--------------+----------+-----------+---------------+-----------------+-------------+-------------------+-----------------------+------------------+----------------+
| 17 |            17 |         1000 | pyroki   |       100 |       6.95205 |     0.000149755 | 1.88634e-07 |           6.95205 |           1.88634e-07 |                  |                |
+----+---------------+--------------+----------+-----------+---------------+-----------------+-------------+-------------------+-----------------------+------------------+----------------+
| 18 |            18 |         1000 | pyroki   |       100 |       7.53474 |     9.45373e-05 | 1.26441e-07 |           7.53474 |           1.26441e-07 |                  |                |
+----+---------------+--------------+----------+-----------+---------------+-----------------+-------------+-------------------+-----------------------+------------------+----------------+
| 19 |            19 |         1000 | pyroki   |       100 |       6.94942 |     0.00013328  | 2.40736e-07 |           6.94942 |           2.40736e-07 |                  |                |
+----+---------------+--------------+----------+-----------+---------------+-----------------+-------------+-------------------+-----------------------+------------------+----------------+
| 20 |            20 |         1000 | pyroki   |       100 |       5.87583 |     7.37805e-05 | 1.97686e-07 |           5.87583 |           1.97686e-07 |                  |                |
+----+---------------+--------------+----------+-----------+---------------+-----------------+-------------+-------------------+-----------------------+------------------+----------------+
| 21 |            21 |         1000 | pyroki   |       100 |       7.10082 |     6.664e-05   | 1.07454e-07 |           7.10082 |           1.07454e-07 |                  |                |
+----+---------------+--------------+----------+-----------+---------------+-----------------+-------------+-------------------+-----------------------+------------------+----------------+
| 22 |            22 |         1000 | pyroki   |       100 |       6.36387 |     6.664e-05   | 4.09714e-07 |           6.36387 |           4.09714e-07 |                  |                |
+----+---------------+--------------+----------+-----------+---------------+-----------------+-------------+-------------------+-----------------------+------------------+----------------+
| 23 |            23 |         1000 | pyroki   |       100 |       6.32453 |     0.000178814 | 8.42937e-08 |           6.32453 |           8.42937e-08 |                  |                |
+----+---------------+--------------+----------+-----------+---------------+-----------------+-------------+-------------------+-----------------------+------------------+----------------+
| 24 |            24 |         1000 | pyroki   |       100 |       6.48594 |     0.000122709 | 2.40274e-07 |           6.48594 |           2.40274e-07 |                  |                |
+----+---------------+--------------+----------+-----------+---------------+-----------------+-------------+-------------------+-----------------------+------------------+----------------+
| 25 |            25 |         1000 | pyroki   |       100 |       6.17218 |     9.06402e-05 | 2.68221e-07 |           6.17218 |           2.68221e-07 |                  |                |
+----+---------------+--------------+----------+-----------+---------------+-----------------+-------------+-------------------+-----------------------+------------------+----------------+
| 26 |            26 |         1000 | pyroki   |       100 |       8.04019 |     5.37269e-05 | 1.88486e-07 |           8.04019 |           1.88486e-07 |                  |                |
+----+---------------+--------------+----------+-----------+---------------+-----------------+-------------+-------------------+-----------------------+------------------+----------------+
| 27 |            27 |         1000 | pyroki   |       100 |       6.74868 |     2.98023e-05 | 2.34664e-07 |           6.74868 |           2.34664e-07 |                  |                |
+----+---------------+--------------+----------+-----------+---------------+-----------------+-------------+-------------------+-----------------------+------------------+----------------+
| 28 |            28 |         1000 | pyroki   |       100 |       6.89101 |     0.000136571 | 1.22878e-07 |           6.89101 |           1.22878e-07 |                  |                |
+----+---------------+--------------+----------+-----------+---------------+-----------------+-------------+-------------------+-----------------------+------------------+----------------+
| 29 |            29 |         1000 | pyroki   |       100 |       7.22408 |     0.000143702 | 2.9951e-07  |           7.22408 |           2.9951e-07  |                  |                |
+----+---------------+--------------+----------+-----------+---------------+-----------------+-------------+-------------------+-----------------------+------------------+----------------+
| 30 |            30 |         1000 | pyroki   |       100 |       5.87201 |     0.000965246 | 3.81656e-07 |           5.87201 |           3.81656e-07 |                  |                |
+----+---------------+--------------+----------+-----------+---------------+-----------------+-------------+-------------------+-----------------------+------------------+----------------+
| 31 |            31 |         1000 | pyroki   |       100 |       7.33042 |     0.000135756 | 2.14908e-07 |           7.33042 |           2.14908e-07 |                  |                |
+----+---------------+--------------+----------+-----------+---------------+-----------------+-------------+-------------------+-----------------------+------------------+----------------+
| 32 |            32 |         1000 | pyroki   |       100 |       7.36809 |     0.000100514 | 3.09715e-07 |           7.36809 |           3.09715e-07 |                  |                |
+----+---------------+--------------+----------+-----------+---------------+-----------------+-------------+-------------------+-----------------------+------------------+----------------+
| 33 |            33 |         1000 | pyroki   |       100 |       7.06124 |     0.000219508 | 4.09985e-07 |           7.06124 |           4.09985e-07 |                  |                |
+----+---------------+--------------+----------+-----------+---------------+-----------------+-------------+-------------------+-----------------------+------------------+----------------+
| 34 |            34 |         1000 | pyroki   |       100 |       6.28352 |     0.000143121 | 2.59811e-07 |           6.28352 |           2.59811e-07 |                  |                |
+----+---------------+--------------+----------+-----------+---------------+-----------------+-------------+-------------------+-----------------------+------------------+----------------+
| 35 |            35 |         1000 | pyroki   |       100 |       6.62589 |     8.02452e-05 | 9.65706e-08 |           6.62589 |           9.65706e-08 |                  |                |
+----+---------------+--------------+----------+-----------+---------------+-----------------+-------------+-------------------+-----------------------+------------------+----------------+
| 36 |            36 |         1000 | pyroki   |       100 |       7.21669 |     0.000143121 | 1.90828e-07 |           7.21669 |           1.90828e-07 |                  |                |
+----+---------------+--------------+----------+-----------+---------------+-----------------+-------------+-------------------+-----------------------+------------------+----------------+
| 37 |            37 |         1000 | pyroki   |       100 |       5.66816 |     0.000178814 | 2.38651e-07 |           5.66816 |           2.38651e-07 |                  |                |
+----+---------------+--------------+----------+-----------+---------------+-----------------+-------------+-------------------+-----------------------+------------------+----------------+
| 38 |            38 |         1000 | pyroki   |       100 |       7.83825 |     0.000140577 | 1.36571e-07 |           7.83825 |           1.36571e-07 |                  |                |
+----+---------------+--------------+----------+-----------+---------------+-----------------+-------------+-------------------+-----------------------+------------------+----------------+
| 39 |            39 |         1000 | pyroki   |       100 |       6.74653 |     0.000102429 | 1.49012e-07 |           6.74653 |           1.49012e-07 |                  |                |
+----+---------------+--------------+----------+-----------+---------------+-----------------+-------------+-------------------+-----------------------+------------------+----------------+
| 40 |            40 |         1000 | pyroki   |       100 |       7.08413 |     0.00016049  | 3.18289e-07 |           7.08413 |           3.18289e-07 |                  |                |
+----+---------------+--------------+----------+-----------+---------------+-----------------+-------------+-------------------+-----------------------+------------------+----------------+
| 41 |            41 |         1000 | pyroki   |       100 |       6.464   |     8.9407e-05  | 2.27456e-07 |           6.464   |           2.27456e-07 |                  |                |
+----+---------------+--------------+----------+-----------+---------------+-----------------+-------------+-------------------+-----------------------+------------------+----------------+
| 42 |            42 |         1000 | pyroki   |       100 |       6.45113 |     7.18085e-05 | 1.36571e-07 |           6.45113 |           1.36571e-07 |                  |                |
+----+---------------+--------------+----------+-----------+---------------+-----------------+-------------+-------------------+-----------------------+------------------+----------------+
| 43 |            43 |         1000 | pyroki   |       100 |       6.90317 |     0.00019992  | 3.11145e-07 |           6.90317 |           3.11145e-07 |                  |                |
+----+---------------+--------------+----------+-----------+---------------+-----------------+-------------+-------------------+-----------------------+------------------+----------------+
| 44 |            44 |         1000 | pyroki   |       100 |       5.81145 |     0.000149755 | 1.97686e-07 |           5.81145 |           1.97686e-07 |                  |                |
+----+---------------+--------------+----------+-----------+---------------+-----------------+-------------+-------------------+-----------------------+------------------+----------------+
| 45 |            45 |         1000 | pyroki   |       100 |       6.29234 |     0.00012578  | 2.40274e-07 |           6.29234 |           2.40274e-07 |                  |                |
+----+---------------+--------------+----------+-----------+---------------+-----------------+-------------+-------------------+-----------------------+------------------+----------------+
| 46 |            46 |         1000 | pyroki   |       100 |       7.35164 |     0.000153598 | 1.90828e-07 |           7.35164 |           1.90828e-07 |                  |                |
+----+---------------+--------------+----------+-----------+---------------+-----------------+-------------+-------------------+-----------------------+------------------+----------------+
| 47 |            47 |         1000 | pyroki   |       100 |       7.22599 |     0.000190828 | 3.9984e-07  |           7.22599 |           3.9984e-07  |                  |                |
+----+---------------+--------------+----------+-----------+---------------+-----------------+-------------+-------------------+-----------------------+------------------+----------------+
| 48 |            48 |         1000 | pyroki   |       100 |       5.86295 |     0.000134828 | 3.50732e-07 |           5.86295 |           3.50732e-07 |                  |                |
+----+---------------+--------------+----------+-----------+---------------+-----------------+-------------+-------------------+-----------------------+------------------+----------------+
| 49 |            49 |         1000 | pyroki   |       100 |       7.40767 |     0.00013411  | 3.9984e-07  |           7.40767 |           3.9984e-07  |                  |                |
+----+---------------+--------------+----------+-----------+---------------+-----------------+-------------+-------------------+-----------------------+------------------+----------------+
... (100 rows total)

============================================================
Averages by Batch Size
============================================================
+------------------+---------------+-----------------+-------------+-----------+---------------------+-------------------+
|                  |   IK-time(ms) |   Pos-Error(mm) |   Ori-Error |   succ(%) |   collision_free(%) |   success_both(%) |
+==================+===============+=================+=============+===========+=====================+===================+
| (1000, 'pyroki') |       6.79454 |     0.000245686 | 2.81087e-07 |       100 |                 nan |               nan |
+------------------+---------------+-----------------+-------------+-----------+---------------------+-------------------+
============================================================

running...
  loading goals from /home/plancher/Desktop/HJCD-IK/docs/open-tasks/paper-2026-10-03/hjcd/benchmark/targets/panda_dof7.yml
  100 goals loaded
  curobo num_seeds: 1000
+----+---------------+--------------+----------+-----------+---------------+-----------------+-------------+-------------------+-----------------------+------------------+----------------+
|    |   problem_idx |   Batch-Size | solver   |   succ(%) |   IK-time(ms) |   Pos-Error(mm) |   Ori-Error |   curobo-time(ms) |   curobo-ori-err(rad) | collision_free   | success_both   |
+====+===============+==============+==========+===========+===============+=================+=============+===================+=======================+==================+================+
|  0 |             0 |         1000 | curobo   |       100 |       2.40326 |     0           | 8.1875e-08  |           2.40326 |           8.1875e-08  |                  |                |
+----+---------------+--------------+----------+-----------+---------------+-----------------+-------------+-------------------+-----------------------+------------------+----------------+
|  1 |             1 |         1000 | curobo   |       100 |       2.40874 |     3.332e-05   | 7.00805e-08 |           2.40874 |           7.00805e-08 |                  |                |
+----+---------------+--------------+----------+-----------+---------------+-----------------+-------------+-------------------+-----------------------+------------------+----------------+
|  2 |             2 |         1000 | curobo   |       100 |       2.40016 |     0.0181686   | 1.8041e-06  |           2.40016 |           1.8041e-06  |                  |                |
+----+---------------+--------------+----------+-----------+---------------+-----------------+-------------+-------------------+-----------------------+------------------+----------------+
|  3 |             3 |         1000 | curobo   |         0 |     591.349   |     2.63418e-05 | 3.47131e-08 |         591.349   |           3.47131e-08 |                  |                |
+----+---------------+--------------+----------+-----------+---------------+-----------------+-------------+-------------------+-----------------------+------------------+----------------+
|  4 |             4 |         1000 | curobo   |       100 |       2.56896 |     4.53201e-05 | 1.21775e-07 |           2.56896 |           1.21775e-07 |                  |                |
+----+---------------+--------------+----------+-----------+---------------+-----------------+-------------+-------------------+-----------------------+------------------+----------------+
|  5 |             5 |         1000 | curobo   |       100 |       2.35987 |     2.68635e-05 | 3.50477e-08 |           2.35987 |           3.50477e-08 |                  |                |
+----+---------------+--------------+----------+-----------+---------------+-----------------+-------------+-------------------+-----------------------+------------------+----------------+
|  6 |             6 |         1000 | curobo   |       100 |       2.31791 |     3.332e-05   | 2.88532e-08 |           2.31791 |           2.88532e-08 |                  |                |
+----+---------------+--------------+----------+-----------+---------------+-----------------+-------------+-------------------+-----------------------+------------------+----------------+
|  7 |             7 |         1000 | curobo   |       100 |       2.36273 |     0           | 2.13685e-08 |           2.36273 |           2.13685e-08 |                  |                |
+----+---------------+--------------+----------+-----------+---------------+-----------------+-------------+-------------------+-----------------------+------------------+----------------+
|  8 |             8 |         1000 | curobo   |       100 |       2.33293 |     2.98023e-05 | 5.35801e-08 |           2.33293 |           5.35801e-08 |                  |                |
+----+---------------+--------------+----------+-----------+---------------+-----------------+-------------+-------------------+-----------------------+------------------+----------------+
|  9 |             9 |         1000 | curobo   |       100 |       2.4097  |     0.000216964 | 2.06282e-07 |           2.4097  |           2.06282e-07 |                  |                |
+----+---------------+--------------+----------+-----------+---------------+-----------------+-------------+-------------------+-----------------------+------------------+----------------+
| 10 |            10 |         1000 | curobo   |       100 |       2.39253 |     1.49012e-05 | 4.47071e-08 |           2.39253 |           4.47071e-08 |                  |                |
+----+---------------+--------------+----------+-----------+---------------+-----------------+-------------+-------------------+-----------------------+------------------+----------------+
| 11 |            11 |         1000 | curobo   |       100 |       2.4035  |     3.332e-05   | 1.22258e-08 |           2.4035  |           1.22258e-08 |                  |                |
+----+---------------+--------------+----------+-----------+---------------+-----------------+-------------+-------------------+-----------------------+------------------+----------------+
| 12 |            12 |         1000 | curobo   |       100 |       2.36535 |     0           | 4.03023e-08 |           2.36535 |           4.03023e-08 |                  |                |
+----+---------------+--------------+----------+-----------+---------------+-----------------+-------------+-------------------+-----------------------+------------------+----------------+
| 13 |            13 |         1000 | curobo   |       100 |       2.3315  |     0           | 3.06577e-08 |           2.3315  |           3.06577e-08 |                  |                |
+----+---------------+--------------+----------+-----------+---------------+-----------------+-------------+-------------------+-----------------------+------------------+----------------+
| 14 |            14 |         1000 | curobo   |       100 |       2.32506 |     1.49012e-05 | 4.11741e-08 |           2.32506 |           4.11741e-08 |                  |                |
+----+---------------+--------------+----------+-----------+---------------+-----------------+-------------+-------------------+-----------------------+------------------+----------------+
| 15 |            15 |         1000 | curobo   |       100 |       2.34342 |     1.49012e-05 | 4.524e-08   |           2.34342 |           4.524e-08   |                  |                |
+----+---------------+--------------+----------+-----------+---------------+-----------------+-------------+-------------------+-----------------------+------------------+----------------+
| 16 |            16 |         1000 | curobo   |       100 |       2.32482 |     1.00307e-05 | 4.555e-08   |           2.32482 |           4.555e-08   |                  |                |
+----+---------------+--------------+----------+-----------+---------------+-----------------+-------------+-------------------+-----------------------+------------------+----------------+
| 17 |            17 |         1000 | curobo   |       100 |       2.32172 |     5.16191e-05 | 1.37525e-08 |           2.32172 |           1.37525e-08 |                  |                |
+----+---------------+--------------+----------+-----------+---------------+-----------------+-------------+-------------------+-----------------------+------------------+----------------+
| 18 |            18 |         1000 | curobo   |         0 |       9.28116 |     1.86265e-05 | 3.3486e-08  |           9.28116 |           3.3486e-08  |                  |                |
+----+---------------+--------------+----------+-----------+---------------+-----------------+-------------+-------------------+-----------------------+------------------+----------------+
| 19 |            19 |         1000 | curobo   |       100 |       2.34938 |     0           | 9.572e-08   |           2.34938 |           9.572e-08   |                  |                |
+----+---------------+--------------+----------+-----------+---------------+-----------------+-------------+-------------------+-----------------------+------------------+----------------+
| 20 |            20 |         1000 | curobo   |       100 |       2.31457 |     6.87162e-05 | 3.16823e-08 |           2.31457 |           3.16823e-08 |                  |                |
+----+---------------+--------------+----------+-----------+---------------+-----------------+-------------+-------------------+-----------------------+------------------+----------------+
| 21 |            21 |         1000 | curobo   |       100 |       2.34079 |     0           | 5.3481e-08  |           2.34079 |           5.3481e-08  |                  |                |
+----+---------------+--------------+----------+-----------+---------------+-----------------+-------------+-------------------+-----------------------+------------------+----------------+
| 22 |            22 |         1000 | curobo   |       100 |       2.33936 |     7.45058e-06 | 3.65188e-08 |           2.33936 |           3.65188e-08 |                  |                |
+----+---------------+--------------+----------+-----------+---------------+-----------------+-------------+-------------------+-----------------------+------------------+----------------+
| 23 |            23 |         1000 | curobo   |       100 |       2.33722 |     2.98023e-05 | 5.55665e-08 |           2.33722 |           5.55665e-08 |                  |                |
+----+---------------+--------------+----------+-----------+---------------+-----------------+-------------+-------------------+-----------------------+------------------+----------------+
| 24 |            24 |         1000 | curobo   |       100 |       2.32315 |     2.6077e-05  | 4.52398e-08 |           2.32315 |           4.52398e-08 |                  |                |
+----+---------------+--------------+----------+-----------+---------------+-----------------+-------------+-------------------+-----------------------+------------------+----------------+
| 25 |            25 |         1000 | curobo   |       100 |       2.32291 |     6.82857e-05 | 2.69126e-08 |           2.32291 |           2.69126e-08 |                  |                |
+----+---------------+--------------+----------+-----------+---------------+-----------------+-------------+-------------------+-----------------------+------------------+----------------+
| 26 |            26 |         1000 | curobo   |       100 |       2.32697 |     1.49012e-05 | 1.22307e-08 |           2.32697 |           1.22307e-08 |                  |                |
+----+---------------+--------------+----------+-----------+---------------+-----------------+-------------+-------------------+-----------------------+------------------+----------------+
| 27 |            27 |         1000 | curobo   |       100 |       2.33388 |     0           | 7.28265e-08 |           2.33388 |           7.28265e-08 |                  |                |
+----+---------------+--------------+----------+-----------+---------------+-----------------+-------------+-------------------+-----------------------+------------------+----------------+
| 28 |            28 |         1000 | curobo   |       100 |       2.34985 |     0           | 2.08834e-08 |           2.34985 |           2.08834e-08 |                  |                |
+----+---------------+--------------+----------+-----------+---------------+-----------------+-------------+-------------------+-----------------------+------------------+----------------+
| 29 |            29 |         1000 | curobo   |       100 |       2.33054 |     0           | 8.99071e-08 |           2.33054 |           8.99071e-08 |                  |                |
+----+---------------+--------------+----------+-----------+---------------+-----------------+-------------+-------------------+-----------------------+------------------+----------------+
| 30 |            30 |         1000 | curobo   |       100 |       2.33364 |     0.00188439  | 1.30458e-07 |           2.33364 |           1.30458e-07 |                  |                |
+----+---------------+--------------+----------+-----------+---------------+-----------------+-------------+-------------------+-----------------------+------------------+----------------+
| 31 |            31 |         1000 | curobo   |       100 |       2.33245 |     3.332e-05   | 2.44221e-08 |           2.33245 |           2.44221e-08 |                  |                |
+----+---------------+--------------+----------+-----------+---------------+-----------------+-------------+-------------------+-----------------------+------------------+----------------+
| 32 |            32 |         1000 | curobo   |         0 |       8.82888 |     3.72529e-05 | 6.00782e-08 |           8.82888 |           6.00782e-08 |                  |                |
+----+---------------+--------------+----------+-----------+---------------+-----------------+-------------+-------------------+-----------------------+------------------+----------------+
| 33 |            33 |         1000 | curobo   |       100 |       2.35248 |     0           | 3.80686e-08 |           2.35248 |           3.80686e-08 |                  |                |
+----+---------------+--------------+----------+-----------+---------------+-----------------+-------------+-------------------+-----------------------+------------------+----------------+
| 34 |            34 |         1000 | curobo   |       100 |       2.33603 |     3.91155e-05 | 8.62026e-09 |           2.33603 |           8.62026e-09 |                  |                |
+----+---------------+--------------+----------+-----------+---------------+-----------------+-------------+-------------------+-----------------------+------------------+----------------+
| 35 |            35 |         1000 | curobo   |       100 |       2.34389 |     7.45058e-06 | 4.70935e-08 |           2.34389 |           4.70935e-08 |                  |                |
+----+---------------+--------------+----------+-----------+---------------+-----------------+-------------+-------------------+-----------------------+------------------+----------------+
| 36 |            36 |         1000 | curobo   |       100 |       2.33889 |     0           | 7.38941e-08 |           2.33889 |           7.38941e-08 |                  |                |
+----+---------------+--------------+----------+-----------+---------------+-----------------+-------------+-------------------+-----------------------+------------------+----------------+
| 37 |            37 |         1000 | curobo   |       100 |       2.32577 |     4.21468e-05 | 4.46693e-08 |           2.32577 |           4.46693e-08 |                  |                |
+----+---------------+--------------+----------+-----------+---------------+-----------------+-------------+-------------------+-----------------------+------------------+----------------+
| 38 |            38 |         1000 | curobo   |       100 |       2.3315  |     0           | 5.22895e-08 |           2.3315  |           5.22895e-08 |                  |                |
+----+---------------+--------------+----------+-----------+---------------+-----------------+-------------+-------------------+-----------------------+------------------+----------------+
| 39 |            39 |         1000 | curobo   |       100 |       2.32482 |     2.10734e-05 | 6.10986e-08 |           2.32482 |           6.10986e-08 |                  |                |
+----+---------------+--------------+----------+-----------+---------------+-----------------+-------------+-------------------+-----------------------+------------------+----------------+
| 40 |            40 |         1000 | curobo   |       100 |       2.34175 |     0           | 5.75624e-08 |           2.34175 |           5.75624e-08 |                  |                |
+----+---------------+--------------+----------+-----------+---------------+-----------------+-------------+-------------------+-----------------------+------------------+----------------+
| 41 |            41 |         1000 | curobo   |       100 |       2.32649 |     2.98023e-05 | 6.06532e-08 |           2.32649 |           6.06532e-08 |                  |                |
+----+---------------+--------------+----------+-----------+---------------+-----------------+-------------+-------------------+-----------------------+------------------+----------------+
| 42 |            42 |         1000 | curobo   |       100 |       2.33555 |     2.9933e-05  | 3.27807e-08 |           2.33555 |           3.27807e-08 |                  |                |
+----+---------------+--------------+----------+-----------+---------------+-----------------+-------------+-------------------+-----------------------+------------------+----------------+
| 43 |            43 |         1000 | curobo   |       100 |       2.37322 |     0           | 4.86531e-08 |           2.37322 |           4.86531e-08 |                  |                |
+----+---------------+--------------+----------+-----------+---------------+-----------------+-------------+-------------------+-----------------------+------------------+----------------+
| 44 |            44 |         1000 | curobo   |       100 |       2.33316 |     5.96046e-05 | 1.48913e-07 |           2.33316 |           1.48913e-07 |                  |                |
+----+---------------+--------------+----------+-----------+---------------+-----------------+-------------+-------------------+-----------------------+------------------+----------------+
| 45 |            45 |         1000 | curobo   |       100 |       2.3253  |     3.72529e-05 | 1.7004e-08  |           2.3253  |           1.7004e-08  |                  |                |
+----+---------------+--------------+----------+-----------+---------------+-----------------+-------------+-------------------+-----------------------+------------------+----------------+
| 46 |            46 |         1000 | curobo   |         0 |       9.02963 |     0           | 4.06993e-08 |           9.02963 |           4.06993e-08 |                  |                |
+----+---------------+--------------+----------+-----------+---------------+-----------------+-------------+-------------------+-----------------------+------------------+----------------+
| 47 |            47 |         1000 | curobo   |       100 |       2.53415 |     0           | 6.52777e-08 |           2.53415 |           6.52777e-08 |                  |                |
+----+---------------+--------------+----------+-----------+---------------+-----------------+-------------+-------------------+-----------------------+------------------+----------------+
| 48 |            48 |         1000 | curobo   |       100 |       2.41089 |     2.78233e-05 | 4.23549e-08 |           2.41089 |           4.23549e-08 |                  |                |
+----+---------------+--------------+----------+-----------+---------------+-----------------+-------------+-------------------+-----------------------+------------------+----------------+
| 49 |            49 |         1000 | curobo   |       100 |       2.40374 |     1.49012e-05 | 3.23492e-08 |           2.40374 |           3.23492e-08 |                  |                |
+----+---------------+--------------+----------+-----------+---------------+-----------------+-------------+-------------------+-----------------------+------------------+----------------+
... (100 rows total)

============================================================
Averages by Batch Size
============================================================
+------------------+---------------+-----------------+-------------+-----------+---------------------+-------------------+
|                  |   IK-time(ms) |   Pos-Error(mm) |   Ori-Error |   succ(%) |   collision_free(%) |   success_both(%) |
+==================+===============+=================+=============+===========+=====================+===================+
| (1000, 'curobo') |       8.74043 |     0.000270331 | 7.22662e-08 |        92 |                 nan |               nan |
+------------------+---------------+-----------------+-------------+-----------+---------------------+-------------------+
============================================================


[OK] wrote /home/plancher/Desktop/HJCD-IK/docs/open-tasks/paper-2026-10-03/paper_results_20261007T155203Z/table_dof7.md
## DoF=7 (Table III)

| Batch | curobo Time(ms) | curobo Pos(mm) | curobo Ori(rad) | hjcdik Time(ms) | hjcdik Pos(mm) | hjcdik Ori(rad) | pyroki Time(ms) | pyroki Pos(mm) | pyroki Ori(rad) |
| --- | --- | --- | --- | --- | --- | --- | --- | --- | --- |
| 1000 | 8.74 | 2.703e-04 | 7.227e-08 | 1.764 | 0.001848 | 1.299e-06 | 6.795 | 2.457e-04 | 2.811e-07 |

_solvers: curobo: n=100/batch, hjcdik: n=1/batch, pyroki: n=100/batch_
--- DoF=12 (csrc/urdf/panda_ext_12dof.urdf) ---
[gen_targets] csrc/urdf/panda_ext_12dof.urdf -> 'panda_hand_joint': 12 actuated joints on chain [scramble=digit-permutation, seed=0, skip=0]
[gen_targets] wrote 100 targets:
  /home/plancher/Desktop/HJCD-IK/docs/open-tasks/paper-2026-10-03/hjcd/benchmark/targets/panda_dof12.json
  /home/plancher/Desktop/HJCD-IK/docs/open-tasks/paper-2026-10-03/hjcd/benchmark/targets/panda_dof12.yml
/home/plancher/Desktop/HJCD-IK/docs/open-tasks/paper-2026-10-03/hjcd/external/GRiD/external/URDFParser/URDFParser.py:103: UserWarning: Link [panda_link0] does not have inertial properties. Assuming this is the fixed world base frame. Else there is an error with your URDF file.
  warnings.warn(
/home/plancher/Desktop/HJCD-IK/docs/open-tasks/paper-2026-10-03/hjcd/external/GRiD/external/URDFParser/URDFParser.py:103: UserWarning: Link [panda_leftfinger] does not have inertial properties. Assuming this is the fixed world base frame. Else there is an error with your URDF file.
  warnings.warn(
/home/plancher/Desktop/HJCD-IK/docs/open-tasks/paper-2026-10-03/hjcd/external/GRiD/external/URDFParser/URDFParser.py:103: UserWarning: Link [panda_rightfinger] does not have inertial properties. Assuming this is the fixed world base frame. Else there is an error with your URDF file.
  warnings.warn(
/home/plancher/Desktop/HJCD-IK/docs/open-tasks/paper-2026-10-03/hjcd/external/GRiD/external/URDFParser/URDFParser.py:573: UserWarning: URDFParser: Link(s) ['panda_link7'] have a degenerate/missing <inertial> (zero or non-positive-definite mass/inertia), which yields singular/broken dynamics. Provide a valid <inertial>, or parse with strict_inertial=True to reject this as an error.
  self.validate_inertials(root_link_name)
------------------------------------------
Assumed Input Joint Configuration Ordering
------------------------------------------
panda_joint1
panda_joint2
panda_joint3
panda_joint4
panda_joint5
panda_joint6
panda_joint7
panda_joint8
panda_joint9
panda_joint10
panda_joint11
panda_joint12
------------------------------------------
Total of n = 12 dof
Total of n = 12 joints
Total of n = 13 links
------------------------------------------
Fixed Joints Found (if any):
------------------------------------------
panda_finger_joint2 (id: 12, parent: panda_joint12)
panda_finger_joint1 (id: 13, parent: panda_joint12)
panda_hand_joint (id: 14, parent: panda_joint12)
panda_joint_flange_offset (id: 15, parent: panda_joint12)
------------------------------------------
[generate_grid] robot=panda_12dof_ext012 dof=12 target=panda_hand_joint
[generate_grid] EE_FIXED_FRAME_IDX = 14  (target 'panda_hand_joint')
[generate_grid] wrote /home/plancher/Desktop/HJCD-IK/docs/open-tasks/paper-2026-10-03/hjcd/csrc/generated/grid.cuh
ninja: Entering directory `build'
[0/1] Re-running CMake...
-- HJCD-IK: g++-10 not found; using default CUDA host compiler
-- HJCD-IK: CUDA architectures = native
-- Found pybind11: /home/plancher/Desktop/HJCD-IK/docs/open-tasks/paper-2026-10-03/hjcd/.venv/lib/python3.12/site-packages/pybind11/include (found version "3.1.0")
-- HJCD-IK: using GRiD header /home/plancher/Desktop/HJCD-IK/docs/open-tasks/paper-2026-10-03/hjcd/csrc/generated/grid.cuh
-- Configuring done (0.1s)
-- Generating done (0.0s)
-- Build files have been written to: /home/plancher/Desktop/HJCD-IK/docs/open-tasks/paper-2026-10-03/hjcd/build
[1/5] Building CXX object CMakeFiles/_hjcdik.dir/csrc/bindings/pybind_module.cpp.o
[2/5] Building CUDA object CMakeFiles/hjcdik_core.dir/csrc/kernel/hjcd_kernel.cu.o
[3/5] Linking CXX executable hjcdik
[4/5] Linking CXX shared module _hjcdik.cpython-312-x86_64-linux-gnu.so
installed build/_hjcdik.cpython-312-x86_64-linux-gnu.so -> /home/plancher/Desktop/HJCD-IK/docs/open-tasks/paper-2026-10-03/hjcd/.venv/lib/python3.12/site-packages/hjcdik/_hjcdik.cpython-312-x86_64-linux-gnu.so
import OK: /home/plancher/Desktop/HJCD-IK/docs/open-tasks/paper-2026-10-03/hjcd/hjcdik/__init__.py
[GRiD] skipping URDF codegen...
[build info] {'num_joints': 12, 'ee_target': 'panda_hand_joint', 'collision_enabled': False, 'grid_header_sha256': 'a9e5c11eaffdd65acd9ae40cf44bb3510b4ec367ddc30c324a2680702091d51d', 'cuda_compiler_version': '13.2.86'}
[info] robot with 12 joints
[info] loaded 100 shared targets from /home/plancher/Desktop/HJCD-IK/docs/open-tasks/paper-2026-10-03/hjcd/benchmark/targets/panda_dof12.json
[info] running 100 targets, batches=[1000], num_solutions=1, collision_free=False
[info] processed 0/100 targets
[info] processed 50/100 targets

==== Batch Summary (averages) ====
Batch Size 1000:
  Time (ms): 1.870408
  Position Error: 2.762820e-06
  Orientation Error: 2.249085e-09
[OK] wrote CSV summary /home/plancher/Desktop/HJCD-IK/docs/open-tasks/paper-2026-10-03/paper_results_20261007T155203Z/dof12_hjcdik.csv

[OK] wrote /home/plancher/Desktop/HJCD-IK/docs/open-tasks/paper-2026-10-03/hjcd/results.yml with 100 query entries (100 targets x 1 batches; up to 1 solutions per query).
2026-10-07 12:10:54.112 | INFO     | jaxls._problem:analyze:237 - Building optimization problem with 2 terms and 1 variables: 2 costs, 0 eq_zero, 0 leq_zero, 0 geq_zero
2026-10-07 12:10:54.165 | INFO     | jaxls._problem:analyze:364 - Vectorizing group with 1 costs, 1 variables each: _pose_cost_analytical_jac
2026-10-07 12:10:54.178 | INFO     | jaxls._problem:analyze:364 - Vectorizing group with 1 costs, 1 variables each: limit_residual
2026-10-07 12:10:54.186 | INFO     | jaxls._problem:analyze:451 - Variable elimination: variable IDs are traced; solves will not use elimination
2026-10-07 12:10:54.699 | INFO     | jaxls._problem:analyze:237 - Building optimization problem with 2 terms and 1 variables: 2 costs, 0 eq_zero, 0 leq_zero, 0 geq_zero
2026-10-07 12:10:54.705 | INFO     | jaxls._problem:analyze:364 - Vectorizing group with 1 costs, 1 variables each: limit_residual
2026-10-07 12:10:54.715 | INFO     | jaxls._problem:analyze:364 - Vectorizing group with 1 costs, 1 variables each: _pose_cost_analytical_jac
2026-10-07 12:10:54.719 | INFO     | jaxls._problem:analyze:451 - Variable elimination: variable IDs are traced; solves will not use elimination
running...
  loading goals from /home/plancher/Desktop/HJCD-IK/docs/open-tasks/paper-2026-10-03/hjcd/benchmark/targets/panda_dof12.yml
  100 goals loaded
  pyroki num_seeds_init: 1000
+----+---------------+--------------+----------+-----------+---------------+-----------------+-------------+-------------------+-----------------------+------------------+----------------+
|    |   problem_idx |   Batch-Size | solver   |   succ(%) |   IK-time(ms) |   Pos-Error(mm) |   Ori-Error |   pyroki-time(ms) |   pyroki-ori-err(rad) | collision_free   | success_both   |
+====+===============+==============+==========+===========+===============+=================+=============+===================+=======================+==================+================+
|  0 |             0 |         1000 | pyroki   |       100 |       7.22361 |     0.000128401 | 3.56695e-07 |           7.22361 |           3.56695e-07 |                  |                |
+----+---------------+--------------+----------+-----------+---------------+-----------------+-------------+-------------------+-----------------------+------------------+----------------+
|  1 |             1 |         1000 | pyroki   |       100 |       9.02033 |     0.000320981 | 2.60238e-07 |           9.02033 |           2.60238e-07 |                  |                |
+----+---------------+--------------+----------+-----------+---------------+-----------------+-------------+-------------------+-----------------------+------------------+----------------+
|  2 |             2 |         1000 | pyroki   |       100 |       8.2159  |     0.000443043 | 2.24632e-07 |           8.2159  |           2.24632e-07 |                  |                |
+----+---------------+--------------+----------+-----------+---------------+-----------------+-------------+-------------------+-----------------------+------------------+----------------+
|  3 |             3 |         1000 | pyroki   |       100 |       8.85653 |     0.000190828 | 1.68587e-07 |           8.85653 |           1.68587e-07 |                  |                |
+----+---------------+--------------+----------+-----------+---------------+-----------------+-------------+-------------------+-----------------------+------------------+----------------+
|  4 |             4 |         1000 | pyroki   |       100 |       7.50279 |     0.000230005 | 3.19942e-07 |           7.50279 |           3.19942e-07 |                  |                |
+----+---------------+--------------+----------+-----------+---------------+-----------------+-------------+-------------------+-----------------------+------------------+----------------+
|  5 |             5 |         1000 | pyroki   |       100 |       8.45313 |     0.000413558 | 2.73143e-07 |           8.45313 |           2.73143e-07 |                  |                |
+----+---------------+--------------+----------+-----------+---------------+-----------------+-------------+-------------------+-----------------------+------------------+----------------+
|  6 |             6 |         1000 | pyroki   |       100 |       8.68988 |     0.000188634 | 1.90828e-07 |           8.68988 |           1.90828e-07 |                  |                |
+----+---------------+--------------+----------+-----------+---------------+-----------------+-------------+-------------------+-----------------------+------------------+----------------+
|  7 |             7 |         1000 | pyroki   |       100 |       7.52902 |     0.000381656 | 5.06639e-07 |           7.52902 |           5.06639e-07 |                  |                |
+----+---------------+--------------+----------+-----------+---------------+-----------------+-------------+-------------------+-----------------------+------------------+----------------+
|  8 |             8 |         1000 | pyroki   |       100 |       9.00173 |     0.000144472 | 4.17232e-07 |           9.00173 |           4.17232e-07 |                  |                |
+----+---------------+--------------+----------+-----------+---------------+-----------------+-------------+-------------------+-----------------------+------------------+----------------+
|  9 |             9 |         1000 | pyroki   |       100 |       7.62248 |     0.000246208 | 2.45756e-07 |           7.62248 |           2.45756e-07 |                  |                |
+----+---------------+--------------+----------+-----------+---------------+-----------------+-------------+-------------------+-----------------------+------------------+----------------+
| 10 |            10 |         1000 | pyroki   |       100 |       8.10814 |     0.000368634 | 3.9984e-07  |           8.10814 |           3.9984e-07  |                  |                |
+----+---------------+--------------+----------+-----------+---------------+-----------------+-------------+-------------------+-----------------------+------------------+----------------+
| 11 |            11 |         1000 | pyroki   |       100 |       8.48699 |     8.72068e-05 | 2.38419e-07 |           8.48699 |           2.38419e-07 |                  |                |
+----+---------------+--------------+----------+-----------+---------------+-----------------+-------------+-------------------+-----------------------+------------------+----------------+
| 12 |            12 |         1000 | pyroki   |       100 |       8.39448 |     0.000238884 | 1.16382e-07 |           8.39448 |           1.16382e-07 |                  |                |
+----+---------------+--------------+----------+-----------+---------------+-----------------+-------------+-------------------+-----------------------+------------------+----------------+
| 13 |            13 |         1000 | pyroki   |       100 |       8.49867 |     0.00018128  | 3.60411e-07 |           8.49867 |           3.60411e-07 |                  |                |
+----+---------------+--------------+----------+-----------+---------------+-----------------+-------------+-------------------+-----------------------+------------------+----------------+
| 14 |            14 |         1000 | pyroki   |       100 |       8.31699 |     0.000347552 | 4.43043e-07 |           8.31699 |           4.43043e-07 |                  |                |
+----+---------------+--------------+----------+-----------+---------------+-----------------+-------------+-------------------+-----------------------+------------------+----------------+
| 15 |            15 |         1000 | pyroki   |       100 |       7.48134 |     0.000103238 | 3.27825e-07 |           7.48134 |           3.27825e-07 |                  |                |
+----+---------------+--------------+----------+-----------+---------------+-----------------+-------------+-------------------+-----------------------+------------------+----------------+
| 16 |            16 |         1000 | pyroki   |       100 |       7.06434 |     0.00016049  | 1.3411e-07  |           7.06434 |           1.3411e-07  |                  |                |
+----+---------------+--------------+----------+-----------+---------------+-----------------+-------------+-------------------+-----------------------+------------------+----------------+
| 17 |            17 |         1000 | pyroki   |       100 |       8.67295 |     0.000242115 | 3.42403e-07 |           8.67295 |           3.42403e-07 |                  |                |
+----+---------------+--------------+----------+-----------+---------------+-----------------+-------------+-------------------+-----------------------+------------------+----------------+
| 18 |            18 |         1000 | pyroki   |       100 |       8.67438 |     0.000178814 | 6.36403e-07 |           8.67438 |           6.36403e-07 |                  |                |
+----+---------------+--------------+----------+-----------+---------------+-----------------+-------------+-------------------+-----------------------+------------------+----------------+
| 19 |            19 |         1000 | pyroki   |       100 |       8.52847 |     0.000273143 | 4.38003e-07 |           8.52847 |           4.38003e-07 |                  |                |
+----+---------------+--------------+----------+-----------+---------------+-----------------+-------------+-------------------+-----------------------+------------------+----------------+
| 20 |            20 |         1000 | pyroki   |       100 |       9.05657 |     0.000319963 | 4.16167e-07 |           9.05657 |           4.16167e-07 |                  |                |
+----+---------------+--------------+----------+-----------+---------------+-----------------+-------------+-------------------+-----------------------+------------------+----------------+
| 21 |            21 |         1000 | pyroki   |       100 |       7.46346 |     0.000252991 | 3.91988e-07 |           7.46346 |           3.91988e-07 |                  |                |
+----+---------------+--------------+----------+-----------+---------------+-----------------+-------------+-------------------+-----------------------+------------------+----------------+
| 22 |            22 |         1000 | pyroki   |       100 |       6.62732 |     0.000524063 | 5.51142e-07 |           6.62732 |           5.51142e-07 |                  |                |
+----+---------------+--------------+----------+-----------+---------------+-----------------+-------------+-------------------+-----------------------+------------------+----------------+
| 23 |            23 |         1000 | pyroki   |       100 |       8.63981 |     0.000168587 | 2.45756e-07 |           8.63981 |           2.45756e-07 |                  |                |
+----+---------------+--------------+----------+-----------+---------------+-----------------+-------------+-------------------+-----------------------+------------------+----------------+
| 24 |            24 |         1000 | pyroki   |       100 |       9.20534 |     0.000416433 | 2.45756e-07 |           9.20534 |           2.45756e-07 |                  |                |
+----+---------------+--------------+----------+-----------+---------------+-----------------+-------------+-------------------+-----------------------+------------------+----------------+
| 25 |            25 |         1000 | pyroki   |       100 |       9.07278 |     0.000103238 | 1.50679e-07 |           9.07278 |           1.50679e-07 |                  |                |
+----+---------------+--------------+----------+-----------+---------------+-----------------+-------------+-------------------+-----------------------+------------------+----------------+
| 26 |            26 |         1000 | pyroki   |       100 |       8.14271 |     0.00013328  | 2.9951e-07  |           8.14271 |           2.9951e-07  |                  |                |
+----+---------------+--------------+----------+-----------+---------------+-----------------+-------------+-------------------+-----------------------+------------------+----------------+
| 27 |            27 |         1000 | pyroki   |       100 |       8.5206  |     0.000293519 | 3.63784e-07 |           8.5206  |           3.63784e-07 |                  |                |
+----+---------------+--------------+----------+-----------+---------------+-----------------+-------------+-------------------+-----------------------+------------------+----------------+
| 28 |            28 |         1000 | pyroki   |       100 |       9.31191 |     0.000243943 | 2.08616e-07 |           9.31191 |           2.08616e-07 |                  |                |
+----+---------------+--------------+----------+-----------+---------------+-----------------+-------------+-------------------+-----------------------+------------------+----------------+
| 29 |            29 |         1000 | pyroki   |       100 |       8.65412 |     0.000169245 | 2.46771e-07 |           8.65412 |           2.46771e-07 |                  |                |
+----+---------------+--------------+----------+-----------+---------------+-----------------+-------------+-------------------+-----------------------+------------------+----------------+
| 30 |            30 |         1000 | pyroki   |       100 |       7.81155 |     0.000130757 | 1.68587e-07 |           7.81155 |           1.68587e-07 |                  |                |
+----+---------------+--------------+----------+-----------+---------------+-----------------+-------------+-------------------+-----------------------+------------------+----------------+
| 31 |            31 |         1000 | pyroki   |       100 |       7.96771 |     4.21468e-05 | 2.47557e-07 |           7.96771 |           2.47557e-07 |                  |                |
+----+---------------+--------------+----------+-----------+---------------+-----------------+-------------+-------------------+-----------------------+------------------+----------------+
| 32 |            32 |         1000 | pyroki   |       100 |       9.3689  |     0.00016049  | 8.42937e-08 |           9.3689  |           8.42937e-08 |                  |                |
+----+---------------+--------------+----------+-----------+---------------+-----------------+-------------+-------------------+-----------------------+------------------+----------------+
| 33 |            33 |         1000 | pyroki   |       100 |       9.06515 |     0.000393755 | 5.53754e-07 |           9.06515 |           5.53754e-07 |                  |                |
+----+---------------+--------------+----------+-----------+---------------+-----------------+-------------+-------------------+-----------------------+------------------+----------------+
| 34 |            34 |         1000 | pyroki   |       100 |       8.72779 |     0.00018128  | 1.1151e-07  |           8.72779 |           1.1151e-07  |                  |                |
+----+---------------+--------------+----------+-----------+---------------+-----------------+-------------+-------------------+-----------------------+------------------+----------------+
| 35 |            35 |         1000 | pyroki   |       100 |       7.95388 |     0.000281155 | 4.10797e-07 |           7.95388 |           4.10797e-07 |                  |                |
+----+---------------+--------------+----------+-----------+---------------+-----------------+-------------+-------------------+-----------------------+------------------+----------------+
| 36 |            36 |         1000 | pyroki   |       100 |       8.58402 |     0.000178814 | 4.08153e-07 |           8.58402 |           4.08153e-07 |                  |                |
+----+---------------+--------------+----------+-----------+---------------+-----------------+-------------+-------------------+-----------------------+------------------+----------------+
| 37 |            37 |         1000 | pyroki   |       100 |       6.72793 |     0.000329515 | 2.2302e-07  |           6.72793 |           2.2302e-07  |                  |                |
+----+---------------+--------------+----------+-----------+---------------+-----------------+-------------+-------------------+-----------------------+------------------+----------------+
| 38 |            38 |         1000 | pyroki   |       100 |       9.27329 |     0.0003332   | 3.38489e-07 |           9.27329 |           3.38489e-07 |                  |                |
+----+---------------+--------------+----------+-----------+---------------+-----------------+-------------+-------------------+-----------------------+------------------+----------------+
| 39 |            39 |         1000 | pyroki   |       100 |       8.46386 |     0.000190828 | 1.43702e-07 |           8.46386 |           1.43702e-07 |                  |                |
+----+---------------+--------------+----------+-----------+---------------+-----------------+-------------+-------------------+-----------------------+------------------+----------------+
| 40 |            40 |         1000 | pyroki   |       100 |       8.45528 |     0.000667066 | 4.05355e-07 |           8.45528 |           4.05355e-07 |                  |                |
+----+---------------+--------------+----------+-----------+---------------+-----------------+-------------+-------------------+-----------------------+------------------+----------------+
| 41 |            41 |         1000 | pyroki   |       100 |       8.10647 |     0.000268221 | 1.90828e-07 |           8.10647 |           1.90828e-07 |                  |                |
+----+---------------+--------------+----------+-----------+---------------+-----------------+-------------+-------------------+-----------------------+------------------+----------------+
| 42 |            42 |         1000 | pyroki   |       100 |       8.62241 |     0.000498688 | 3.88575e-07 |           8.62241 |           3.88575e-07 |                  |                |
+----+---------------+--------------+----------+-----------+---------------+-----------------+-------------+-------------------+-----------------------+------------------+----------------+
| 43 |            43 |         1000 | pyroki   |       100 |       7.31063 |     0.000182501 | 3.16803e-07 |           7.31063 |           3.16803e-07 |                  |                |
+----+---------------+--------------+----------+-----------+---------------+-----------------+-------------+-------------------+-----------------------+------------------+----------------+
| 44 |            44 |         1000 | pyroki   |       100 |       7.93934 |     0.000342403 | 3.03925e-07 |           7.93934 |           3.03925e-07 |                  |                |
+----+---------------+--------------+----------+-----------+---------------+-----------------+-------------+-------------------+-----------------------+------------------+----------------+
| 45 |            45 |         1000 | pyroki   |       100 |       8.31819 |     0.00019992  | 3.51364e-07 |           8.31819 |           3.51364e-07 |                  |                |
+----+---------------+--------------+----------+-----------+---------------+-----------------+-------------+-------------------+-----------------------+------------------+----------------+
| 46 |            46 |         1000 | pyroki   |       100 |       7.77769 |     0.000320981 | 3.20981e-07 |           7.77769 |           3.20981e-07 |                  |                |
+----+---------------+--------------+----------+-----------+---------------+-----------------+-------------+-------------------+-----------------------+------------------+----------------+
| 47 |            47 |         1000 | pyroki   |       100 |       6.67739 |     0.000293519 | 2.47557e-07 |           6.67739 |           2.47557e-07 |                  |                |
+----+---------------+--------------+----------+-----------+---------------+-----------------+-------------+-------------------+-----------------------+------------------+----------------+
| 48 |            48 |         1000 | pyroki   |       100 |       7.22218 |     0.000202678 | 3.03925e-07 |           7.22218 |           3.03925e-07 |                  |                |
+----+---------------+--------------+----------+-----------+---------------+-----------------+-------------+-------------------+-----------------------+------------------+----------------+
| 49 |            49 |         1000 | pyroki   |       100 |       7.67231 |     5.96046e-05 | 3.26468e-07 |           7.67231 |           3.26468e-07 |                  |                |
+----+---------------+--------------+----------+-----------+---------------+-----------------+-------------+-------------------+-----------------------+------------------+----------------+
... (100 rows total)

============================================================
Averages by Batch Size
============================================================
+------------------+---------------+-----------------+-------------+-----------+---------------------+-------------------+
|                  |   IK-time(ms) |   Pos-Error(mm) |   Ori-Error |   succ(%) |   collision_free(%) |   success_both(%) |
+==================+===============+=================+=============+===========+=====================+===================+
| (1000, 'pyroki') |       8.24372 |     0.000257945 | 2.92379e-07 |       100 |                 nan |               nan |
+------------------+---------------+-----------------+-------------+-----------+---------------------+-------------------+
============================================================

running...
  loading goals from /home/plancher/Desktop/HJCD-IK/docs/open-tasks/paper-2026-10-03/hjcd/benchmark/targets/panda_dof12.yml
  100 goals loaded
  curobo num_seeds: 1000
+----+---------------+--------------+----------+-----------+---------------+-----------------+-------------+-------------------+-----------------------+------------------+----------------+
|    |   problem_idx |   Batch-Size | solver   |   succ(%) |   IK-time(ms) |   Pos-Error(mm) |   Ori-Error |   curobo-time(ms) |   curobo-ori-err(rad) | collision_free   | success_both   |
+====+===============+==============+==========+===========+===============+=================+=============+===================+=======================+==================+================+
|  0 |             0 |         1000 | curobo   |       100 |       2.17819 |     6.00685e-05 | 4.49467e-08 |           2.17819 |           4.49467e-08 |                  |                |
+----+---------------+--------------+----------+-----------+---------------+-----------------+-------------+-------------------+-----------------------+------------------+----------------+
|  1 |             1 |         1000 | curobo   |       100 |       2.20323 |     0           | 4.61316e-08 |           2.20323 |           4.61316e-08 |                  |                |
+----+---------------+--------------+----------+-----------+---------------+-----------------+-------------+-------------------+-----------------------+------------------+----------------+
|  2 |             2 |         1000 | curobo   |       100 |       2.29144 |     0           | 4.22632e-08 |           2.29144 |           4.22632e-08 |                  |                |
+----+---------------+--------------+----------+-----------+---------------+-----------------+-------------+-------------------+-----------------------+------------------+----------------+
|  3 |             3 |         1000 | curobo   |       100 |       2.19321 |     2.98023e-05 | 6.28646e-08 |           2.19321 |           6.28646e-08 |                  |                |
+----+---------------+--------------+----------+-----------+---------------+-----------------+-------------+-------------------+-----------------------+------------------+----------------+
|  4 |             4 |         1000 | curobo   |       100 |       2.19965 |     0           | 4.53217e-08 |           2.19965 |           4.53217e-08 |                  |                |
+----+---------------+--------------+----------+-----------+---------------+-----------------+-------------+-------------------+-----------------------+------------------+----------------+
|  5 |             5 |         1000 | curobo   |       100 |       2.2006  |     4.7707e-05  | 1.63715e-08 |           2.2006  |           1.63715e-08 |                  |                |
+----+---------------+--------------+----------+-----------+---------------+-----------------+-------------+-------------------+-----------------------+------------------+----------------+
|  6 |             6 |         1000 | curobo   |       100 |       2.19512 |     4.7707e-05  | 4.83802e-08 |           2.19512 |           4.83802e-08 |                  |                |
+----+---------------+--------------+----------+-----------+---------------+-----------------+-------------+-------------------+-----------------------+------------------+----------------+
|  7 |             7 |         1000 | curobo   |       100 |       2.18773 |     0           | 2.44014e-08 |           2.18773 |           2.44014e-08 |                  |                |
+----+---------------+--------------+----------+-----------+---------------+-----------------+-------------+-------------------+-----------------------+------------------+----------------+
|  8 |             8 |         1000 | curobo   |       100 |       2.17342 |     4.21468e-05 | 7.5413e-08  |           2.17342 |           7.5413e-08  |                  |                |
+----+---------------+--------------+----------+-----------+---------------+-----------------+-------------+-------------------+-----------------------+------------------+----------------+
|  9 |             9 |         1000 | curobo   |       100 |       2.18463 |     6.36578e-05 | 2.3881e-08  |           2.18463 |           2.3881e-08  |                  |                |
+----+---------------+--------------+----------+-----------+---------------+-----------------+-------------+-------------------+-----------------------+------------------+----------------+
| 10 |            10 |         1000 | curobo   |       100 |       2.18344 |     4.21468e-05 | 4.4043e-08  |           2.18344 |           4.4043e-08  |                  |                |
+----+---------------+--------------+----------+-----------+---------------+-----------------+-------------+-------------------+-----------------------+------------------+----------------+
| 11 |            11 |         1000 | curobo   |       100 |       2.20442 |     6.00685e-05 | 2.00323e-08 |           2.20442 |           2.00323e-08 |                  |                |
+----+---------------+--------------+----------+-----------+---------------+-----------------+-------------+-------------------+-----------------------+------------------+----------------+
| 12 |            12 |         1000 | curobo   |       100 |       2.18344 |     3.332e-05   | 2.87667e-08 |           2.18344 |           2.87667e-08 |                  |                |
+----+---------------+--------------+----------+-----------+---------------+-----------------+-------------+-------------------+-----------------------+------------------+----------------+
| 13 |            13 |         1000 | curobo   |       100 |       2.18248 |     2.98023e-05 | 3.93438e-08 |           2.18248 |           3.93438e-08 |                  |                |
+----+---------------+--------------+----------+-----------+---------------+-----------------+-------------+-------------------+-----------------------+------------------+----------------+
| 14 |            14 |         1000 | curobo   |       100 |       2.1894  |     5.96046e-05 | 1.46768e-08 |           2.1894  |           1.46768e-08 |                  |                |
+----+---------------+--------------+----------+-----------+---------------+-----------------+-------------+-------------------+-----------------------+------------------+----------------+
| 15 |            15 |         1000 | curobo   |       100 |       2.19035 |     0           | 3.47122e-08 |           2.19035 |           3.47122e-08 |                  |                |
+----+---------------+--------------+----------+-----------+---------------+-----------------+-------------+-------------------+-----------------------+------------------+----------------+
| 16 |            16 |         1000 | curobo   |       100 |       2.177   |     7.45058e-06 | 6.60594e-08 |           2.177   |           6.60594e-08 |                  |                |
+----+---------------+--------------+----------+-----------+---------------+-----------------+-------------+-------------------+-----------------------+------------------+----------------+
| 17 |            17 |         1000 | curobo   |       100 |       2.19774 |     6.82857e-05 | 2.6129e-08  |           2.19774 |           2.6129e-08  |                  |                |
+----+---------------+--------------+----------+-----------+---------------+-----------------+-------------+-------------------+-----------------------+------------------+----------------+
| 18 |            18 |         1000 | curobo   |       100 |       2.18463 |     2.98023e-05 | 4.87705e-08 |           2.18463 |           4.87705e-08 |                  |                |
+----+---------------+--------------+----------+-----------+---------------+-----------------+-------------+-------------------+-----------------------+------------------+----------------+
| 19 |            19 |         1000 | curobo   |       100 |       2.17819 |     0           | 3.90509e-08 |           2.17819 |           3.90509e-08 |                  |                |
+----+---------------+--------------+----------+-----------+---------------+-----------------+-------------+-------------------+-----------------------+------------------+----------------+
| 20 |            20 |         1000 | curobo   |       100 |       2.17962 |     3.72529e-05 | 5.22075e-08 |           2.17962 |           5.22075e-08 |                  |                |
+----+---------------+--------------+----------+-----------+---------------+-----------------+-------------+-------------------+-----------------------+------------------+----------------+
| 21 |            21 |         1000 | curobo   |       100 |       2.18678 |     0           | 4.60853e-08 |           2.18678 |           4.60853e-08 |                  |                |
+----+---------------+--------------+----------+-----------+---------------+-----------------+-------------+-------------------+-----------------------+------------------+----------------+
| 22 |            22 |         1000 | curobo   |       100 |       2.17366 |     2.14052e-05 | 5.08816e-08 |           2.17366 |           5.08816e-08 |                  |                |
+----+---------------+--------------+----------+-----------+---------------+-----------------+-------------+-------------------+-----------------------+------------------+----------------+
| 23 |            23 |         1000 | curobo   |       100 |       2.2769  |     5.96046e-05 | 5.43489e-08 |           2.2769  |           5.43489e-08 |                  |                |
+----+---------------+--------------+----------+-----------+---------------+-----------------+-------------+-------------------+-----------------------+------------------+----------------+
| 24 |            24 |         1000 | curobo   |       100 |       2.19941 |     1.49012e-05 | 2.69283e-08 |           2.19941 |           2.69283e-08 |                  |                |
+----+---------------+--------------+----------+-----------+---------------+-----------------+-------------+-------------------+-----------------------+------------------+----------------+
| 25 |            25 |         1000 | curobo   |       100 |       2.18582 |     0           | 6.25356e-08 |           2.18582 |           6.25356e-08 |                  |                |
+----+---------------+--------------+----------+-----------+---------------+-----------------+-------------+-------------------+-----------------------+------------------+----------------+
| 26 |            26 |         1000 | curobo   |       100 |       2.19417 |     0           | 6.11433e-08 |           2.19417 |           6.11433e-08 |                  |                |
+----+---------------+--------------+----------+-----------+---------------+-----------------+-------------+-------------------+-----------------------+------------------+----------------+
| 27 |            27 |         1000 | curobo   |       100 |       2.19202 |     5.96046e-05 | 2.2895e-08  |           2.19202 |           2.2895e-08  |                  |                |
+----+---------------+--------------+----------+-----------+---------------+-----------------+-------------+-------------------+-----------------------+------------------+----------------+
| 28 |            28 |         1000 | curobo   |       100 |       2.16746 |     4.21468e-05 | 3.18727e-08 |           2.16746 |           3.18727e-08 |                  |                |
+----+---------------+--------------+----------+-----------+---------------+-----------------+-------------+-------------------+-----------------------+------------------+----------------+
| 29 |            29 |         1000 | curobo   |       100 |       2.18034 |     4.47035e-05 | 5.44593e-08 |           2.18034 |           5.44593e-08 |                  |                |
+----+---------------+--------------+----------+-----------+---------------+-----------------+-------------+-------------------+-----------------------+------------------+----------------+
| 30 |            30 |         1000 | curobo   |       100 |       2.18916 |     4.21468e-05 | 4.01395e-08 |           2.18916 |           4.01395e-08 |                  |                |
+----+---------------+--------------+----------+-----------+---------------+-----------------+-------------+-------------------+-----------------------+------------------+----------------+
| 31 |            31 |         1000 | curobo   |       100 |       2.18272 |     1.49012e-05 | 6.4908e-08  |           2.18272 |           6.4908e-08  |                  |                |
+----+---------------+--------------+----------+-----------+---------------+-----------------+-------------+-------------------+-----------------------+------------------+----------------+
| 32 |            32 |         1000 | curobo   |       100 |       2.20799 |     0           | 5.86771e-08 |           2.20799 |           5.86771e-08 |                  |                |
+----+---------------+--------------+----------+-----------+---------------+-----------------+-------------+-------------------+-----------------------+------------------+----------------+
| 33 |            33 |         1000 | curobo   |       100 |       2.19846 |     7.45058e-06 | 2.36408e-08 |           2.19846 |           2.36408e-08 |                  |                |
+----+---------------+--------------+----------+-----------+---------------+-----------------+-------------+-------------------+-----------------------+------------------+----------------+
| 34 |            34 |         1000 | curobo   |       100 |       2.18368 |     1.49012e-05 | 5.37762e-08 |           2.18368 |           5.37762e-08 |                  |                |
+----+---------------+--------------+----------+-----------+---------------+-----------------+-------------+-------------------+-----------------------+------------------+----------------+
| 35 |            35 |         1000 | curobo   |       100 |       2.17175 |     0           | 3.55443e-08 |           2.17175 |           3.55443e-08 |                  |                |
+----+---------------+--------------+----------+-----------+---------------+-----------------+-------------+-------------------+-----------------------+------------------+----------------+
| 36 |            36 |         1000 | curobo   |       100 |       2.16985 |     0           | 7.16938e-08 |           2.16985 |           7.16938e-08 |                  |                |
+----+---------------+--------------+----------+-----------+---------------+-----------------+-------------+-------------------+-----------------------+------------------+----------------+
| 37 |            37 |         1000 | curobo   |       100 |       2.18391 |     1.49012e-05 | 1.32088e-07 |           2.18391 |           1.32088e-07 |                  |                |
+----+---------------+--------------+----------+-----------+---------------+-----------------+-------------+-------------------+-----------------------+------------------+----------------+
| 38 |            38 |         1000 | curobo   |       100 |       2.18725 |     0           | 4.18213e-08 |           2.18725 |           4.18213e-08 |                  |                |
+----+---------------+--------------+----------+-----------+---------------+-----------------+-------------+-------------------+-----------------------+------------------+----------------+
| 39 |            39 |         1000 | curobo   |       100 |       2.17605 |     0           | 4.06589e-08 |           2.17605 |           4.06589e-08 |                  |                |
+----+---------------+--------------+----------+-----------+---------------+-----------------+-------------+-------------------+-----------------------+------------------+----------------+
| 40 |            40 |         1000 | curobo   |       100 |       2.17533 |     0           | 6.00284e-08 |           2.17533 |           6.00284e-08 |                  |                |
+----+---------------+--------------+----------+-----------+---------------+-----------------+-------------+-------------------+-----------------------+------------------+----------------+
| 41 |            41 |         1000 | curobo   |       100 |       2.19131 |     1.49012e-05 | 8.58101e-08 |           2.19131 |           8.58101e-08 |                  |                |
+----+---------------+--------------+----------+-----------+---------------+-----------------+-------------+-------------------+-----------------------+------------------+----------------+
| 42 |            42 |         1000 | curobo   |       100 |       2.17056 |     0           | 2.38365e-08 |           2.17056 |           2.38365e-08 |                  |                |
+----+---------------+--------------+----------+-----------+---------------+-----------------+-------------+-------------------+-----------------------+------------------+----------------+
| 43 |            43 |         1000 | curobo   |       100 |       2.16389 |     3.65002e-05 | 3.28023e-08 |           2.16389 |           3.28023e-08 |                  |                |
+----+---------------+--------------+----------+-----------+---------------+-----------------+-------------+-------------------+-----------------------+------------------+----------------+
| 44 |            44 |         1000 | curobo   |       100 |       2.17605 |     5.96046e-05 | 4.55933e-08 |           2.17605 |           4.55933e-08 |                  |                |
+----+---------------+--------------+----------+-----------+---------------+-----------------+-------------+-------------------+-----------------------+------------------+----------------+
| 45 |            45 |         1000 | curobo   |       100 |       2.33865 |     3.07195e-05 | 8.56965e-09 |           2.33865 |           8.56965e-09 |                  |                |
+----+---------------+--------------+----------+-----------+---------------+-----------------+-------------+-------------------+-----------------------+------------------+----------------+
| 46 |            46 |         1000 | curobo   |       100 |       2.18964 |     0           | 5.89703e-08 |           2.18964 |           5.89703e-08 |                  |                |
+----+---------------+--------------+----------+-----------+---------------+-----------------+-------------+-------------------+-----------------------+------------------+----------------+
| 47 |            47 |         1000 | curobo   |       100 |       2.18582 |     0           | 6.33093e-08 |           2.18582 |           6.33093e-08 |                  |                |
+----+---------------+--------------+----------+-----------+---------------+-----------------+-------------+-------------------+-----------------------+------------------+----------------+
| 48 |            48 |         1000 | curobo   |       100 |       2.18415 |     5.96046e-05 | 2.67371e-08 |           2.18415 |           2.67371e-08 |                  |                |
+----+---------------+--------------+----------+-----------+---------------+-----------------+-------------+-------------------+-----------------------+------------------+----------------+
| 49 |            49 |         1000 | curobo   |       100 |       2.18725 |     5.96046e-05 | 1.85562e-08 |           2.18725 |           1.85562e-08 |                  |                |
+----+---------------+--------------+----------+-----------+---------------+-----------------+-------------+-------------------+-----------------------+------------------+----------------+
... (100 rows total)

============================================================
Averages by Batch Size
============================================================
+------------------+---------------+-----------------+-------------+-----------+---------------------+-------------------+
|                  |   IK-time(ms) |   Pos-Error(mm) |   Ori-Error |   succ(%) |   collision_free(%) |   success_both(%) |
+==================+===============+=================+=============+===========+=====================+===================+
| (1000, 'curobo') |       2.19192 |     2.25079e-05 | 4.72793e-08 |       100 |                 nan |               nan |
+------------------+---------------+-----------------+-------------+-----------+---------------------+-------------------+
============================================================


[OK] wrote /home/plancher/Desktop/HJCD-IK/docs/open-tasks/paper-2026-10-03/paper_results_20261007T155203Z/table_dof12.md
## DoF=12 (Table III)

| Batch | curobo Time(ms) | curobo Pos(mm) | curobo Ori(rad) | hjcdik Time(ms) | hjcdik Pos(mm) | hjcdik Ori(rad) | pyroki Time(ms) | pyroki Pos(mm) | pyroki Ori(rad) |
| --- | --- | --- | --- | --- | --- | --- | --- | --- | --- |
| 1000 | 2.192 | 2.251e-05 | 4.728e-08 | 1.87 | 2.763e-06 | 2.249e-09 | 8.244 | 2.579e-04 | 2.924e-07 |

_solvers: curobo: n=100/batch, hjcdik: n=1/batch, pyroki: n=100/batch_
--- DoF=18 (csrc/urdf/panda_ext_18dof.urdf) ---
[gen_targets] csrc/urdf/panda_ext_18dof.urdf -> 'panda_hand_joint': 18 actuated joints on chain [scramble=digit-permutation, seed=0, skip=0]
[gen_targets] wrote 100 targets:
  /home/plancher/Desktop/HJCD-IK/docs/open-tasks/paper-2026-10-03/hjcd/benchmark/targets/panda_dof18.json
  /home/plancher/Desktop/HJCD-IK/docs/open-tasks/paper-2026-10-03/hjcd/benchmark/targets/panda_dof18.yml
/home/plancher/Desktop/HJCD-IK/docs/open-tasks/paper-2026-10-03/hjcd/external/GRiD/external/URDFParser/URDFParser.py:103: UserWarning: Link [panda_link0] does not have inertial properties. Assuming this is the fixed world base frame. Else there is an error with your URDF file.
  warnings.warn(
/home/plancher/Desktop/HJCD-IK/docs/open-tasks/paper-2026-10-03/hjcd/external/GRiD/external/URDFParser/URDFParser.py:103: UserWarning: Link [panda_leftfinger] does not have inertial properties. Assuming this is the fixed world base frame. Else there is an error with your URDF file.
  warnings.warn(
/home/plancher/Desktop/HJCD-IK/docs/open-tasks/paper-2026-10-03/hjcd/external/GRiD/external/URDFParser/URDFParser.py:103: UserWarning: Link [panda_rightfinger] does not have inertial properties. Assuming this is the fixed world base frame. Else there is an error with your URDF file.
  warnings.warn(
/home/plancher/Desktop/HJCD-IK/docs/open-tasks/paper-2026-10-03/hjcd/external/GRiD/external/URDFParser/URDFParser.py:573: UserWarning: URDFParser: Link(s) ['panda_link7'] have a degenerate/missing <inertial> (zero or non-positive-definite mass/inertia), which yields singular/broken dynamics. Provide a valid <inertial>, or parse with strict_inertial=True to reject this as an error.
  self.validate_inertials(root_link_name)
------------------------------------------
Assumed Input Joint Configuration Ordering
------------------------------------------
panda_joint1
panda_joint2
panda_joint3
panda_joint4
panda_joint5
panda_joint6
panda_joint7
panda_joint8
panda_joint9
panda_joint10
panda_joint11
panda_joint12
panda_joint13
panda_joint14
panda_joint15
panda_joint16
panda_joint17
panda_joint18
------------------------------------------
Total of n = 18 dof
Total of n = 18 joints
Total of n = 19 links
------------------------------------------
Fixed Joints Found (if any):
------------------------------------------
panda_finger_joint2 (id: 18, parent: panda_joint18)
panda_finger_joint1 (id: 19, parent: panda_joint18)
panda_hand_joint (id: 20, parent: panda_joint18)
panda_joint_flange_offset (id: 21, parent: panda_joint18)
------------------------------------------
[generate_grid] robot=panda_18dof_ext012x3_p12 dof=18 target=panda_hand_joint
[generate_grid] EE_FIXED_FRAME_IDX = 20  (target 'panda_hand_joint')
[generate_grid] wrote /home/plancher/Desktop/HJCD-IK/docs/open-tasks/paper-2026-10-03/hjcd/csrc/generated/grid.cuh
ninja: Entering directory `build'
[0/1] Re-running CMake...
-- HJCD-IK: g++-10 not found; using default CUDA host compiler
-- HJCD-IK: CUDA architectures = native
-- Found pybind11: /home/plancher/Desktop/HJCD-IK/docs/open-tasks/paper-2026-10-03/hjcd/.venv/lib/python3.12/site-packages/pybind11/include (found version "3.1.0")
-- HJCD-IK: using GRiD header /home/plancher/Desktop/HJCD-IK/docs/open-tasks/paper-2026-10-03/hjcd/csrc/generated/grid.cuh
-- Configuring done (0.1s)
-- Generating done (0.0s)
-- Build files have been written to: /home/plancher/Desktop/HJCD-IK/docs/open-tasks/paper-2026-10-03/hjcd/build
[1/5] Building CXX object CMakeFiles/_hjcdik.dir/csrc/bindings/pybind_module.cpp.o
[2/5] Building CUDA object CMakeFiles/hjcdik_core.dir/csrc/kernel/hjcd_kernel.cu.o
[3/5] Linking CXX executable hjcdik
[4/5] Linking CXX shared module _hjcdik.cpython-312-x86_64-linux-gnu.so
installed build/_hjcdik.cpython-312-x86_64-linux-gnu.so -> /home/plancher/Desktop/HJCD-IK/docs/open-tasks/paper-2026-10-03/hjcd/.venv/lib/python3.12/site-packages/hjcdik/_hjcdik.cpython-312-x86_64-linux-gnu.so
import OK: /home/plancher/Desktop/HJCD-IK/docs/open-tasks/paper-2026-10-03/hjcd/hjcdik/__init__.py
[GRiD] skipping URDF codegen...
[build info] {'num_joints': 18, 'ee_target': 'panda_hand_joint', 'collision_enabled': False, 'grid_header_sha256': '859215ed9df9d3d9ae62e57ac2d0806baa552977e059829a07ddcd83475b30db', 'cuda_compiler_version': '13.2.86'}
[info] robot with 18 joints
[info] loaded 100 shared targets from /home/plancher/Desktop/HJCD-IK/docs/open-tasks/paper-2026-10-03/hjcd/benchmark/targets/panda_dof18.json
[info] running 100 targets, batches=[1000], num_solutions=1, collision_free=False
[info] processed 0/100 targets
[info] processed 50/100 targets

==== Batch Summary (averages) ====
Batch Size 1000:
  Time (ms): 2.310655
  Position Error: 1.959445e-06
  Orientation Error: 7.955018e-10
[OK] wrote CSV summary /home/plancher/Desktop/HJCD-IK/docs/open-tasks/paper-2026-10-03/paper_results_20261007T155203Z/dof18_hjcdik.csv

[OK] wrote /home/plancher/Desktop/HJCD-IK/docs/open-tasks/paper-2026-10-03/hjcd/results.yml with 100 query entries (100 targets x 1 batches; up to 1 solutions per query).
2026-10-07 12:11:46.182 | INFO     | jaxls._problem:analyze:237 - Building optimization problem with 2 terms and 1 variables: 2 costs, 0 eq_zero, 0 leq_zero, 0 geq_zero
2026-10-07 12:11:46.236 | INFO     | jaxls._problem:analyze:364 - Vectorizing group with 1 costs, 1 variables each: _pose_cost_analytical_jac
2026-10-07 12:11:46.249 | INFO     | jaxls._problem:analyze:364 - Vectorizing group with 1 costs, 1 variables each: limit_residual
2026-10-07 12:11:46.256 | INFO     | jaxls._problem:analyze:451 - Variable elimination: variable IDs are traced; solves will not use elimination
2026-10-07 12:11:46.773 | INFO     | jaxls._problem:analyze:237 - Building optimization problem with 2 terms and 1 variables: 2 costs, 0 eq_zero, 0 leq_zero, 0 geq_zero
2026-10-07 12:11:46.783 | INFO     | jaxls._problem:analyze:364 - Vectorizing group with 1 costs, 1 variables each: _pose_cost_analytical_jac
2026-10-07 12:11:46.790 | INFO     | jaxls._problem:analyze:364 - Vectorizing group with 1 costs, 1 variables each: limit_residual
2026-10-07 12:11:46.793 | INFO     | jaxls._problem:analyze:451 - Variable elimination: variable IDs are traced; solves will not use elimination
running...
  loading goals from /home/plancher/Desktop/HJCD-IK/docs/open-tasks/paper-2026-10-03/hjcd/benchmark/targets/panda_dof18.yml
  100 goals loaded
  pyroki num_seeds_init: 1000
+----+---------------+--------------+----------+-----------+---------------+-----------------+-------------+-------------------+-----------------------+------------------+----------------+
|    |   problem_idx |   Batch-Size | solver   |   succ(%) |   IK-time(ms) |   Pos-Error(mm) |   Ori-Error |   pyroki-time(ms) |   pyroki-ori-err(rad) | collision_free   | success_both   |
+====+===============+==============+==========+===========+===============+=================+=============+===================+=======================+==================+================+
|  0 |             0 |         1000 | pyroki   |       100 |      10.4721  |     0.000545892 | 5.43024e-07 |          10.4721  |           5.43024e-07 |                  |                |
+----+---------------+--------------+----------+-----------+---------------+-----------------+-------------+-------------------+-----------------------+------------------+----------------+
|  1 |             1 |         1000 | pyroki   |       100 |      11.6606  |     0.000268221 | 2.8273e-07  |          11.6606  |           2.8273e-07  |                  |                |
+----+---------------+--------------+----------+-----------+---------------+-----------------+-------------+-------------------+-----------------------+------------------+----------------+
|  2 |             2 |         1000 | pyroki   |       100 |       9.81808 |     0.000404533 | 3.42403e-07 |           9.81808 |           3.42403e-07 |                  |                |
+----+---------------+--------------+----------+-----------+---------------+-----------------+-------------+-------------------+-----------------------+------------------+----------------+
|  3 |             3 |         1000 | pyroki   |       100 |      10.833   |     0.00108646  | 2.7957e-07  |          10.833   |           2.7957e-07  |                  |                |
+----+---------------+--------------+----------+-----------+---------------+-----------------+-------------+-------------------+-----------------------+------------------+----------------+
|  4 |             4 |         1000 | pyroki   |       100 |      10.0393  |     0.000429815 | 3.62561e-07 |          10.0393  |           3.62561e-07 |                  |                |
+----+---------------+--------------+----------+-----------+---------------+-----------------+-------------+-------------------+-----------------------+------------------+----------------+
|  5 |             5 |         1000 | pyroki   |       100 |      11.0817  |     0.000276601 | 2.9951e-07  |          11.0817  |           2.9951e-07  |                  |                |
+----+---------------+--------------+----------+-----------+---------------+-----------------+-------------+-------------------+-----------------------+------------------+----------------+
|  6 |             6 |         1000 | pyroki   |       100 |      11.3807  |     0.000254631 | 3.26468e-07 |          11.3807  |           3.26468e-07 |                  |                |
+----+---------------+--------------+----------+-----------+---------------+-----------------+-------------+-------------------+-----------------------+------------------+----------------+
|  7 |             7 |         1000 | pyroki   |       100 |       9.74464 |     0.000641962 | 3.81656e-07 |           9.74464 |           3.81656e-07 |                  |                |
+----+---------------+--------------+----------+-----------+---------------+-----------------+-------------+-------------------+-----------------------+------------------+----------------+
|  8 |             8 |         1000 | pyroki   |       100 |      10.4945  |     0.000438003 | 1.3328e-07  |          10.4945  |           1.3328e-07  |                  |                |
+----+---------------+--------------+----------+-----------+---------------+-----------------+-------------+-------------------+-----------------------+------------------+----------------+
|  9 |             9 |         1000 | pyroki   |       100 |      10.1273  |     0.00060785  | 4.03726e-07 |          10.1273  |           4.03726e-07 |                  |                |
+----+---------------+--------------+----------+-----------+---------------+-----------------+-------------+-------------------+-----------------------+------------------+----------------+
| 10 |            10 |         1000 | pyroki   |       100 |      10.6227  |     0.000488113 | 7.11521e-07 |          10.6227  |           7.11521e-07 |                  |                |
+----+---------------+--------------+----------+-----------+---------------+-----------------+-------------+-------------------+-----------------------+------------------+----------------+
| 11 |            11 |         1000 | pyroki   |       100 |      10.0923  |     0.000303925 | 4.50005e-07 |          10.0923  |           4.50005e-07 |                  |                |
+----+---------------+--------------+----------+-----------+---------------+-----------------+-------------+-------------------+-----------------------+------------------+----------------+
| 12 |            12 |         1000 | pyroki   |       100 |      11.3311  |     0.000395372 | 2.56369e-07 |          11.3311  |           2.56369e-07 |                  |                |
+----+---------------+--------------+----------+-----------+---------------+-----------------+-------------+-------------------+-----------------------+------------------+----------------+
| 13 |            13 |         1000 | pyroki   |       100 |      10.8817  |     0.000343697 | 3.63784e-07 |          10.8817  |           3.63784e-07 |                  |                |
+----+---------------+--------------+----------+-----------+---------------+-----------------+-------------+-------------------+-----------------------+------------------+----------------+
| 14 |            14 |         1000 | pyroki   |       100 |       9.65405 |     0.000450005 | 5.78081e-07 |           9.65405 |           5.78081e-07 |                  |                |
+----+---------------+--------------+----------+-----------+---------------+-----------------+-------------+-------------------+-----------------------+------------------+----------------+
| 15 |            15 |         1000 | pyroki   |       100 |      10.4516  |     0.00039984  | 5.72484e-07 |          10.4516  |           5.72484e-07 |                  |                |
+----+---------------+--------------+----------+-----------+---------------+-----------------+-------------+-------------------+-----------------------+------------------+----------------+
| 16 |            16 |         1000 | pyroki   |       100 |       9.97782 |     0.000342403 | 4.87885e-07 |           9.97782 |           4.87885e-07 |                  |                |
+----+---------------+--------------+----------+-----------+---------------+-----------------+-------------+-------------------+-----------------------+------------------+----------------+
| 17 |            17 |         1000 | pyroki   |       100 |      10.0744  |     0.000206477 | 3.91988e-07 |          10.0744  |           3.91988e-07 |                  |                |
+----+---------------+--------------+----------+-----------+---------------+-----------------+-------------+-------------------+-----------------------+------------------+----------------+
| 18 |            18 |         1000 | pyroki   |       100 |      10.5777  |     0.00038886  | 4.4604e-07  |          10.5777  |           4.4604e-07  |                  |                |
+----+---------------+--------------+----------+-----------+---------------+-----------------+-------------+-------------------+-----------------------+------------------+----------------+
| 19 |            19 |         1000 | pyroki   |       100 |      10.3889  |     0.000268221 | 1.55573e-07 |          10.3889  |           1.55573e-07 |                  |                |
+----+---------------+--------------+----------+-----------+---------------+-----------------+-------------+-------------------+-----------------------+------------------+----------------+
| 20 |            20 |         1000 | pyroki   |       100 |      10.6874  |     0.000438003 | 4.8423e-07  |          10.6874  |           4.8423e-07  |                  |                |
+----+---------------+--------------+----------+-----------+---------------+-----------------+-------------+-------------------+-----------------------+------------------+----------------+
| 21 |            21 |         1000 | pyroki   |       100 |      10.6268  |     0.00104987  | 5.06749e-07 |          10.6268  |           5.06749e-07 |                  |                |
+----+---------------+--------------+----------+-----------+---------------+-----------------+-------------+-------------------+-----------------------+------------------+----------------+
| 22 |            22 |         1000 | pyroki   |       100 |       9.26495 |     0.00022302  | 2.45756e-07 |           9.26495 |           2.45756e-07 |                  |                |
+----+---------------+--------------+----------+-----------+---------------+-----------------+-------------+-------------------+-----------------------+------------------+----------------+
| 23 |            23 |         1000 | pyroki   |       100 |      10.0591  |     0.000900388 | 3.57938e-07 |          10.0591  |           3.57938e-07 |                  |                |
+----+---------------+--------------+----------+-----------+---------------+-----------------+-------------+-------------------+-----------------------+------------------+----------------+
| 24 |            24 |         1000 | pyroki   |       100 |      10.4899  |     0.000298023 | 3.20981e-07 |          10.4899  |           3.20981e-07 |                  |                |
+----+---------------+--------------+----------+-----------+---------------+-----------------+-------------+-------------------+-----------------------+------------------+----------------+
| 25 |            25 |         1000 | pyroki   |       100 |      10.8366  |     0.000240274 | 2.06477e-07 |          10.8366  |           2.06477e-07 |                  |                |
+----+---------------+--------------+----------+-----------+---------------+-----------------+-------------+-------------------+-----------------------+------------------+----------------+
| 26 |            26 |         1000 | pyroki   |       100 |      12.2652  |     0.00114497  | 2.07683e-07 |          12.2652  |           2.07683e-07 |                  |                |
+----+---------------+--------------+----------+-----------+---------------+-----------------+-------------+-------------------+-----------------------+------------------+----------------+
| 27 |            27 |         1000 | pyroki   |       100 |       9.92489 |     0.00026656  | 6.39883e-07 |           9.92489 |           6.39883e-07 |                  |                |
+----+---------------+--------------+----------+-----------+---------------+-----------------+-------------+-------------------+-----------------------+------------------+----------------+
| 28 |            28 |         1000 | pyroki   |       100 |       9.48811 |     0.000326468 | 1.46001e-07 |           9.48811 |           1.46001e-07 |                  |                |
+----+---------------+--------------+----------+-----------+---------------+-----------------+-------------+-------------------+-----------------------+------------------+----------------+
| 29 |            29 |         1000 | pyroki   |       100 |       9.56392 |     0.000610766 | 4.85661e-07 |           9.56392 |           4.85661e-07 |                  |                |
+----+---------------+--------------+----------+-----------+---------------+-----------------+-------------+-------------------+-----------------------+------------------+----------------+
| 30 |            30 |         1000 | pyroki   |       100 |      10.7398  |     0.000312924 | 4.95113e-07 |          10.7398  |           4.95113e-07 |                  |                |
+----+---------------+--------------+----------+-----------+---------------+-----------------+-------------+-------------------+-----------------------+------------------+----------------+
| 31 |            31 |         1000 | pyroki   |       100 |      10.6502  |     0.000510623 | 3.60411e-07 |          10.6502  |           3.60411e-07 |                  |                |
+----+---------------+--------------+----------+-----------+---------------+-----------------+-------------+-------------------+-----------------------+------------------+----------------+
| 32 |            32 |         1000 | pyroki   |       100 |      10.4668  |     0.000739674 | 4.85433e-07 |          10.4668  |           4.85433e-07 |                  |                |
+----+---------------+--------------+----------+-----------+---------------+-----------------+-------------+-------------------+-----------------------+------------------+----------------+
| 33 |            33 |         1000 | pyroki   |       100 |      11.3616  |     0.000480779 | 7.38021e-07 |          11.3616  |           7.38021e-07 |                  |                |
+----+---------------+--------------+----------+-----------+---------------+-----------------+-------------+-------------------+-----------------------+------------------+----------------+
| 34 |            34 |         1000 | pyroki   |       100 |      10.082   |     0.000245756 | 3.03925e-07 |          10.082   |           3.03925e-07 |                  |                |
+----+---------------+--------------+----------+-----------+---------------+-----------------+-------------+-------------------+-----------------------+------------------+----------------+
| 35 |            35 |         1000 | pyroki   |       100 |      10.263   |     0.000480548 | 2.73143e-07 |          10.263   |           2.73143e-07 |                  |                |
+----+---------------+--------------+----------+-----------+---------------+-----------------+-------------+-------------------+-----------------------+------------------+----------------+
| 36 |            36 |         1000 | pyroki   |       100 |      12.0251  |     0.00044604  | 1.23778e-07 |          12.0251  |           1.23778e-07 |                  |                |
+----+---------------+--------------+----------+-----------+---------------+-----------------+-------------+-------------------+-----------------------+------------------+----------------+
| 37 |            37 |         1000 | pyroki   |       100 |       9.408   |     0.000293613 | 1.03238e-07 |           9.408   |           1.03238e-07 |                  |                |
+----+---------------+--------------+----------+-----------+---------------+-----------------+-------------+-------------------+-----------------------+------------------+----------------+
| 38 |            38 |         1000 | pyroki   |       100 |      10.1454  |     0.000512739 | 4.12953e-07 |          10.1454  |           4.12953e-07 |                  |                |
+----+---------------+--------------+----------+-----------+---------------+-----------------+-------------+-------------------+-----------------------+------------------+----------------+
| 39 |            39 |         1000 | pyroki   |       100 |      11.2936  |     0.00019992  | 3.57628e-07 |          11.2936  |           3.57628e-07 |                  |                |
+----+---------------+--------------+----------+-----------+---------------+-----------------+-------------+-------------------+-----------------------+------------------+----------------+
| 40 |            40 |         1000 | pyroki   |       100 |      10.2007  |     0.000719135 | 2.66976e-07 |          10.2007  |           2.66976e-07 |                  |                |
+----+---------------+--------------+----------+-----------+---------------+-----------------+-------------+-------------------+-----------------------+------------------+----------------+
| 41 |            41 |         1000 | pyroki   |       100 |      10.989   |     0.000320981 | 5.74806e-07 |          10.989   |           5.74806e-07 |                  |                |
+----+---------------+--------------+----------+-----------+---------------+-----------------+-------------+-------------------+-----------------------+------------------+----------------+
| 42 |            42 |         1000 | pyroki   |       100 |       9.61709 |     0.00060785  | 2.14908e-07 |           9.61709 |           2.14908e-07 |                  |                |
+----+---------------+--------------+----------+-----------+---------------+-----------------+-------------+-------------------+-----------------------+------------------+----------------+
| 43 |            43 |         1000 | pyroki   |       100 |      10.8366  |     0.000386282 | 4.64572e-07 |          10.8366  |           4.64572e-07 |                  |                |
+----+---------------+--------------+----------+-----------+---------------+-----------------+-------------+-------------------+-----------------------+------------------+----------------+
| 44 |            44 |         1000 | pyroki   |       100 |       9.54843 |     0.000696101 | 6.33606e-07 |           9.54843 |           6.33606e-07 |                  |                |
+----+---------------+--------------+----------+-----------+---------------+-----------------+-------------+-------------------+-----------------------+------------------+----------------+
| 45 |            45 |         1000 | pyroki   |       100 |      10.0462  |     0.000433928 | 2.92761e-07 |          10.0462  |           2.92761e-07 |                  |                |
+----+---------------+--------------+----------+-----------+---------------+-----------------+-------------+-------------------+-----------------------+------------------+----------------+
| 46 |            46 |         1000 | pyroki   |       100 |       9.40108 |     0.00060785  | 6.76979e-07 |           9.40108 |           6.76979e-07 |                  |                |
+----+---------------+--------------+----------+-----------+---------------+-----------------+-------------+-------------------+-----------------------+------------------+----------------+
| 47 |            47 |         1000 | pyroki   |       100 |      11.0595  |     0.000243031 | 3.07195e-07 |          11.0595  |           3.07195e-07 |                  |                |
+----+---------------+--------------+----------+-----------+---------------+-----------------+-------------+-------------------+-----------------------+------------------+----------------+
| 48 |            48 |         1000 | pyroki   |       100 |      10.9303  |     0.000534991 | 5.44657e-07 |          10.9303  |           5.44657e-07 |                  |                |
+----+---------------+--------------+----------+-----------+---------------+-----------------+-------------+-------------------+-----------------------+------------------+----------------+
| 49 |            49 |         1000 | pyroki   |       100 |      10.293   |     0.000783977 | 2.71921e-07 |          10.293   |           2.71921e-07 |                  |                |
+----+---------------+--------------+----------+-----------+---------------+-----------------+-------------+-------------------+-----------------------+------------------+----------------+
... (100 rows total)

============================================================
Averages by Batch Size
============================================================
+------------------+---------------+-----------------+-------------+-----------+---------------------+-------------------+
|                  |   IK-time(ms) |   Pos-Error(mm) |   Ori-Error |   succ(%) |   collision_free(%) |   success_both(%) |
+==================+===============+=================+=============+===========+=====================+===================+
| (1000, 'pyroki') |       10.7346 |     0.000485204 | 3.64016e-07 |       100 |                 nan |               nan |
+------------------+---------------+-----------------+-------------+-----------+---------------------+-------------------+
============================================================

running...
  loading goals from /home/plancher/Desktop/HJCD-IK/docs/open-tasks/paper-2026-10-03/hjcd/benchmark/targets/panda_dof18.yml
  100 goals loaded
  curobo num_seeds: 1000
+----+---------------+--------------+----------+-----------+---------------+-----------------+-------------+-------------------+-----------------------+------------------+----------------+
|    |   problem_idx |   Batch-Size | solver   |   succ(%) |   IK-time(ms) |   Pos-Error(mm) |   Ori-Error |   curobo-time(ms) |   curobo-ori-err(rad) | collision_free   | success_both   |
+====+===============+==============+==========+===========+===============+=================+=============+===================+=======================+==================+================+
|  0 |             0 |         1000 | curobo   |       100 |       2.44141 |     1.11759e-05 | 3.51142e-08 |           2.44141 |           3.51142e-08 |                  |                |
+----+---------------+--------------+----------+-----------+---------------+-----------------+-------------+-------------------+-----------------------+------------------+----------------+
|  1 |             1 |         1000 | curobo   |       100 |       2.49124 |     8.42937e-05 | 1.03724e-08 |           2.49124 |           1.03724e-08 |                  |                |
+----+---------------+--------------+----------+-----------+---------------+-----------------+-------------+-------------------+-----------------------+------------------+----------------+
|  2 |             2 |         1000 | curobo   |       100 |       2.4631  |     1.49012e-05 | 8.54152e-08 |           2.4631  |           8.54152e-08 |                  |                |
+----+---------------+--------------+----------+-----------+---------------+-----------------+-------------+-------------------+-----------------------+------------------+----------------+
|  3 |             3 |         1000 | curobo   |       100 |       2.47002 |     0           | 1.31397e-07 |           2.47002 |           1.31397e-07 |                  |                |
+----+---------------+--------------+----------+-----------+---------------+-----------------+-------------+-------------------+-----------------------+------------------+----------------+
|  4 |             4 |         1000 | curobo   |       100 |       2.46429 |     0           | 5.26037e-08 |           2.46429 |           5.26037e-08 |                  |                |
+----+---------------+--------------+----------+-----------+---------------+-----------------+-------------+-------------------+-----------------------+------------------+----------------+
|  5 |             5 |         1000 | curobo   |       100 |       2.41995 |     7.45058e-06 | 7.58527e-08 |           2.41995 |           7.58527e-08 |                  |                |
+----+---------------+--------------+----------+-----------+---------------+-----------------+-------------+-------------------+-----------------------+------------------+----------------+
|  6 |             6 |         1000 | curobo   |       100 |       2.43688 |     6.664e-05   | 1.60691e-08 |           2.43688 |           1.60691e-08 |                  |                |
+----+---------------+--------------+----------+-----------+---------------+-----------------+-------------+-------------------+-----------------------+------------------+----------------+
|  7 |             7 |         1000 | curobo   |       100 |       2.52891 |     2.98023e-05 | 8.58919e-08 |           2.52891 |           8.58919e-08 |                  |                |
+----+---------------+--------------+----------+-----------+---------------+-----------------+-------------+-------------------+-----------------------+------------------+----------------+
|  8 |             8 |         1000 | curobo   |       100 |       2.424   |     8.42937e-05 | 3.28329e-08 |           2.424   |           3.28329e-08 |                  |                |
+----+---------------+--------------+----------+-----------+---------------+-----------------+-------------+-------------------+-----------------------+------------------+----------------+
|  9 |             9 |         1000 | curobo   |       100 |       2.45929 |     0           | 5.80156e-08 |           2.45929 |           5.80156e-08 |                  |                |
+----+---------------+--------------+----------+-----------+---------------+-----------------+-------------+-------------------+-----------------------+------------------+----------------+
| 10 |            10 |         1000 | curobo   |       100 |       2.42829 |     0           | 4.4115e-08  |           2.42829 |           4.4115e-08  |                  |                |
+----+---------------+--------------+----------+-----------+---------------+-----------------+-------------+-------------------+-----------------------+------------------+----------------+
| 11 |            11 |         1000 | curobo   |       100 |       2.43664 |     0           | 1.33472e-07 |           2.43664 |           1.33472e-07 |                  |                |
+----+---------------+--------------+----------+-----------+---------------+-----------------+-------------+-------------------+-----------------------+------------------+----------------+
| 12 |            12 |         1000 | curobo   |       100 |       2.44761 |     2.98023e-05 | 4.4411e-08  |           2.44761 |           4.4411e-08  |                  |                |
+----+---------------+--------------+----------+-----------+---------------+-----------------+-------------+-------------------+-----------------------+------------------+----------------+
| 13 |            13 |         1000 | curobo   |       100 |       2.43139 |     2.98023e-05 | 3.97798e-08 |           2.43139 |           3.97798e-08 |                  |                |
+----+---------------+--------------+----------+-----------+---------------+-----------------+-------------+-------------------+-----------------------+------------------+----------------+
| 14 |            14 |         1000 | curobo   |       100 |       2.4693  |     6.664e-05   | 1.9312e-08  |           2.4693  |           1.9312e-08  |                  |                |
+----+---------------+--------------+----------+-----------+---------------+-----------------+-------------+-------------------+-----------------------+------------------+----------------+
| 15 |            15 |         1000 | curobo   |       100 |       2.42996 |     2.98023e-05 | 6.7213e-08  |           2.42996 |           6.7213e-08  |                  |                |
+----+---------------+--------------+----------+-----------+---------------+-----------------+-------------+-------------------+-----------------------+------------------+----------------+
| 16 |            16 |         1000 | curobo   |       100 |       2.45428 |     0           | 6.96971e-08 |           2.45428 |           6.96971e-08 |                  |                |
+----+---------------+--------------+----------+-----------+---------------+-----------------+-------------+-------------------+-----------------------+------------------+----------------+
| 17 |            17 |         1000 | curobo   |       100 |       2.42829 |     0           | 1.16966e-07 |           2.42829 |           1.16966e-07 |                  |                |
+----+---------------+--------------+----------+-----------+---------------+-----------------+-------------+-------------------+-----------------------+------------------+----------------+
| 18 |            18 |         1000 | curobo   |       100 |       2.43258 |     2.98023e-05 | 4.16757e-08 |           2.43258 |           4.16757e-08 |                  |                |
+----+---------------+--------------+----------+-----------+---------------+-----------------+-------------+-------------------+-----------------------+------------------+----------------+
| 19 |            19 |         1000 | curobo   |       100 |       2.43449 |     6.664e-05   | 7.3206e-08  |           2.43449 |           7.3206e-08  |                  |                |
+----+---------------+--------------+----------+-----------+---------------+-----------------+-------------+-------------------+-----------------------+------------------+----------------+
| 20 |            20 |         1000 | curobo   |       100 |       2.43139 |     5.96046e-05 | 2.29849e-08 |           2.43139 |           2.29849e-08 |                  |                |
+----+---------------+--------------+----------+-----------+---------------+-----------------+-------------+-------------------+-----------------------+------------------+----------------+
| 21 |            21 |         1000 | curobo   |       100 |       2.43974 |     4.21468e-05 | 2.41082e-08 |           2.43974 |           2.41082e-08 |                  |                |
+----+---------------+--------------+----------+-----------+---------------+-----------------+-------------+-------------------+-----------------------+------------------+----------------+
| 22 |            22 |         1000 | curobo   |       100 |       2.55084 |     0           | 5.81772e-08 |           2.55084 |           5.81772e-08 |                  |                |
+----+---------------+--------------+----------+-----------+---------------+-----------------+-------------+-------------------+-----------------------+------------------+----------------+
| 23 |            23 |         1000 | curobo   |       100 |       2.43545 |     5.97209e-05 | 3.07676e-08 |           2.43545 |           3.07676e-08 |                  |                |
+----+---------------+--------------+----------+-----------+---------------+-----------------+-------------+-------------------+-----------------------+------------------+----------------+
| 24 |            24 |         1000 | curobo   |       100 |       2.4519  |     0           | 3.67959e-08 |           2.4519  |           3.67959e-08 |                  |                |
+----+---------------+--------------+----------+-----------+---------------+-----------------+-------------+-------------------+-----------------------+------------------+----------------+
| 25 |            25 |         1000 | curobo   |       100 |       2.42376 |     1.49012e-05 | 1.34192e-08 |           2.42376 |           1.34192e-08 |                  |                |
+----+---------------+--------------+----------+-----------+---------------+-----------------+-------------+-------------------+-----------------------+------------------+----------------+
| 26 |            26 |         1000 | curobo   |       100 |       2.44808 |     0           | 7.9586e-08  |           2.44808 |           7.9586e-08  |                  |                |
+----+---------------+--------------+----------+-----------+---------------+-----------------+-------------+-------------------+-----------------------+------------------+----------------+
| 27 |            27 |         1000 | curobo   |       100 |       2.44594 |     6.664e-05   | 3.41657e-08 |           2.44594 |           3.41657e-08 |                  |                |
+----+---------------+--------------+----------+-----------+---------------+-----------------+-------------+-------------------+-----------------------+------------------+----------------+
| 28 |            28 |         1000 | curobo   |       100 |       2.43306 |     2.98023e-05 | 3.31603e-08 |           2.43306 |           3.31603e-08 |                  |                |
+----+---------------+--------------+----------+-----------+---------------+-----------------+-------------+-------------------+-----------------------+------------------+----------------+
| 29 |            29 |         1000 | curobo   |       100 |       2.43616 |     0           | 3.79085e-08 |           2.43616 |           3.79085e-08 |                  |                |
+----+---------------+--------------+----------+-----------+---------------+-----------------+-------------+-------------------+-----------------------+------------------+----------------+
| 30 |            30 |         1000 | curobo   |       100 |       2.42209 |     7.45058e-05 | 2.43761e-08 |           2.42209 |           2.43761e-08 |                  |                |
+----+---------------+--------------+----------+-----------+---------------+-----------------+-------------+-------------------+-----------------------+------------------+----------------+
| 31 |            31 |         1000 | curobo   |       100 |       2.4457  |     7.45058e-06 | 8.29916e-08 |           2.4457  |           8.29916e-08 |                  |                |
+----+---------------+--------------+----------+-----------+---------------+-----------------+-------------+-------------------+-----------------------+------------------+----------------+
| 32 |            32 |         1000 | curobo   |       100 |       2.43449 |     0           | 5.20783e-08 |           2.43449 |           5.20783e-08 |                  |                |
+----+---------------+--------------+----------+-----------+---------------+-----------------+-------------+-------------------+-----------------------+------------------+----------------+
| 33 |            33 |         1000 | curobo   |       100 |       2.42805 |     0           | 5.42721e-08 |           2.42805 |           5.42721e-08 |                  |                |
+----+---------------+--------------+----------+-----------+---------------+-----------------+-------------+-------------------+-----------------------+------------------+----------------+
| 34 |            34 |         1000 | curobo   |       100 |       2.42448 |     5.96046e-05 | 3.51783e-08 |           2.42448 |           3.51783e-08 |                  |                |
+----+---------------+--------------+----------+-----------+---------------+-----------------+-------------+-------------------+-----------------------+------------------+----------------+
| 35 |            35 |         1000 | curobo   |       100 |       2.42329 |     5.96046e-05 | 3.33084e-08 |           2.42329 |           3.33084e-08 |                  |                |
+----+---------------+--------------+----------+-----------+---------------+-----------------+-------------+-------------------+-----------------------+------------------+----------------+
| 36 |            36 |         1000 | curobo   |       100 |       2.54679 |     0           | 6.92984e-08 |           2.54679 |           6.92984e-08 |                  |                |
+----+---------------+--------------+----------+-----------+---------------+-----------------+-------------+-------------------+-----------------------+------------------+----------------+
| 37 |            37 |         1000 | curobo   |       100 |       2.44808 |     5.96046e-05 | 2.19851e-08 |           2.44808 |           2.19851e-08 |                  |                |
+----+---------------+--------------+----------+-----------+---------------+-----------------+-------------+-------------------+-----------------------+------------------+----------------+
| 38 |            38 |         1000 | curobo   |       100 |       2.424   |     5.96046e-05 | 6.19788e-08 |           2.424   |           6.19788e-08 |                  |                |
+----+---------------+--------------+----------+-----------+---------------+-----------------+-------------+-------------------+-----------------------+------------------+----------------+
| 39 |            39 |         1000 | curobo   |       100 |       2.43092 |     2.98023e-05 | 7.23552e-08 |           2.43092 |           7.23552e-08 |                  |                |
+----+---------------+--------------+----------+-----------+---------------+-----------------+-------------+-------------------+-----------------------+------------------+----------------+
| 40 |            40 |         1000 | curobo   |       100 |       2.41375 |     3.72529e-06 | 7.16022e-08 |           2.41375 |           7.16022e-08 |                  |                |
+----+---------------+--------------+----------+-----------+---------------+-----------------+-------------+-------------------+-----------------------+------------------+----------------+
| 41 |            41 |         1000 | curobo   |       100 |       2.45595 |     0           | 8.55996e-08 |           2.45595 |           8.55996e-08 |                  |                |
+----+---------------+--------------+----------+-----------+---------------+-----------------+-------------+-------------------+-----------------------+------------------+----------------+
| 42 |            42 |         1000 | curobo   |       100 |       2.42376 |     0           | 8.08714e-08 |           2.42376 |           8.08714e-08 |                  |                |
+----+---------------+--------------+----------+-----------+---------------+-----------------+-------------+-------------------+-----------------------+------------------+----------------+
| 43 |            43 |         1000 | curobo   |       100 |       2.45523 |     7.45058e-06 | 5.96945e-08 |           2.45523 |           5.96945e-08 |                  |                |
+----+---------------+--------------+----------+-----------+---------------+-----------------+-------------+-------------------+-----------------------+------------------+----------------+
| 44 |            44 |         1000 | curobo   |       100 |       2.43998 |     3.07195e-05 | 5.93506e-08 |           2.43998 |           5.93506e-08 |                  |                |
+----+---------------+--------------+----------+-----------+---------------+-----------------+-------------+-------------------+-----------------------+------------------+----------------+
| 45 |            45 |         1000 | curobo   |       100 |       2.42829 |     0           | 9.43076e-08 |           2.42829 |           9.43076e-08 |                  |                |
+----+---------------+--------------+----------+-----------+---------------+-----------------+-------------+-------------------+-----------------------+------------------+----------------+
| 46 |            46 |         1000 | curobo   |       100 |       2.45333 |     0           | 6.20005e-08 |           2.45333 |           6.20005e-08 |                  |                |
+----+---------------+--------------+----------+-----------+---------------+-----------------+-------------+-------------------+-----------------------+------------------+----------------+
| 47 |            47 |         1000 | curobo   |       100 |       2.44164 |     1.49012e-05 | 4.32178e-08 |           2.44164 |           4.32178e-08 |                  |                |
+----+---------------+--------------+----------+-----------+---------------+-----------------+-------------+-------------------+-----------------------+------------------+----------------+
| 48 |            48 |         1000 | curobo   |       100 |       2.44951 |     0           | 5.25177e-08 |           2.44951 |           5.25177e-08 |                  |                |
+----+---------------+--------------+----------+-----------+---------------+-----------------+-------------+-------------------+-----------------------+------------------+----------------+
| 49 |            49 |         1000 | curobo   |       100 |       2.42782 |     0           | 7.33913e-08 |           2.42782 |           7.33913e-08 |                  |                |
+----+---------------+--------------+----------+-----------+---------------+-----------------+-------------+-------------------+-----------------------+------------------+----------------+
... (100 rows total)

============================================================
Averages by Batch Size
============================================================
+------------------+---------------+-----------------+-------------+-----------+---------------------+-------------------+
|                  |   IK-time(ms) |   Pos-Error(mm) |   Ori-Error |   succ(%) |   collision_free(%) |   success_both(%) |
+==================+===============+=================+=============+===========+=====================+===================+
| (1000, 'curobo') |       2.44669 |     2.31262e-05 |  5.6653e-08 |       100 |                 nan |               nan |
+------------------+---------------+-----------------+-------------+-----------+---------------------+-------------------+
============================================================


[OK] wrote /home/plancher/Desktop/HJCD-IK/docs/open-tasks/paper-2026-10-03/paper_results_20261007T155203Z/table_dof18.md
## DoF=18 (Table III)

| Batch | curobo Time(ms) | curobo Pos(mm) | curobo Ori(rad) | hjcdik Time(ms) | hjcdik Pos(mm) | hjcdik Ori(rad) | pyroki Time(ms) | pyroki Pos(mm) | pyroki Ori(rad) |
| --- | --- | --- | --- | --- | --- | --- | --- | --- | --- |
| 1000 | 2.447 | 2.313e-05 | 5.665e-08 | 2.311 | 1.959e-06 | 7.955e-10 | 10.73 | 4.852e-04 | 3.640e-07 |

_solvers: curobo: n=100/batch, hjcdik: n=1/batch, pyroki: n=100/batch_
--- DoF=24 (csrc/urdf/panda_ext_24dof.urdf) ---
[gen_targets] csrc/urdf/panda_ext_24dof.urdf -> 'panda_hand_joint': 24 actuated joints on chain [scramble=digit-permutation, seed=0, skip=0]
[gen_targets] wrote 100 targets:
  /home/plancher/Desktop/HJCD-IK/docs/open-tasks/paper-2026-10-03/hjcd/benchmark/targets/panda_dof24.json
  /home/plancher/Desktop/HJCD-IK/docs/open-tasks/paper-2026-10-03/hjcd/benchmark/targets/panda_dof24.yml
/home/plancher/Desktop/HJCD-IK/docs/open-tasks/paper-2026-10-03/hjcd/external/GRiD/external/URDFParser/URDFParser.py:103: UserWarning: Link [panda_link0] does not have inertial properties. Assuming this is the fixed world base frame. Else there is an error with your URDF file.
  warnings.warn(
/home/plancher/Desktop/HJCD-IK/docs/open-tasks/paper-2026-10-03/hjcd/external/GRiD/external/URDFParser/URDFParser.py:103: UserWarning: Link [panda_leftfinger] does not have inertial properties. Assuming this is the fixed world base frame. Else there is an error with your URDF file.
  warnings.warn(
/home/plancher/Desktop/HJCD-IK/docs/open-tasks/paper-2026-10-03/hjcd/external/GRiD/external/URDFParser/URDFParser.py:103: UserWarning: Link [panda_rightfinger] does not have inertial properties. Assuming this is the fixed world base frame. Else there is an error with your URDF file.
  warnings.warn(
/home/plancher/Desktop/HJCD-IK/docs/open-tasks/paper-2026-10-03/hjcd/external/GRiD/external/URDFParser/URDFParser.py:573: UserWarning: URDFParser: Link(s) ['panda_link7'] have a degenerate/missing <inertial> (zero or non-positive-definite mass/inertia), which yields singular/broken dynamics. Provide a valid <inertial>, or parse with strict_inertial=True to reject this as an error.
  self.validate_inertials(root_link_name)
------------------------------------------
Assumed Input Joint Configuration Ordering
------------------------------------------
panda_joint1
panda_joint2
panda_joint3
panda_joint4
panda_joint5
panda_joint6
panda_joint7
panda_joint8
panda_joint9
panda_joint10
panda_joint11
panda_joint12
panda_joint13
panda_joint14
panda_joint15
panda_joint16
panda_joint17
panda_joint18
panda_joint19
panda_joint20
panda_joint21
panda_joint22
panda_joint23
panda_joint24
------------------------------------------
Total of n = 24 dof
Total of n = 24 joints
Total of n = 25 links
------------------------------------------
Fixed Joints Found (if any):
------------------------------------------
right_gripper_mount (id: 24, parent: panda_joint24)
panda_finger_joint2 (id: 25, parent: panda_joint24)
panda_finger_joint1 (id: 26, parent: panda_joint24)
panda_grasptarget_hand (id: 27, parent: panda_joint24)
panda_hand_joint (id: 28, parent: panda_joint24)
panda_joint_flange_offset (id: 29, parent: panda_joint24)
------------------------------------------
[generate_grid] robot=panda_24dof_ext012x5_p12 dof=24 target=panda_hand_joint
[generate_grid] EE_FIXED_FRAME_IDX = 28  (target 'panda_hand_joint')
[generate_grid] wrote /home/plancher/Desktop/HJCD-IK/docs/open-tasks/paper-2026-10-03/hjcd/csrc/generated/grid.cuh
ninja: Entering directory `build'
[0/1] Re-running CMake...
-- HJCD-IK: g++-10 not found; using default CUDA host compiler
-- HJCD-IK: CUDA architectures = native
-- Found pybind11: /home/plancher/Desktop/HJCD-IK/docs/open-tasks/paper-2026-10-03/hjcd/.venv/lib/python3.12/site-packages/pybind11/include (found version "3.1.0")
-- HJCD-IK: using GRiD header /home/plancher/Desktop/HJCD-IK/docs/open-tasks/paper-2026-10-03/hjcd/csrc/generated/grid.cuh
-- Configuring done (0.1s)
-- Generating done (0.0s)
-- Build files have been written to: /home/plancher/Desktop/HJCD-IK/docs/open-tasks/paper-2026-10-03/hjcd/build
[1/5] Building CXX object CMakeFiles/_hjcdik.dir/csrc/bindings/pybind_module.cpp.o
[2/5] Building CUDA object CMakeFiles/hjcdik_core.dir/csrc/kernel/hjcd_kernel.cu.o
[3/5] Linking CXX executable hjcdik
[4/5] Linking CXX shared module _hjcdik.cpython-312-x86_64-linux-gnu.so
installed build/_hjcdik.cpython-312-x86_64-linux-gnu.so -> /home/plancher/Desktop/HJCD-IK/docs/open-tasks/paper-2026-10-03/hjcd/.venv/lib/python3.12/site-packages/hjcdik/_hjcdik.cpython-312-x86_64-linux-gnu.so
import OK: /home/plancher/Desktop/HJCD-IK/docs/open-tasks/paper-2026-10-03/hjcd/hjcdik/__init__.py
[GRiD] skipping URDF codegen...
[build info] {'num_joints': 24, 'ee_target': 'panda_hand_joint', 'collision_enabled': False, 'grid_header_sha256': '8bb7fb8d1c168e582902a0051a9cb38cb83790c682de8a72356011a81b9cb1ad', 'cuda_compiler_version': '13.2.86'}
[info] robot with 24 joints
[info] loaded 100 shared targets from /home/plancher/Desktop/HJCD-IK/docs/open-tasks/paper-2026-10-03/hjcd/benchmark/targets/panda_dof24.json
[info] running 100 targets, batches=[1000], num_solutions=1, collision_free=False
[info] processed 0/100 targets
[info] processed 50/100 targets

==== Batch Summary (averages) ====
Batch Size 1000:
  Time (ms): 2.854225
  Position Error: 1.667679e-06
  Orientation Error: 5.009976e-10
[OK] wrote CSV summary /home/plancher/Desktop/HJCD-IK/docs/open-tasks/paper-2026-10-03/paper_results_20261007T155203Z/dof24_hjcdik.csv

[OK] wrote /home/plancher/Desktop/HJCD-IK/docs/open-tasks/paper-2026-10-03/hjcd/results.yml with 100 query entries (100 targets x 1 batches; up to 1 solutions per query).
2026-10-07 12:13:01.454 | INFO     | jaxls._problem:analyze:237 - Building optimization problem with 2 terms and 1 variables: 2 costs, 0 eq_zero, 0 leq_zero, 0 geq_zero
2026-10-07 12:13:01.507 | INFO     | jaxls._problem:analyze:364 - Vectorizing group with 1 costs, 1 variables each: _pose_cost_analytical_jac
2026-10-07 12:13:01.520 | INFO     | jaxls._problem:analyze:364 - Vectorizing group with 1 costs, 1 variables each: limit_residual
2026-10-07 12:13:01.528 | INFO     | jaxls._problem:analyze:451 - Variable elimination: variable IDs are traced; solves will not use elimination
2026-10-07 12:13:02.037 | INFO     | jaxls._problem:analyze:237 - Building optimization problem with 2 terms and 1 variables: 2 costs, 0 eq_zero, 0 leq_zero, 0 geq_zero
2026-10-07 12:13:02.047 | INFO     | jaxls._problem:analyze:364 - Vectorizing group with 1 costs, 1 variables each: _pose_cost_analytical_jac
2026-10-07 12:13:02.054 | INFO     | jaxls._problem:analyze:364 - Vectorizing group with 1 costs, 1 variables each: limit_residual
2026-10-07 12:13:02.057 | INFO     | jaxls._problem:analyze:451 - Variable elimination: variable IDs are traced; solves will not use elimination
running...
  loading goals from /home/plancher/Desktop/HJCD-IK/docs/open-tasks/paper-2026-10-03/hjcd/benchmark/targets/panda_dof24.yml
  100 goals loaded
  pyroki num_seeds_init: 1000
+----+---------------+--------------+----------+-----------+---------------+-----------------+-------------+-------------------+-----------------------+------------------+----------------+
|    |   problem_idx |   Batch-Size | solver   |   succ(%) |   IK-time(ms) |   Pos-Error(mm) |   Ori-Error |   pyroki-time(ms) |   pyroki-ori-err(rad) | collision_free   | success_both   |
+====+===============+==============+==========+===========+===============+=================+=============+===================+=======================+==================+================+
|  0 |             0 |         1000 | pyroki   |       100 |       12.2833 |     0.00139308  | 8.6491e-07  |           12.2833 |           8.6491e-07  |                  |                |
+----+---------------+--------------+----------+-----------+---------------+-----------------+-------------+-------------------+-----------------------+------------------+----------------+
|  1 |             1 |         1000 | pyroki   |       100 |       13.9499 |     0.000367428 | 2.14908e-07 |           13.9499 |           2.14908e-07 |                  |                |
+----+---------------+--------------+----------+-----------+---------------+-----------------+-------------+-------------------+-----------------------+------------------+----------------+
|  2 |             2 |         1000 | pyroki   |       100 |       12.6915 |     0.000834465 | 5.00688e-07 |           12.6915 |           5.00688e-07 |                  |                |
+----+---------------+--------------+----------+-----------+---------------+-----------------+-------------+-------------------+-----------------------+------------------+----------------+
|  3 |             3 |         1000 | pyroki   |       100 |       12.9061 |     0.000555151 | 5.94554e-07 |           12.9061 |           5.94554e-07 |                  |                |
+----+---------------+--------------+----------+-----------+---------------+-----------------+-------------+-------------------+-----------------------+------------------+----------------+
|  4 |             4 |         1000 | pyroki   |       100 |       13.2561 |     0.000539743 | 7.54534e-07 |           13.2561 |           7.54534e-07 |                  |                |
+----+---------------+--------------+----------+-----------+---------------+-----------------+-------------+-------------------+-----------------------+------------------+----------------+
|  5 |             5 |         1000 | pyroki   |       100 |       12.3155 |     0.0006664   | 5.52751e-07 |           12.3155 |           5.52751e-07 |                  |                |
+----+---------------+--------------+----------+-----------+---------------+-----------------+-------------+-------------------+-----------------------+------------------+----------------+
|  6 |             6 |         1000 | pyroki   |       100 |       13.8564 |     0.000358867 | 1.51963e-07 |           13.8564 |           1.51963e-07 |                  |                |
+----+---------------+--------------+----------+-----------+---------------+-----------------+-------------+-------------------+-----------------------+------------------+----------------+
|  7 |             7 |         1000 | pyroki   |       100 |       12.4834 |     0.000381656 | 2.98023e-07 |           12.4834 |           2.98023e-07 |                  |                |
+----+---------------+--------------+----------+-----------+---------------+-----------------+-------------+-------------------+-----------------------+------------------+----------------+
|  8 |             8 |         1000 | pyroki   |       100 |       13.1586 |     0.000254631 | 3.52626e-07 |           13.1586 |           3.52626e-07 |                  |                |
+----+---------------+--------------+----------+-----------+---------------+-----------------+-------------+-------------------+-----------------------+------------------+----------------+
|  9 |             9 |         1000 | pyroki   |       100 |       13.1221 |     0.000595541 | 6.83913e-07 |           13.1221 |           6.83913e-07 |                  |                |
+----+---------------+--------------+----------+-----------+---------------+-----------------+-------------+-------------------+-----------------------+------------------+----------------+
| 10 |            10 |         1000 | pyroki   |       100 |       13.1118 |     0.0011262   | 3.65686e-07 |           13.1118 |           3.65686e-07 |                  |                |
+----+---------------+--------------+----------+-----------+---------------+-----------------+-------------+-------------------+-----------------------+------------------+----------------+
| 11 |            11 |         1000 | pyroki   |       100 |       13.4802 |     0.000977589 | 3.82818e-07 |           13.4802 |           3.82818e-07 |                  |                |
+----+---------------+--------------+----------+-----------+---------------+-----------------+-------------+-------------------+-----------------------+------------------+----------------+
| 12 |            12 |         1000 | pyroki   |       100 |       12.346  |     0.000901982 | 4.31105e-07 |           12.346  |           4.31105e-07 |                  |                |
+----+---------------+--------------+----------+-----------+---------------+-----------------+-------------+-------------------+-----------------------+------------------+----------------+
| 13 |            13 |         1000 | pyroki   |       100 |       12.7206 |     0.00154081  | 2.93897e-07 |           12.7206 |           2.93897e-07 |                  |                |
+----+---------------+--------------+----------+-----------+---------------+-----------------+-------------+-------------------+-----------------------+------------------+----------------+
| 14 |            14 |         1000 | pyroki   |       100 |       12.8007 |     0.000355838 | 4.48275e-07 |           12.8007 |           4.48275e-07 |                  |                |
+----+---------------+--------------+----------+-----------+---------------+-----------------+-------------+-------------------+-----------------------+------------------+----------------+
| 15 |            15 |         1000 | pyroki   |       100 |       12.5816 |     0.000245756 | 4.04258e-07 |           12.5816 |           4.04258e-07 |                  |                |
+----+---------------+--------------+----------+-----------+---------------+-----------------+-------------+-------------------+-----------------------+------------------+----------------+
| 16 |            16 |         1000 | pyroki   |       100 |       11.8783 |     0.000990227 | 4.69327e-07 |           11.8783 |           4.69327e-07 |                  |                |
+----+---------------+--------------+----------+-----------+---------------+-----------------+-------------+-------------------+-----------------------+------------------+----------------+
| 17 |            17 |         1000 | pyroki   |       100 |       14.3332 |     0.00166999  | 3.21672e-07 |           14.3332 |           3.21672e-07 |                  |                |
+----+---------------+--------------+----------+-----------+---------------+-----------------+-------------+-------------------+-----------------------+------------------+----------------+
| 18 |            18 |         1000 | pyroki   |       100 |       12.6901 |     0.000536442 | 1.9992e-07  |           12.6901 |           1.9992e-07  |                  |                |
+----+---------------+--------------+----------+-----------+---------------+-----------------+-------------+-------------------+-----------------------+------------------+----------------+
| 19 |            19 |         1000 | pyroki   |       100 |       11.9946 |     0.00162689  | 9.88431e-08 |           11.9946 |           9.88431e-08 |                  |                |
+----+---------------+--------------+----------+-----------+---------------+-----------------+-------------+-------------------+-----------------------+------------------+----------------+
| 20 |            20 |         1000 | pyroki   |       100 |       11.4462 |     0.000342403 | 1.46001e-07 |           11.4462 |           1.46001e-07 |                  |                |
+----+---------------+--------------+----------+-----------+---------------+-----------------+-------------+-------------------+-----------------------+------------------+----------------+
| 21 |            21 |         1000 | pyroki   |       100 |       12.5041 |     0.000462656 | 3.40125e-07 |           12.5041 |           3.40125e-07 |                  |                |
+----+---------------+--------------+----------+-----------+---------------+-----------------+-------------+-------------------+-----------------------+------------------+----------------+
| 22 |            22 |         1000 | pyroki   |       100 |       12.4414 |     0.000381656 | 4.95113e-07 |           12.4414 |           4.95113e-07 |                  |                |
+----+---------------+--------------+----------+-----------+---------------+-----------------+-------------+-------------------+-----------------------+------------------+----------------+
| 23 |            23 |         1000 | pyroki   |       100 |       14.0781 |     0.00123886  | 3.38489e-07 |           14.0781 |           3.38489e-07 |                  |                |
+----+---------------+--------------+----------+-----------+---------------+-----------------+-------------+-------------------+-----------------------+------------------+----------------+
| 24 |            24 |         1000 | pyroki   |       100 |       13.401  |     0.00170265  | 4.26704e-07 |           13.401  |           4.26704e-07 |                  |                |
+----+---------------+--------------+----------+-----------+---------------+-----------------+-------------+-------------------+-----------------------+------------------+----------------+
| 25 |            25 |         1000 | pyroki   |       100 |       12.4002 |     0.000867857 | 4.65527e-07 |           12.4002 |           4.65527e-07 |                  |                |
+----+---------------+--------------+----------+-----------+---------------+-----------------+-------------+-------------------+-----------------------+------------------+----------------+
| 26 |            26 |         1000 | pyroki   |       100 |       12.569  |     0.00105451  | 8.70029e-07 |           12.569  |           8.70029e-07 |                  |                |
+----+---------------+--------------+----------+-----------+---------------+-----------------+-------------+-------------------+-----------------------+------------------+----------------+
| 27 |            27 |         1000 | pyroki   |       100 |       12.3668 |     0.000268221 | 4.17764e-07 |           12.3668 |           4.17764e-07 |                  |                |
+----+---------------+--------------+----------+-----------+---------------+-----------------+-------------+-------------------+-----------------------+------------------+----------------+
| 28 |            28 |         1000 | pyroki   |       100 |       12.0831 |     0.000572484 | 2.2302e-07  |           12.0831 |           2.2302e-07  |                  |                |
+----+---------------+--------------+----------+-----------+---------------+-----------------+-------------+-------------------+-----------------------+------------------+----------------+
| 29 |            29 |         1000 | pyroki   |       100 |       13.7668 |     0.000314988 | 4.8423e-07  |           13.7668 |           4.8423e-07  |                  |                |
+----+---------------+--------------+----------+-----------+---------------+-----------------+-------------+-------------------+-----------------------+------------------+----------------+
| 30 |            30 |         1000 | pyroki   |       100 |       13.227  |     0.000372529 | 4.47035e-07 |           13.227  |           4.47035e-07 |                  |                |
+----+---------------+--------------+----------+-----------+---------------+-----------------+-------------+-------------------+-----------------------+------------------+----------------+
| 31 |            31 |         1000 | pyroki   |       100 |       12.5668 |     0.000376973 | 1.78814e-07 |           12.5668 |           1.78814e-07 |                  |                |
+----+---------------+--------------+----------+-----------+---------------+-----------------+-------------+-------------------+-----------------------+------------------+----------------+
| 32 |            32 |         1000 | pyroki   |       100 |       11.8151 |     0.000892081 | 7.02729e-07 |           11.8151 |           7.02729e-07 |                  |                |
+----+---------------+--------------+----------+-----------+---------------+-----------------+-------------+-------------------+-----------------------+------------------+----------------+
| 33 |            33 |         1000 | pyroki   |       100 |       13.1431 |     0.000495113 | 2.47557e-07 |           13.1431 |           2.47557e-07 |                  |                |
+----+---------------+--------------+----------+-----------+---------------+-----------------+-------------+-------------------+-----------------------+------------------+----------------+
| 34 |            34 |         1000 | pyroki   |       100 |       12.5005 |     0.000798012 | 5.93807e-07 |           12.5005 |           5.93807e-07 |                  |                |
+----+---------------+--------------+----------+-----------+---------------+-----------------+-------------+-------------------+-----------------------+------------------+----------------+
| 35 |            35 |         1000 | pyroki   |       100 |       12.1129 |     0.000777721 | 4.59768e-07 |           12.1129 |           4.59768e-07 |                  |                |
+----+---------------+--------------+----------+-----------+---------------+-----------------+-------------+-------------------+-----------------------+------------------+----------------+
| 36 |            36 |         1000 | pyroki   |       100 |       14.3456 |     0.00077486  | 8.06867e-07 |           14.3456 |           8.06867e-07 |                  |                |
+----+---------------+--------------+----------+-----------+---------------+-----------------+-------------+-------------------+-----------------------+------------------+----------------+
| 37 |            37 |         1000 | pyroki   |       100 |       12.2442 |     0.00163886  | 7.0336e-07  |           12.2442 |           7.0336e-07  |                  |                |
+----+---------------+--------------+----------+-----------+---------------+-----------------+-------------+-------------------+-----------------------+------------------+----------------+
| 38 |            38 |         1000 | pyroki   |       100 |       12.1124 |     0.00039984  | 1.3328e-07  |           12.1124 |           1.3328e-07  |                  |                |
+----+---------------+--------------+----------+-----------+---------------+-----------------+-------------+-------------------+-----------------------+------------------+----------------+
| 39 |            39 |         1000 | pyroki   |       100 |       12.5878 |     0.000519621 | 3.52941e-07 |           12.5878 |           3.52941e-07 |                  |                |
+----+---------------+--------------+----------+-----------+---------------+-----------------+-------------+-------------------+-----------------------+------------------+----------------+
| 40 |            40 |         1000 | pyroki   |       100 |       13.0448 |     0.000940545 | 4.30847e-07 |           13.0448 |           4.30847e-07 |                  |                |
+----+---------------+--------------+----------+-----------+---------------+-----------------+-------------+-------------------+-----------------------+------------------+----------------+
| 41 |            41 |         1000 | pyroki   |       100 |       13.8514 |     0.000480548 | 1.69899e-07 |           13.8514 |           1.69899e-07 |                  |                |
+----+---------------+--------------+----------+-----------+---------------+-----------------+-------------+-------------------+-----------------------+------------------+----------------+
| 42 |            42 |         1000 | pyroki   |       100 |       12.81   |     0.000990227 | 1.3328e-07  |           12.81   |           1.3328e-07  |                  |                |
+----+---------------+--------------+----------+-----------+---------------+-----------------+-------------+-------------------+-----------------------+------------------+----------------+
| 43 |            43 |         1000 | pyroki   |       100 |       13.8867 |     0.000370137 | 3.52941e-07 |           13.8867 |           3.52941e-07 |                  |                |
+----+---------------+--------------+----------+-----------+---------------+-----------------+-------------+-------------------+-----------------------+------------------+----------------+
| 44 |            44 |         1000 | pyroki   |       100 |       11.7395 |     0.000746844 | 8.82068e-07 |           11.7395 |           8.82068e-07 |                  |                |
+----+---------------+--------------+----------+-----------+---------------+-----------------+-------------+-------------------+-----------------------+------------------+----------------+
| 45 |            45 |         1000 | pyroki   |       100 |       12.3496 |     0.00123311  | 4.8423e-07  |           12.3496 |           4.8423e-07  |                  |                |
+----+---------------+--------------+----------+-----------+---------------+-----------------+-------------+-------------------+-----------------------+------------------+----------------+
| 46 |            46 |         1000 | pyroki   |       100 |       13.4513 |     0.000292002 | 1.00237e-07 |           13.4513 |           1.00237e-07 |                  |                |
+----+---------------+--------------+----------+-----------+---------------+-----------------+-------------+-------------------+-----------------------+------------------+----------------+
| 47 |            47 |         1000 | pyroki   |       100 |       12.495  |     0.000149012 | 3.332e-08   |           12.495  |           3.332e-08   |                  |                |
+----+---------------+--------------+----------+-----------+---------------+-----------------+-------------+-------------------+-----------------------+------------------+----------------+
| 48 |            48 |         1000 | pyroki   |       100 |       12.8546 |     0.000730613 | 3.96494e-07 |           12.8546 |           3.96494e-07 |                  |                |
+----+---------------+--------------+----------+-----------+---------------+-----------------+-------------+-------------------+-----------------------+------------------+----------------+
| 49 |            49 |         1000 | pyroki   |       100 |       13.1686 |     0.000240274 | 3.64089e-07 |           13.1686 |           3.64089e-07 |                  |                |
+----+---------------+--------------+----------+-----------+---------------+-----------------+-------------+-------------------+-----------------------+------------------+----------------+
... (100 rows total)

============================================================
Averages by Batch Size
============================================================
+------------------+---------------+-----------------+-------------+-----------+---------------------+-------------------+
|                  |   IK-time(ms) |   Pos-Error(mm) |   Ori-Error |   succ(%) |   collision_free(%) |   success_both(%) |
+==================+===============+=================+=============+===========+=====================+===================+
| (1000, 'pyroki') |       12.6914 |     0.000715031 | 4.13737e-07 |       100 |                 nan |               nan |
+------------------+---------------+-----------------+-------------+-----------+---------------------+-------------------+
============================================================

running...
  loading goals from /home/plancher/Desktop/HJCD-IK/docs/open-tasks/paper-2026-10-03/hjcd/benchmark/targets/panda_dof24.yml
  100 goals loaded
  curobo num_seeds: 1000
+----+---------------+--------------+----------+-----------+---------------+-----------------+-------------+-------------------+-----------------------+------------------+----------------+
|    |   problem_idx |   Batch-Size | solver   |   succ(%) |   IK-time(ms) |   Pos-Error(mm) |   Ori-Error |   curobo-time(ms) |   curobo-ori-err(rad) | collision_free   | success_both   |
+====+===============+==============+==========+===========+===============+=================+=============+===================+=======================+==================+================+
|  0 |             0 |         1000 | curobo   |       100 |       2.68769 |     0           | 1.57774e-07 |           2.68769 |           1.57774e-07 |                  |                |
+----+---------------+--------------+----------+-----------+---------------+-----------------+-------------+-------------------+-----------------------+------------------+----------------+
|  1 |             1 |         1000 | curobo   |       100 |       2.70891 |     0           | 9.90562e-08 |           2.70891 |           9.90562e-08 |                  |                |
+----+---------------+--------------+----------+-----------+---------------+-----------------+-------------+-------------------+-----------------------+------------------+----------------+
|  2 |             2 |         1000 | curobo   |       100 |       2.67863 |     0           | 8.54896e-08 |           2.67863 |           8.54896e-08 |                  |                |
+----+---------------+--------------+----------+-----------+---------------+-----------------+-------------+-------------------+-----------------------+------------------+----------------+
|  3 |             3 |         1000 | curobo   |       100 |       2.67029 |     3.10879e-05 | 7.13544e-08 |           2.67029 |           7.13544e-08 |                  |                |
+----+---------------+--------------+----------+-----------+---------------+-----------------+-------------+-------------------+-----------------------+------------------+----------------+
|  4 |             4 |         1000 | curobo   |       100 |       2.66886 |     0           | 1.12475e-07 |           2.66886 |           1.12475e-07 |                  |                |
+----+---------------+--------------+----------+-----------+---------------+-----------------+-------------+-------------------+-----------------------+------------------+----------------+
|  5 |             5 |         1000 | curobo   |       100 |       2.65026 |     5.96046e-05 | 6.10201e-08 |           2.65026 |           6.10201e-08 |                  |                |
+----+---------------+--------------+----------+-----------+---------------+-----------------+-------------+-------------------+-----------------------+------------------+----------------+
|  6 |             6 |         1000 | curobo   |       100 |       2.75707 |     2.98023e-05 | 5.17328e-08 |           2.75707 |           5.17328e-08 |                  |                |
+----+---------------+--------------+----------+-----------+---------------+-----------------+-------------+-------------------+-----------------------+------------------+----------------+
|  7 |             7 |         1000 | curobo   |       100 |       2.67816 |     0           | 7.5998e-08  |           2.67816 |           7.5998e-08  |                  |                |
+----+---------------+--------------+----------+-----------+---------------+-----------------+-------------+-------------------+-----------------------+------------------+----------------+
|  8 |             8 |         1000 | curobo   |       100 |       2.67935 |     2.98023e-05 | 5.08219e-08 |           2.67935 |           5.08219e-08 |                  |                |
+----+---------------+--------------+----------+-----------+---------------+-----------------+-------------+-------------------+-----------------------+------------------+----------------+
|  9 |             9 |         1000 | curobo   |       100 |       2.68507 |     2.32831e-05 | 9.09341e-08 |           2.68507 |           9.09341e-08 |                  |                |
+----+---------------+--------------+----------+-----------+---------------+-----------------+-------------+-------------------+-----------------------+------------------+----------------+
| 10 |            10 |         1000 | curobo   |       100 |       2.67839 |     0           | 5.0706e-08  |           2.67839 |           5.0706e-08  |                  |                |
+----+---------------+--------------+----------+-----------+---------------+-----------------+-------------+-------------------+-----------------------+------------------+----------------+
| 11 |            11 |         1000 | curobo   |       100 |       2.64215 |     0           | 9.01169e-08 |           2.64215 |           9.01169e-08 |                  |                |
+----+---------------+--------------+----------+-----------+---------------+-----------------+-------------+-------------------+-----------------------+------------------+----------------+
| 12 |            12 |         1000 | curobo   |       100 |       2.66576 |     0           | 8.98317e-08 |           2.66576 |           8.98317e-08 |                  |                |
+----+---------------+--------------+----------+-----------+---------------+-----------------+-------------+-------------------+-----------------------+------------------+----------------+
| 13 |            13 |         1000 | curobo   |       100 |       2.65932 |     2.98023e-05 | 3.26529e-08 |           2.65932 |           3.26529e-08 |                  |                |
+----+---------------+--------------+----------+-----------+---------------+-----------------+-------------+-------------------+-----------------------+------------------+----------------+
| 14 |            14 |         1000 | curobo   |       100 |       2.67339 |     2.23517e-05 | 6.4151e-08  |           2.67339 |           6.4151e-08  |                  |                |
+----+---------------+--------------+----------+-----------+---------------+-----------------+-------------+-------------------+-----------------------+------------------+----------------+
| 15 |            15 |         1000 | curobo   |       100 |       2.66171 |     5.96046e-05 | 5.9864e-08  |           2.66171 |           5.9864e-08  |                  |                |
+----+---------------+--------------+----------+-----------+---------------+-----------------+-------------+-------------------+-----------------------+------------------+----------------+
| 16 |            16 |         1000 | curobo   |       100 |       2.77019 |     0           | 2.4106e-08  |           2.77019 |           2.4106e-08  |                  |                |
+----+---------------+--------------+----------+-----------+---------------+-----------------+-------------+-------------------+-----------------------+------------------+----------------+
| 17 |            17 |         1000 | curobo   |       100 |       2.64192 |     0           | 6.55249e-08 |           2.64192 |           6.55249e-08 |                  |                |
+----+---------------+--------------+----------+-----------+---------------+-----------------+-------------+-------------------+-----------------------+------------------+----------------+
| 18 |            18 |         1000 | curobo   |       100 |       2.67124 |     5.96046e-05 | 7.97986e-08 |           2.67124 |           7.97986e-08 |                  |                |
+----+---------------+--------------+----------+-----------+---------------+-----------------+-------------+-------------------+-----------------------+------------------+----------------+
| 19 |            19 |         1000 | curobo   |       100 |       2.666   |     0           | 8.73899e-08 |           2.666   |           8.73899e-08 |                  |                |
+----+---------------+--------------+----------+-----------+---------------+-----------------+-------------+-------------------+-----------------------+------------------+----------------+
| 20 |            20 |         1000 | curobo   |       100 |       2.68459 |     0           | 6.51684e-08 |           2.68459 |           6.51684e-08 |                  |                |
+----+---------------+--------------+----------+-----------+---------------+-----------------+-------------+-------------------+-----------------------+------------------+----------------+
| 21 |            21 |         1000 | curobo   |       100 |       2.65336 |     5.96046e-05 | 3.2093e-08  |           2.65336 |           3.2093e-08  |                  |                |
+----+---------------+--------------+----------+-----------+---------------+-----------------+-------------+-------------------+-----------------------+------------------+----------------+
| 22 |            22 |         1000 | curobo   |       100 |       2.64978 |     8.42937e-05 | 4.44888e-08 |           2.64978 |           4.44888e-08 |                  |                |
+----+---------------+--------------+----------+-----------+---------------+-----------------+-------------+-------------------+-----------------------+------------------+----------------+
| 23 |            23 |         1000 | curobo   |       100 |       2.64859 |     0           | 6.685e-08   |           2.64859 |           6.685e-08   |                  |                |
+----+---------------+--------------+----------+-----------+---------------+-----------------+-------------+-------------------+-----------------------+------------------+----------------+
| 24 |            24 |         1000 | curobo   |       100 |       2.68793 |     0           | 8.07434e-08 |           2.68793 |           8.07434e-08 |                  |                |
+----+---------------+--------------+----------+-----------+---------------+-----------------+-------------+-------------------+-----------------------+------------------+----------------+
| 25 |            25 |         1000 | curobo   |       100 |       2.65217 |     0           | 4.16131e-08 |           2.65217 |           4.16131e-08 |                  |                |
+----+---------------+--------------+----------+-----------+---------------+-----------------+-------------+-------------------+-----------------------+------------------+----------------+
| 26 |            26 |         1000 | curobo   |       100 |       2.64525 |     0           | 6.78727e-08 |           2.64525 |           6.78727e-08 |                  |                |
+----+---------------+--------------+----------+-----------+---------------+-----------------+-------------+-------------------+-----------------------+------------------+----------------+
| 27 |            27 |         1000 | curobo   |       100 |       2.74968 |     2.98023e-05 | 4.30443e-08 |           2.74968 |           4.30443e-08 |                  |                |
+----+---------------+--------------+----------+-----------+---------------+-----------------+-------------+-------------------+-----------------------+------------------+----------------+
| 28 |            28 |         1000 | curobo   |       100 |       2.66075 |     2.98023e-05 | 2.97196e-08 |           2.66075 |           2.97196e-08 |                  |                |
+----+---------------+--------------+----------+-----------+---------------+-----------------+-------------+-------------------+-----------------------+------------------+----------------+
| 29 |            29 |         1000 | curobo   |       100 |       2.66981 |     1.25729e-05 | 5.173e-08   |           2.66981 |           5.173e-08   |                  |                |
+----+---------------+--------------+----------+-----------+---------------+-----------------+-------------+-------------------+-----------------------+------------------+----------------+
| 30 |            30 |         1000 | curobo   |       100 |       2.64978 |     4.47035e-05 | 6.87403e-08 |           2.64978 |           6.87403e-08 |                  |                |
+----+---------------+--------------+----------+-----------+---------------+-----------------+-------------+-------------------+-----------------------+------------------+----------------+
| 31 |            31 |         1000 | curobo   |       100 |       2.65002 |     0.000119209 | 8.68748e-08 |           2.65002 |           8.68748e-08 |                  |                |
+----+---------------+--------------+----------+-----------+---------------+-----------------+-------------+-------------------+-----------------------+------------------+----------------+
| 32 |            32 |         1000 | curobo   |       100 |       2.65431 |     0           | 1.14258e-07 |           2.65431 |           1.14258e-07 |                  |                |
+----+---------------+--------------+----------+-----------+---------------+-----------------+-------------+-------------------+-----------------------+------------------+----------------+
| 33 |            33 |         1000 | curobo   |       100 |       2.63858 |     5.96046e-05 | 6.95165e-08 |           2.63858 |           6.95165e-08 |                  |                |
+----+---------------+--------------+----------+-----------+---------------+-----------------+-------------+-------------------+-----------------------+------------------+----------------+
| 34 |            34 |         1000 | curobo   |       100 |       2.67911 |     6.664e-05   | 3.88817e-08 |           2.67911 |           3.88817e-08 |                  |                |
+----+---------------+--------------+----------+-----------+---------------+-----------------+-------------+-------------------+-----------------------+------------------+----------------+
| 35 |            35 |         1000 | curobo   |       100 |       2.67649 |     0           | 5.73083e-08 |           2.67649 |           5.73083e-08 |                  |                |
+----+---------------+--------------+----------+-----------+---------------+-----------------+-------------+-------------------+-----------------------+------------------+----------------+
| 36 |            36 |         1000 | curobo   |       100 |       2.66027 |     0           | 8.16652e-08 |           2.66027 |           8.16652e-08 |                  |                |
+----+---------------+--------------+----------+-----------+---------------+-----------------+-------------+-------------------+-----------------------+------------------+----------------+
| 37 |            37 |         1000 | curobo   |       100 |       2.76566 |     0           | 6.37623e-08 |           2.76566 |           6.37623e-08 |                  |                |
+----+---------------+--------------+----------+-----------+---------------+-----------------+-------------+-------------------+-----------------------+------------------+----------------+
| 38 |            38 |         1000 | curobo   |       100 |       2.70152 |     5.96046e-05 | 6.43764e-08 |           2.70152 |           6.43764e-08 |                  |                |
+----+---------------+--------------+----------+-----------+---------------+-----------------+-------------+-------------------+-----------------------+------------------+----------------+
| 39 |            39 |         1000 | curobo   |       100 |       2.635   |     2.98023e-05 | 5.20328e-08 |           2.635   |           5.20328e-08 |                  |                |
+----+---------------+--------------+----------+-----------+---------------+-----------------+-------------+-------------------+-----------------------+------------------+----------------+
| 40 |            40 |         1000 | curobo   |       100 |       2.65789 |     0           | 1.22457e-07 |           2.65789 |           1.22457e-07 |                  |                |
+----+---------------+--------------+----------+-----------+---------------+-----------------+-------------+-------------------+-----------------------+------------------+----------------+
| 41 |            41 |         1000 | curobo   |       100 |       2.66814 |     2.98023e-05 | 2.78875e-08 |           2.66814 |           2.78875e-08 |                  |                |
+----+---------------+--------------+----------+-----------+---------------+-----------------+-------------+-------------------+-----------------------+------------------+----------------+
| 42 |            42 |         1000 | curobo   |       100 |       2.65598 |     0           | 1.1965e-07  |           2.65598 |           1.1965e-07  |                  |                |
+----+---------------+--------------+----------+-----------+---------------+-----------------+-------------+-------------------+-----------------------+------------------+----------------+
| 43 |            43 |         1000 | curobo   |       100 |       2.68626 |     7.45058e-05 | 4.34747e-08 |           2.68626 |           4.34747e-08 |                  |                |
+----+---------------+--------------+----------+-----------+---------------+-----------------+-------------+-------------------+-----------------------+------------------+----------------+
| 44 |            44 |         1000 | curobo   |       100 |       2.65551 |     5.96046e-05 | 1.0321e-07  |           2.65551 |           1.0321e-07  |                  |                |
+----+---------------+--------------+----------+-----------+---------------+-----------------+-------------+-------------------+-----------------------+------------------+----------------+
| 45 |            45 |         1000 | curobo   |       100 |       2.69389 |     5.96046e-05 | 8.7416e-08  |           2.69389 |           8.7416e-08  |                  |                |
+----+---------------+--------------+----------+-----------+---------------+-----------------+-------------+-------------------+-----------------------+------------------+----------------+
| 46 |            46 |         1000 | curobo   |       100 |       2.64263 |     5.96046e-05 | 2.46671e-08 |           2.64263 |           2.46671e-08 |                  |                |
+----+---------------+--------------+----------+-----------+---------------+-----------------+-------------+-------------------+-----------------------+------------------+----------------+
| 47 |            47 |         1000 | curobo   |       100 |       2.65551 |     2.98023e-05 | 2.65135e-08 |           2.65551 |           2.65135e-08 |                  |                |
+----+---------------+--------------+----------+-----------+---------------+-----------------+-------------+-------------------+-----------------------+------------------+----------------+
| 48 |            48 |         1000 | curobo   |       100 |       2.70724 |     0.000119209 | 4.90093e-08 |           2.70724 |           4.90093e-08 |                  |                |
+----+---------------+--------------+----------+-----------+---------------+-----------------+-------------+-------------------+-----------------------+------------------+----------------+
| 49 |            49 |         1000 | curobo   |       100 |       2.65479 |     2.98023e-05 | 9.05222e-08 |           2.65479 |           9.05222e-08 |                  |                |
+----+---------------+--------------+----------+-----------+---------------+-----------------+-------------+-------------------+-----------------------+------------------+----------------+
... (100 rows total)

============================================================
Averages by Batch Size
============================================================
+------------------+---------------+-----------------+-------------+-----------+---------------------+-------------------+
|                  |   IK-time(ms) |   Pos-Error(mm) |   Ori-Error |   succ(%) |   collision_free(%) |   success_both(%) |
+==================+===============+=================+=============+===========+=====================+===================+
| (1000, 'curobo') |       2.67218 |      2.8321e-05 | 6.35457e-08 |       100 |                 nan |               nan |
+------------------+---------------+-----------------+-------------+-----------+---------------------+-------------------+
============================================================


[OK] wrote /home/plancher/Desktop/HJCD-IK/docs/open-tasks/paper-2026-10-03/paper_results_20261007T155203Z/table_dof24.md
## DoF=24 (Table III)

| Batch | curobo Time(ms) | curobo Pos(mm) | curobo Ori(rad) | hjcdik Time(ms) | hjcdik Pos(mm) | hjcdik Ori(rad) | pyroki Time(ms) | pyroki Pos(mm) | pyroki Ori(rad) |
| --- | --- | --- | --- | --- | --- | --- | --- | --- | --- |
| 1000 | 2.672 | 2.832e-05 | 6.355e-08 | 2.854 | 1.668e-06 | 5.010e-10 | 12.69 | 7.150e-04 | 4.137e-07 |

_solvers: curobo: n=100/batch, hjcdik: n=1/batch, pyroki: n=100/batch_
=== [Table IV] MMD solution-diversity (open-world, K=50 of batch 2000) ===
--- regen HJCD-IK to panda_hand (for the MMD dump) ---
/home/plancher/Desktop/HJCD-IK/docs/open-tasks/paper-2026-10-03/hjcd/external/GRiD/external/URDFParser/URDFParser.py:103: UserWarning: Link [panda_link0] does not have inertial properties. Assuming this is the fixed world base frame. Else there is an error with your URDF file.
  warnings.warn(
------------------------------------------
Assumed Input Joint Configuration Ordering
------------------------------------------
panda_joint1
panda_joint2
panda_joint3
panda_joint4
panda_joint5
panda_joint6
panda_joint7
------------------------------------------
Total of n = 7 dof
Total of n = 7 joints
Total of n = 8 links
------------------------------------------
Fixed Joints Found (if any):
------------------------------------------
right_gripper (id: 7, parent: panda_joint7)
panda_finger_joint2 (id: 8, parent: panda_joint7)
panda_finger_joint1 (id: 9, parent: panda_joint7)
panda_grasptarget_hand (id: 10, parent: panda_joint7)
panda_hand_joint (id: 11, parent: panda_joint7)
panda_joint8 (id: 12, parent: panda_joint7)
------------------------------------------
[generate_grid] robot=panda dof=7 target=panda_hand_joint
[generate_grid] EE_FIXED_FRAME_IDX = 11  (target 'panda_hand_joint')
[generate_grid] wrote /home/plancher/Desktop/HJCD-IK/docs/open-tasks/paper-2026-10-03/hjcd/csrc/generated/grid.cuh
ninja: Entering directory `build'
[0/1] Re-running CMake...
-- HJCD-IK: g++-10 not found; using default CUDA host compiler
-- HJCD-IK: CUDA architectures = native
-- Found pybind11: /home/plancher/Desktop/HJCD-IK/docs/open-tasks/paper-2026-10-03/hjcd/.venv/lib/python3.12/site-packages/pybind11/include (found version "3.1.0")
-- HJCD-IK: using GRiD header /home/plancher/Desktop/HJCD-IK/docs/open-tasks/paper-2026-10-03/hjcd/csrc/generated/grid.cuh
-- Configuring done (0.0s)
-- Generating done (0.0s)
-- Build files have been written to: /home/plancher/Desktop/HJCD-IK/docs/open-tasks/paper-2026-10-03/hjcd/build
[1/5] Building CXX object CMakeFiles/_hjcdik.dir/csrc/bindings/pybind_module.cpp.o
[2/5] Building CUDA object CMakeFiles/hjcdik_core.dir/csrc/kernel/hjcd_kernel.cu.o
[3/5] Linking CXX executable hjcdik
[4/5] Linking CXX shared module _hjcdik.cpython-312-x86_64-linux-gnu.so
installed build/_hjcdik.cpython-312-x86_64-linux-gnu.so -> /home/plancher/Desktop/HJCD-IK/docs/open-tasks/paper-2026-10-03/hjcd/.venv/lib/python3.12/site-packages/hjcdik/_hjcdik.cpython-312-x86_64-linux-gnu.so
import OK: /home/plancher/Desktop/HJCD-IK/docs/open-tasks/paper-2026-10-03/hjcd/hjcdik/__init__.py
[GRiD] skipping URDF codegen...
[build info] {'num_joints': 7, 'ee_target': 'panda_hand_joint', 'collision_enabled': False, 'grid_header_sha256': 'f560ff4ee646f2935df4fa68c42b5b364b4e1d5d2500ebc7e92669e336abb3cd', 'cuda_compiler_version': '13.2.86'}
[info] robot with 7 joints
[info] loaded 100 shared targets from /home/plancher/Desktop/HJCD-IK/docs/open-tasks/paper-2026-10-03/hjcd/benchmark/targets/panda_open.json
[info] running 100 targets, batches=[1, 10, 100, 1000, 2000], num_solutions=1, collision_free=False
[OK] wrote MMD dump /home/plancher/Desktop/HJCD-IK/docs/open-tasks/paper-2026-10-03/paper_results_20261007T155203Z/dumps/hjcdik.json (100 targets x up to 50 configs)
2026-10-07 12:13:34.784 | INFO     | jaxls._problem:analyze:237 - Building optimization problem with 2 terms and 1 variables: 2 costs, 0 eq_zero, 0 leq_zero, 0 geq_zero
2026-10-07 12:13:34.836 | INFO     | jaxls._problem:analyze:364 - Vectorizing group with 1 costs, 1 variables each: _pose_cost_analytical_jac
2026-10-07 12:13:34.849 | INFO     | jaxls._problem:analyze:364 - Vectorizing group with 1 costs, 1 variables each: limit_residual
2026-10-07 12:13:34.856 | INFO     | jaxls._problem:analyze:451 - Variable elimination: variable IDs are traced; solves will not use elimination
2026-10-07 12:13:35.368 | INFO     | jaxls._problem:analyze:237 - Building optimization problem with 2 terms and 1 variables: 2 costs, 0 eq_zero, 0 leq_zero, 0 geq_zero
2026-10-07 12:13:35.378 | INFO     | jaxls._problem:analyze:364 - Vectorizing group with 1 costs, 1 variables each: _pose_cost_analytical_jac
2026-10-07 12:13:35.385 | INFO     | jaxls._problem:analyze:364 - Vectorizing group with 1 costs, 1 variables each: limit_residual
2026-10-07 12:13:35.388 | INFO     | jaxls._problem:analyze:451 - Variable elimination: variable IDs are traced; solves will not use elimination
running...
[OK] wrote MMD dump /home/plancher/Desktop/HJCD-IK/docs/open-tasks/paper-2026-10-03/paper_results_20261007T155203Z/dumps/pyroki.json (100 targets x up to 50 configs)
running...
[OK] wrote MMD dump /home/plancher/Desktop/HJCD-IK/docs/open-tasks/paper-2026-10-03/paper_results_20261007T155203Z/dumps/curobo.json (100 targets x up to 50 configs)
/home/plancher/Desktop/HJCD-IK/docs/open-tasks/paper-2026-10-03/hjcd/.venv/lib/python3.12/site-packages/jkinpylib/utils.py:4: UserWarning: pkg_resources is deprecated as an API. See https://setuptools.pypa.io/en/latest/pkg_resources.html. The pkg_resources package is slated for removal as early as 2025-11-30. Refrain from using this package or pin to Setuptools<81.
  import pkg_resources
WorldModel::LoadRobot: /tmp/panda_arm_hand_formatted_link_filepaths_absolute.urdf
joint mimic: no multiplier, using default value of 1 
joint mimic: no offset, using default value of 0 
URDFParser: Link size: 17
URDFParser: Joint size: 12
Geometry: AnyCollisionGeometry3D::Transform(): Collision data structure will need to be reset (performance warning)
URDFParser: Done loading robot file /tmp/panda_arm_hand_formatted_link_filepaths_absolute.urdf
[OK] wrote MMD dump /home/plancher/Desktop/HJCD-IK/docs/open-tasks/paper-2026-10-03/paper_results_20261007T155203Z/dumps/ikflow.json (100 targets x up to 50)
[OK] wrote /home/plancher/Desktop/HJCD-IK/docs/open-tasks/paper-2026-10-03/paper_results_20261007T155203Z/dumps/groundtruth.json: 100 targets, 50-50 sols/target (target 50)

[OK] wrote /home/plancher/Desktop/HJCD-IK/docs/open-tasks/paper-2026-10-03/paper_results_20261007T155203Z/table4_mmd.md
## Table IV — MMD / MMD² (lower = better)

| Metric | hjcdik | pyroki | curobo | ikflow |
| --- | --- | --- | --- | --- |
| MMD ↓ | 0.09836 | 0.12419 | 0.14337 | 0.21137 |
| MMD² ↓ | 0.00967 | 0.01542 | 0.02055 | 0.04468 |

_canonical IMQ MMD (beta=0.5, scales=0.2,0.5,1,2,5), per-pose then averaged; n_targets per solver: hjcdik=100, pyroki=100, curobo=100, ikflow=100_
=== [tables + plots] merge per-solver CSVs ===

[OK] wrote /home/plancher/Desktop/HJCD-IK/docs/open-tasks/paper-2026-10-03/paper_results_20261007T155203Z/table_open.md
## Panda open-world (Table I)

| Batch | curobo Time(ms) | curobo Pos(mm) | curobo Ori(rad) | hjcdik Time(ms) | hjcdik Pos(mm) | hjcdik Ori(rad) | ikflow Time(ms) | ikflow Pos(mm) | ikflow Ori(rad) | pyroki Time(ms) | pyroki Pos(mm) | pyroki Ori(rad) |
| --- | --- | --- | --- | --- | --- | --- | --- | --- | --- | --- | --- | --- |
| 1 | 8.519 | 0.01823 | 5.914e-05 | 3.302 | 2.797 | 0.00906 | 2.604 | 15.98 | 0.1867 | 3.296 | 370.7 | 0.298 |
| 10 | 5.903 | 0.01729 | 6.227e-05 | 2.043 | 5.774e-05 | 3.249e-07 | 2.477 | 3.283 | 0.04719 | 5.623 | 5.216 | 0.004334 |
| 100 | 5.929 | 0.01783 | 5.541e-05 | 1.649 | 1.761e-05 | 6.798e-09 | 2.76 | 1.748 | 0.04219 | 6.015 | 0.3903 | 2.451e-04 |
| 1000 | 6.14 | 0.0209 | 1.243e-04 | 1.62 | 4.171e-05 | 3.171e-09 | 5.095 | 0.7656 | 0.04321 | 7.041 | 1.083e-04 | 2.171e-07 |
| 2000 | 6.353 | 0.02089 | 1.242e-04 | 1.646 | 2.539e-05 | 3.124e-09 | 6.145 | 0.698 | 0.04353 | 7.189 | 1.240e-04 | 2.372e-07 |

_solvers: curobo: n=100/batch, hjcdik: n=1/batch, ikflow: n=100/batch, pyroki: n=100/batch_

[OK] wrote /home/plancher/Desktop/HJCD-IK/docs/open-tasks/paper-2026-10-03/paper_results_20261007T155203Z/table_collfree.md
## Panda collision-free, box_panda (Table II, paper protocol)

| Batch | curobo Time(ms) | curobo Pos(mm) | curobo Ori(rad) | hjcdik Time(ms) | hjcdik Pos(mm) | hjcdik Ori(rad) | pyroki Time(ms) | pyroki Pos(mm) | pyroki Ori(rad) |
| --- | --- | --- | --- | --- | --- | --- | --- | --- | --- |
| 1 | 9.045 | 0.3238 | 0.001226 | 5.267 | 14.59 | 0.02032 | 7.581 | 423.5 | 0.2414 |
| 10 | 2.126 | 5.934e-05 | 6.582e-08 | 1.971 | 3.911e-06 | 1.965e-09 | 12.14 | 0.006974 | 7.935e-06 |
| 100 | 2.123 | 3.790e-05 | 4.555e-08 | 1.726 | 3.028e-06 | 1.641e-09 | 13.47 | 0.007419 | 8.333e-06 |
| 1000 | 2.324 | 1.742e-05 | 3.426e-08 | 1.766 | 3.190e-06 | 1.672e-09 | 20.73 | 0.01008 | 1.096e-05 |
| 2000 | 2.452 | 1.615e-05 | 3.293e-08 | 1.824 | 3.306e-06 | 1.741e-09 | 29.08 | 0.009977 | 1.037e-05 |

_solvers: curobo: n=100/batch, hjcdik: n=1/batch, pyroki: n=100/batch_
[OK] wrote /home/plancher/Desktop/HJCD-IK/docs/open-tasks/paper-2026-10-03/paper_results_20261007T155203Z/pareto_open.png
[OK] wrote /home/plancher/Desktop/HJCD-IK/docs/open-tasks/paper-2026-10-03/paper_results_20261007T155203Z/pareto_collfree.png
[OK] wrote /home/plancher/Desktop/HJCD-IK/docs/open-tasks/paper-2026-10-03/paper_results_20261007T155203Z/pareto_collfree_hand.png
=== restoring HJCD-IK to the default panda_grasptarget_hand build ===
/home/plancher/Desktop/HJCD-IK/docs/open-tasks/paper-2026-10-03/hjcd/external/GRiD/external/URDFParser/URDFParser.py:103: UserWarning: Link [panda_link0] does not have inertial properties. Assuming this is the fixed world base frame. Else there is an error with your URDF file.
  warnings.warn(
------------------------------------------
Assumed Input Joint Configuration Ordering
------------------------------------------
panda_joint1
panda_joint2
panda_joint3
panda_joint4
panda_joint5
panda_joint6
panda_joint7
------------------------------------------
Total of n = 7 dof
Total of n = 7 joints
Total of n = 8 links
------------------------------------------
Fixed Joints Found (if any):
------------------------------------------
right_gripper (id: 7, parent: panda_joint7)
panda_finger_joint2 (id: 8, parent: panda_joint7)
panda_finger_joint1 (id: 9, parent: panda_joint7)
panda_grasptarget_hand (id: 10, parent: panda_joint7)
panda_hand_joint (id: 11, parent: panda_joint7)
panda_joint8 (id: 12, parent: panda_joint7)
------------------------------------------
[generate_grid] robot=panda dof=7 target=panda_grasptarget_hand
[generate_grid] collision ON from spherized URDF(s)=['/home/plancher/Desktop/HJCD-IK/docs/open-tasks/paper-2026-10-03/hjcd/external/foam/assets/panda/smaller_panda_spherized.urdf']
[generate_grid] collision sentinel: #define HJCD_HAS_COLLISION 1
[generate_grid] EE_FIXED_FRAME_IDX = 10  (target 'panda_grasptarget_hand')
[generate_grid] wrote /home/plancher/Desktop/HJCD-IK/docs/open-tasks/paper-2026-10-03/hjcd/csrc/generated/grid.cuh
ninja: Entering directory `build'
[0/1] Re-running CMake...
-- HJCD-IK: g++-10 not found; using default CUDA host compiler
-- HJCD-IK: CUDA architectures = native
-- Found pybind11: /home/plancher/Desktop/HJCD-IK/docs/open-tasks/paper-2026-10-03/hjcd/.venv/lib/python3.12/site-packages/pybind11/include (found version "3.1.0")
-- HJCD-IK: using GRiD header /home/plancher/Desktop/HJCD-IK/docs/open-tasks/paper-2026-10-03/hjcd/csrc/generated/grid.cuh
-- Configuring done (0.1s)
-- Generating done (0.0s)
-- Build files have been written to: /home/plancher/Desktop/HJCD-IK/docs/open-tasks/paper-2026-10-03/hjcd/build
[1/5] Building CXX object CMakeFiles/_hjcdik.dir/csrc/bindings/pybind_module.cpp.o
[2/5] Building CUDA object CMakeFiles/hjcdik_core.dir/csrc/kernel/hjcd_kernel.cu.o
[3/5] Linking CXX executable hjcdik
[4/5] Linking CXX shared module _hjcdik.cpython-312-x86_64-linux-gnu.so
installed build/_hjcdik.cpython-312-x86_64-linux-gnu.so -> /home/plancher/Desktop/HJCD-IK/docs/open-tasks/paper-2026-10-03/hjcd/.venv/lib/python3.12/site-packages/hjcdik/_hjcdik.cpython-312-x86_64-linux-gnu.so
import OK: /home/plancher/Desktop/HJCD-IK/docs/open-tasks/paper-2026-10-03/hjcd/hjcdik/__init__.py
=== done. Outputs in /home/plancher/Desktop/HJCD-IK/docs/open-tasks/paper-2026-10-03/paper_results_20261007T155203Z/ ===
collfree_hand_bookshelf_small_panda_curobo.csv
collfree_hand_bookshelf_small_panda_curobo.yml
collfree_hand_bookshelf_small_panda_hjcdik.csv
collfree_hand_bookshelf_small_panda_hjcdik.csv.metadata.json
collfree_hand_bookshelf_small_panda_pyroki.csv
collfree_hand_bookshelf_small_panda_pyroki.yml
collfree_hand_bookshelf_tall_panda_curobo.csv
collfree_hand_bookshelf_tall_panda_curobo.yml
collfree_hand_bookshelf_tall_panda_hjcdik.csv
collfree_hand_bookshelf_tall_panda_hjcdik.csv.metadata.json
collfree_hand_bookshelf_tall_panda_pyroki.csv
collfree_hand_bookshelf_tall_panda_pyroki.yml
collfree_hand_bookshelf_thin_panda_curobo.csv
collfree_hand_bookshelf_thin_panda_curobo.yml
collfree_hand_bookshelf_thin_panda_hjcdik.csv
collfree_hand_bookshelf_thin_panda_hjcdik.csv.metadata.json
collfree_hand_bookshelf_thin_panda_pyroki.csv
collfree_hand_bookshelf_thin_panda_pyroki.yml
collfree_hand_box_panda_curobo.csv
collfree_hand_box_panda_curobo.yml
collfree_hand_box_panda_flipped_curobo.csv
collfree_hand_box_panda_flipped_curobo.yml
collfree_hand_box_panda_flipped_hjcdik.csv
collfree_hand_box_panda_flipped_hjcdik.csv.metadata.json
collfree_hand_box_panda_flipped_pyroki.csv
collfree_hand_box_panda_flipped_pyroki.yml
collfree_hand_box_panda_hjcdik.csv
collfree_hand_box_panda_hjcdik.csv.metadata.json
collfree_hand_box_panda_pyroki.csv
collfree_hand_box_panda_pyroki.yml
collfree_hand_cage_panda_curobo.csv
collfree_hand_cage_panda_curobo.yml
collfree_hand_cage_panda_hjcdik.csv
collfree_hand_cage_panda_hjcdik.csv.metadata.json
collfree_hand_cage_panda_pyroki.csv
collfree_hand_cage_panda_pyroki.yml
collfree_hand_kitchen_panda_curobo.csv
collfree_hand_kitchen_panda_curobo.yml
collfree_hand_kitchen_panda_hjcdik.csv
collfree_hand_kitchen_panda_hjcdik.csv.metadata.json
collfree_hand_kitchen_panda_pyroki.csv
collfree_hand_kitchen_panda_pyroki.yml
collfree_hand_table_bars_panda_curobo.csv
collfree_hand_table_bars_panda_curobo.yml
collfree_hand_table_bars_panda_hjcdik.csv
collfree_hand_table_bars_panda_hjcdik.csv.metadata.json
collfree_hand_table_bars_panda_pyroki.csv
collfree_hand_table_bars_panda_pyroki.yml
collfree_hand_table_pick_panda_curobo.csv
collfree_hand_table_pick_panda_curobo.yml
collfree_hand_table_pick_panda_hjcdik.csv
collfree_hand_table_pick_panda_hjcdik.csv.metadata.json
collfree_hand_table_pick_panda_pyroki.csv
collfree_hand_table_pick_panda_pyroki.yml
collfree_hand_table_under_pick_panda_curobo.csv
collfree_hand_table_under_pick_panda_curobo.yml
collfree_hand_table_under_pick_panda_hjcdik.csv
collfree_hand_table_under_pick_panda_hjcdik.csv.metadata.json
collfree_hand_table_under_pick_panda_pyroki.csv
collfree_hand_table_under_pick_panda_pyroki.yml
collfree_paper_curobo.csv
collfree_paper_curobo.yml
collfree_paper_hjcdik.csv
collfree_paper_hjcdik.csv.metadata.json
collfree_paper_pyroki.csv
collfree_paper_pyroki.yml
configs_collfree_hand
configs_collfree_paper
dof12_curobo.csv
dof12_curobo.yml
dof12_hjcdik.csv
dof12_pyroki.csv
dof12_pyroki.yml
dof18_curobo.csv
dof18_curobo.yml
dof18_hjcdik.csv
dof18_pyroki.csv
dof18_pyroki.yml
dof24_curobo.csv
dof24_curobo.yml
dof24_hjcdik.csv
dof24_pyroki.csv
dof24_pyroki.yml
dof7_curobo.csv
dof7_curobo.yml
dof7_hjcdik.csv
dof7_pyroki.csv
dof7_pyroki.yml
dumps
fetch_open_curobo.csv
fetch_open_curobo.yml
fetch_open_hjcdik.csv
fetch_open_ikflow.csv
fetch_open_pyroki.csv
fetch_open_pyroki.yml
open_curobo.csv
open_curobo.yml
open_hjcdik.csv
open_ikflow.csv
open_pyroki.csv
open_pyroki.yml
pareto_collfree_hand.png
pareto_collfree.png
pareto_fetch.png
pareto_open.png
problems_merged.json
table4_mmd.md
table_collfree_hand_bookshelf_small_panda.md
table_collfree_hand_bookshelf_tall_panda.md
table_collfree_hand_bookshelf_thin_panda.md
table_collfree_hand_box_panda_flipped.md
table_collfree_hand_box_panda.md
table_collfree_hand_cage_panda.md
table_collfree_hand_kitchen_panda.md
table_collfree_hand_table_bars_panda.md
table_collfree_hand_table_pick_panda.md
table_collfree_hand_table_under_pick_panda.md
table_collfree.md
table_dof12.md
table_dof18.md
table_dof24.md
table_dof7.md
table_fetch.md
table_open.md
table_oracles_collfree_hand.md
table_oracles_collfree_paper.md
paper rc=0 elapsed=1604s
?? benchmark/reference/panda_visual_b10_spherized.urdf
?? benchmark/reference/panda_visual_b15_spherized.urdf
